{"cameraMode":{"drawMode":0,"name":"Shaded","section":"Shading Mode"},"sceneLighting":false,"audioPlay":false,"sceneViewState":{"m_AlwaysRefresh":false,"showFog":true,"showSkybox":true,"showFlares":true,"showImageEffects":true,"showParticleSystems":true,"showVisualEffectGraphs":true,"m_FxEnabled":true},"in2DMode":false,"pivot":{"x":420.3061218261719,"y":271.9444580078125,"z":-193.7559814453125},"rotation":{"x":0.04379294067621231,"y":0.011984565295279026,"z":-0.0005251868278719485,"w":0.998978853225708},"size":195.78884887695313,"orthographic":false}