{"cameraMode":{"drawMode":0,"name":"Shaded","section":"Shading Mode"},"sceneLighting":false,"audioPlay":false,"sceneViewState":{"m_AlwaysRefresh":false,"showFog":true,"showSkybox":true,"showFlares":true,"showImageEffects":true,"showParticleSystems":true,"showVisualEffectGraphs":true,"m_FxEnabled":true},"in2DMode":false,"pivot":{"x":2.757394552230835,"y":2.0753719806671144,"z":0.33825111389160159},"rotation":{"x":0.03612431138753891,"y":0.09877072274684906,"z":-0.0035895693581551315,"w":0.9944639205932617},"size":9.919412612915039,"orthographic":false}