{"cameraMode":{"drawMode":0,"name":"Shaded","section":"Shading Mode"},"sceneLighting":false,"audioPlay":false,"sceneViewState":{"m_AlwaysRefresh":false,"showFog":true,"showSkybox":true,"showFlares":true,"showImageEffects":true,"showParticleSystems":true,"showVisualEffectGraphs":true,"m_FxEnabled":true},"in2DMode":false,"pivot":{"x":353.05072021484377,"y":236.9254608154297,"z":175.082763671875},"rotation":{"x":0.03030441515147686,"y":0.007492348551750183,"z":-0.00022530548449140042,"w":0.9995204210281372},"size":395.24578857421877,"orthographic":false}