{"cameraMode":{"drawMode":0,"name":"Shaded","section":"Shading Mode"},"sceneLighting":false,"audioPlay":false,"sceneViewState":{"m_AlwaysRefresh":false,"showFog":true,"showSkybox":true,"showFlares":true,"showImageEffects":true,"showParticleSystems":true,"showVisualEffectGraphs":true,"m_FxEnabled":true},"in2DMode":false,"pivot":{"x":1010.0751342773438,"y":507.6776428222656,"z":-700.8720092773438},"rotation":{"x":0.02280760183930397,"y":0.002995317569002509,"z":-0.00006962520274100825,"w":0.9997451901435852},"size":14.07304573059082,"orthographic":false}