{"cameraMode":{"drawMode":0,"name":"Shaded","section":"Shading Mode"},"sceneLighting":false,"audioPlay":false,"sceneViewState":{"m_AlwaysRefresh":false,"showFog":true,"showSkybox":true,"showFlares":true,"showImageEffects":true,"showParticleSystems":true,"showVisualEffectGraphs":true,"m_FxEnabled":true},"in2DMode":false,"pivot":{"x":58.046356201171878,"y":28.981462478637697,"z":3.868391990661621},"rotation":{"x":-0.12027618288993836,"y":0.5151581168174744,"z":-0.07328690588474274,"w":-0.8454878926277161},"size":2.7737839221954347,"orthographic":false}