{"cameraMode":{"drawMode":0,"name":"Shaded","section":"Shading Mode"},"sceneLighting":false,"audioPlay":false,"sceneViewState":{"m_AlwaysRefresh":false,"showFog":true,"showSkybox":true,"showFlares":true,"showImageEffects":true,"showParticleSystems":true,"showVisualEffectGraphs":true,"m_FxEnabled":true},"in2DMode":false,"pivot":{"x":969.7514038085938,"y":588.4763793945313,"z":-84.6895751953125},"rotation":{"x":0.07972350716590882,"y":-0.007479874417185783,"z":0.0005984326708130539,"w":0.9967991709709168},"size":195.78884887695313,"orthographic":false}