{"cameraMode":{"drawMode":0,"name":"Shaded","section":"Shading Mode"},"sceneLighting":false,"audioPlay":false,"sceneViewState":{"m_AlwaysRefresh":false,"showFog":true,"showSkybox":true,"showFlares":true,"showImageEffects":true,"showParticleSystems":true,"showVisualEffectGraphs":true,"m_FxEnabled":true},"in2DMode":false,"pivot":{"x":319.2648620605469,"y":461.39019775390627,"z":-621.6160888671875},"rotation":{"x":0.1970062255859375,"y":0.008819573558866978,"z":-0.0017738498281687499,"w":0.9803709387779236},"size":12.12435531616211,"orthographic":false}