{"cameraMode":{"drawMode":0,"name":"Shaded","section":"Shading Mode"},"sceneLighting":false,"audioPlay":false,"sceneViewState":{"m_AlwaysRefresh":false,"showFog":true,"showSkybox":true,"showFlares":true,"showImageEffects":true,"showParticleSystems":true,"showVisualEffectGraphs":true,"m_FxEnabled":true},"in2DMode":false,"pivot":{"x":288.66485595703127,"y":183.1359100341797,"z":32.5601806640625},"rotation":{"x":-0.007191070821136236,"y":0.002994655631482601,"z":0.00002189409133279696,"w":0.9999957084655762},"size":199.67994689941407,"orthographic":false}