{"cameraMode":{"drawMode":0,"name":"Shaded","section":"Shading Mode"},"sceneLighting":false,"audioPlay":false,"sceneViewState":{"m_AlwaysRefresh":false,"showFog":true,"showSkybox":true,"showFlares":true,"showImageEffects":true,"showParticleSystems":true,"showVisualEffectGraphs":true,"m_FxEnabled":true},"in2DMode":false,"pivot":{"x":945.7377319335938,"y":482.5928955078125,"z":305.54974365234377},"rotation":{"x":0.015308971516788006,"y":-0.004503760486841202,"z":0.00007062013901304454,"w":0.9998804330825806},"size":463.5513916015625,"orthographic":false}