# Object Export From Tinkercad Server 2015

mtllib obj.mtl

o obj_0
v -42.0348 		4.6 		38.106
v 47.5 		1.25 		55
v -22.874 		18.188 		10.173
v 47.5 		1.25 		18
v 47.5 		-2.75 		55
v 47.5 		-2.75 		18
v -45.343 		12.51 		15.315
v -31.307 		13.333 		7.85
v -29.936 		-12.568 		24.476
v -45.078 		15.153 		15.46
v -43.394 		-15.362 		19.033
v -31.668 		-12.692 		24.526
v -42.1112 		4.1505 		38.6594
v -42.067 		4.5215 		38.188
v -42.0161 		4.6457 		38.0245
v 33.7935 		1.25 		36.566
v -30.977 		12.417 		7.771
v 34.1492 		1.25 		35
v 34.149 		1.25 		35.001
v 34.1223 		1.25 		35.1205
v -45.106 		15.102 		12.464
v -45.283 		14.731 		13.881
v -45.397 		14.43 		13.247
v 34.149 		1.251 		35
v -41.803 		5.073 		37.563
v 33.7964 		1.25 		36.5534
v 33.103 		2.726 		35
v -22.705 		18.194 		9.264
v -41.445 		5.59 		37.648
v -41.4775 		5.4144 		36.9492
v -26.468 		-9.301 		20.215
v -43.305 		-14.921 		19.065
v -41.039 		6.053 		37.711
v -23.051 		18.25 		9.427
v -26.402 		-8.465 		19.877
v -43.383 		-15.136 		19.004
v -18.739 		-19.695 		12.261
v -41.108 		5.887 		37.057
v 34.1223 		1.25 		34.8795
v 34.149 		1.25 		34.999
v -42.262 		-12.692 		18.314
v -23.728 		18.128 		9.401
v 33.7964 		1.25 		33.4466
v 33.7935 		1.25 		33.434
v -23.813 		17.991 		9.466
v -42.838 		-12.692 		17.165
v -26.539 		-8.81 		18.442
v -23.602 		17.833 		9.723
v -42.98 		-12.576 		16.42
v -41.8672 		4.9387 		37.5401
v -41.8062 		5.0297 		37.4092
v -41.4875 		5.4051 		36.9577
v -26.639 		-10.073 		18.954
v -41.6888 		5.1567 		37.2691
v -41.4818 		5.4109 		36.9517
v -45.016 		-12.54 		16.42
v -26.522 		-9.442 		18.706
v -45.48 		12.8 		14.175
v -45.499 		13.003 		13.643
v -22.582 		18.085 		9.183
v -23.158 		17.992 		8.563
v -43.106 		-13.343 		17.93
v -45.495 		12.339 		13.689
v -45.5 		12.36 		13.525
v -19.904 		-19.908 		10.533
v -41.363 		3.281 		40.631
v -41.595 		3.844 		40.147
v -43.836 		-14.208 		17.589
v -45.488 		13.361 		13.061
v -16.505 		-17.183 		9.55
v -16.924 		-17.903 		9.671
v -45.481 		14.14 		12.914
v -45.473 		13.837 		12.798
v -43.56 		-13.126 		16.42
v -26.566 		-10.806 		19.62
v -45.477 		13.613 		12.849
v -44.018 		-13.737 		16.42
v -41.582 		2.706 		40.497
v -41.6871 		2.5685 		40.3346
v -41.5118 		2.3817 		40.5607
v -24.386 		18.042 		8.973
v -41.785 		2.6851 		40.2
v -45.473 		12.473 		12.792
v -16.766 		-16.468 		8.439
v -43.869 		-16.327 		18.04
v -41.1519 		2.1051 		40.8851
v -41.3629 		2.2135 		40.7171
v -41.4727 		2.3201 		40.609
v -17.126 		-17.183 		8.31
v -17.525 		-17.903 		8.47
v -44.58 		10.541 		14.739
v -44.086 		-14.389 		17.167
v -24.635 		16.611 		8.881
v -42.255 		10.445 		15.969
v -24.578 		18.248 		8.262
v -24.89 		18.215 		8.373
v -41.9687 		3.0966 		39.816
v -44.447 		-14.843 		16.538
v 1.5 		33.25 		33
v -24.992 		18.128 		8.496
v -42.0446 		3.2721 		39.6536
v -42.0213 		3.2229 		39.7003
v -44.369 		-14.706 		16.671
v -16.661 		-19.29 		8.778
v -42.0424 		3.3644 		39.592
v 26.413 		1.25 		48.619
v -44.552 		-15.181 		16.398
v -17.684 		-18.495 		9.267
v -17.105 		-19.648 		8.99
v 25.5298 		1.25 		42.305
v 24.919 		2.111 		42.305
v -24.884 		17.833 		8.722
v -42.1395 		3.9148 		38.9587
v -42.1375 		3.8906 		38.9932
v 26.892 		0.1699 		41.8835
v 26.8981 		0.9834 		41.7974
v -25.775 		17.941 		8.243
v 28.703 		1.05 		41
v -25.627 		17.833 		8.327
v -44.547 		-15.49 		16.501
v 26.2053 		1.25 		42.0143
v 27.797 		2.328 		41
v 26.904 		1.25 		41.7134
v -42.1476 		3.7908 		39.0837
v -42.126 		3.7298 		39.1618
v -44.471 		-15.733 		16.742
v 26.304 		3.561 		41
v -44.208 		-16.081 		17.368
v -18.446 		-20.114 		8.519
v -19.715 		-20.468 		8.295
v 16.5 		4.7 		43.485
v 21.67 		4.312 		42.305
v -16.418 		16.46 		7.199
v -43.088 		2.5 		39.592
v 19.306 		5.304 		42.305
v -18.456 		-19.164 		9.635
v -17.746 		17.115 		6.765
v -18.25 		17.432 		7.005
v -45.995 		-13.702 		16.42
v -45.389 		-12.904 		16.42
v -42.573 		10.505 		14.739
v 16.5 		6.201 		42.305
v -44.055 		1.137 		39.592
v -45.421 		-14.202 		18.258
v 24.25 		4.73 		41
v -17.778 		16.432 		7.848
v 21.67 		5.813 		41
v 18.607 		6.792 		41
v -45.635 		-15.934 		17.722
v -45.665 		-14.48 		17.637
v -45.847 		-14.972 		17.084
v -19.359 		17.915 		7.535
v -45.865 		-15.189 		17.025
v -45.822 		-15.531 		17.166
v -20.132 		18.057 		7.423
v -19.408 		-19.695 		10.089
v -45.742 		-15.754 		17.417
v 20.8956 		0.7614 		43.8339
v 20.9128 		0.438 		43.8488
v -19.916 		17.326 		7.413
v -23.288 		-16.76 		11.725
v -23.271 		-16.917 		11.768
v -23.375 		-16.609 		11.51
v -43.088 		4.001 		38.106
v -24.744 		8.386 		7.728
v -44.754 		2.625 		38.106
v 21.504 		1.855 		43.485
v -19.447 		16.763 		6.556
v 21.9322 		1.25 		43.485
v 20.8177 		1.25 		43.7663
v 23.1467 		1.25 		43.0865
v 23.552 		3.241 		42.305
v -34.223 		-16.698 		25.148
v -45.764 		1.2 		38.106
v 18.246 		0.664 		44.52
v 17.609 		1.562 		44.52
v 16.559 		2.429 		44.52
v -41.0936 		5.7068 		36.566
v -41.2194 		5.5956 		36.7366
v -23.291 		-17.672 		11.715
v -23.45 		-18.033 		11.343
v -41.703 		5.451 		36.566
v -33.386 		-17.183 		25.161
v -33.905 		-17.876 		24.693
v -19.235 		17.084 		7.475
v 20.285 		2.862 		43.485
v -18.07 		16.46 		4.834
v 18.607 		3.816 		43.485
v -34.091 		-17.309 		24.958
v -41.0716 		5.7209 		36.5231
v -23.271 		-17.417 		11.768
v -41.0286 		5.7439 		36.4792
v -20.196 		16.87 		6.088
v -19.833 		16.424 		5.676
v -35.033 		-17.836 		26.308
v 17.609 		8.563 		38.106
v -35.064 		-17.725 		26.353
v -35.783 		-16.476 		24.754
v 18.246 		8.796 		36.566
v -35.064 		-16.669 		26.353
v -36.353 		-16.49 		25.986
v -42.007 		5.5 		35
v -35.872 		-17.368 		26.136
v -23.916 		-16.583 		10.558
v -26.582 		-11.063 		20.117
v -43.717 		9.71 		14.739
v -41.685 		9.838 		14.739
v -26.341 		-11.081 		19.759
v -26.454 		-11.059 		19.811
v -44.055 		4.113 		36.566
v -41.855 		8.695 		16.093
v -44.379 		4.151 		35
v -43.203 		9.352 		14.739
v -23.58 		-18.083 		11.086
v -25.284 		8.89 		8.011
v -41.703 		5.451 		33.434
v -25.416 		8.886 		7.893
v -23.92 		-18.083 		10.534
v -44.055 		4.113 		33.434
v 18.459 		8.874 		35
v -21.493 		-20.183 		12.282
v -25.058 		-11.079 		19.102
v -24.864 		-11.008 		18.959
v -25.007 		-10.806 		18.811
v 18.246 		8.796 		33.434
v -25.29 		8.893 		8.008
v -24.662 		8.557 		7.621
v -20.734 		17.887 		8.191
v -25.522 		8.25 		7.56
v -21.85 		-20.25 		11.938
v -45.764 		2.701 		36.566
v -46.802 		1.238 		36.566
v 26.304 		5.062 		39.592
v -25.446 		8.75 		7.175
v -46.103 		2.726 		35
v -20.662 		17.662 		7.902
v -42.94 		10.818 		12.843
v -47.149 		1.251 		35
v -45.764 		2.701 		33.434
v -46.802 		1.238 		33.434
v -22.271 		17.735 		6.864
v -22.215 		17.887 		6.783
v 27.797 		5.304 		38.106
v -36.373 		-18.892 		24.864
v -45.019 		11.164 		13.689
v -22.457 		18.002 		6.518
v -36.574 		-18.459 		25.152
v -22.202 		-20.443 		11.207
v -43.219 		11.132 		13.689
v -37.275 		-16.856 		25.643
v -15.475 		16.803 		17.751
v -16.189 		16.46 		19.473
v -20.805 		17.326 		6.591
v -37.659 		-16.721 		25.494
v -22.478 		-20.25 		10.454
v -14.537 		16.46 		17.109
v 24.919 		6.512 		38.106
v -22.179 		-20.183 		10.493
v -24.007 		18.194 		8.189
v -43.638 		11.817 		13.5
v -22.718 		17.868 		7.339
v -43.577 		11.7 		13.689
v -28.936 		16.46 		25.774
v -31.121 		17.115 		25.04
v -25.632 		16.46 		25.774
v -27.817 		17.115 		25.04
v -41.363 		8.532 		13.689
v 30.4327 		1.114 		39.9645
v 30.468 		0.7394 		39.9956
v -42.327 		8.886 		12.971
v -26.576 		8.417 		7.96
v -23.847 		17.941 		8.023
v -43.935 		9.889 		12.546
v -38.1254 		-16.6627 		25.2853
v -38.1248 		-16.6628 		25.2855
v -38.124 		-16.663 		25.286
v -38.1245 		-16.6629 		25.2857
v -38.1276 		-16.6616 		25.284
v -38.132 		-16.661 		25.282
v -38.1249 		-16.6627 		25.2855
v -38.131 		-16.661 		25.282
v -38.1308 		-16.662 		25.2821
v -23.829 		17.932 		8.036
v -22.809 		-20.25 		11.574
v -22.815 		-20.122 		11.559
v -45.259 		11.632 		15.734
v -45.48 		12.279 		14.133
v -25.622 		-11.059 		19.431
v -45.22 		11.545 		13.689
v -38.1356 		-16.6605 		25.2799
v -25.794 		-10.785 		19.206
v -38.307 		-16.64 		25.204
v -38.1925 		-16.6537 		25.2547
v -26.322 		-10.75 		19.053
v -23.694 		17.77 		6.167
v -42.507 		16.308 		12.258
v -25.927 		-10.806 		18.582
v -21.421 		17.915 		5.647
v -30.319 		17.362 		24.676
v -21.389 		17.083 		5.602
v -23.136 		-20.25 		10.871
v -25.909 		8.75 		7.734
v -22.424 		18.063 		5.759
v -22.457 		18.107 		5.999
v 30.3943 		1.25 		39.9307
v 30.9748 		1.25 		39.592
v -38.131 		-16.662 		25.282
v 30.088 		2.5 		39.592
v -18.68 		16.46 		22.67
v -23.136 		-20.123 		10.871
v 28.496 		3.816 		39.592
v -19.698 		16.424 		21.212
v 31.1081 		1.25 		39.4791
v 31.754 		2.625 		38.106
v 32.7286 		1.25 		38.106
v 30.088 		4.001 		38.106
v -18.05 		17.115 		20.67
v -26.464 		-11.167 		18.595
v -24.328 		-18.083 		10.015
v -25.789 		8.892 		7.8
v -37.894 		-17.836 		24.942
v -21.016 		17.115 		22.937
v -24.565 		-16.583 		9.761
v 32.764 		1.25 		38.0547
v -21.257 		16.87 		5.304
v -42.885 		15.657 		11.089
v -42.531 		15.874 		10.494
v 31.055 		4.113 		36.566
v -21.404 		17.362 		4.298
v -21.894 		17.778 		5
v 28.703 		5.451 		36.566
v -23.877 		17.115 		24.302
v -21.541 		16.46 		24.035
v -23.403 		17.362 		23.656
v -20.781 		17.432 		4.73
v -42.928 		15.263 		10.304
v -21.285 		-20.114 		9.966
v -20.649 		-20.013 		9.942
v -20.49 		17.115 		4.314
v 31.379 		4.151 		35
v 29.007 		5.5 		35
v -26.408 		8.386 		7.066
v -26.357 		8.557 		6.947
v -43.106 		15.657 		12.202
v -23.018 		-20.443 		9.806
v 31.1788 		4.1275 		34.0322
v 29.6341 		4.9213 		33.434
v 30.5772 		4.4366 		33.7993
v 28.703 		5.451 		33.434
v -21.974 		16.775 		4.721
v -27.332 		-11.059 		20.112
v -24.079 		-20.25 		9.587
v -43.505 		14.963 		12.003
v -23.75 		-20.114 		9.98
v 28.913 		5.2311 		33.2005
v -24.079 		-20.116 		9.587
v -23.561 		-20.118 		10.206
v 25.749 		6.691 		36.566
v -27.3276 		-11.0108 		20.0809
v -27.3409 		-11.0203 		20.0913
v -27.3794 		-11.0496 		20.1172
v 26.028 		6.751 		35
v -27.42 		8.417 		7.743
v 25.749 		6.691 		33.434
v -43.459 		14.7 		11.138
v -27.4399 		-11.063 		20.2519
v -27.4034 		-11.0696 		20.1285
v -27.4076 		-11.0745 		20.1263
v -27.4082 		-11.0752 		20.1261
v -27.4271 		-11.0677 		20.2016
v -27.4112 		-11.0746 		20.1363
v -27.4321 		-11.0664 		20.2196
v -27.4322 		-11.0662 		20.2207
v 28.4839 		5.4154 		33.0616
v -27.432 		-11.0666 		20.219
v -27.4323 		-11.0661 		20.221
v -27.434 		8.374 		7.361
v -27.4334 		-11.0657 		20.2254
v -43.417 		14.5 		10.694
v 32.764 		2.701 		36.566
v -27.441 		8.886 		7.312
v -24.282 		17.915 		4.282
v -26.756 		8.75 		7.459
v 32.764 		2.701 		33.434
v -23.49 		-20.25 		9.123
v -23.893 		17.778 		22.954
v -45.001 		14.327 		10.382
v -27.2574 		-10.932 		20.0085
v -27.2222 		-10.8955 		19.9608
v -24.156 		16.929 		23.044
v -27.1243 		-10.806 		19.7817
v -27.1481 		-10.8284 		19.8223
v -27.1012 		-10.7947 		19.7012
v -22.326 		16.432 		22.911
v -24.211 		17.084 		4.179
v -44.962 		13.41 		10.262
v -33.205 		-20.468 		23.69
v -33.793 		-20.305 		23.879
v -27.02 		8.886 		7.345
v -24.168 		17.432 		23.886
v -26.682 		-10.839 		18.903
v -33.153 		-18.555 		24.318
v -23.606 		-20.183 		8.656
v -32.987 		-19.117 		23.719
v -21.812 		18.057 		20.965
v -26.9903 		-10.75 		19.277
v -26.9927 		-10.7721 		19.2039
v -43.471 		13.393 		10.249
v -23.641 		17.432 		3.365
v -26.916 		-10.674 		19.172
v -26.9941 		-10.784 		19.1647
v -21.938 		16.46 		2.776
v -27.0016 		-10.8249 		19.0459
v -20.277 		-20.613 		8.563
v -27.0369 		-10.8905 		18.9805
v -21.875 		17.084 		21.707
v -21.8 		17.326 		21.144
v -27.0894 		-10.9871 		18.8873
v -27.1264 		-11.0336 		18.9058
v -26.964 		8.895 		7.415
v -27.2157 		-11.167 		18.8679
v -20.763 		16.763 		21.531
v -32.796 		-19.573 		23.026
v 31.3632 		3.9947 		34.1323
v 31.3467 		3.872 		33.434
v 31.3445 		3.6848 		33.1142
v 31.2237 		3.7538 		33.0622
v -22.723 		16.432 		3.9
v -28.287 		8.417 		7.598
v 30.6726 		4.0687 		32.825
v -21.462 		17.566 		22.298
v -21.947 		17.915 		21.604
v 23.552 		6.218 		39.592
v -35.886 		-19.648 		24.167
v -28.089 		8.75 		7.218
v 20.285 		7.263 		39.592
v 16.559 		8.179 		39.592
v -43.54 		12.585 		10.789
v -35.57 		-18.495 		23.716
v 21.504 		7.605 		38.106
v -23.351 		17.115 		2.949
v -28.3981 		-12.1714 		19.239
v -18.615 		-20.613 		10.58
v -18.851 		-20.609 		10.58
v -19.293 		-20.491 		10.58
v -28.2418 		-12.0814 		19.2094
v -28.19 		-12.0511 		19.2013
v 22.243 		7.812 		36.566
v -35.243 		-19.004 		23.248
v -28.1407 		-12.0126 		19.1937
v -28.0125 		-11.9162 		19.1623
v 22.491 		7.882 		35
v -27.6429 		-11.6531 		19.0264
v -27.4857 		-11.5152 		18.9684
v -22.347 		-20.614 		11.249
v -27.3985 		-11.403 		18.9359
v 22.243 		7.812 		33.434
v -26.721 		-8.202 		18.17
v -34.862 		-19.452 		22.701
v -36.113 		-19.699 		23.981
v -35.647 		-20.174 		23.313
v 1.919 		8.563 		42.305
v -23.727 		-20.583 		10.829
v 11.254 		8.375 		41
v -26.824 		-8.966 		16.913
v 7.088 		8.951 		41
v -27.1 		-8.392 		16.644
v -23.713 		-20.583 		10.822
v 2.69 		9.37 		41
v -23.984 		18.106 		21.533
v -23.133 		-20.583 		12.201
v -33.469 		-19.976 		21.83
v -23.379 		-20.583 		11.499
v -24.405 		17.868 		20.618
v 8.655 		0.889 		46.087
v -27.242 		8.75 		6.655
v 13.563 		0.869 		45.392
v -34.024 		-19.843 		22.098
v -27.277 		8.25 		7.031
v 11.847 		2.288 		45.392
v 8.88 		3.533 		45.392
v -34.579 		-19.695 		22.298
v -24.759 		18.194 		7.748
v -43.688 		12.874 		11.163
v -43.555 		13.167 		10.536
v -33.42 		-20.114 		21.189
v -24.644 		-10.806 		17.663
v 11.149 		4.7 		44.52
v 8.694 		5.304 		44.52
v -25.595 		18.243 		7.555
v -34.441 		-20.114 		20.839
v -25.566 		18.194 		7.38
v -28.191 		8.557 		6.6
v -28.209 		8.386 		6.726
v -44.116 		16.096 		9.738
v 14 		5.5 		43.485
v -36.066 		-20.468 		22.325
v -36.254 		-20.013 		20.513
v -24.851 		-10.75 		18.158
v -25.386 		-10.958 		18.027
v -24.797 		-10.987 		17.547
v -27.692 		8.817 		6.333
v -18.031 		17.362 		19.914
v -28.563 		8.882 		7.167
v -35.726 		-20.285 		20.938
v 11.149 		6.201 		43.485
v -22.746 		-20.75 		10.867
v -26.072 		-11.059 		18.407
v -44.64 		15.298 		9.487
v -42.718 		15.166 		9.595
v -22.737 		-20.626 		11.981
v -24.721 		17.92 		7.525
v -24.622 		17.941 		7.569
v -25.454 		17.941 		7.189
v 13.302 		6.988 		42.305
v -42.266 		14.905 		8.389
v 9.764 		7.651 		42.305
v 15.115 		7.651 		41
v -22.701 		-20.614 		10.543
v -38.803 		-16.448 		23.368
v -20.481 		-20.609 		8.661
v -20.864 		-20.491 		8.843
v -25.656 		18.194 		8.055
v -26.423 		17.833 		8.01
v -37.741 		-18.183 		23.031
v 15.115 		3.25 		44.52
v -23.166 		-20.75 		10.176
v -17.549 		16.432 		18.824
v 13.302 		4.012 		44.52
v -26.405 		18.215 		7.712
v -24.173 		-20.583 		10.199
v -42.449 		14.168 		8.213
v 3.885 		0.329 		46.591
v 2.997 		1.064 		46.591
v 1.461 		1.708 		46.591
v -25.071 		-11.167 		17.702
v -25.734 		-11.167 		18.184
v -23.683 		-20.614 		9.25
v -19.663 		17.915 		19.9
v -19.093 		17.7 		20.172
v -19.608 		17.083 		19.927
v -19.613 		16.87 		20.396
v -25.861 		9.024 		5.17
v -24.3 		-20.614 		8.68
v -36.994 		-17.868 		23.653
v -26.134 		16.611 		8.114
v -25.167 		-10.764 		18.236
v -26.577 		-18.083 		15.371
v -37.173 		-17.3 		23.91
v -26.611 		-17.75 		15.44
v -26.417 		18.194 		7.088
v -37.3 		-16.691 		24.092
v -26.365 		18.085 		6.965
v -25.536 		-16.583 		14.98
v -25.497 		-16.595 		14.891
v -24.91 		17.937 		7.138
v -25.546 		-17.994 		14.977
v -39.602 		-16.415 		22.86
v 7.088 		1.95 		46.087
v -39.392 		-17.183 		22.713
v -26.332 		17.924 		6.887
v 4.595 		2.862 		46.087
v -20.358 		17.47 		19.568
v 1.345 		3.561 		46.087
v -39.435 		-18.459 		23.787
v -39.118 		-19.091 		23.334
v -38.549 		-19.111 		23.594
v -37.3 		-20.114 		22.656
v -38.747 		-19.648 		22.802
v 4.865 		4.521 		45.392
v -27.185 		18.25 		7.322
v -24.751 		9.305 		4.703
v 0.075 		5.183 		45.392
v -19.933 		18.057 		19.291
v -24.669 		8.441 		5.098
v -27.238 		18.194 		7.546
v 5.98 		5.813 		44.52
v 3.051 		6.218 		44.52
v -27.26 		17.833 		7.777
v 7.996 		6.792 		43.485
v -20.086 		18.108 		19.041
v 4.595 		7.263 		43.485
v -28.019 		-12.249 		18.137
v -27.494 		-11.774 		18
v -27.212 		-11.414 		17.883
v -26.906 		-10.827 		17.675
v -42.782 		12.524 		8.857
v -25.306 		9.157 		4.902
v 1.004 		7.605 		43.485
v -28.124 		17.833 		7.63
v -28.094 		18.085 		7.535
v -39.074 		-17.903 		22.455
v -40.497 		-17.308 		21.802
v -27.34 		-11.738 		16.467
v 5.948 		8.179 		42.305
v -40.399 		-17.183 		21.958
v -40.726 		-16.698 		21.911
v -32.607 		-12.1469 		19.054
v -28.072 		18.194 		7.407
v -43.083 		14.168 		9.477
v -18.543 		16.775 		19.443
v 12.44 		8.951 		39.592
v -43.372 		14.159 		10.23
v -40.175 		-17.876 		21.648
v -25.299 		-12.389 		17.881
v -26.539 		-17.75 		15.14
v -18.011 		17.915 		17.535
v -16.398 		17.115 		18.305
v -43.367 		14.015 		10.127
v -43.17 		13.377 		9.453
v -27.318 		18.215 		6.93
v -17.03 		16.763 		16.984
v -44.914 		14.028 		10.124
v -17.887 		17.084 		17.595
v -40.663 		-18.19 		20.892
v -27.278 		18.128 		6.785
v -27.252 		17.991 		6.693
v -27.549 		-16.583 		15.444
v -26.972 		8.886 		5.559
v 13.302 		9.37 		38.106
v -43.649 		13.91 		10.081
v -43.388 		13.75 		10.071
v -38.412 		-18.495 		22.324
v -44.91 		13.612 		10.111
v -28.135 		8.988 		4.91
v 8.655 		10.013 		38.106
v -28.627 		-13.002 		16.845
v -17.442 		17.7 		17.808
v -27.887 		-12.436 		16.694
v -37.967 		-19.164 		21.686
v -26.788 		8.509 		4.258
v 13.825 		9.624 		36.566
v 9.056 		10.284 		36.566
v -19.209 		18.098 		17.92
v -37.418 		-19.695 		20.899
v 14 		9.709 		35
v -26.981 		17.921 		6.746
v -43.259 		12.302 		10.147
v -44.717 		12.331 		9.451
v -26.932 		-16.583 		15.424
v -18.845 		18.062 		16.602
v -28.125 		18.25 		7.062
v -30.1483 		-12.669 		19.4104
v -20.074 		17.868 		16.612
v 9.19 		10.375 		35
v -29.6949 		-12.5797 		19.4146
v -29.2378 		-12.5072 		19.3744
v -29.8641 		-12.6086 		19.4243
v -29.8928 		-12.614 		19.4246
v -29.987 		-12.6328 		19.423
v -30.0801 		-12.6537 		19.4157
v -19.386 		17.887 		16.879
v 13.825 		9.624 		33.434
v -28.189 		18.042 		6.584
v -44.273 		12.51 		8.386
v -19.475 		17.754 		16.837
v -18.664 		17.485 		17.224
v -30.2191 		-12.6755 		19.4056
v -28.9962 		11.9679 		8.1842
v -27.692 		17.937 		6.333
v -30.2067 		-12.6746 		19.4057
v -28.183 		17.941 		6.539
v -45.255 		14.798 		11.316
v -45.275 		12.809 		11.405
v -29.1038 		-12.461 		19.3625
v -45.092 		14.52 		10.678
v -38.962 		-20.468 		21.069
v -40.895 		-19.895 		20.64
v -28.335 		17.923 		6.53
v -28.9984 		-12.4145 		19.3532
v -39.659 		-18.555 		21.346
v -29.0621 		11.3351 		7.995
v -29.0573 		11.3573 		7.9944
v -39.134 		-19.117 		20.912
v -42.535 		10.505 		12.009
v -29.0543 		11.3685 		7.9943
v -29.0717 		11.3177 		7.9932
v -27.236 		-16.583 		15.54
v -32.881 		-20.613 		23.227
v -21.038 		17.887 		19.244
v -20.519 		18.054 		18.98
v -38.401 		-20.613 		20.802
v -29.0097 		11.5363 		8.0294
v -32.2545 		-12.3321 		19.1591
v -32.1815 		-12.3747 		19.1719
v -35.742 		-20.613 		21.862
v 9.056 		10.284 		33.434
v -28.9975 		11.7542 		8.0923
v -28.9978 		11.6593 		8.069
v -32.1368 		-12.3954 		19.1798
v -28.9971 		11.583 		8.0512
v -31.2646 		-12.6215 		19.3302
v -31.1727 		-12.6388 		19.346
v -31.1689 		-12.6395 		19.3466
v -31.1196 		-12.6396 		19.3541
v -30.8406 		-12.6395 		19.3967
v -34.661 		-20.559 		21.902
v -35.624 		-20.609 		21.693
v -21.135 		17.735 		19.198
v 7.996 		9.566 		39.592
v -25.127 		17.754 		5.492
v -31.882 		-14.847 		19.25
v -25.076 		17.887 		5.418
v -28.077 		-16.595 		15.632
v -38.197 		-20.609 		20.704
v 3.304 		10.013 		39.592
v -30.571 		-13.153 		18.22
v -22.741 		17.887 		20.468
v -30.064 		-13.105 		18.258
v -22.792 		17.754 		20.394
v -29.567 		-13.003 		18.273
v -28.661 		-16.789 		15.39
v -42.255 		10.445 		11.031
v -28.859 		-12.747 		18.247
v -35.134 		-20.523 		22.579
v -29.51 		-13.398 		16.908
v -42.842 		11.097 		10.92
v -42.708 		11.124 		10.409
v -23.864 		17.992 		18.959
v -24.007 		18.194 		18.811
v -35.403 		-20.491 		21.377
v -32.721 		-12.693 		17.785
v -32.055 		-12.968 		17.975
v -44.58 		10.541 		12.009
v -31.077 		-13.145 		18.16
v -37.814 		-20.491 		20.521
v -27.581 		-17.75 		15.417
v -27.309 		-17.75 		15.531
v -32.389 		-13.358 		16.563
v -26.922 		-17.75 		15.419
v -27.06 		-17.75 		15.503
v -31.457 		-13.582 		16.762
v -43.106 		11.097 		12.202
v -23.305 		17.937 		18.921
v -24.058 		17.921 		19.102
v -43.03 		11.693 		10.255
v -33.422 		-16.583 		18.769
v -43.353 		11.817 		11.164
v -15.652 		-16.721 		19.694
v -29.005 		12.083 		7.572
v -33.048 		-18.083 		18.917
v -29.005 		11.583 		7.572
v -15.908 		-16.661 		20.084
v -15.904 		-16.663 		20.077
v -15.909 		-16.661 		20.084
v -15.909 		-16.662 		20.084
v -43.547 		11.817 		12.161
v 3.75 		10.48 		38.106
v -29.059 		12.24 		7.572
v -15.9205 		-16.6585 		20.1015
v -29.072 		11.328 		7.571
v -41.723 		8.695 		10.502
v -41.495 		8.532 		10.988
v 4.021 		10.763 		36.566
v -33.716 		-18.083 		18.636
v -33.818 		-20.25 		19.826
v -43.203 		9.352 		12.009
v -32.907 		-20.443 		20.053
v -43.717 		9.71 		12.009
v -41.111 		9.547 		12.009
v -25.273 		18.102 		4.603
v -25.411 		18.062 		4.971
v 4.112 		10.858 		35
v -25.575 		17.662 		5.02
v -41.531 		9.883 		11.168
v -21.495 		17.941 		16.539
v -25.26 		17.326 		4.277
v -41.643 		9.836 		12.009
v 4.021 		10.763 		33.434
v -22.235 		18.25 		16.565
v -22.001 		18.042 		17.203
v -21.922 		17.93 		17.169
v -21.726 		18.194 		16.448
v -27.392 		-17.75 		15.759
v -26.972 		17.868 		5.559
v -27.647 		-17.75 		15.667
v -41.526 		10.505 		9.033
v -26.855 		-17.75 		15.671
v -32.806 		-20.114 		19.449
v -33.35 		-20.25 		19.256
v -16.32 		-17.836 		19.887
v -41.838 		10.445 		9.835
v -27.209 		17.887 		4.811
v -27.209 		17.47 		4.162
v -27.649 		18.024 		4.643
v -27.873 		18.102 		4.187
v -33.77 		-20.118 		19.095
v -44.662 		11.164 		9.477
v -16.004 		-16.64 		20.229
v -44.717 		11.275 		9.451
v 0.1993 		10.8922 		33
v 1.5 		10.8197 		33
v -34.602 		-20.443 		19.379
v -27.209 		17.735 		4.905
v -43.264 		10.541 		8.203
v 1.5 		33.25 		29
v -23.413 		18.236 		18.226
v -28.919 		18.194 		7.346
v 30.99 		9.236 		28.931
v 30.99 		9.838 		29.729
v -23.177 		18.042 		18.421
v -34.291 		-20.114 		18.83
v -27.171 		-18.083 		15.762
v -27.645 		-18.059 		15.67
v -28.925 		18.042 		7.513
v -29.005 		17.833 		7.572
v -15.183 		-17.039 		18.867
v -34.741 		-20.114 		18.571
v -34.714 		-20.108 		18.589
v -34.622 		-20.114 		18.692
v -15.759 		-17.669 		19.239
v -42.517 		9.71 		8.56
v -42.072 		9.352 		8.772
v 17.609 		8.563 		31.894
v -29.845 		18.243 		7.203
v -30.58 		18.085 		7.594
v -26.916 		-18.083 		15.701
v -29.77 		18.194 		7.367
v 29.5713 		4.5419 		32.4685
v -27.909 		-18.053 		15.417
v -35.428 		-20.25 		18.989
v -27.848 		-17.75 		15.508
v -22.561 		17.93 		17.921
v -29.887 		17.833 		7.604
v 27.7972 		5.304 		31.8943
v -28.655 		-17.61 		15.386
v 27.797 		5.304 		31.894
v 27.7967 		5.3042 		31.8942
v 26.9413 		5.9301 		32.6737
v -29.602 		10.335 		8.18
v -41.137 		9.883 		10.038
v -26.915 		-16.583 		14.946
v -26.819 		-16.583 		15.117
v -26.84 		-16.583 		15.305
v -29.209 		11.161 		7.572
v -34.424 		-16.789 		18.251
v -40.133 		15.657 		6.271
v -16.066 		-18.459 		18.797
v -27.438 		-16.583 		14.849
v -22.732 		18.222 		17.578
v -34.294 		-16.64 		18.329
v 26.9758 		5.8601 		32.5115
v 27.7959 		5.3045 		31.894
v 27.0854 		5.6375 		31.9956
v -27.271 		-16.583 		14.819
v -40.661 		14.961 		6.25
v 27.1071 		5.5936 		31.894
v 24.919 		6.512 		31.894
v -34.451 		-16.917 		18.234
v 26.304 		5.062 		30.408
v 27.1201 		5.5014 		31.7457
v -29.132 		18.194 		6.707
v -30.075 		18.042 		6.584
v 32.7286 		1.25 		31.894
v -29.592 		18.14 		6.663
v 32.764 		1.25 		31.9453
v 31.754 		2.625 		31.894
v -28.989 		17.925 		6.5
v -34.155 		-17.945 		18.408
v 30.088 		4.001 		31.894
v -29.231 		10.946 		7.973
v -30.392 		17.937 		6.322
v 32.2971 		0.7112 		31.393
v 32.2428 		1.1808 		31.4408
v -34.397 		-17.672 		18.267
v -28.504 		-16.602 		15.213
v 31.4185 		1.1504 		30.7241
v -29.942 		17.922 		6.535
v -34.451 		-17.417 		18.234
v -22.582 		18.085 		17.817
v -28.589 		-16.681 		15.338
v 32.2188 		1.25 		31.462
v 31.4145 		1.25 		30.7805
v 31.1081 		1.25 		30.5208
v -27.667 		-16.583 		15.053
v 30.9748 		1.25 		30.408
v -31.584 		18.243 		7.509
v -27.67 		-16.583 		15.286
v 30.088 		2.5 		30.408
v -32.798 		-16.583 		16.93
v -31.372 		18.042 		7.803
v -33.166 		-17.417 		16.73
v -33.068 		-16.595 		17.083
v 28.894 		1.25 		29.1942
v -28.581 		-16.583 		15.017
v -23.851 		18.25 		18.158
v -24.167 		18.236 		18.236
v 28.496 		3.816 		30.408
v 28.5612 		1.25 		29
v 27.797 		2.328 		29
v 26.304 		3.561 		29
v -14.876 		-17.368 		18.216
v -14.613 		-16.669 		17.549
v -14.613 		-17.725 		17.549
v -16.071 		-16.698 		16.853
v -31.605 		17.833 		7.934
v -30.758 		17.833 		7.726
v -24.386 		18.042 		18.027
v -27.585 		-17.75 		14.939
v -26.963 		-17.75 		14.905
v -26.814 		-17.75 		15.155
v -23.644 		18.194 		17.663
v 31.825 		1.25 		25
v -35.58 		-18.125 		17.358
v -23.797 		18.013 		17.547
v -31.848 		18.222 		7.209
v -24.071 		17.833 		17.702
v -32.699 		18.194 		7.38
v -26.84 		-17.75 		15.295
v -26.659 		-17.75 		14.85
v 26.2053 		1.25 		27.9857
v 25.5298 		1.25 		27.695
v 24.919 		2.111 		27.695
v -26.629 		-18.068 		14.891
v -24.299 		16.611 		17.881
v 25.5199 		0.8572 		27.612
v 25.512 		0.9322 		27.6152
v -28.8 		11.167 		8.113
v 25.4124 		1.25 		27.6565
v -32.161 		18.085 		8.019
v -32.227 		18.194 		7.9
v 21.504 		7.605 		31.894
v -35.292 		-20.122 		18.202
v -35.252 		-20.25 		18.237
v -23.075 		18.199 		17.137
v -29.6747 		10.9539 		7.917
v -29.315 		11.1084 		7.9292
v 23.552 		6.218 		30.408
v 20.285 		7.263 		30.408
v -23.484 		17.833 		17.156
v -23.269 		18.042 		17.021
v 16.559 		8.179 		30.408
v -38.922 		15.874 		5.373
v -29.2749 		11.1255 		7.9367
v 24.25 		4.73 		29
v 21.67 		5.813 		29
v -39.151 		15.263 		5.045
v -29.22 		11.1488 		7.9552
v -29.192 		11.1719 		7.9633
v -29.2368 		11.1417 		7.9496
v -27.356 		-18.045 		14.595
v -27.392 		-17.75 		14.604
v -27.071 		-18.023 		14.614
v 18.607 		6.792 		29
v -26.937 		-17.75 		14.648
v -29.717 		10.942 		7.593
v -14.668 		-17.836 		17.523
v -29.984 		10.413 		8.169
v -39.958 		14.936 		5.531
v -35.894 		-20.127 		17.703
v -27.225 		-17.75 		14.819
v -36.774 		-20.25 		17.877
v -39.778 		14.474 		5.143
v -16.3 		-17.309 		16.744
v -30.4739 		10.9249 		8.1391
v -30.2592 		10.9295 		8.0382
v -21.972 		-16.64 		25.179
v -21.802 		-16.662 		25.093
v -21.802 		-16.6619 		25.093
v -21.802 		-16.6619 		25.0929
v -21.802 		-16.661 		25.093
v -29.7511 		10.9389 		7.9115
v -29.7491 		10.939 		7.911
v -29.7981 		10.9388 		7.923
v -22.984 		17.833 		16.555
v -40.035 		14.653 		5.451
v -29.749 		10.939 		7.911
v -30.961 		18.194 		6.877
v -31.015 		17.924 		6.681
v 21.67 		4.312 		27.695
v 19.306 		5.304 		27.695
v -29.749 		10.939 		7.911
v 16.5 		6.201 		27.695
v -29.749 		10.939 		7.911
v -29.7122 		10.9405 		7.9152
v -29.749 		10.939 		7.911
v -21.794 		-16.663 		25.089
v -31.906 		17.937 		6.896
v -31.922 		17.991 		6.909
v -24.808 		17.915 		22.969
v -31.884 		18.128 		6.999
v -36.175 		-20.25 		17.406
v -21.344 		-16.721 		24.861
v -21.802 		-16.662 		25.093
v 16.5 		4.7 		26.515
v -26.534 		17.326 		23.026
v 23.552 		3.241 		27.695
v -32.533 		17.935 		7.098
v -24.776 		17.083 		23.015
v -24.976 		16.87 		23.394
v 22.243 		0.811 		26.515
v -22.039 		-17.836 		24.753
v -26.343 		16.87 		23.719
v 21.504 		1.855 		26.515
v -32.048 		10.917 		8.083
v -25.632 		16.424 		24.091
v -30.987 		10.917 		7.781
v -38.067 		-19.976 		19.349
v -28.792 		18.106 		4.402
v -30.513 		17.887 		4.811
v -30.513 		17.754 		4.896
v -30.012 		10.055 		7.627
v -27.667 		-17.75 		15.063
v -27.67 		-17.75 		15.296
v -37.871 		-20.114 		18.579
v -27.895 		-17.75 		14.918
v -30.052 		8.417 		7.62
v -29.171 		8.417 		7.571
v -27.955 		-17.75 		15.064
v 17.403 		2.088 		24.977
v 17.093 		2.744 		24.594
v -40.693 		12.585 		5.902
v -29.838 		8.886 		7.186
v -40.304 		12.88 		5.446
v -32.728 		17.887 		5.167
v 20.285 		2.862 		26.515
v -30.813 		17.868 		5.482
v -40.662 		-18.555 		20.418
v 18.607 		3.816 		26.515
v -28.574 		-17.787 		15.328
v -40.886 		13.41 		4.169
v -40.938 		14.271 		4.21
v -32.672 		17.735 		5.248
v 16.559 		2.429 		25.48
v 16.5721 		2.2459 		25.4427
v 16.4431 		2.3487 		25.442
v 16.425 		2.3592 		25.441
v -31.114 		18.083 		4.136
v -31.074 		18.062 		4.563
v -27.817 		17.915 		23.501
v -27.216 		18.083 		22.864
v -27.817 		17.084 		23.619
v -39.207 		14.168 		4.577
v -29.45 		8.75 		7.154
v -39.547 		14.243 		4.869
v -27.968 		-18.077 		15.153
v -27.86 		-18.083 		14.871
v -40.258 		-19.163 		19.747
v -27.817 		17.432 		24.56
v -29.132 		8.75 		6.479
v -29.132 		8.25 		6.852
v -39.399 		13.89 		4.667
v -39.409 		-19.573 		19.592
v -30.055 		8.386 		6.726
v -30.073 		8.557 		6.6
v -39.311 		-19.695 		19.295
v -24.664 		18.082 		22.19
v -28.273 		-18.033 		15.116
v -40.615 		-20.468 		18.705
v -39.443 		13.62 		4.668
v -25.602 		17.887 		21.833
v -25.658 		17.735 		21.752
v -39.591 		12.585 		4.884
v -27.701 		-18.082 		14.719
v -27.722 		-17.75 		14.739
v -28.082 		-18.06 		14.358
v -25.209 		17.47 		22.394
v -27.698 		-18.033 		14.462
v -39.688 		13.288 		4.858
v -39.342 		12.302 		4.772
v -31.584 		17.662 		4.741
v -25.119 		18.024 		21.797
v -24.815 		18.095 		21.868
v -24.95 		16.763 		3.471
v -26.343 		16.87 		3.281
v -33.303 		8.75 		8.179
v -22.753 		-16.527 		25.526
v -25.906 		17.868 		21.187
v -37.246 		-20.443 		17.194
v -37.176 		-20.183 		17.388
v -33.552 		8.25 		7.946
v 17.628 		0.75 		25.255
v -27.817 		17.887 		22.189
v -27.256 		18.062 		22.437
v -33.52 		8.386 		7.728
v 17.582 		1.34 		25.199
v -27.817 		17.754 		22.104
v -24.02 		-18.459 		25.278
v -24.222 		-18.892 		24.99
v -24.452 		-19.29 		24.66
v -28.645 		-18.06 		14.797
v -32.818 		8.75 		7.175
v 18.246 		0.664 		25.48
v -33.602 		8.557 		7.621
v -27.969 		-16.49 		26.87
v -26.632 		-16.669 		26.656
v -26.033 		-16.79 		12.512
v -30.082 		16.775 		24.074
v 17.609 		1.562 		25.48
v -26.632 		-17.725 		26.656
v -33.655 		8.817 		7.578
v -28.936 		16.432 		24.476
v -26.632 		-16.698 		25.264
v -30.319 		17.778 		23.866
v 17.4677 		0.4965 		25.3202
v -25.261 		-17.183 		24.753
v 17.5028 		0.6965 		25.3416
v -34.428 		8.75 		8.011
v 17.5062 		0.727 		25.3464
v -30.457 		18.102 		22.814
v 17.4929 		0.8006 		25.3539
v 17.3493 		1.2823 		25.392
v 17.273 		1.432 		25.3977
v -37.786 		-20.25 		16.546
v 17.2315 		1.4973 		25.3986
v -29.538 		18.106 		22.598
v -36.928 		-20.25 		16.467
v -29.597 		8.886 		7.145
v 16.9711 		1.8559 		25.4297
v 25.893 		2.25 		16.651
v -31.121 		17.083 		23.553
v -36.922 		-20.119 		16.475
v 25.941 		2.25 		16.796
v 25.941 		6.25 		16.796
v -34.409 		8.886 		6.603
v 24.69 		0.552 		16.509
v -31.987 		16.87 		23.719
v -25.817 		16.424 		2.868
v 25.893 		6.25 		16.651
v -27.54 		-16.681 		14.145
v -26.632 		-17.836 		26.603
v -26.632 		-17.876 		24.738
v -27.209 		17.083 		3.447
v -32.513 		16.424 		24.132
v -39.481 		-20.285 		17.643
v -35.491 		8.697 		6.41
v -36.242 		9.024 		6.97
v -27.639 		-16.917 		13.962
v -31.245 		8.75 		7.393
v -31.121 		17.915 		23.501
v -39.045 		-20.114 		17.034
v 24.653 		1.34 		16.464
v -27.491 		-16.884 		14.049
v -39.681 		-20.013 		17.058
v -36.852 		9.092 		7.147
v -31.245 		8.883 		7.393
v -40.922 		-19.695 		16.911
v -31.796 		17.326 		23.026
v -33.47 		8.988 		5.635
v -34.8 		8.509 		5.813
v 17.346 		4.116 		20.693
v -27.209 		17.432 		2.44
v -27.209 		17.915 		3.499
v 20.54 		0.524 		22.398
v -28.011 		17.778 		3.135
v 20.53 		1.203 		22.385
v -28.011 		17.362 		2.324
v -30.681 		18.024 		22.357
v 21.495 		0.75 		21.297
v 21.442 		1.431 		21.232
v -30.766 		8.374 		7.349
v -33.293 		9.305 		4.61
v -32.856 		-20.614 		19.934
v -28.666 		-18.459 		26.239
v -33.876 		-20.583 		18.557
v -28.248 		16.775 		2.926
v -28.666 		-19.091 		25.716
v -33.742 		-20.75 		19.441
v -29.658 		17.937 		20.758
v -28.666 		-19.648 		25.102
v -28.048 		-19.895 		24.75
v -36.724 		9.838 		5.158
v -36.536 		9.428 		5.861
v -34.552 		-20.75 		19.054
v -36.176 		9.305 		5.942
v -33.03 		-20.626 		19.324
v -28.666 		-18.495 		24.581
v 21.235 		2.295 		20.976
v -31.121 		17.887 		22.189
v -31.121 		17.735 		22.096
v -35.302 		-20.75 		18.592
v -31.766 		8.417 		7.97
v -35.021 		8.391 		5.497
v -35.139 		8.388 		5.328
v -31.759 		8.417 		7.983
v -31.022 		-16.527 		26.978
v -30.135 		-16.64 		27
v -29.853 		-16.693 		26.988
v -29.936 		-16.677 		26.992
v -31.584 		17.662 		22.259
v -29.936 		-16.661 		26.996
v -29.936 		-16.6757 		26.992
v -29.936 		-16.6774 		26.9915
v -28.976 		-16.856 		26.954
v -24.799 		16.46 		1.411
v -27.209 		17.115 		1.96
v -30.931 		17.868 		21.424
v -35.463 		8.532 		4.864
v -28.849 		-16.88 		26.945
v -32.393 		8.897 		7.76
v -29.936 		-16.661 		26.992
v -25.566 		18.194 		19.62
v 20.877 		3.053 		20.534
v -40.697 		10.818 		7.239
v -34.52 		-20.614 		19.272
v -27.85 		-16.628 		14.046
v -32.742 		8.25 		7.56
v -28.108 		-16.583 		14.072
v -30.513 		17.915 		3.499
v -27.717 		-16.79 		13.942
v 16.673 		3.265 		24.075
v 18.211 		2.543 		23.926
v 17.818 		3.176 		23.441
v 17.323 		3.644 		22.829
v -30.513 		17.084 		3.381
v -27.952 		-16.655 		13.866
v -34.599 		-20.583 		18.139
v -40.132 		11.097 		6.27
v 19.329 		2.242 		23.144
v 18.983 		2.974 		22.716
v -36.325 		-20.583 		16.492
v -39.66 		10.445 		6.58
v -29.394 		16.432 		2.524
v -29.936 		-17.7734 		26.624
v -39.841 		10.505 		6.684
v -35.834 		-20.583 		17.098
v -31.796 		17.326 		3.974
v -32.698 		16.424 		2.909
v -31.987 		16.87 		3.281
v -28.322 		-16.583 		13.5
v -35.255 		-20.583 		17.65
v 18.591 		0.539 		24.395
v -28.165 		-16.611 		13.5
v 18.581 		1.172 		24.383
v 19.581 		0.75 		23.454
v -27.907 		-16.83 		13.5
v 19.53 		1.408 		23.391
v -32.104 		8.75 		7.643
v -38.118 		9.305 		7.506
v -27.955 		-16.733 		13.417
v -29.936 		-16.669 		26.624
v -36.584 		-20.75 		17.47
v -35.76 		-20.626 		17.745
v -27.925 		-16.75 		13.665
v 18.475 		1.787 		24.252
v -38.608 		9.547 		7.272
v -31.022 		8.75 		6.655
v -27.843 		-16.917 		13.719
v -31.856 		8.386 		7.066
v -30.987 		8.25 		7.031
v -31.907 		8.557 		6.947
v -35.964 		-20.614 		18.32
v -37.661 		8.509 		7.178
v -36.581 		-20.614 		17.75
v 16.759 		3.915 		22.133
v 18.515 		3.555 		22.138
v -37.116 		-20.614 		17.126
v -30.513 		17.115 		1.96
v -29.394 		16.46 		1.226
v -32.698 		16.46 		1.226
v -39.142 		-20.559 		18.918
v -39.849 		-20.609 		18.339
v -39.466 		-20.491 		18.157
v -40.054 		-20.613 		18.437
v -27.489 		-17.417 		14.046
v 17.957 		3.944 		21.448
v -25.582 		17.937 		20.117
v -25.341 		17.919 		19.759
v -37.525 		9.428 		6.591
v -13.238 		14.52 		16.322
v -13.224 		15.102 		14.536
v -13.075 		14.798 		15.684
v 20.133 		2.674 		21.895
v -38.324 		8.532 		6.23
v -36.998 		8.73 		7.16
v 19.712 		3.353 		21.374
v -27.615 		-17.93 		14.294
v -42.129 		-17.836 		22.58
v -42.184 		-17.725 		22.606
v -29.936 		-17.836 		26.603
v -25.454 		17.941 		19.811
v -42.184 		-16.669 		22.606
v -29.936 		-16.691 		25.621
v -29.936 		-17.3 		25.411
v -38 		8.388 		6.693
v -30.165 		-17.183 		25.461
v -27.506 		-17.61 		14.078
v -15.445 		15.657 		15.911
v -29.936 		-17.868 		25.115
v -14.913 		14.5 		16.306
v -37.882 		8.391 		6.862
v -40.42 		9.352 		6.408
v -40.865 		9.71 		6.196
v -41.889 		-16.462 		20.875
v -31.338 		-16.506 		25.629
v -26.365 		18.085 		20.035
v -31.785 		-17.183 		25.386
v -42.752 		-17.368 		22.085
v -40.244 		8.886 		7.603
v -31.736 		-17.903 		25.021
v -29.165 		8.886 		5.355
v -39.07 		9.836 		7.052
v -26.332 		17.941 		20.112
v -26.44 		17.925 		20.137
v -38.109 		10.81 		4.824
v -28.849 		8.715 		4.761
v -43.669 		-16.856 		21.079
v -37.167 		10.505 		4.523
v -30.354 		8.883 		4.869
v -29.394 		8.509 		4.515
v -29.394 		8.391 		4.149
v -43.382 		-17.669 		20.942
v -38.659 		10.445 		5.654
v -31.969 		-18.459 		26.239
v -31.969 		-19.091 		25.716
v -43.912 		-16.721 		20.79
v 19.18 		3.856 		20.718
v -44.1416 		-16.6726 		20.48
v -30.354 		8.441 		4.366
v -31.969 		-19.648 		25.102
v -19.147 		-17.725 		23.433
v -19.147 		-16.669 		23.433
v -19.178 		-17.836 		23.388
v -40.48 		11.817 		6.042
v -42.017 		-19.29 		20.586
v -39.21 		11.693 		4.961
v -42.765 		-18.459 		20.943
v 20.416 		1.863 		22.244
v -14.872 		14.7 		15.862
v 24 		6.25 		17
v 22.107 		6.25 		16.651
v 23.907 		6.25 		16.84
v -39.024 		11.124 		5.227
v 22.059 		6.25 		16.796
v 24.093 		6.25 		16.84
v -24.622 		17.941 		19.431
v -18.225 		-16.448 		20.639
v -24.794 		18.215 		19.206
v -27.759 		-17.417 		13.851
v -14.826 		14.963 		14.997
v -27.733 		-17.888 		14.166
v -25.322 		18.25 		19.053
v -27.666 		-17.589 		13.976
v 20.578 		4.102 		17.884
v -19.988 		-16.698 		22.228
v -42.532 		-17.3 		19.619
v -42.805 		-17.903 		18.531
v -15.224 		15.657 		14.798
v -42.752 		-16.691 		19.725
v -15.823 		16.308 		14.742
v 20.876 		4.1289 		16.4036
v -28.01 		-17.888 		13.912
v -24.927 		18.194 		18.582
v -31.358 		8.886 		5.559
v 18.575 		4.146 		19.97
v 17.937 		4.205 		19.182
v 17.462 		4.102 		18.596
v -20.12 		-17.308 		22.039
v -13.055 		12.809 		15.595
v -32.698 		8.391 		4.149
v -32.698 		8.509 		4.515
v 19.182 		4.235 		18.439
v 19.783 		4.205 		16.902
v 18.538 		4.175 		17.645
v -27.845 		-17.75 		13.919
v -32.755 		9.092 		5.02
v -31.344 		9.024 		4.92
v 20.263 		4.19 		17.496
v -25.464 		17.833 		18.595
v -28.268 		-17.994 		13.801
v -14.79 		12.585 		16.211
v 21.979 		2.674 		19.615
v -42.222 		-17.868 		19.472
v 21.557 		3.353 		19.094
v 21.026 		3.856 		18.438
v -14.642 		12.874 		15.837
v -20.306 		-17.876 		21.773
v -27.886 		-17.417 		13.425
v -14.489 		12.494 		14.469
v -25.528 		15.874 		2.453
v -26.429 		18.194 		19.237
v -19.043 		-16.415 		21.5
v -25.682 		18.161 		18.903
v -18.851 		-17.183 		20.958
v -26.503 		18.042 		19.082
v -19.198 		-17.903 		20.73
v -13.047 		14.731 		13.119
v -13.614 		15.708 		13.311
v -27.814 		-17.589 		13.818
v -13.335 		15.298 		13.311
v -44.192 		-16.661 		20.412
v -28.127 		-17.888 		13.328
v -44.192 		-16.6618 		20.412
v -44.192 		-16.662 		20.412
v -17.718 		-18.459 		21.161
v -44.193 		-16.661 		20.412
v -28 		-17.75 		13.574
v -25.298 		15.263 		2.125
v -13.941 		16.096 		13.311
v -12.933 		14.43 		13.753
v -18.91 		-19.648 		20.592
v -18.465 		-19.29 		20.804
v -44.2015 		-16.6596 		20.3998
v -37.804 		9.105 		4.632
v -27.662 		16.308 		2.474
v -25.571 		14.424 		0.375
v -26.522 		14.798 		0.203
v -44.2071 		-16.6588 		20.3923
v -38.134 		9.883 		6.088
v -44.206 		-16.659 		20.394
v -44.245 		-16.651 		20.341
v -15.739 		16.308 		13.5
v -15.136 		15.657 		13.5
v -44.201 		-16.6597 		20.4008
v -44.2042 		-16.6593 		20.3963
v -44.2022 		-16.6598 		20.3989
v -44.203 		-16.6596 		20.3979
v -44.297 		-16.64 		20.271
v 22.99 		2.242 		18.622
v -25.944 		14.936 		1.839
v -26.307 		14.7 		1.687
v -44.206 		-16.6588 		20.394
v -44.2059 		-16.659 		20.394
v -14.491 		14.42 		13.725
v 22.376 		0.297 		20.105
v -20.716 		-16.947 		24.5
v 22.386 		0.976 		20.118
v 22.262 		1.863 		19.964
v 23.231 		0.529 		18.92
v 23.19 		1.408 		18.869
v -27.594 		15.657 		1.979
v -27.54 		-16.681 		12.855
v -27.354 		14.963 		1.649
v -26.981 		-16.681 		12.698
v -33.799 		15.657 		2.557
v -34.407 		14.872 		2.329
v -27.911 		15.102 		0.325
v 22.644 		2.974 		18.195
v -33.945 		14.936 		2.21
v -44.716 		-16.527 		19.626
v -20.596 		-16.386 		24.426
v -27.493 		-16.852 		12.948
v -27.639 		-16.917 		13.038
v -21.241 		-16.462 		23.189
v -43.781 		-17.836 		20.215
v -15.319 		15.879 		13.311
v -27.489 		-16.917 		12.954
v -14.875 		15.27 		13.311
v -20.972 		-16.415 		23.027
v -36.284 		14.432 		2.897
v -35.252 		15.657 		3.054
v -27.278 		18.128 		20.215
v 24.093 		3.61 		16.84
v -35.31 		15.085 		2.739
v 23.907 		3.61 		16.84
v -34.99 		16.308 		3.503
v 23.2415 		3.1591 		16.7701
v 23.225 		3.1743 		16.7684
v -14.674 		14.837 		12.75
v 24 		3.61 		16.85
v 23.1663 		3.154 		16.9124
v -12.83 		12.36 		13.475
v -36.508 		15.27 		3.367
v -27.303 		18.194 		20.123
v -12.857 		12.473 		14.208
v -12.849 		14.14 		14.086
v -12.857 		13.837 		14.203
v -44.114 		-18.428 		19.054
v -22.94 		-17.868 		23.464
v -12.853 		13.613 		14.151
v -22.633 		-16.691 		23.903
v -23.885 		-17.183 		24.276
v -24.078 		-17.903 		23.946
v -27.011 		17.929 		20.26
v -43.204 		-17.183 		18.69
v -27.249 		17.93 		20.317
v -43.564 		-16.468 		18.561
v -27.459 		17.93 		20.346
v -27.314 		17.93 		20.326
v -24.041 		-16.468 		24.574
v -41.573 		-19.648 		20.374
v -21.159 		-18.459 		23.913
v -27.487 		17.93 		20.35
v -36.697 		12.309 		3.097
v -21.847 		-19.648 		22.928
v -12.837 		13.27 		13.835
v -41.027 		-18.495 		20.114
v -21.361 		-18.892 		23.625
v -41.657 		-19.699 		20.119
v 23.23 		3.176 		16.756
v -41.884 		-20.114 		18.481
v -35.289 		12.532 		2.427
v 23.216 		3.181 		16.7674
v 23.0528 		3.2397 		16.9004
v 22.6571 		3.5515 		16.7088
v 22.5816 		3.5521 		16.8509
v -28.108 		-16.583 		12.928
v -27.659 		-16.583 		12.617
v -28.21 		18.25 		20.021
v 23.2719 		3.1301 		16.7733
v -14.329 		13.377 		13.5
v -27.952 		-16.655 		13.134
v 24 		2.25 		17
v -44.417 		-18.459 		18.578
v -27.758 		17.93 		20.394
v -25.146 		14.087 		1.761
v -25.007 		13.77 		1.75
v -28.183 		17.93 		20.462
v -35.983 		13.452 		2.611
v -24.186 		-19.699 		23.966
v 23.706 		2.367 		17.343
v -22.157 		-19.699 		22.998
v 23.54 		2.719 		17.138
v -27.774 		-16.79 		13.124
v -27.843 		-16.917 		13.281
v -24.138 		-20.114 		23.185
v -25.049 		13.628 		1.729
v -43.781 		-17.183 		17.553
v 23.3747 		2.9627 		16.9343
v -44.072 		-16.415 		17.55
v -43.341 		-17.903 		17.481
v 23.9633 		2.25 		16.9962
v 23.949 		2.2787 		16.9946
v 24.0281 		2.25 		16.8813
v -28.491 		18.205 		19.651
v -25.405 		13.28 		1.642
v -44.4 		-16.698 		16.42
v -44.135 		-17.308 		16.42
v 24.1441 		2.25 		16.651
v 24.0274 		2.3897 		16.6704
v 23.7151 		2.6007 		16.9701
v -43.763 		-17.876 		16.42
v 23.7452 		2.7272 		16.7173
v -21.221 		-18.19 		22.176
v 23.6265 		2.7225 		16.9607
v -28.094 		18.085 		19.465
v -25.107 		12.302 		1.852
v -35.898 		14.079 		2.641
v 22.175 		3.555 		17.616
v -12.85 		12.8 		12.825
v -35.825 		13.864 		2.576
v -12.835 		12.339 		13.311
v 21.617 		3.944 		16.926
v -27.489 		-17.417 		12.954
v -36.466 		13.1 		2.837
v 21.3105 		4.0303 		16.5477
v -22.163 		-18.495 		22.477
v -14.336 		12.3119 		13.311
v -27.939 		17.833 		19.346
v -27.078 		17.833 		19.181
v 22.1638 		3.7719 		16.657
v -36.05 		15.102 		1.573
v 22.059 		3.7856 		16.796
v 21.9528 		3.8383 		16.7608
v -21.007 		-20.468 		20.771
v -21.103 		-20.305 		21.286
v -14.42 		14.168 		13.5
v 22.107 		3.7939 		16.651
v 21.7628 		3.9364 		16.5368
v 21.7092 		3.9392 		16.68
v -27.547 		-17.787 		12.841
v -34.922 		14.798 		0.892
v -26.046 		12.965 		1.533
v -34.171 		14.52 		0.69
v -25.072 		17.941 		18.407
v 23.964 		0.12 		17.662
v -25.177 		13.469 		0.461
v 24.013 		0.75 		17.722
v -20.671 		-18.555 		21.346
v -21.196 		-19.117 		20.912
v 23.993 		1.172 		17.698
v -25.058 		13.99 		0.489
v -25.009 		13.811 		0.501
v -27.534 		-17.589 		12.946
v 23.887 		1.787 		17.566
v -27.561 		-18.077 		12.31
v -25.241 		14.215 		0.446
v -27.301 		-17.75 		12.327
v -42.646 		-18.495 		17.733
v -23.867 		-20.468 		22.136
v -14.429 		14.139 		14.065
v -25.399 		13.299 		0.411
v -42.28 		-18.847 		17.559
v 16.725 		4.059 		19.926
v -27.648 		-17.888 		12.783
v -22.606 		-19.163 		21.842
v -26.965 		12.702 		1.434
v -42.363 		-20.468 		16.42
v -28.424 		-18.06 		13.03
v -28.55 		13.39 		1.249
v -28.481 		14.139 		1.322
v -24.734 		17.833 		18.184
v -28.358 		13.633 		1.265
v -33.602 		14.611 		1.995
v -23.154 		-19.695 		21.059
v -33.45 		13.093 		1.699
v -33.601 		13.006 		1.817
v -29.132 		18.085 		20.424
v -23.839 		-20.303 		20.59
v -41.412 		-19.453 		17.145
v -34.091 		12.831 		1.972
v -14.347 		13.471 		14.081
v -14.384 		13.833 		14.196
v -27.719 		-18.013 		12.595
v -42.838 		-18.555 		17.165
v -28.925 		18.042 		19.487
v 20.392 		3.654 		19.935
v -22.794 		-19.573 		21.14
v -26.63 		12.809 		0.186
v -41.874 		-19.164 		17.365
v -29.132 		18.243 		20.124
v -24.192 		-20.613 		21.672
v -28.415 		14.085 		0.017
v 19.814 		4.057 		19.221
v -24.309 		-20.609 		21.504
v -28.378 		13.613 		0.019
v -43.225 		-19.648 		18.01
v -28.315 		13.837 		0.022
v -24.53 		-20.491 		21.187
v -43.669 		-19.29 		18.222
v 16.87 		3.755 		17.865
v -23.136 		-20.523 		21.596
v -44.068 		-18.892 		18.412
v -28.311 		13.818 		0.223
v 17.928 		3.882 		16.891
v -46.083 		-16.669 		16.42
v -46.083 		-17.725 		16.42
v -46.019 		-17.836 		16.42
v -28.308 		12.473 		0.022
v -41.037 		-20.491 		16.42
v -27.801 		-17.417 		13.215
v 13.302 		9.37 		31.894
v -17.349 		-16.691 		19.397
v -41.48 		-20.609 		16.42
v -17.911 		-17.183 		19.864
v -41.715 		-20.613 		16.42
v 8.655 		10.013 		31.894
v -14.337 		13.247 		13.84
v -27.814 		-17.589 		13.182
v -33.122 		-7.644 		15.648
v 12.44 		8.951 		30.408
v -33.647 		-8.119 		15.785
v -30.633 		18.25 		19.762
v -30.081 		17.918 		20.463
v -30.045 		18.215 		20.196
v -32.816 		-7.988 		14.29
v -29.726 		18.25 		19.865
v 11.254 		8.375 		29
v -30.075 		18.042 		20.416
v -34.103 		-9.253 		14.668
v -34.366 		-9.475 		16.265
v -17.569 		-17.3 		19.291
v -29.77 		18.194 		19.634
v -29.394 		15.879 		2.057
v -17.879 		-17.868 		19.143
v 3.75 		10.48 		31.894
v -34.468 		-10.239 		15.034
v -32.698 		15.263 		2.051
v -18.633 		-18.183 		19.761
v -34.484 		-10.851 		15.286
v -34.292 		-11.641 		15.635
v -33.183 		13.206 		1.7
v -32.698 		15.874 		2.43
v -27.785 		-17.75 		13.026
v 1.5 		10.7412 		32.5949
v -27.935 		-17.75 		13.21
v -17.951 		-19.111 		20.429
v -20.261 		-19.164 		19.948
v -36.817 		-10.806 		16.216
v -16.814 		-19.29 		18.44
v 1.5 		10.6053 		31.894
v -36.636 		-10.958 		16.143
v -19.086 		-20.114 		19.397
v 7.996 		9.566 		30.408
v 3.304 		10.013 		30.408
v -28.817 		17.833 		19.423
v -36.787 		-11.167 		15.714
v -36.407 		-11.167 		16.373
v -14.362 		12.925 		13.239
v 1.5 		10.3049 		30.9864
v 1.5 		10.1136 		30.408
v -14.472 		12.638 		12.369
v -19.489 		-18.495 		20.316
v -32.841 		14.158 		1.697
v -14.498 		12.309 		13.311
v -28.687 		-16.917 		15.408
v -16.548 		-16.476 		18.143
v -29.165 		15.657 		1.906
v -29.394 		15.27 		1.69
v -32.992 		13.329 		1.654
v -33.245 		-8.88 		13.129
v -33.645 		-8.938 		13.848
v -16.622 		-17.876 		16.591
v 7.088 		8.951 		29
v -13.751 		10.541 		14.991
v 2.69 		9.37 		29
v -34.404 		-10.586 		13.704
v -34.45 		-11.559 		14.102
v -14.977 		11.817 		15.836
v -29.7 		17.833 		19.41
v 1.5 		9.4364 		29
v 1.5 		9.6262 		29.3946
v -33.997 		-9.657 		13.365
v -16.076 		10.445 		15.969
v -34.206 		-10.016 		13.49
v -15.488 		11.097 		16.08
v -17.492 		-18.555 		17.165
v -34.364 		-11.297 		12.599
v -17.804 		-18.495 		17.967
v -34.379 		-11.846 		12.825
v -30.177 		-16.624 		15.73
v -30.101 		-16.611 		15.441
v -33.6 		13.469 		0.56
v -34.274 		13.066 		0.715
v -30.162 		18.042 		19.419
v -33.511 		14.048 		0.542
v -33.431 		13.811 		0.525
v -28.782 		14.356 		1.36
v 1.919 		8.563 		27.695
v -37.522 		-10.75 		15.755
v -37.765 		-10.764 		15.707
v -15.795 		10.505 		14.991
v -17.607 		-20.305 		16.499
v -17.258 		-19.648 		18.228
v -29.779 		-16.79 		15.404
v -36.999 		-10.915 		15.525
v -30.073 		14.837 		1.524
v 15.115 		7.651 		29
v -37.901 		-11.086 		16.281
v -30.046 		-16.706 		15.739
v -38.135 		-11.08 		15.813
v -33.74 		14.271 		0.59
v -29.394 		15.298 		0.418
v 13.302 		6.988 		27.695
v -29.952 		-16.852 		15.745
v 9.764 		7.651 		27.695
v -19.486 		-20.468 		18.377
v -30.961 		18.194 		20.123
v 14 		5.5 		26.515
v -18.573 		-19.163 		17.601
v 11.149 		6.201 		26.515
v -30.35 		-16.586 		15.601
v -28.859 		14.43 		0.085
v -36.577 		12.473 		1.474
v -29.848 		-16.917 		15.538
v 11.149 		4.7 		25.48
v 8.694 		5.304 		25.48
v -29.394 		16.096 		0.918
v -29.944 		-16.917 		15.746
v -14.783 		11.817 		14.839
v -30.354 		16.186 		0.989
v -19.762 		-19.843 		16.689
v -28.687 		-17.417 		15.408
v 14.581 		3.089 		25.11
v -31.015 		17.92 		20.32
v -36.635 		14.031 		1.498
v -36.595 		13.73 		1.482
v -30.602 		-17.75 		15.928
v -29.897 		14.818 		0.21
v -30.464 		-18.022 		16.309
v -30.464 		-17.75 		16.212
v -15.224 		11.097 		14.798
v -30.638 		-18.068 		15.892
v -37.387 		-10.806 		14.895
v -31.508 		17.918 		20.208
v -32.698 		15.298 		0.418
v -31.536 		15.153 		0.349
v -37.066 		-11.167 		15.021
v 16.007 		2.833 		25.153
v -31.884 		18.128 		20.001
v -32.767 		18.085 		19.738
v -32.698 		15.708 		0.648
v 15.115 		3.25 		25.48
v -38.396 		-11.059 		15.059
v -31.849 		18.25 		19.67
v -38.257 		-10.872 		15.033
v -38.359 		-11.078 		15.167
v -29.802 		-17.417 		15.474
v 16.3168 		2.4217 		25.4352
v -29.944 		-17.417 		15.746
v -29.952 		-17.75 		15.492
v -32.294 		17.937 		20.272
v -32.062 		17.916 		20.058
v -36.713 		13.505 		1.531
v -30.052 		-17.73 		15.738
v 14.541 		2.9869 		25.2977
v 14.4453 		3.0045 		25.2863
v -36.748 		13.345 		1.774
v -36.465 		13.878 		1.655
v 16.2351 		2.4658 		25.4344
v 15.798 		2.6919 		25.4275
v 15.6265 		2.744 		25.4135
v 14.9599 		2.8427 		25.3268
v -19.52 		-19.695 		17.148
v -19.032 		-19.452 		17.382
v -38.495 		-11.081 		14.588
v -31.363 		17.991 		19.175
v -15.127 		9.352 		14.991
v -14.395 		9.889 		14.454
v -14.383 		9.909 		14.991
v -31.427 		17.833 		19.117
v -29.165 		13.377 		1.239
v 13.02 		2.808 		24.688
v -31.433 		18.194 		19.355
v -40.678 		-11.113 		14.614
v -29.394 		12.3168 		1.024
v 13.302 		4.012 		25.48
v -39.867 		-11.133 		14.862
v -32.697 		18.25 		19.367
v 12.3827 		2.304 		24.7071
v -21.212 		-19.695 		19.494
v -32.227 		18.194 		19.1
v -32.143 		18.042 		18.948
v -40.576 		-11.246 		14.614
v -30.487 		-18.033 		15.71
v -22.332 		-20.27 		19.84
v -32.245 		17.833 		18.841
v 12.4986 		2.4112 		24.7607
v 12.621 		2.5158 		24.8145
v -29.481 		12.925 		1.266
v 14.2576 		2.9976 		25.2512
v -37.239 		-11.167 		14.305
v -37.305 		-11.167 		13.578
v -37.324 		-11.059 		13.5
v -22.478 		-19.908 		19.853
v 13.3155 		2.8633 		25.0532
v 12.8425 		2.6641 		24.9047
v 12.6852 		2.5707 		24.8451
v 14.1737 		2.9941 		25.2367
v -37.305 		-11.009 		14.18
v 13.6792 		2.9417 		25.1396
v -29.394 		12.309 		1.379
v 13.4536 		2.9083 		25.0917
v -22.459 		-20.114 		18.579
v -36.518 		13.14 		1.45
v -21.679 		-20.013 		18.532
v -29.981 		12.8 		0.017
v -37.581 		-10.806 		13.5
v -29.297 		13.013 		0.203
v -36.976 		16.096 		2.699
v -37.278 		15.298 		2.265
v -30.269 		-17.93 		15.724
v -28.759 		13.27 		0.006
v -40.139 		15.298 		3.631
v -38.729 		15.053 		2.827
v -38.51 		-10.915 		13.5
v -40 		15.708 		3.83
v -1.865 		9.624 		29
v -38.582 		-11.059 		13.892
v -37.764 		16.186 		3.157
v -12.85 		12.279 		12.867
v -37.953 		-10.75 		14.279
v -13.11 		11.545 		13.311
v -38.168 		-10.764 		14.249
v -37.502 		14.93 		3.72
v -38.3 		-10.806 		14.261
v -13.311 		11.164 		13.311
v -37.034 		14.781 		3.392
v -37.84 		14.818 		2.293
v -14.336 		11.1458 		13.311
v -29.8465 		12.2884 		0.0141
v -29.847 		12.288 		0.0141
v -29.8504 		12.288 		0.0142
v -15.111 		11.132 		13.311
v 12.2859 		2.2142 		24.6704
v -23.088 		-19.976 		20.03
v -29.847 		12.288 		0.0142
v -14.753 		11.7 		13.311
v -14.692 		11.817 		13.5
v 11.847 		2.288 		24.608
v -29.195 		12.36 		0
v -38.906 		-11.063 		14.109
v -29.394 		12.339 		0.004
v 8.88 		3.533 		24.608
v -15.39 		10.818 		14.157
v -29.138 		-16.583 		14.869
v -6.5 		9.709 		29
v -2.254 		8.796 		27.695
v -38.607 		-11.076 		13.46
v -16.003 		8.886 		14.029
v -32.698 		12.302 		1.736
v 12.1566 		2.032 		24.608
v -29.48 		-16.681 		15.16
v -6.5 		8.874 		27.695
v 12.1521 		2.0257 		24.6063
v -13.252 		15.153 		11.54
v -13.335 		15.298 		10.58
v 5.948 		8.179 		27.695
v -13.941 		16.096 		10.58
v -28.909 		-16.62 		15.073
v 7.996 		6.792 		26.515
v 4.595 		7.263 		26.515
v -38.358 		14.168 		3.973
v -29.616 		-16.83 		15.316
v -29.458 		-16.75 		15.215
v 1.004 		7.605 		26.515
v -32.754 		13.573 		1.608
v -14.826 		15.007 		12.109
v -12.74 		10.7034 		31.894
v 5.98 		5.813 		25.48
v -14.783 		14.936 		12.161
v -13.0618 		10.1938 		30.408
v -12.8199 		10.5768 		31.525
v 3.051 		6.218 		25.48
v -16.304 		10.013 		30.408
v -38.415 		13.377 		3.914
v -15.034 		15.15 		11.381
v 4.865 		4.521 		24.608
v -11.135 		9.624 		29
v -37.278 		-11.059 		12.823
v 0.075 		5.183 		24.608
v -13.5052 		9.4918 		29
v -13.2504 		9.8951 		29.809
v -15.69 		9.37 		29
v -30.816 		14.168 		1.391
v -15.312 		15.263 		10.58
v -37.533 		-10.806 		12.798
v -30.826 		13.377 		1.316
v 16.172 		3.614 		23.457
v -37.262 		-11.167 		12.848
v 15.098 		3.468 		24.03
v -32.681 		13.726 		1.603
v -10.746 		8.796 		27.695
v -14.919 		8.563 		27.695
v -15.771 		15.874 		10.58
v 14.587 		3.515 		23.399
v -37.853 		-10.75 		12.403
v -12.987 		12.51 		11.685
v -37.471 		12.703 		3.406
v 15.624 		3.768 		22.78
v -38.5 		-10.958 		12.721
v -38.089 		12.538 		3.811
v -38.19 		-10.795 		12.367
v -13.247 		12.331 		10.58
v 12.493 		2.44 		24.037
v -2.716 		7.812 		26.515
v -6.5 		7.882 		26.515
v 12.834 		2.719 		24.458
v 13.907 		3.193 		24.277
v -37.452 		12.962 		2.099
v -29.351 		-16.83 		15.235
v -3.242 		6.691 		25.48
v -38.523 		-11.07 		12.568
v 14.086 		3.374 		22.779
v 13.248 		2.965 		23.462
v -38.559 		-11.07 		12.763
v -29.155 		-16.681 		15.132
v -5.162 		5.475 		24.608
v -37.8064 		12.3021 		2.048
v -37.9162 		12.288 		2.1036
v -14.422 		13.377 		12.127
v -14.513 		14.168 		12.135
v -10.284 		7.812 		26.515
v -14.004 		7.605 		26.515
v -9.758 		6.691 		25.48
v -16.052 		6.218 		25.48
v -29.084 		-16.917 		15.245
v -40.183 		12.331 		3.567
v -28.83 		-16.917 		15.317
v -14.883 		14.158 		10.462
v -9.176 		5.451 		24.608
v -13.075 		5.183 		24.608
v -14.769 		13.681 		10.582
v -40.716 		13.871 		4.031
v -40.737 		13.651 		4.048
v -39.155 		12.51 		2.828
v -14.961 		14.294 		10.33
v 12.869 		2.607 		22.994
v -29.713 		-16.583 		14.96
v -14.701 		13.377 		10.772
v -29.846 		-16.681 		15.352
v -32.698 		12.331 		0.344
v -31.361 		12.51 		0.13
v -14.783 		13.51 		10.499
v 14.18 		3.155 		20.996
v -37.016 		14.43 		1.756
v -25.425 		11.124 		2.307
v -26.177 		10.445 		2.682
v -28.995 		-17.417 		15.257
v -26.043 		11.097 		2.197
v -14.859 		13.267 		10.258
v -24.125 		-20.25 		18.465
v -37.358 		12.36 		1.821
v -29.352 		-17.417 		15.242
v -15.986 		15.102 		20.984
v 13.242 		2.577 		21.738
v -15.39 		14.14 		20.75
v 15.067 		3.716 		22.092
v 13.784 		2.595 		20.507
v -37.482 		13.003 		1.881
v -24.565 		-16.583 		17.239
v -15.968 		12.62 		21.436
v -15.467 		13.837 		20.847
v -37.528 		12.3381 		1.907
v -37.528 		12.3381 		1.907
v -37.528 		12.339 		1.907
v -37.395 		12.3554 		1.8397
v -37.528 		12.338 		1.907
v -37.528 		12.338 		1.907
v -37.528 		12.339 		1.907
v 16.165 		3.97 		21.398
v -37.528 		12.339 		1.907
v -24.328 		-18.083 		16.985
v 15.439 		3.737 		20.502
v -15.227 		13.27 		20.538
v -14.93 		12.302 		10.58
v -15.432 		13.613 		20.804
v -15.673 		13.938 		20.733
v -33.857 		-12.353 		15.98
v -29.21 		-17.589 		15.21
v -33.208 		-12.939 		16.296
v -28.943 		-17.75 		15.169
v -15.244 		14.611 		9.833
v -34.102 		-12.474 		14.52
v -13.909 		14.798 		8.743
v 12.403 		1.697 		22.419
v 12.958 		1.976 		21.387
v -21.165 		-20.285 		18.096
v -33.579 		-13.1 		14.839
v -32.871 		-13.584 		15.12
v 12.752 		0.75 		21.132
v 12.794 		0.209 		21.184
v -14.951 		15.461 		19.147
v -15.724 		15.902 		19.695
v -15.342 		15.298 		19.877
v -14.653 		14.953 		19.203
v 12.794 		1.291 		21.184
v -34.206 		-12.554 		13.138
v -33.816 		-13.193 		13.447
v -37.528 		12.3381 		1.907
v -37.528 		12.3381 		1.907
v -22.478 		-20.25 		16.546
v -37.528 		12.3381 		1.9071
v -15.261 		14.43 		20.427
v -22.515 		-20.183 		16.994
v -15.081 		14.645 		20.04
v -16.224 		15.657 		9.07
v -21.074 		-20.114 		16.612
v -15.494 		14.792 		9.411
v -33.234 		-13.718 		13.731
v -16.144 		15.085 		8.422
v -16.064 		14.905 		18.612
v -33.462 		-13.774 		12.427
v -32.854 		-14.19 		12.668
v -23.49 		-20.25 		17.877
v -29.519 		-17.888 		15.058
v -29.106 		-17.941 		14.956
v -29.314 		-17.888 		15.022
v -37.275 		-14.847 		14.047
v -13.508 		13.469 		9.835
v -13.483 		14.028 		9.916
v -13.465 		13.811 		9.975
v -27.361 		10.505 		2.451
v 11.6582 		0.6352 		24.327
v 11.664 		0.636 		24.283
v 11.6958 		0.4102 		24.3219
v 11.727 		1.311 		24.36
v 11.67 		0.978 		24.289
v -28.844 		-17.994 		14.915
v -28.37 		10.818 		2.116
v -29.418 		-17.67 		15.195
v 11.6615 		0.8768 		24.3387
v -26.449 		8.388 		3.773
v -32.883 		-9.279 		11.932
v 11.7342 		0.2117 		24.3175
v 11.7198 		0.2853 		24.3195
v -24.534 		-20.116 		17.85
v -24.555 		-20.25 		17.87
v -33.547 		-9.787 		12.067
v 11.7475 		0.1617 		24.3166
v -13.946 		12.809 		8.657
v -33.175 		-10.15 		10.958
v 12.215 		2.047 		23.693
v -26.568 		8.391 		3.942
v -13.642 		13.156 		9.43
v -25.537 		8.695 		3.121
v -15.028 		13.006 		9.834
v -15.461 		12.673 		8.96
v -26.125 		8.532 		3.31
v -34.037 		-10.413 		12.27
v 11.7382 		0.1972 		24.3173
v -34.171 		-11.615 		11.452
v 11.7435 		0.1819 		24.3172
v -29.515 		-18.333 		14.382
v -29.487 		-18.083 		14.453
v -34.237 		-12.117 		11.652
v -26.343 		9.883 		3.281
v -33.708 		-10.674 		11.115
v -26.534 		9.428 		3.974
v -34 		-11.126 		11.269
v -24.152 		-18.945 		16.775
v -15.766 		12.532 		8.439
v -27.361 		9.305 		4.095
v -27.361 		9.836 		3.187
v -28.525 		8.886 		2.622
v -33.724 		-11.503 		10.28
v -33.991 		-12.225 		10.548
v -23.018 		-20.443 		17.194
v -12.914 		12.053 		12.237
v -30.23 		-17.994 		15.359
v -13.247 		11.275 		10.58
v -13.751 		10.541 		12.261
v -29.802 		-17.994 		14.998
v -13.311 		11.164 		10.58
v -15.567 		11.124 		10.58
v -23.937 		-20.119 		17.255
v -15.757 		10.505 		12.261
v -16.076 		10.445 		11.031
v -23.719 		-20.25 		16.98
v -29.786 		-17.75 		15.316
v -15.195 		11.693 		10.58
v 11.8897 		1.7427 		24.5202
v -29.775 		-18.06 		14.797
v 11.8323 		1.6122 		24.4896
v -15.127 		9.352 		12.261
v -30.132 		-18.213 		14.573
v 11.8782 		1.7277 		24.516
v 11.8741 		1.7194 		24.514
v -29.796 		-18.213 		14.537
v -16.177 		10.154 		12.261
v -30.451 		-18.333 		14.484
v -30.132 		-18.333 		14.519
v 11.7258 		1.3224 		24.4246
v 11.7151 		1.2896 		24.4174
v -14.613 		9.71 		12.261
v 11.6615 		0.9806 		24.3566
v 11.6613 		0.952 		24.3517
v -20.047 		-20.613 		18.109
v -20.252 		-20.609 		18.011
v -25.239 		11.693 		2.041
v -26.732 		11.817 		1.71
v -14.913 		10.541 		8.422
v -36.817 		-10.806 		10.784
v -36.496 		-11.167 		10.764
v -36.636 		-10.958 		10.857
v -21.33 		-20.613 		20.307
v -21.669 		-20.491 		19.822
v -36.855 		-11.167 		11.431
v -15.505 		11.817 		9.55
v 11.904 		0.75 		23.309
v -27.361 		10.541 		0.761
v -21.448 		-20.609 		20.138
v 12.062 		1.69 		23.504
v -15.924 		11.097 		9.671
v -27.545 		11.817 		1.614
v -20.634 		-20.491 		17.829
v -36.83 		-10.75 		10.32
v -16.126 		11.817 		8.31
v -24.3 		-20.614 		18.32
v -27.361 		9.352 		1.898
v -27.361 		10.108 		1.093
v -22.701 		-20.614 		16.458
v -28.011 		9.301 		1.966
v -23.166 		-20.75 		16.824
v -15.262 		10.108 		8.588
v -15.661 		9.71 		8.778
v -23.9 		-20.583 		16.437
v -24.384 		-20.583 		17.047
v 8.655 		0.889 		23.913
v -37.528 		12.339 		1.907
v -37.536 		12.337 		1.911
v -30.664 		10.505 		2.419
v -33.324 		-10.992 		10.114
v 8.3072 		1.25 		23.9375
v -32.8 		-11.278 		9.26
v 8.309 		1.1233 		23.913
v -32.698 		11.124 		2.262
v -24.012 		-20.626 		17.252
v 8.3116 		0.8487 		23.8767
v 8.3117 		0.7893 		23.8753
v -32.153 		10.445 		2.682
v -33.24 		-11.659 		9.368
v 8.445 		1.25 		22
v -16.105 		9.352 		8.99
v 12.285 		1.073 		22.273
v -29.394 		8.388 		3.954
v -29.394 		8.532 		3.419
v 12.278 		0.589 		22.264
v -34.287 		10.505 		3.186
v -15.27 		14.645 		6.69
v -14.955 		14.43 		7.012
v -30.321 		-18.083 		14.571
v -34.069 		11.817 		2.247
v -23.683 		-20.614 		17.75
v -16.335 		14.432 		7.616
v 13.628 		2.266 		20.315
v 15.047 		3.433 		20.017
v 14.599 		2.878 		19.464
v 14.268 		2.177 		19.055
v -30.664 		9.305 		4.057
v 15.995 		3.678 		19.024
v -30.992 		-16.583 		15.954
v -15.769 		14.885 		6.148
v -25.043 		-18.495 		23.815
v -30.664 		9.838 		3.153
v -14.733 		15.102 		7.81
v -36.391 		11.132 		3.536
v -15.571 		15.298 		6.795
v -33.482 		-11.999 		9.481
v -16.14 		15.461 		6.15
v -24.708 		-19.648 		24.293
v -35.252 		11.097 		3.054
v -32.698 		8.532 		3.419
v -34.541 		-11.009 		8.775
v -35.445 		11.817 		2.724
v -30.74 		-16.583 		16.248
v -34.681 		-10.806 		8.625
v 13.35 		0.552 		19.971
v 14.076 		1.38 		18.818
v 13.36 		1.146 		19.982
v -34.173 		-11.167 		8.601
v -32.698 		8.388 		3.954
v -25.489 		-19.164 		23.177
v -34.622 		9.352 		2.707
v -35.192 		8.886 		3.815
v -33.979 		-10.806 		8.228
v -31.796 		9.428 		3.974
v -35.144 		9.301 		3.034
v -31.987 		9.883 		3.281
v -34.878 		9.71 		2.34
v -31.272 		-16.583 		15.927
v -31.615 		-16.583 		16.267
v -31.474 		-16.583 		16.014
v -26.632 		-20.468 		23.581
v 14.028 		0.75 		18.758
v 14.076 		0.12 		18.818
v -27.177 		-18.555 		24.318
v -33.841 		9.836 		3.823
v -27.343 		-19.117 		23.719
v -28.666 		-19.163 		23.847
v -29.394 		11.1505 		1.024
v -29.165 		11.817 		1.539
v -35.108 		10.108 		2.01
v -14.457 		14.268 		7.642
v -32.903 		-12.088 		8.714
v -29.394 		11.132 		1.885
v -14.623 		13.753 		7.359
v -29.394 		11.7 		1.589
v -15.936 		13.638 		7.967
v -14.705 		13.452 		7.227
v -29.931 		12.279 		0.016
v -29.394 		11.545 		0.231
v -27.534 		-19.573 		23.026
v -15.947 		13.864 		7.996
v -28.666 		-19.695 		22.943
v -14.643 		14.031 		7.327
v -14.331 		12.638 		19.147
v -35.31 		10.541 		1.722
v -30.664 		10.541 		0.761
v -29.394 		11.164 		0.397
v 14.81 		0.529 		17.56
v 15.5 		3.141 		18.413
v 15.12 		2.44 		17.943
v -37.291 		11.164 		2.247
v 14.881 		1.625 		17.648
v -14.908 		12.339 		20.084
v 14.82 		1.191 		17.573
v -14.904 		12.337 		20.077
v -14.909 		12.339 		20.084
v -40.152 		11.164 		3.612
v -38.171 		10.541 		3.087
v -16.025 		14.079 		7.935
v -14.909 		12.338 		20.084
v -14.6911 		12.288 		19.7534
v 16.362 		3.204 		17.237
v -14.584 		13.14 		7.423
v -14.614 		12.473 		7.374
v -40.183 		11.275 		3.567
v -39.553 		11.632 		3.098
v -14.933 		13.003 		20.126
v -14.9205 		12.3415 		20.1015
v 15.972 		2.485 		16.755
v -32.698 		11.164 		0.397
v -32.698 		11.275 		0.344
v -26.038 		-19.695 		22.39
v -38.335 		12.144 		2.34
v -26.575 		-19.908 		21.98
v 15.727 		1.648 		16.452
v -37.986 		12.279 		2.139
v -16.262 		13.1 		7.466
v -31.868 		11.632 		0.199
v -35.496 		-11.167 		9.564
v -35.81 		-10.872 		9.663
v -37.483 		9.352 		4.072
v -30.664 		9.352 		1.898
v -37.854 		9.909 		3.54
v -30.664 		10.108 		1.093
v 8.1218 		1.25 		23.913
v -35.164 		-11.009 		9.221
v 7.088 		1.95 		23.913
v 4.595 		2.862 		23.913
v -14.821 		13.27 		7.044
v -35.899 		-10.806 		9.603
v -42.606 		15.902 		7.305
v -36.51 		-10.764 		10.113
v -36.351 		-10.839 		10.197
v -33.532 		16.46 		25.59
v -41.655 		15.27 		7.759
v -25.86 		-20.013 		21.365
v -33.38 		16.763 		23.529
v -41.271 		15.879 		7.943
v -34.048 		17.915 		22.718
v 1.345 		3.561 		23.913
v -34.689 		17.432 		23.635
v 4.808 		0.4374 		23.5065
v -33.07 		17.326 		22.723
v 3.885 		0.329 		23.409
v -15.004 		12.36 		20.229
v -36.559 		-10.806 		9.264
v -15.033 		12.36 		6.729
v -15.056 		12.355 		6.697
v -41.044 		15.657 		7.332
v -15.0867 		12.3491 		6.656
v -27.586 		-20.13 		22.137
v -27.986 		-19.976 		22.08
v -15.0869 		12.3491 		6.656
v -15.0868 		12.3491 		6.656
v -30.951 		-17.75 		15.971
v -16.33 		13.043 		19.624
v 4.6102 		1.25 		23.5885
v 5.7048 		1.25 		23.6954
v 4.7245 		0.7539 		23.5411
v 2.997 		1.064 		23.409
v -27.972 		-20.114 		21.441
v 1.461 		1.708 		23.409
v -34.12 		17.084 		22.821
v -15.881 		14.168 		18.787
v -29.936 		-20.468 		23.581
v -15.0868 		12.3491 		6.656
v -41.779 		14.466 		7.328
v -15.137 		12.339 		6.588
v -15.124 		12.342 		6.606
v -15.0958 		12.3474 		6.6437
v -15.1281 		12.3411 		6.6008
v -31.611 		-17.75 		16.23
v -15.798 		13.377 		18.82
v -30.754 		-17.75 		16.379
v -31.55 		-17.75 		16.097
v -31.169 		-17.75 		15.921
v -30.751 		-17.75 		16.192
v -36.041 		-11.167 		10.138
v -42.988 		15.298 		7.123
v -31.969 		-18.495 		24.549
v -30.805 		-20.114 		24.378
v -16.349 		12.309 		19.397
v -34.979 		17.115 		24.051
v 29.228 		6.25 		15.077
v 29.096 		6.25 		15.182
v -31.969 		-19.164 		23.813
v -36.392 		16.46 		24.224
v 31.063 		6.25 		12.514
v 30.333 		6.25 		13.925
v 31.244 		6.25 		12.553
v -15.0967 		12.3471 		6.6425
v 30.495 		6.25 		14
v -35.738 		-10.75 		9.108
v -35.607 		16.432 		23.1
v -30.944 		-18.083 		15.722
v -15.105 		13.003 		6.627
v -31.969 		-19.695 		22.905
v -31.439 		-18.071 		15.736
v -13.69 		15.298 		17.513
v -35.911 		-10.75 		8.995
v -15.612 		15.166 		17.405
v -31.259 		-17.75 		15.694
v -15.142 		12.337 		6.582
v -31.65 		-18.053 		15.84
v -33.671 		17.485 		22.178
v -33.203 		17.754 		21.509
v -33.254 		17.887 		21.582
v -33.057 		18.102 		22.397
v -30.481 		-20.285 		22.239
v -15.402 		15.263 		16.696
v -32.919 		18.062 		22.029
v 29.303 		6.25 		15.243
v -29.613 		-20.114 		21.62
v -36.759 		-11.059 		9.132
v -36.126 		-11.059 		8.546
v -15.36 		12.2912 		6.2882
v -15.138 		12.339 		6.588
v -30.892 		-17.75 		15.738
v -15.138 		12.338 		6.588
v -14.214 		16.096 		17.262
v -15.131 		12.3405 		6.597
v -31.417 		-18.033 		15.461
v -15.799 		15.874 		16.506
v -37.111 		-11.167 		12.13
v -36.999 		-10.915 		11.475
v -13.613 		12.331 		17.549
v 27.656 		6.25 		16.066
v -37.191 		-10.958 		12.143
v 27.75 		6.25 		16.196
v -13.42 		13.612 		16.889
v -13.368 		13.41 		16.738
v -13.329 		14.327 		16.618
v 29.096 		3.61 		15.182
v 29.228 		3.61 		15.077
v 29.171 		2.25 		15.137
v -13.416 		14.028 		16.876
v -37.467 		-10.778 		11.907
v -37.148 		-10.806 		11.431
v 29.303 		2.25 		15.243
v -37.828 		-10.785 		11.275
v 31.063 		2.25 		12.514
v -36.436 		17.778 		22
v 30.333 		2.25 		13.925
v 31.244 		2.25 		12.553
v -43.379 		15.461 		7.853
v -43.249 		14.645 		6.96
v -43.677 		14.953 		7.797
v 30.495 		2.25 		14
v 27.656 		2.25 		16.066
v -15.247 		14.168 		17.523
v -15.3752 		12.288 		6.2677
v 27.75 		2.25 		16.196
v -31.885 		-18.071 		16.258
v -31.883 		-17.75 		16.197
v 25.025 		2.138 		15.023
v 24.882 		2.44 		14.847
v 24.617 		2.833 		14.518
v -36.356 		16.775 		22.279
v -31.799 		-18.05 		16
v -15.831 		12.638 		5.706
v -38.282 		-11.075 		11.636
v -38.205 		-11.078 		11.397
v -42.532 		13.377 		8.18
v -30.132 		-20.25 		20.521
v -38.331 		-11.074 		11.788
v -35.873 		18.002 		20.482
v -38.381 		-11.072 		11.944
v -34.896 		18.064 		21.086
v 25.246 		0.209 		15.296
v 25.288 		0.75 		15.348
v 25.271 		1.112 		15.327
v 25.18 		1.641 		15.214
v -42 		13.043 		7.376
v -31.398 		-16.583 		15.188
v -15.418 		12.279 		6.21
v -32.584 		-19.908 		22.259
v -15.216 		10.572 		7.946
v -31.195 		-20.013 		22.09
v -31.362 		-16.583 		14.946
v -15.16 		13.377 		17.547
v 25.333 		2.378 		13.685
v -32.6 		-20.183 		20.485
v -37.538 		-10.806 		10.553
v -15.548 		12.524 		18.143
v 25.695 		2.257 		12.626
v 25.547 		2.44 		12.443
v 24.786 		2.946 		13.009
v -37.855 		-11.084 		10.635
v -37.769 		-11.059 		10.461
v -41.981 		12.309 		7.603
v -15.549 		11.164 		6.785
v -14.958 		14.159 		16.77
v -42.898 		13.613 		6.196
v -42.65 		13.818 		6.25
v -41.608 		14.193 		6.973
v -35.874 		18.107 		21.001
v -35.906 		18.063 		21.242
v -41.631 		13.503 		6.855
v -38.04 		-10.915 		11.213
v 26.137 		0.75 		13.171
v -38.133 		-11.059 		11.186
v -14.963 		14.015 		16.873
v -42.941 		14.14 		6.25
v -41.543 		13.943 		6.811
v 26.124 		1.028 		13.155
v -14.681 		13.91 		16.919
v 26.022 		1.565 		13.03
v 25.586 		1.842 		13.998
v -14.942 		13.75 		16.929
v -36.508 		17.47 		20.778
v -14.859 		13.393 		16.751
v -38.291 		-11.063 		10.718
v -15.661 		12.144 		5.921
v 26.085 		0.199 		13.108
v -37.84 		17.115 		22.686
v -36.926 		17.362 		22.702
v -36.909 		17.915 		21.353
v -15.071 		12.302 		16.853
v -37.549 		17.432 		22.27
v -40.678 		-11.113 		11.884
v -40.882 		-10.976 		12.247
v 25.935 		1.815 		12.922
v -41.105 		12.553 		6.361
v -15.948 		11.331 		6.058
v -39.774 		-11.133 		11.687
v -29.936 		-20.613 		23.046
v -26.632 		-20.613 		23.046
v -31.454 		-16.583 		14.591
v -26.632 		-20.609 		22.851
v -28.976 		-20.559 		22.634
v -37.509 		16.87 		21.394
v -26.632 		-20.491 		22.485
v -38.497 		16.424 		21.324
v -14.775 		13.167 		16.464
v -43.103 		13.27 		6.462
v -22.321 		12.34 		15.36
v -36.941 		17.083 		21.398
v -43.999 		12.638 		7.853
v -43.397 		13.003 		6.874
v -29.936 		-20.609 		22.851
v -40.566 		-11.265 		11.884
v 25.825 		2.047 		12.787
v -29.936 		-20.491 		22.485
v -32.763 		-20.609 		23.058
v -32.542 		-20.491 		22.742
v -40.763 		-11.338 		11.501
v -14.652 		12.279 		19.694
v -14.183 		11.961 		18.867
v -15.32 		11.164 		19.887
v -31.648 		-16.609 		15.342
v -14.759 		11.331 		19.239
v -43.326 		12.36 		6.771
v -43.4215 		12.338 		6.9162
v -43.4214 		12.3381 		6.9163
v -43.422 		12.338 		6.916
v -27.541 		-17.305 		19.028
v -43.422 		12.339 		6.916
v -43.3546 		12.3537 		6.8142
v -22.724 		12.417 		16.164
v -24.536 		12.417 		14.98
v -31.715 		-16.715 		14.863
v -24.497 		12.405 		14.891
v -40.26 		16.46 		22.166
v -40.485 		-10.938 		10.398
v -43.426 		12.337 		6.923
v -15.066 		10.541 		18.797
v -43.426 		12.3372 		6.923
v -32.941 		17.92 		19.751
v -39.256 		-11.133 		10.388
v -31.735 		-16.681 		15.215
v -42.362 		12.62 		5.564
v -41.778 		14.798 		4.96
v 31.063 		6.25 		9.486
v -42.344 		15.102 		6.016
v 31.244 		6.25 		9.447
v 31.3 		6.25 		10.926
v -37.211 		-11.074 		9.657
v 31.3 		6.25 		11.074
v -37.309 		-11.059 		9.773
v -41.251 		14.52 		4.475
v -37.263 		-10.958 		9.797
v -41.849 		12.809 		5.029
v -22.043 		15.792 		12.59
v -22.043 		12.514 		12.59
v -41.191 		13.156 		4.425
v 31.5 		6.25 		11
v -37.012 		-10.75 		10.217
v -16.8 		9.883 		15.832
v -34.409 		17.868 		20.397
v -31.794 		-16.706 		15.269
v -16.835 		8.532 		16.012
v -31.878 		-16.884 		15.227
v -31.793 		-16.83 		15.028
v -17.983 		8.509 		15.464
v -31.803 		-16.917 		14.937
v -39.944 		-11.113 		10.121
v -33.566 		18.128 		19.332
v 31.063 		2.25 		9.486
v -40.666 		-11.515 		9.776
v 31.313 		2.25 		11
v 31.3 		3.61 		11.074
v 31.3 		3.61 		10.926
v -41.419 		11.817 		7.136
v -24.921 		-20.114 		20.397
v 31.244 		2.25 		9.447
v -41.761 		11.7 		7.709
v -32.658 		-16.917 		14.342
v -41.451 		11.132 		7.857
v -32.14 		-16.917 		14.435
v 31.5 		2.25 		11
v -43.01 		11.164 		7.113
v -15.813 		9.71 		18.44
v -43.184 		11.545 		7.03
v -13.876 		11.632 		18.216
v -39.855 		-11.246 		10.163
v 25.207 		2.719 		12.022
v -13.613 		11.275 		17.549
v 25.02 		2.808 		11.792
v 24.827 		2.862 		11.553
v -31.835 		-16.873 		14.754
v -40.121 		-10.903 		9.08
v -44.147 		11.961 		8.133
v -26.446 		-20.25 		19.826
v -43.571 		11.331 		7.761
v -13.668 		11.164 		17.523
v -15.622 		11.124 		16.591
v -43.678 		12.279 		7.307
v -25.91 		-20.183 		19.862
v -34.171 		-12.614 		11.865
v -32.979 		18.194 		18.772
v -33.911 		-13.236 		12.153
v 25.951 		2.052 		11.672
v -34.015 		-12.524 		10.67
v -33.863 		-13.251 		10.988
v -32.205 		-16.75 		14.35
v -33.544 		-13.773 		11.24
v -32.035 		-16.75 		14.439
v -32.86 		17.991 		18.61
v -33.034 		-14.241 		10.461
v -17.396 		8.388 		15.745
v -17.6 		8.391 		15.647
v -41.379 		9.889 		6.571
v -33.016 		17.833 		18.485
v -41.612 		10.541 		5.839
v -15.3 		11.691 		16.744
v -24.836 		-20.25 		18.989
v -4 		-2.75 		63
v 25.383 		2.448 		10.97
v -17.785 		9.305 		14.991
v -4 		-1.5672 		46.897
v -4 		-1.0495 		46.9269
v 24.903 		2.463 		10.378
v -2.979 		-1.376 		46.897
v -16.258 		9.352 		18.228
v -4 		-0.7185 		46.942
v -2.06 		-1.082 		46.897
v -4 		-2.75 		46.6514
v -4 		-2.1975 		46.7745
v -1.817 		-2.914 		46.591
v -17.219 		9.547 		14.991
v -4 		-1.6715 		46.8788
v 25.737 		2.061 		10.398
v -16.687 		9.836 		14.991
v -31.932 		-16.628 		14.336
v 26.313 		0.189 		12.12
v -18.567 		9.092 		15.499
v 26.355 		1.091 		12.171
v -18.546 		8.73 		15.754
v -5.476 		4.132 		23.913
v -19.085 		9.024 		16.23
v 26.47 		1.052 		11.303
v -31.18 		-18.06 		15.19
v -7.9022 		-2.75 		46.676
v -7.5357 		-2.75 		46.6833
v -7.533 		-3.195 		46.591
v -7.2147 		-2.75 		46.6853
v -34.255 		17.937 		19.429
v -31.362 		-17.994 		14.95
v -33.839 		17.919 		19.314
v -6.9074 		-2.75 		46.6833
v 26.448 		0.32 		11.275
v 26.496 		0.663 		11.335
v -18.771 		8.988 		14.351
v -25.662 		-20.443 		19.379
v -19.463 		8.886 		14.862
v -6.5 		-4.651 		46.087
v -3.446 		-4.557 		46.087
v -34.238 		18.25 		18.53
v -34.257 		18.194 		18.811
v 26.339 		1.493 		11.141
v -31.561 		-17.888 		14.993
v -0.496 		-4.316 		46.087
v -33.413 		-13.849 		10.255
v 25.971 		1.949 		10.686
v -31.66 		-17.888 		15.336
v -6.5 		-6 		45.392
v -2.439 		4.001 		23.913
v -2.509 		-5.877 		45.392
v 26.254 		1.401 		10.301
v -0.617 		2.22 		23.409
v -3.096 		2.562 		23.409
v -6.5 		-7.251 		44.52
v -30.808 		-18.083 		14.438
v -0.04 		-7.012 		44.52
v -31.047 		-18.083 		14.463
v -17.851 		8.391 		13.311
v -17.615 		8.388 		13.311
v -16.967 		8.532 		13.311
v 26.339 		0.007 		11.141
v -31.464 		-17.994 		14.552
v -18.293 		8.509 		13.311
v -33.651 		-13.384 		10.035
v -26.416 		-20.114 		19.107
v -33.732 		-12.878 		9.816
v 26.419 		0.354 		10.505
v -33.681 		-12.492 		9.663
v 26.483 		0.809 		10.584
v -1.711 		0.412 		23.103
v -11.0591 		-2.75 		46.6236
v -10.8948 		-2.75 		46.629
v -11.183 		-2.914 		46.591
v -12.0578 		-2.75 		46.591
v -33.284 		-13.685 		9.333
v -3.533 		0.995 		23.103
v -33.844 		18.243 		18.483
v -31.631 		-17.888 		14.613
v 24.598 		2.316 		10.001
v -25.953 		-20.25 		18.831
v -25.953 		-20.117 		18.831
v 25.553 		2.089 		10.17
v 25.369 		2.061 		9.942
v -15.6494 		-2.75 		46.3583
v -14.0275 		-2.75 		46.484
v -16.052 		-3.741 		46.087
v -34.383 		18.042 		18.941
v -34.805 		17.918 		18.694
v -13.3395 		-2.75 		46.5176
v 25.809 		1.644 		9.752
v -33.059 		-14.054 		9.511
v 26.273 		1.051 		9.879
v -4.783 		1.168 		23.103
v 26.21 		1.129 		9.801
v -6.151 		1.245 		23.103
v 26.114 		1.191 		9.683
v -7.198 		1.238 		23.103
v 25.928 		1.178 		9.453
v 25.818 		1.093 		9.317
v -31.781 		-17.589 		14.883
v -31.845 		-17.61 		15.244
v -36.115 		17.887 		20.217
v -26.142 		-20.114 		18.919
v -34.63 		-12.389 		8.881
v -8.548 		4.113 		23.913
v -33.379 		-13.223 		9.13
v -27.357 		-20.443 		20.053
v -33.186 		-12.449 		8.832
v -12.504 		-4.316 		46.087
v 25.135 		1.949 		9.654
v 24.93 		1.755 		9.4
v -9.554 		-4.557 		46.087
v -15.548 		-5.396 		45.392
v -32.844 		-12.848 		8.344
v -11.533 		3.908 		23.913
v -10.491 		-5.877 		45.392
v -14.345 		3.561 		23.913
v -8.894 		2.632 		23.409
v -32.969 		-13.158 		8.458
v -12.383 		2.22 		23.409
v -12.96 		-7.012 		44.52
v -14.461 		1.708 		23.409
v -14.004 		-8.105 		43.485
v 25.498 		1.495 		9.368
v -15.997 		1.064 		23.409
v -28.242 		-20.25 		20.345
v -6.5 		-8.382 		43.485
v -32.918 		-13.794 		8.727
v -8.217 		1.168 		23.103
v -2.716 		-8.312 		43.485
v -9.467 		0.995 		23.103
v -6.5 		-9.374 		42.305
v -11.289 		0.412 		23.103
v -2.254 		-9.296 		42.305
v -31.882 		-17.417 		15.225
v 26.202 		0.005 		10.238
v -28.459 		-20.11 		19.699
v -28.4583 		-20.11 		19.6988
v -28.02 		-20.114 		19.655
v -6.5 		-10.209 		41
v -28.46 		-20.25 		19.699
v -1.865 		-10.124 		41
v -35.857 		-12.389 		9.927
v 26.172 		0.345 		9.754
v 26.273 		0.449 		9.879
v -16.75 		10.48 		31.894
v 26.32 		0.548 		9.937
v 26.35 		0.706 		9.975
v 26.343 		0.868 		9.965
v -21.655 		10.013 		31.894
v 26.329 		0.925 		9.948
v -10.284 		-8.312 		43.485
v -14.919 		-9.063 		42.305
v -10.746 		-9.296 		42.305
v -20.996 		9.566 		30.408
v -28.459 		-20.11 		19.699
v -28.4588 		-20.11 		19.6989
v -18.113 		8.441 		12.517
v -15.69 		-9.87 		41
v -28.46 		-20.11 		19.699
v 25.763 		0.497 		9.249
v -20.088 		8.951 		29
v -11.135 		-10.124 		41
v 25.853 		0.374 		9.36
v -24.254 		8.375 		29
v 26.01 		0.299 		9.554
v -36.059 		17.735 		20.136
v 25.763 		1.003 		9.249
v -32.478 		-17.417 		14.338
v -32.658 		-17.417 		14.342
v 26.091 		0.75 		9.505
v -18.591 		8.715 		13.761
v -19.371 		8.886 		12.588
v -6.5 		-10.875 		39.592
v -31.828 		-17.417 		14.79
v -1.556 		-10.784 		39.592
v -32.002 		-17.417 		14.531
v -32.094 		-17.589 		14.435
v -6.5 		-11.358 		38.106
v -1.331 		-11.263 		38.106
v -26.738 		-18.945 		18.724
v 25.498 		0.005 		9.368
v -37.032 		-12.389 		11.878
v -33.611 		18.128 		18.3
v -31.88 		-17.589 		14.632
v 24.61 		0.837 		9.005
v 24.666 		0.324 		9.074
v -33.728 		17.833 		18.052
v 24.767 		1.493 		9.199
v -20.48 		12.2965 		24.9299
v -20.4138 		12.288 		24.8964
v -6.5 		-11.652 		36.566
v -42.924 		-11.3 		14.614
v -42.266 		-11.085 		14.614
v -1.194 		-11.554 		36.566
v -22.271 		11.583 		15.232
v -27.165 		-20.25 		19.347
v -27.458 		-20.111 		19.449
v -40.979 		-10.938 		15.078
v -41.224 		-10.896 		15.18
v -6.5 		-11.75 		35
v -22.45 		10.967 		15.657
v -22.304 		11.27 		15.318
v -31.806 		-17.888 		14.399
v -1.148 		-11.652 		35
v -41.691 		-11.674 		15.675
v -31.804 		-17.75 		14.596
v -41.512 		-11.515 		14.614
v -22.271 		12.083 		15.232
v 24.658 		1.18 		9.065
v 25.221 		0.823 		9.026
v -42.409 		-11.916 		14.614
v 25.282 		0.354 		9.101
v -42.782 		-12.237 		15.498
v 25.319 		1.252 		9.146
v -6.5 		-11.652 		33.434
v -29.858 		-18.477 		14.346
v -44.129 		-11.885 		14.614
v -44.593 		-12.197 		15.476
v -1.194 		-11.554 		33.434
v 25.709 		0.72 		9.182
v 25.725 		0.604 		9.203
v -34.416 		18.236 		17.994
v -29.11 		-18.385 		13.988
v 25.718 		0.853 		9.193
v -7.9567 		-11.5424 		33
v -34.37 		17.833 		17.551
v -6.5 		-11.5692 		33
v -1.2326 		-11.472 		33
v -5.0433 		-11.5424 		33
v -20.49 		14.818 		24.707
v -21.314 		14.43 		25.244
v -34.244 		18.128 		17.847
v -42.815 		-12.148 		12.528
v -16.304 		-10.513 		39.592
v -22.28 		15.102 		25.428
v -25.958 		-16.731 		18.322
v -41.468 		-10.919 		12.377
v -24.546 		11.006 		14.977
v -11.444 		-10.784 		39.592
v -22.58 		10.917 		15.914
v -41.461 		-10.903 		13.786
v -21.052 		15.298 		24.735
v 20.9522 		4.1214 		16.2678
v -34.76 		18.25 		18.003
v 21.006 		4.116 		16.172
v -29.618 		-18.25 		13.835
v 20.8836 		4.1249 		16.245
v -11.669 		-11.263 		38.106
v -40.98 		-10.936 		13.192
v -26.019 		-16.917 		18.357
v -29.214 		-18.213 		14.259
v -29.211 		-18.083 		14.283
v -11.806 		-11.554 		36.566
v -44.593 		-12.197 		12.745
v -21.347 		8.386 		15.751
v -28.997 		-18.083 		14.059
v -21.114 		8.75 		15.819
v -11.852 		-11.652 		35
v -34.743 		18.042 		17.292
v 20.7101 		4.1375 		16.3486
v -22.063 		8.75 		15.992
v -22.149 		8.886 		16.134
v -44.296 		-13.85 		15.619
v -35.087 		18.042 		18.421
v 20.344 		6.25 		16.066
v 20.344 		4.1192 		16.066
v -21.426 		8.25 		15.407
v -44.504 		-13.993 		14.891
v -23.408 		14.798 		26.108
v -28.899 		-18.333 		13.5
v -22.495 		8.417 		15.787
v -24.385 		14.936 		24.79
v -24.159 		14.52 		26.31
v -23.923 		14.872 		24.671
v -29.484 		-18.25 		13.578
v 18.904 		6.25 		15.182
v 20.1635 		4.1127 		15.9552
v 20.25 		4.1327 		16.196
v 20.25 		6.25 		16.196
v -11.806 		-11.554 		33.434
v 20.103 		4.1274 		16.1058
v -35.724 		17.937 		18.343
v 18.772 		6.25 		15.077
v -35.499 		17.917 		18.112
v -25.699 		-16.586 		18.161
v -28.836 		-18.083 		13.656
v 18.697 		6.25 		15.243
v -21.582 		13.345 		25.226
v 17.667 		6.25 		13.925
v -21.865 		13.878 		25.345
v 16.937 		6.25 		12.514
v 17.505 		6.25 		14
v -12.2723 		-11.4439 		33
v -11.7674 		-11.472 		33
v -30.538 		-18.25 		13.925
v -30.055 		-18.25 		14.038
v -30.311 		-18.25 		14.026
v -25.393 		-18.077 		17.95
v 16.756 		6.25 		12.553
v -44.54 		-14.832 		16.211
v -26.019 		-17.417 		18.357
v -35.559 		18.194 		17.736
v -21.735 		13.73 		25.519
v -29.297 		-18.385 		12.81
v -25.727 		-17.945 		18.179
v -19.3164 		-2.75 		46.087
v -18.6966 		-2.75 		46.1393
v -18.3141 		-2.75 		46.1747
v -21.695 		14.031 		25.502
v -44.908 		-15.623 		14.873
v -35.759 		17.941 		17.868
v -28.851 		-18.083 		13.232
v -44.817 		-14.832 		14.865
v -29.036 		-18.273 		12.977
v -18.948 		-2.929 		46.087
v -26.294 		-18.083 		16.837
v -44.858 		-16.362 		14.631
v -20.878 		12.962 		24.902
v -23.4054 		-0.4469 		45.9047
v -23.425 		-0.8748 		45.8875
v -20.848 		13.003 		25.12
v -21.353 		13.27 		25.354
v -23.4964 		-1.3035 		45.8246
v -23.6238 		-2.0202 		45.7124
v -45.016 		-12.54 		13.689
v -43.446 		-12.568 		13.689
v -22.3594 		-2.75 		45.7099
v -23.509 		-3.438 		45.392
v -35.51 		18.236 		16.888
v -23.8555 		-2.75 		45.5083
v -44.011 		-13.121 		13.689
v -20.5846 		12.31 		24.9829
v -35.351 		18.161 		16.803
v -34.899 		18.194 		17.397
v -21.091 		8.386 		15.017
v -44.194 		-13.343 		13.5
v -20.85 		8.75 		15.062
v -26.916 		-16.595 		16.915
v -44.455 		-13.73 		13.689
v -26.655 		-18.06 		16.753
v -29.524 		-18.25 		13.3
v 22.869 		3.55 		16.31
v 24.474 		2.088 		16.242
v -19.988 		-4.564 		45.392
v -44.656 		-14.163 		14.25
v -24.149 		-5.2 		44.52
v -34.933 		17.833 		16.989
v -21.694 		-5.804 		44.52
v -18.98 		-6.313 		44.52
v -24.149 		-6.701 		43.485
v -20.996 		-7.292 		43.485
v -20.972 		12.36 		25.179
v -17.595 		-7.763 		43.485
v -20.802 		12.3381 		25.093
v -20.802 		12.3381 		25.093
v -20.802 		12.3381 		25.0929
v -20.802 		12.339 		25.093
v -36.188 		18.128 		17.164
v -35.979 		18.236 		17.056
v -20.794 		12.337 		25.089
v -25.299 		-18.945 		17.881
v -20.802 		12.338 		25.093
v -25.038 		-20.119 		18.245
v -36.283 		17.922 		17.261
v -36.309 		17.941 		17.227
v -45.001 		-15.623 		13.5
v -44.91 		-14.832 		13.5
v -44.98 		-15.945 		13.509
v -22.221 		8.417 		15.092
v 24.164 		2.744 		15.859
v -29.614 		-18.083 		12.506
v -21.756 		8.75 		15.283
v -21.756 		8.877 		15.283
v -44.936 		-15.091 		12.812
v -44.964 		-15.318 		12.817
v 23.744 		3.265 		15.34
v 23.243 		3.614 		14.722
v -44.901 		-14.861 		12.935
v -30.107 		-16.706 		19.429
v -21.553 		8.75 		14.55
v -21.553 		8.878 		14.55
v -30.445 		-16.583 		19.423
v -36.538 		18.194 		16.448
v -44.839 		-14.58 		13.275
v -44.989 		-15.61 		12.991
v -30.005 		-16.917 		19.428
v -22.764 		-8.151 		42.305
v -21.753 		12.473 		25.526
v -22.038 		8.417 		14.378
v -46.078 		-13.847 		15.46
v -24.056 		13.066 		26.285
v 21.132 		4.0805 		16.3275
v 22.171 		3.915 		15.447
v -29.185 		-18.083 		12.739
v -29.251 		-17.715 		19.384
v -30.549 		-18.033 		19.419
v -26.825 		-1.001 		45.392
v -25.871 		-2.094 		45.392
v 21.577 		3.97 		14.713
v -30.332 		-18.25 		12.993
v -45.389 		-12.904 		13.689
v -21.66 		8.374 		14.734
v -45.995 		-13.702 		13.689
v -45.716 		-13.293 		13.689
v -29.726 		-18.25 		13.075
v -36.719 		18.042 		16.52
v -29.953 		-18.25 		12.975
v -30.155 		-17.789 		19.429
v -46.106 		-13.898 		12.464
v -30.114 		-18.083 		12.408
v -46.283 		-14.269 		13.881
v -29.796 		-18.213 		12.463
v -30.885 		-18.083 		19.396
v -30.451 		-18.333 		12.516
v 22.696 		3.768 		14.045
v -46.48 		-16.2 		14.175
v 24.191 		3.235 		13.993
v -46.488 		-15.639 		13.061
v -46.499 		-15.997 		13.643
v -31.217 		-16.583 		19.361
v 23.707 		3.468 		13.395
v -32.703 		-16.64 		14.184
v -31.625 		-18.083 		19.299
v 23.197 		3.515 		12.764
v -29.191 		-20.443 		20.4
v -31.459 		-0.25 		44.52
v -31.246 		-1.164 		44.52
v -46.397 		-14.57 		13.247
v -37.525 		17.326 		20.409
v 20.993 		3.805 		13.991
v -32.321 		-16.583 		13.997
v -46.481 		-14.86 		12.914
v -46.473 		-15.163 		12.798
v 20.7126 		3.61 		13.645
v -38.198 		18.057 		19.577
v -46.477 		-15.387 		12.849
v -38.883 		16.763 		20.444
v -32.66 		-16.852 		14.335
v -32.597 		-16.75 		14.288
v -38.414 		17.326 		19.587
v -32.366 		-16.628 		14.167
v -30.609 		-2.062 		44.52
v -37.596 		17.887 		18.81
v -29.559 		-2.929 		44.52
v -28.115 		-3.75 		44.52
v -37.579 		18.054 		19.313
v -30.229 		-20.114 		19.849
v -30.793 		-18.25 		13.492
v -30.74 		-18.25 		13.7
v -29.731 		-20.114 		19.896
v -37.668 		17.662 		19.098
v -42.33 		-11.917 		11.884
v -37.507 		17.754 		18.767
v -44.129 		-11.885 		11.884
v -29.819 		-20.102 		19.835
v -43.547 		-11.568 		11.884
v -42.924 		-11.3 		11.884
v 20.7568 		3.6407 		13.6996
v -31.413 		-18.083 		13.768
v -42.266 		-11.085 		11.884
v 22.138 		3.716 		13.357
v -31.079 		-18.083 		14.261
v -41.691 		-11.674 		11.326
v -31.257 		-18.213 		14.037
v -26.302 		-4.512 		44.52
v -30.723 		-20.25 		19.822
v -31.607 		-4.316 		43.485
v 21.61 		3.463 		12.704
v 21.1942 		3.61 		13.3496
v -29.5 		-5.2 		43.485
v -24.239 		12.831 		25.028
v -31.073 		-20.443 		20.4
v -42.3 		-12.237 		10.017
v -42.932 		-11.885 		8.695
v -43.855 		-12.197 		9.249
v -27 		-6 		43.485
v -32.306 		-5.804 		42.305
v -20.344 		12.279 		24.861
v -31.627 		-20.114 		19.719
v -29.5 		-6.701 		42.305
v -41.443 		-11.916 		9.405
v -41.889 		-11.3 		9.193
v -26.302 		-7.488 		42.305
v -41.319 		-11.085 		9.465
v -32.022 		-20.25 		20.345
v -40.584 		17.115 		20.235
v -31.607 		-7.292 		41
v -39.095 		17.084 		19.525
v -38.971 		17.915 		19.465
v -40.08 		17.432 		19.995
v -21.039 		11.164 		24.753
v -28.115 		-8.151 		41
v -23.02 		10.541 		25.278
v -23.222 		10.108 		24.99
v -24.261 		11.817 		24.753
v -18.948 		-8.679 		42.305
v -20.637 		8.75 		13.5
v -20.783 		8.557 		14.278
v -23.452 		9.71 		24.66
v -43.507 		-12.692 		12.258
v -21.102 		8.25 		13.887
v -20.884 		8.386 		13.5
v -32.071 		-20.25 		19.646
v -44.106 		-13.343 		12.202
v -32.311 		-20.114 		19.655
v -40.552 		16.432 		19.152
v -24.254 		-8.875 		41
v -44.505 		-14.037 		12.003
v -20.088 		-9.451 		41
v -38.643 		18.025 		17.666
v -38.775 		18.098 		18.415
v -32.244 		-20.103 		19.599
v -21.455 		8.75 		13.802
v -21.468 		8.886 		13.901
v -26.302 		9.37 		31.894
v 19.156 		4.029 		16.128
v -31.387 		-18.213 		13.778
v -32.4 		-18.06 		13.802
v 18.583 		3.629 		15.419
v -43.885 		-13.343 		11.089
v -43.029 		-12.576 		10.733
v -30.609 		8.563 		31.894
v 20.385 		4.059 		15.404
v 19.8138 		4.0451 		15.7405
v 19.6576 		4.0412 		15.8325
v -30.194 		-16.628 		17.574
v -43.531 		-13.126 		10.494
v 19.4302 		3.9205 		15.505
v 19.3651 		3.9462 		15.653
v -30.232 		-17.888 		17.563
v -31.954 		-17.994 		14.102
v -30.414 		-17.994 		17.561
v -43.928 		-13.737 		10.304
v -25.44 		8.951 		30.408
v -44.459 		-14.3 		11.138
v -30.004 		-17.589 		17.566
v -32.636 		-17.75 		14.241
v -32.749 		-17.971 		14.026
v 18.772 		3.61 		15.077
v -20.996 		-10.066 		39.592
v -44.417 		-14.5 		10.694
v -21.655 		-10.513 		38.106
v -16.75 		-10.98 		38.106
v -30.608 		-18.059 		16.637
v -21.96 		8.417 		13.651
v -32.198 		-17.75 		14.303
v -30.517 		-17.75 		16.515
v -26.969 		12.51 		26.87
v -25.632 		12.331 		26.656
v 19.795 		3.776 		14.676
v 18.9368 		3.6719 		15.2021
v -26.794 		15.153 		26.652
v 18.7835 		3.6533 		15.2961
v -28.433 		14.818 		26.79
v -44.471 		-15.608 		10.249
v 18.8507 		3.61 		15.1396
v 18.7744 		3.5531 		15.0795
v 18.7606 		3.5412 		15.0651
v 18.697 		3.5955 		15.243
v 18.6801 		3.581 		15.2254
v -20.936 		8.386 		12.737
v -21.466 		8.75 		13.049
v 19.6195 		3.61 		14.4592
v 18.904 		3.65 		15.182
v 19.6934 		3.6799 		14.5504
v -44.688 		-16.126 		11.163
v -32.68 		-17.698 		14.265
v -31.023 		-16.583 		16.62
v -31.274 		-16.583 		16.627
v -31.531 		-16.583 		16.49
v -44.555 		-15.833 		10.536
v -21.211 		8.25 		12.346
v -25.632 		15.298 		26.582
v -30.839 		-16.583 		16.512
v -25.632 		15.708 		26.352
v -24.728 		14.611 		25.005
v -26.601 		15.15 		25.179
v -25.632 		15.263 		24.949
v -44.793 		-12.54 		9.891
v -43.718 		-13.834 		9.595
v -31.277 		-17.75 		16.867
v -31.617 		-17.75 		16.747
v -21.584 		8.75 		12.303
v -30.827 		-17.75 		16.793
v 17.392 		3.376 		16.229
v -31.487 		-17.75 		16.534
v -27.976 		16.186 		26.011
v -43.266 		-14.095 		8.389
v -30.961 		-17.75 		16.596
v -22.056 		-10.784 		36.566
v -17.021 		-11.263 		36.566
v -37.171 		17.937 		16.461
v -38.045 		17.868 		17.034
v -21.511 		8.886 		12.766
v -28.257 		14.837 		25.476
v -21.975 		8.417 		12.92
v -31.558 		-18.083 		16.766
v -31.098 		-18.083 		16.865
v -39.06 		18.109 		17.865
v -21.584 		8.886 		12.308
v -44.083 		-14.832 		9.477
v -30.801 		-18.082 		16.784
v -44.372 		-14.841 		10.23
v -21.524 		8.886 		12.427
v -31.454 		-16.583 		12.409
v -43.449 		-14.832 		8.213
v -31.857 		-18.083 		16.459
v -31.862 		-17.75 		16.426
v -22.19 		-10.875 		35
v -40.713 		16.929 		17.64
v -31.735 		-16.681 		12.316
v -31.748 		-17.75 		16.636
v -39.204 		18.024 		16.844
v -32.528 		-17.915 		16.417
v -17.112 		-11.358 		35
v -39.511 		18.108 		17.227
v -40.623 		17.915 		17.101
v -32.677 		-16.592 		12.939
v -22.056 		-10.784 		33.434
v -17.021 		-11.263 		33.434
v -39.248 		17.887 		16.445
v -39.15 		17.735 		16.398
v -44.367 		-14.985 		10.127
v -25.744 		-20.614 		19.272
v -44.17 		-15.623 		9.453
v -24.962 		-20.75 		18.592
v -16.492 		16.308 		9.835
v 18.102 		3.033 		14.826
v -26.522 		-20.75 		19.441
v -24.73 		13.469 		26.44
v -17.068 		16.308 		8.686
v -24.59 		14.271 		26.41
v -24.82 		14.048 		26.459
v -24.899 		13.811 		26.475
v 16.967 		2.69 		15.703
v -26.323 		-20.583 		18.524
v -44.649 		-15.09 		10.081
v -31.796 		-16.583 		12.798
v -44.388 		-15.25 		10.071
v -32.688 		-16.681 		12.762
v -39.927 		17.47 		16.769
v -40.678 		17.083 		17.127
v -27.408 		-20.614 		19.934
v -46.255 		-14.202 		11.316
v -28.277 		-20.75 		19.969
v -46.275 		-16.191 		11.405
v -22.232 		13.333 		11.878
v -25.576 		13.573 		25.392
v -29.559 		-8.679 		39.592
v -27.098 		-20.583 		18.873
v -41.912 		16.46 		19.801
v -25.44 		-9.451 		39.592
v -25.489 		14.158 		25.303
v -28.091 		-20.626 		19.567
v -30.609 		-9.063 		38.106
v -25.649 		13.726 		25.397
v -46.092 		-14.48 		10.678
v -22.375 		12.391 		11.51
v -26.302 		-9.87 		38.106
v -25.605 		-20.583 		18.099
v -41.453 		17.362 		18.262
v -41.192 		17.7 		17.373
v -46.001 		-14.673 		10.382
v -25.338 		13.329 		25.346
v -45.962 		-15.59 		10.262
v -42.236 		17.115 		17.87
v -25.632 		12.302 		25.264
v -30.535 		-20.583 		19.419
v -24.88 		13.093 		25.302
v -28.776 		-20.583 		19.322
v -25.147 		13.206 		25.3
v 17.747 		2.281 		14.387
v -29.652 		-20.583 		19.416
v -45.914 		-14.972 		10.124
v -45.91 		-15.388 		10.111
v -30.132 		-20.75 		20.148
v -31.246 		-9.296 		36.566
v -24.729 		13.006 		25.183
v -45.116 		-12.904 		9.738
v 18.363 		3.0892 		14.6506
v -26.825 		-10.124 		36.566
v -45.64 		-13.702 		9.487
v 18.2206 		3.0585 		14.7462
v 18.2654 		2.9456 		14.5489
v 18.1763 		2.9933 		14.7
v -31.459 		-9.374 		35
v -32.848 		-10.778 		7.209
v -29.209 		-20.614 		20.274
v -31.932 		-16.628 		12.664
v -33.699 		-10.806 		7.38
v -44.016 		16.46 		16.42
v -27 		-10.209 		35
v -31.246 		-9.296 		33.434
v -28.226 		13.805 		25.715
v -33.161 		-10.915 		8.019
v -33.227 		-10.806 		7.9
v -27.514 		14.168 		25.609
v -32.27 		-20.583 		19.159
v -26.825 		-10.124 		33.434
v -28.012 		13.552 		25.72
v -31.412 		-20.583 		19.334
v -32.275 		-20.583 		19.173
v -27.504 		13.377 		25.684
v 16.682 		1.873 		15.351
v -41.137 		16.87 		16.962
v -22.916 		12.417 		10.558
v -31.066 		-20.75 		20.103
v -31.987 		-20.75 		19.969
v -32.66 		-16.869 		12.667
v -34.466 		-10.757 		7.928
v -32.035 		-16.75 		12.561
v -32.224 		-16.83 		12.618
v -34.642 		-11.059 		7.569
v -34.566 		-10.872 		7.668
v -41.98 		16.424 		16.42
v -34.02 		15.298 		26.289
v -23.565 		12.417 		9.761
v -24.086 		12.417 		9.286
v -33.81 		-11.059 		7.189
v -23.407 		14.972 		9.927
v -31.055 		-20.614 		20.274
v -32.497 		-16.75 		12.707
v -33.032 		15.263 		24.875
v -34.464 		-11.063 		7.487
v -27.797 		12.638 		25.643
v -16.645 		9.838 		12.261
v -33.881 		15.708 		26.09
v -34.764 		-11.067 		7.639
v -17.639 		9.428 		11.326
v -17.174 		9.548 		12.261
v -33.81 		14.936 		24.828
v -35.491 		-0.25 		43.485
v -35.243 		-1.311 		43.485
v -16.201 		-11.885 		12.386
v -32.906 		-11.063 		6.896
v -32.922 		-11.009 		6.909
v -15.737 		-12.197 		14.255
v -32.884 		-10.872 		6.999
v -34.504 		-2.355 		43.485
v -33.285 		-3.362 		43.485
v -16.201 		-11.885 		15.116
v 19.277 		3.286 		14.036
v -33.533 		-11.065 		7.098
v 18.867 		2.624 		13.529
v -36.552 		-3.741 		42.305
v -16.224 		-13.343 		14.798
v -29.471 		14.43 		26.915
v 20.1159 		3.61 		14.0251
v -31.804 		-16.655 		12.496
v 19.9634 		3.6889 		14.3343
v -17.739 		9.305 		12.261
v -14.224 		-13.898 		14.536
v 20.458 		3.433 		13.331
v -14.075 		-14.202 		15.684
v -35.257 		-10.806 		8.189
v 20.011 		2.878 		12.778
v 19.68 		2.177 		12.369
v -15.872 		-14.3 		15.862
v -35.233 		-11.078 		7.918
v -31.896 		-16.917 		12.349
v -32.14 		-16.917 		12.565
v -32.478 		-16.917 		12.662
v -35.468 		-11.084 		8.064
v -35.548 		-11.084 		8.123
v 17.667 		2.25 		13.925
v -15.826 		-14.037 		14.997
v 16.937 		2.25 		12.514
v 17.505 		2.25 		14
v -36.025 		-11.063 		8.079
v -30.734 		-18.25 		13.286
v -15.913 		-14.5 		16.306
v -33.89 		15.166 		24.7
v -14.238 		-14.48 		16.322
v -18.293 		8.509 		10.58
v -16.967 		8.532 		10.58
v -14.055 		-16.191 		15.595
v -31.267 		-18.083 		12.941
v -35.393 		-11.083 		8.012
v -35.704 		16.186 		24.826
v -31.612 		-18.06 		12.908
v -36.065 		14.953 		25.494
v -16.475 		8.695 		10.907
v -17.615 		8.388 		10.58
v -17.851 		8.391 		10.58
v -31.403 		-18.083 		13.203
v -36.589 		-11.113 		6.533
v -31.387 		-18.213 		13.222
v -34.925 		-11.133 		6.382
v -30.777 		-18.083 		12.547
v -31.631 		-17.888 		12.387
v -36.538 		-11.246 		6.606
v -33.089 		14.215 		26.554
v -34.064 		12.331 		26.353
v -15.642 		-16.126 		15.837
v -31.053 		-18.083 		12.717
v -33.153 		13.469 		26.539
v -34.516 		-10.905 		5.133
v -34.211 		-10.976 		5.203
v -33.728 		-11.113 		5.167
v -14.047 		-14.269 		13.119
v -33.272 		13.99 		26.511
v -14.335 		-13.702 		13.311
v -33.321 		13.811 		26.499
v -33.672 		-11.265 		5.248
v -34.666 		-10.918 		4.81
v -33.184 		14.087 		25.239
v -34.033 		14.168 		25.003
v -34.121 		-11.53 		4.606
v -33.323 		13.77 		25.251
v -35.346 		-10.894 		5.467
v -34.062 		13.377 		25.074
v -33.281 		13.628 		25.271
v -38.292 		-11.113 		7.756
v -32.925 		13.28 		25.358
v -38.812 		-10.946 		8.02
v -34.783 		12.524 		24.754
v -33.223 		12.302 		25.148
v -38.195 		-11.265 		7.802
v -39.397 		-10.943 		7.709
v -39.244 		-10.892 		7.959
v -38.972 		-11.53 		7.432
v -18.784 		9.024 		11.7
v -18.904 		9.092 		10.533
v 16.756 		2.25 		12.553
v -38.749 		-1.441 		42.305
v 17.9563 		2.3451 		14.2267
v 17.8214 		2.3038 		14.33
v 17.92 		2.25 		14.1889
v -31.004 		-18.333 		12.78
v -39.028 		-0.25 		42.305
v -40.787 		-12.225 		7.557
v -16.684 		10.505 		9.267
v -36.615 		12.8 		25.514
v 17.8017 		2.252 		14.3094
v 17.8055 		2.25 		14.3039
v -32.191 		-18.06 		13.149
v -35.353 		12.51 		25.986
v -39.667 		-11.085 		7.1
v 17.8011 		2.25 		14.3087
v -39.722 		-11.917 		7.074
v -39.717 		-12.13 		6.604
v -32.684 		-17.888 		12.87
v -40.261 		-2.021 		41.818
v 17.489 		0.75 		14.069
v -40.754 		-1.891 		41.721
v -32.056 		-17.941 		12.853
v 17.51 		1.203 		14.095
v -40.3294 		-1.4185 		41.6151
v -40.6486 		-1.1755 		41.5002
v -40.83 		-1.287 		41.516
v -40.2281 		-1.4956 		41.6516
v -40.793 		-1.1078 		41.444
v -40.237 		-11.3 		6.828
v -16.525 		11.097 		8.47
v -17.446 		8.886 		8.519
v 17.573 		1.648 		14.172
v -31.896 		-17.417 		12.349
v -31.808 		14.798 		26.798
v -32.14 		-17.417 		12.565
v 18.47 		0.529 		13.039
v -16.136 		-13.343 		13.5
v -30.419 		15.102 		26.675
v -37.383 		-11.085 		5.396
v -37.868 		-11.434 		4.702
v -32.043 		-17.75 		12.623
v -37.518 		-10.943 		6.035
v -40.8513 		-1.0804 		41.4212
v -14.614 		-13.293 		13.311
v -32.233 		-17.589 		12.631
v -17.456 		9.836 		9.635
v -32.759 		14.424 		26.625
v -38.567 		-12.237 		5.469
v 18.591 		1.834 		13.189
v -39.5673 		-1.9952 		41.7836
v -30.38 		14.268 		26.956
v -14.941 		-12.904 		13.311
v -37.53 		-11.674 		5.856
v -39.695 		-1.867 		41.7677
v -30.015 		13.837 		26.978
v -29.915 		14.085 		26.983
v -39.9287 		-1.6468 		41.7343
v -29.952 		13.613 		26.981
v -40.0038 		-1.6087 		41.7136
v -37.455 		-11.916 		5.294
v -30.02 		13.818 		26.777
v -37.919 		-2.611 		42.305
v -15.314 		-12.54 		13.311
v -16.319 		-13.121 		13.311
v -15.875 		-13.73 		13.311
v -36.881 		15.298 		24.924
v -37.078 		14.645 		25.14
v 24.224 		6.25 		11.074
v 24.224 		6.25 		10.926
v 24.093 		6.25 		11.179
v -37.295 		14.515 		24.931
v -38.882 		-2.9382 		41.7402
v 24.093 		6.25 		10.821
v -18.408 		9.305 		10.089
v -15.674 		-14.163 		12.75
v -38.796 		-3.782 		41.62
v -38.4145 		-3.9576 		41.4218
v -13.85 		-16.2 		12.825
v -38.621 		-3.3899 		41.6215
v 23.907 		6.25 		11.179
v -38.7295 		-3.179 		41.6824
v -38.6919 		-3.2731 		41.6507
v 23.776 		6.25 		11.074
v -38.6373 		-3.363 		41.6282
v 23.776 		6.25 		10.926
v -13.849 		-14.86 		14.086
v -13.933 		-14.57 		13.753
v 23.907 		6.25 		10.821
v -39.632 		-12.576 		5.788
v -13.857 		-15.163 		14.203
v -38.055 		13.837 		24.821
v -37.937 		14.14 		24.885
v -13.853 		-15.387 		14.151
v -20.285 		8.886 		9.966
v -38.031 		13.67 		24.834
v -37.647 		14.292 		24.769
v -19.649 		8.988 		9.942
v -39.922 		-13.126 		5.373
v -38.4051 		-3.9753 		41.4132
v -31.759 		-17.75 		12.34
v -38.411 		-3.9633 		41.4192
v -38.4081 		-3.97 		41.4157
v -40.958 		-14.064 		5.531
v -32.658 		-17.417 		12.658
v -40.65 		-12.54 		4.33
v -32.478 		-17.417 		12.662
v -13.837 		-15.73 		13.835
v -40.151 		-13.737 		5.045
v -39.002 		-3.064 		41.779
v -39.466 		-2.888 		41.874
v -39.943 		-2.726 		41.906
v -38.358 		14.268 		24.651
v -32.683 		-17.73 		12.745
v -15.491 		-14.58 		13.725
v -39.52 		-2.253 		41.835
v -39.096 		-2.6997 		41.7713
v -39.3089 		-2.3331 		41.7916
v -31.754 		-17.994 		12.778
v -40.778 		-14.526 		5.143
v -37.681 		13.27 		25.019
v -39.3807 		-2.2098 		41.7984
v -39.4196 		-2.1434 		41.8019
v -28.992 		13.003 		27
v -29.033 		13.013 		26.797
v -29.141 		-18.516 		13.5
v -29.042 		-18.437 		13.741
v -15.42 		-14.832 		13.5
v -29.401 		13.175 		26.793
v -29.568 		-18.437 		14.307
v -29.431 		-18.516 		14.079
v -29.571 		13.27 		26.995
v -37.1254 		12.3373 		25.2853
v -37.1248 		12.3372 		25.2855
v -37.124 		12.337 		25.286
v -37.1245 		12.3371 		25.2857
v -29.564 		-18.583 		13.779
v 16.7 		6.25 		11.074
v -29.496 		-18.583 		13.648
v -37.1276 		12.3384 		25.284
v -37.132 		12.339 		25.282
v 16.7 		6.25 		10.926
v -37.1249 		12.3372 		25.2855
v -40.207 		-14.832 		4.577
v 16.937 		6.25 		9.486
v -37.131 		12.339 		25.282
v -40.547 		-14.757 		4.869
v -37.1308 		12.338 		25.2821
v 16.5 		6.25 		11
v 16.756 		6.25 		9.447
v -37.1356 		12.3395 		25.2799
v -19.481 		8.391 		8.661
v -19.277 		8.388 		8.563
v -40.08 		-3.896 		41.793
v -37.307 		12.36 		25.204
v -40.728 		-3.693 		41.779
v -18.715 		8.532 		8.295
v -40.399 		-15.11 		4.667
v -39.664 		-3.435 		41.861
v -40.121 		-3.28 		41.891
v -40.583 		-3.141 		41.861
v 23.679 		3.172 		11.643
v -29.135 		12.36 		27
v -28.936 		12.324 		26.992
v -28.853 		12.307 		26.988
v -28.936 		12.339 		26.996
v -40.443 		-15.38 		4.668
v -28.936 		12.3243 		26.992
v -19.864 		8.509 		8.843
v -30.605 		-18.583 		13.881
v -29.809 		-18.583 		13.976
v -15.329 		-15.623 		13.5
v -40.688 		-15.712 		4.858
v -15.362 		-16.075 		13.239
v -34.67 		-4.812 		42.305
v -34.522 		-11.085 		4.031
v -28.936 		12.3226 		26.9915
v -15.472 		-16.362 		12.369
v -34.67 		-6.313 		41
v 24.224 		3.61 		10.926
v 24.224 		3.61 		11.074
v 24.093 		3.61 		11.179
v -15.337 		-15.753 		13.84
v 24.093 		3.61 		10.821
v -38.83 		-5.019 		41.136
v -30.696 		-18.437 		14.307
v -32.796 		-11.674 		3.974
v -28.936 		12.339 		26.992
v -38.682 		-4.468 		41.36
v -37.1925 		12.3463 		25.2547
v -29.274 		-18.516 		13.091
v -28.936 		12.288 		26.9799
v -15.429 		-14.861 		14.065
v -29.431 		-18.516 		12.921
v -37.25 		-5.23 		41
v -29.524 		-18.583 		13.3
v -29.568 		-18.437 		12.693
v -38.3032 		-4.2851 		41.239
v -38.2199 		-4.678 		41
v -15.347 		-15.529 		14.081
v -28.936 		12.3309 		26.624
v -15.384 		-15.167 		14.196
v -22.271 		12.083 		11.768
v -30.022 		12.473 		26.978
v -15.737 		-12.197 		11.524
v -37.131 		12.338 		25.282
v -22.291 		11.328 		11.715
v -32.987 		-12.13 		3.281
v -34.554 		-11.917 		3.985
v -22.45 		10.967 		11.343
v -30.7 		-18.583 		13.221
v -30.593 		-18.583 		13.109
v -31.7 		12.809 		26.814
v -34.354 		-12.13 		3.606
v -14.252 		-13.847 		11.54
v -32.475 		13.066 		26.683
v -14.335 		-13.702 		10.58
v -14.941 		-12.904 		10.58
v -39.93 		-5.087 		41.349
v -15.826 		-13.993 		12.109
v -39.324 		-4.777 		41.424
v -39.688 		-4.624 		41.553
v -28.936 		16.096 		26.082
v -15.783 		-14.064 		12.161
v -28.936 		15.298 		26.582
v 23.907 		3.61 		11.179
v 23.776 		3.61 		10.926
v 23.776 		3.61 		11.074
v 23.907 		3.61 		10.821
v -30.038 		-18.583 		12.965
v -35.162 		-11.568 		3.114
v -29.726 		-18.583 		13.075
v -35.437 		-11.222 		4.046
v -40.462 		-4.346 		41.657
v -28.936 		15.27 		25.31
v -16.034 		-13.85 		11.381
v -35.453 		-11.885 		2.698
v -40.858 		-4.227 		41.631
v -35.927 		-11.638 		3.344
v -29.917 		-18.566 		12.836
v -30.132 		-18.566 		12.813
v -16.312 		-13.737 		10.58
v -30.294 		-18.583 		12.971
v -39.252 		-4.21 		41.624
v -22.271 		11.583 		11.768
v -35.175 		-12.071 		3.956
v -34.033 		11.164 		26.308
v -32.905 		11.124 		24.693
v -28.936 		15.879 		24.943
v -29.165 		15.657 		25.094
v -22.288 		12.24 		11.725
v -34.064 		11.275 		26.353
v -40.765 		-5.296 		41.165
v -38.314 		-11.885 		4.063
v -30.132 		-18.437 		12.568
v -39.606 		-5.224 		41.234
v -30.627 		-18.516 		12.791
v -15.314 		-12.54 		10.58
v -33.091 		11.691 		24.958
v -30.389 		-18.516 		12.709
v -33.698 		-12.576 		2.909
v 23.248 		2.965 		11.109
v -33.698 		-13.126 		2.43
v -35.574 		10.541 		25.152
v -30.371 		15.068 		25.35
v -36.659 		12.279 		25.494
v -31.089 		-18.516 		13.288
v -33.698 		-13.737 		2.051
v -41.466 		-1.742 		41.449
v -15.422 		-15.623 		12.127
v -15.513 		-14.832 		12.135
v -42.131 		-1.641 		41.061
v -36.275 		12.144 		25.643
v -31.109 		-18.437 		13.034
v -34.872 		11.632 		26.136
v -30.929 		-18.437 		12.841
v -41.538 		-1.148 		41.212
v -30.793 		-18.583 		13.492
v -30.852 		-18.566 		13.844
v -30.73 		-18.516 		14.144
v -29.548 		14.356 		25.64
v -34.799 		-13.343 		2.557
v -36.252 		-13.343 		3.054
v -35.373 		10.108 		24.864
v -22.92 		10.917 		10.534
v -22.58 		10.917 		11.086
v -34.945 		-14.064 		2.21
v -31.259 		-18.437 		13.5
v -15.883 		-14.843 		10.462
v -31.109 		-18.437 		13.966
v -36.894 		11.164 		24.942
v -15.769 		-15.319 		10.582
v -36.31 		-13.915 		2.739
v 22.568 		2.122 		10.27
v -35.99 		-12.692 		3.503
v 24.433 		2.862 		11.067
v 24.147 		2.763 		10.713
v 23.877 		2.595 		10.38
v -15.961 		-14.706 		10.33
v -24.141 		11.25 		12.191
v -34.504 		7.605 		31.894
v -24.245 		11.006 		11.938
v -41.3195 		-0.9986 		41.2245
v -41.4808 		-0.986 		41.1551
v -41.6495 		-1.0415 		41.0755
v -15.701 		-15.623 		10.772
v -37.919 		6.512 		31.894
v -41.8122 		-1.0832 		41
v -42.007 		-0.25 		41
v -15.783 		-15.49 		10.499
v -40.797 		5.304 		31.894
v -15.859 		-15.733 		10.258
v -33.285 		7.263 		30.408
v 21.146 		3.024 		12.131
v -36.552 		6.218 		30.408
v 20.777 		2.43 		11.676
v -39.304 		5.062 		30.408
v -41.042 		-3.021 		41.77
v -41.49 		-2.92 		41.62
v -34.67 		5.813 		29
v -41.825 		-2.268 		41.406
v -37.25 		4.73 		29
v -32.386 		14.936 		25.161
v -25.141 		-17.75 		12.191
v -35.407 		-14.128 		2.329
v -14.909 		-14.202 		8.743
v -25.245 		-17.994 		11.938
v -26.596 		-18.083 		11.799
v 22.236 		3.054 		11.578
v -26.606 		-17.75 		11.825
v -26.622 		-17.75 		11.595
v 21.852 		2.577 		11.103
v -39.304 		3.561 		29
v -40.797 		2.328 		29
v -32.023 		14.7 		25.313
v -14.508 		-15.531 		9.835
v -14.483 		-14.972 		9.916
v -14.465 		-15.189 		9.975
v 20.53 		1.722 		11.371
v -42.248 		-2.211 		41.136
v -20.85 		8.75 		11.938
v 21.378 		1.112 		10.518
v -34.67 		4.312 		27.695
v 21.361 		0.75 		10.497
v -36.552 		3.241 		27.695
v -36.825 		-15.136 		2.576
v -37.919 		2.111 		27.695
v -30.736 		15.657 		25.021
v 21.403 		0.209 		10.549
v -38.749 		0.941 		27.695
v -20.493 		8.817 		12.282
v 21.568 		1.976 		10.752
v -33.698 		-12.54 		1.226
v -33.698 		-13.702 		0.418
v 21.428 		1.469 		10.58
v -27.005 		-16.583 		12.014
v -27.147 		-16.583 		12.094
v -42.007 		-3.97 		41.247
v -26.905 		-16.583 		11.9
v -16.244 		-14.389 		9.833
v -33.698 		-13.293 		0.648
v -41.982 		-3.413 		41.36
v -22.133 		8.417 		12.201
v -14.946 		-16.191 		8.657
v -35.922 		-14.202 		0.892
v -41.368 		-3.533 		41.624
v -27.4 		-16.583 		12.104
v -27.623 		-16.583 		12.008
v -14.642 		-15.844 		9.43
v -42.361 		-3.362 		41.118
v 23.565 		2.257 		9.994
v -33.285 		2.862 		26.515
v -21.737 		8.374 		11.981
v 24.33 		2.063 		9.67
v -16.028 		-15.994 		9.834
v -41.668 		-5.059 		40.987
v -41.07 		-5.204 		41.145
v -41.372 		-5.125 		41.085
v -33.841 		-14.843 		1.697
v -26.873 		-16.583 		11.713
v 23.136 		1.028 		9.465
v -41.149 		-4.687 		41.384
v -21.809 		8.75 		11.574
v -21.815 		8.878 		11.559
v -27.524 		-16.583 		11.442
v 23.325 		1.815 		9.698
v -27.305 		-16.583 		11.395
v -41.832 		-4.535 		41.155
v 23.175 		1.302 		9.512
v -27.067 		-16.583 		11.463
v 24.117 		1.72 		9.407
v -41.253 		-4.124 		41.553
v -33.681 		-15.274 		1.603
v 23.975 		1.311 		9.231
v -34.504 		1.855 		26.515
v -15.733 		-13.898 		7.81
v -35.243 		0.811 		26.515
v -22.379 		8.417 		11.499
v -27.686 		-16.583 		11.572
v -36.552 		-6.718 		39.592
v -27.747 		-16.583 		11.752
v -33.285 		-7.763 		39.592
v -15.457 		-14.732 		7.642
v -29.972 		13.633 		25.735
v -15.584 		-15.86 		7.423
v -15.623 		-15.247 		7.359
v -34.602 		-14.389 		1.995
v -34.504 		-8.105 		38.106
v 23.123 		0.75 		9.449
v -15.705 		-15.548 		7.227
v -28.631 		-16.731 		11.632
v 23.175 		0.199 		9.512
v -28.352 		-16.583 		11.829
v -38.486 		-5.873 		40.226
v -28.581 		-16.583 		11.984
v 23.975 		0.189 		9.231
v -38.1104 		-5.3691 		40.4102
v -38.0896 		-5.213 		40.5677
v -38.282 		-5.346 		40.61
v -29.849 		14.139 		25.678
v -38.1193 		-4.9921 		40.7591
v -38.1527 		-4.8529 		40.8718
v -15.643 		-14.969 		7.327
v -38.1938 		-4.7415 		40.9543
v 23.914 		0.693 		9.157
v -29.165 		13.377 		25.762
v -34.45 		-15.907 		1.699
v -34.601 		-15.994 		1.817
v -21.478 		8.75 		10.454
v -21.202 		8.557 		11.207
v -29.78 		13.39 		25.751
v -21.347 		8.386 		11.249
v -43.088 		4.001 		31.894
v -44.754 		2.625 		31.894
v -45.764 		1.2 		31.894
v -21.179 		8.817 		10.493
v -38.1072 		-5.5054 		40.2511
v -16.105 		-15.997 		6.627
v 22.367 		1.544 		10.021
v -41.496 		3.816 		30.408
v -43.088 		2.5 		30.408
v -38.229 		-6.139 		39.589
v -16.27 		-14.355 		6.69
v -15.955 		-14.57 		7.012
v 16.7 		3.61 		11.074
v 16.688 		2.25 		11
v -38.0959 		-5.8349 		39.8685
v -38.1247 		-6.0574 		39.592
v -28.849 		12.925 		25.734
v 16.7 		3.61 		10.926
v -15.821 		-15.73 		7.044
v -22.136 		8.75 		10.871
v -34.183 		-15.794 		1.7
v -38.1241 		-6.0607 		39.5867
v -21.746 		8.25 		10.867
v -28.936 		12.309 		25.621
v -33.992 		-15.671 		1.654
v -27.472 		-17.75 		12.091
v -27.221 		-17.75 		12.104
v -44.055 		1.137 		30.408
v -26.905 		-17.75 		11.89
v -30.338 		12.494 		25.629
v -39.002 		-6.125 		40.247
v -39.183 		-6 		40.478
v -39.868 		-6.13 		40.504
v 16.5 		2.25 		11
v -40.294 		-5.929 		40.726
v -26.686 		-17.75 		12.045
v -27.006 		-18.05 		12.287
v 19.459 		1.172 		12.097
v -41.703 		1.05 		29
v -27.494 		-7.871 		16.383
v -39.027 		-5.512 		40.878
v -27.828 		-7.569 		16.22
v -28.421 		-7.2 		16
v -33.754 		-15.427 		1.608
v -26.802 		-18.065 		12.172
v -22.136 		8.877 		10.871
v -31.365 		12.702 		25.567
v -28.236 		-8.052 		14.839
v -34.6 		-15.531 		0.56
v -38.637 		-6.565 		39.124
v -38.671 		-6.468 		39.425
v -38.744 		-6.36 		39.716
v -32.285 		12.965 		25.467
v 19.44 		0.75 		12.073
v -34.511 		-14.952 		0.542
v -34.431 		-15.189 		0.525
v -29.327 		-6.867 		15.758
v 19.488 		0.12 		12.133
v -30.318 		-6.744 		15.595
v -27.976 		12.144 		26.954
v -21.701 		8.386 		10.543
v -27.849 		12.12 		26.945
v 19.518 		1.587 		12.169
v -31.077 		-6.789 		15.526
v -31.574 		-6.89 		15.512
v 20.422 		0.552 		11.236
v -25.632 		11.275 		26.656
v -32.803 		15.874 		24.547
v -32.51 		-7.248 		15.554
v -25.632 		11.164 		26.603
v -27.666 		10.541 		26.239
v -29.054 		-7.633 		14.572
v -29.986 		-7.409 		14.373
v -22.727 		8.417 		10.829
v 16.937 		2.25 		9.486
v -35.35 		14.905 		24.327
v -22.713 		8.417 		10.822
v -25.632 		11.124 		24.738
v -34.74 		-14.729 		0.59
v 16.756 		2.25 		9.447
v -27.666 		10.505 		24.581
v 29.228 		6.25 		6.923
v 30.333 		6.25 		8.075
v -35.274 		-15.934 		0.715
v 30.495 		6.25 		8
v 29.096 		6.25 		6.818
v 29.303 		6.25 		6.757
v -30.631 		-8.041 		13.079
v -35.091 		-16.169 		1.972
v -31.154 		-7.739 		13.635
v -35.171 		-14.48 		0.69
v -23.328 		10.917 		10.015
v -27.666 		9.909 		25.716
v -27.666 		9.352 		25.102
v -31.934 		-7.593 		14.227
v -27.048 		9.105 		24.75
v -24.457 		10.942 		9.005
v -36.579 		16.096 		24.491
v -29.708 		-8.156 		13.232
v -27.608 		8.253 		24.579
v -31.803 		-8.177 		13.002
v -26.737 		-18.083 		11.423
v -22.018 		8.557 		9.806
v -38.855 		-6.245 		39.991
v -22.166 		8.25 		10.176
v -28.936 		11.164 		26.603
v -26.695 		-17.75 		11.453
v -16.783 		-11.568 		15.116
v 25.893 		6.25 		5.349
v 25.941 		6.25 		5.205
v 27.656 		6.25 		5.934
v -17.8 		-12.13 		15.832
v 27.75 		6.25 		5.804
v -38.2318 		-6.3986 		38.931
v -28.936 		11.7 		25.411
v -17.711 		-12.13 		15.485
v -38.2246 		-6.3798 		38.9684
v -18.001 		-11.917 		15.116
v -38.1834 		-6.2694 		39.1869
v -29.165 		11.817 		25.461
v -27.43 		-17.75 		11.406
v -27.316 		-17.75 		11.392
v -28.936 		11.132 		25.115
v 29.303 		2.25 		6.757
v 30.495 		2.25 		8
v -27.076 		-17.75 		11.458
v -38.764 		-12.814 		3.157
v 29.096 		3.61 		6.818
v 29.171 		2.25 		6.863
v 29.228 		3.61 		6.923
v -26.87 		-17.75 		11.751
v -36.438 		14.564 		23.989
v 30.333 		2.25 		8.075
v -17.406 		-11.3 		15.116
v -18.064 		-11.085 		15.116
v -30.969 		10.541 		26.239
v -30.785 		11.817 		25.386
v -40.082 		-6.467 		40.08
v -37.004 		-12.568 		4.089
v -40.38 		-6.31 		40.294
v -17.659 		-12.071 		14.687
v -30.736 		11.097 		25.021
v -40.73 		-6.162 		40.417
v -28.017 		-18.073 		11.85
v -22.49 		8.75 		9.123
v -37.508 		-13.73 		3.367
v -19.736 		-11.338 		15.983
v -28.275 		-18.06 		12.012
v -36.111 		15.27 		23.822
v 27.656 		2.25 		5.934
v -38.502 		-14.07 		3.72
v -38.034 		-14.219 		3.392
v -36.309 		16.308 		22.895
v -36.629 		15.657 		23.317
v 25.893 		2.25 		5.349
v -32.386 		11.817 		25.161
v -40.731 		-6.896 		39.021
v -19.652 		-11.113 		15.116
v -40.25 		-6.87 		39.209
v -40.748 		-6.825 		39.246
v 27.75 		2.25 		5.804
v 25.941 		2.25 		5.205
v -40.733 		-6.651 		39.648
v -19.448 		-10.976 		14.753
v -37.789 		-12.54 		2.965
v -27.664 		-17.75 		11.958
v -37.976 		-12.904 		2.699
v -18.862 		-10.919 		14.623
v -27.895 		-18.083 		12.097
v -28.012 		-17.75 		11.841
v -27.925 		-17.75 		12.059
v -30.969 		9.909 		25.716
v -30.969 		9.352 		25.102
v -27.734 		-17.75 		12.226
v 22.059 		6.25 		5.205
v 24.093 		6.25 		5.16
v -38.278 		-13.702 		2.265
v 22.107 		6.25 		5.349
v -39.683 		-6.831 		39.26
v -39.74 		-6.733 		39.538
v 23.907 		6.25 		5.16
v -18.948 		8.179 		27.695
v 24 		6.25 		5
v -38.84 		-14.183 		2.293
v -28.539 		-17.888 		11.77
v -19.764 		-11.265 		15.116
v -17.595 		7.263 		26.515
v -18.867 		-11.53 		15.116
v -35.602 		13.377 		24.547
v -18.552 		-11.674 		15.331
v 20.344 		6.25 		5.934
v -35.489 		12.678 		24.527
v 18.772 		6.25 		6.923
v 18.904 		6.25 		6.818
v -18.98 		5.813 		25.48
v -39.729 		-13.947 		2.827
v -28.605 		-17.73 		11.65
v -38.688 		-6.726 		38.511
v -17.865 		4.521 		24.608
v -38.516 		-6.6564 		38.2856
v -38.6621 		-6.7001 		38.106
v -38.3753 		-6.5343 		38.5956
v -38.284 		-6.4549 		38.7971
v -18.064 		-11.085 		12.386
v -37.919 		-7.012 		38.106
v 17.667 		6.25 		8.075
v -17.921 		-11.916 		12.386
v 17.505 		6.25 		8
v -35.563 		14.168 		24.479
v 20.25 		6.25 		5.804
v 18.697 		6.25 		6.757
v -23.173 		8.417 		10.199
v -23.71 		8.417 		9.618
v 22.059 		2.25 		5.205
v -36.576 		13.043 		24.107
v -27.695 		-17.75 		11.579
v -22.683 		8.386 		9.25
v 24.093 		3.61 		5.16
v -38.911 		-6.7665 		37.6069
v -27.744 		-17.75 		11.714
v -17.406 		-11.3 		12.386
v 22.107 		2.25 		5.349
v 24 		2.25 		5.15
v 23.907 		3.61 		5.16
v -27.969 		-17.75 		11.539
v -23.079 		8.75 		9.587
v -22.75 		8.886 		9.98
v -39.884 		-7.037 		38.321
v -23.079 		8.884 		9.587
v -39.758 		-7 		38.591
v -27.909 		-18.021 		11.435
v -22.764 		7.651 		27.695
v -39.691 		-6.939 		38.877
v -22.561 		8.882 		10.206
v -39.424 		-6.979 		38.053
v 24 		2.25 		5
v 18.772 		3.61 		6.923
v 18.904 		3.61 		6.818
v -36.3 		12.309 		24.092
v 17.667 		2.25 		8.075
v -39.225 		-6.905 		38.528
v -20.996 		6.792 		26.515
v 17.505 		2.25 		8
v -24.149 		6.201 		26.515
v -38.682 		14.734 		22.606
v -39.499 		14.798 		23.924
v -27.161 		-17.888 		10.261
v -38.471 		-16.297 		3.406
v -38.221 		15.102 		24.392
v -40.086 		14.52 		23.488
v 18.829 		2.25 		6.863
v -36.983 		-15.548 		2.611
v -21.694 		5.304 		25.48
v -19.652 		-11.113 		12.386
v 18.697 		2.25 		6.757
v -24.149 		4.7 		25.48
v 20.344 		2.25 		5.934
v 20.25 		2.25 		5.804
v -19.754 		-11.246 		12.386
v -27.035 		-18.083 		11.21
v 15.664 		0.297 		16.375
v 15.664 		1.203 		16.375
v -40.954 		-6.93 		38.654
v -37.912 		15.657 		22.565
v -37.352 		15.088 		23.286
v -18.869 		-10.903 		13.214
v -40.855 		-6.935 		38.747
v -19.35 		-10.936 		13.809
v -40.425 		-7.026 		38.474
v -40.767 		-6.921 		38.892
v -27.676 		-17.75 		11.248
v -21.88 		3.533 		24.608
v -27.385 		-18.07 		11.18
v -38.452 		-16.038 		2.099
v -27.227 		-17.75 		11.174
v -23.3 		8.386 		8.68
v -26.961 		-17.75 		11.24
v -37.259 		13.943 		23.729
v -29.559 		8.179 		30.408
v -22.606 		8.817 		8.656
v -37.206 		13.503 		23.802
v -28.115 		7.651 		29
v -31.607 		6.792 		29
v -25.086 		-16.583 		9.286
v -37.058 		13.377 		23.882
v -37.284 		-14.568 		2.897
v -36.898 		-14.921 		2.641
v 33.084 		-2.75 		36.566
v -37.017 		13.311 		23.902
v 33.103 		-3.226 		35
v 33.3266 		-2.75 		35.501
v 33.4406 		-2.75 		35
v -22.224 		-10.915 		15.787
v -22.499 		-10.764 		15.707
v -23.681 		8.75 		9.022
v -23.799 		8.878 		8.943
v -37.466 		-15.9 		2.837
v -38.767 		12.62 		24.407
v -26.302 		6.988 		27.695
v -24.328 		8.417 		9.097
v -39.358 		-14.832 		3.973
v -40.691 		-6.985 		37.609
v -39.415 		-15.623 		3.914
v -28.1 		6.145 		27.16
v -37.803 		12.553 		23.368
v -22.039 		-11.063 		16.282
v 33.3266 		-2.75 		34.499
v -22.131 		-11.059 		15.814
v -38.602 		12.585 		22.86
v -37.05 		-13.898 		1.573
v -25.666 		-16.583 		8.86
v -26.356 		-16.486 		8.46
v -37.635 		-14.969 		1.498
v -37.595 		-15.27 		1.482
v -23.962 		8.25 		8.408
v -40.461 		14.215 		23.183
v -40.571 		14.048 		23.09
v -40.602 		13.651 		23.063
v -40.478 		-6.91 		37.122
v -37.713 		-15.495 		1.531
v -40.622 		13.871 		23.046
v -40.007 		13.066 		23.549
v 33.084 		-2.75 		33.434
v -37.748 		-15.655 		1.774
v -37.465 		-15.122 		1.655
v -22.414 		-11.079 		16.38
v -38.016 		-14.57 		1.756
v -21.982 		-11.077 		15.364
v 26.413 		-2.75 		48.619
v -38.482 		-15.997 		1.881
v 24.7508 		-2.75 		42.305
v -24.426 		8.374 		8.547
v -40.136 		-6.967 		37.304
v -25.936 		-16.706 		8.692
v -39.839 		-6.831 		36.869
v -24.5 		8.879 		8.44
v -22.118 		-10.806 		15.012
v -39.461 		-6.869 		37.157
v -39.241 		-6.873 		37.388
v -26.019 		-16.917 		8.643
v -38.473 		15.657 		22.175
v -26.549 		12.417 		15.444
v -25.932 		12.417 		15.424
v 26.304 		-4.061 		41
v 25.0518 		-2.75 		42.1799
v 26.7625 		-2.75 		41.4691
v -25.457 		-18.058 		9.005
v 27.797 		-2.828 		41
v -27.515 		6.1849 		27.2426
v -37.518 		-15.86 		1.45
v -26.236 		12.417 		15.54
v -27.1197 		6.2202 		27.187
v -26.669 		6.2055 		27.0745
v -27.2213 		6.2148 		27.2046
v -27.4858 		6.1913 		27.2419
v -20.556 		-11.133 		15.313
v -38.9633 		-6.7857 		37.4868
v -41.28 		-11.885 		6.331
v -41.299 		-11.638 		7.086
v 26.9264 		-2.75 		41.3985
v 26.9148 		-2.2305 		41.5621
v -25.897 		-17.789 		8.715
v -39.3422 		-6.7892 		37.0121
v -39.2432 		-6.793 		37.1225
v -26.608 		6.2036 		27.0593
v -26.4121 		6.1489 		26.9671
v -21.731 		-11.079 		14.394
v -25.964 		-17.672 		8.675
v 26.8981 		-1.4834 		41.7974
v 28.703 		-1.55 		41
v -39.396 		15.263 		21.753
v 26.892 		-0.6699 		41.8835
v 26.8888 		-0.25 		41.9279
v 29.007 		-0.25 		41
v -25.9314 		6.0308 		26.7552
v -25.915 		12.417 		14.946
v -25.819 		12.417 		15.117
v -25.84 		12.417 		15.305
v -26.019 		-17.417 		8.643
v -41.781 		-12.568 		8.176
v -39.277 		14.474 		22.271
v -39.3794 		-6.7878 		36.9706
v -23.148 		-10.764 		15.939
v -41.133 		-13.343 		6.271
v -40.767 		14.995 		20.604
v -28.0638 		6.0497 		27.2425
v -28.124 		6.0323 		27.2402
v -23.619 		-10.937 		16.147
v -28.395 		6.074 		27.097
v -28.3691 		5.9417 		27.2131
v -28.4468 		5.9057 		27.1979
v 20.6101 		-2.75 		43.5863
v 21.0258 		-2.75 		43.485
v -26.438 		12.417 		14.849
v 20.7304 		-2.2968 		43.6906
v -38.749 		-7.191 		36.566
v 20.7643 		-2.0846 		43.72
v 20.8956 		-1.2614 		43.8339
v -23.576 		-11.167 		15.907
v -26.271 		12.417 		14.819
v -42.271 		-13.121 		7.943
v -28.5791 		5.8372 		27.1774
v -28.6274 		5.7968 		27.1577
v -42.044 		-13.343 		7.332
v -39.8305 		-6.7116 		36.6403
v -39.5969 		-6.7595 		36.7868
v -22.562 		-10.75 		15.154
v -23.039 		-10.839 		15.221
v 20.9495 		-0.25 		43.8807
v 20.9128 		-0.938 		43.8488
v -25.659 		6.85 		25.522
v -41.661 		-14.039 		6.25
v -26.331 		7.249 		25.61
v -22.948 		-10.915 		14.529
v -40.551 		-6.696 		36.549
v -42.655 		-13.73 		7.759
v -40.256 		-6.762 		36.648
v -40.866 		15.708 		22.455
v 23.552 		-3.741 		42.305
v 22.0877 		-2.75 		43.1487
v -25.126 		6.326 		25.365
v -43.606 		-13.098 		7.305
v -38.999 		15.874 		21.564
v -39.9514 		-6.6863 		36.566
v -43.141 		-12.54 		7.527
v -40.8525 		-6.3643 		36.0681
v -40.7624 		-6.4013 		36.0754
v -40.6946 		-6.4271 		36.0989
v -40.4207 		-6.5296 		36.2096
v -39.962 		14.168 		21.799
v 16.559 		-2.929 		44.52
v -40.3193 		-6.5609 		36.3092
v -39.609 		14.243 		22.081
v -40.1336 		-6.627 		36.4134
v 17.609 		-2.062 		44.52
v -23.178 		-10.958 		15.188
v -26.698 		6.712 		26.523
v -27.077 		12.405 		15.632
v -23.064 		-11.167 		14.513
v -43.988 		-13.702 		7.123
v -27.097 		7.494 		25.625
v -23.268 		-11.167 		15.223
v -39.028 		-7.251 		35
v -27.764 		6.852 		26.459
v 18.246 		-1.164 		44.52
v 18.459 		-0.25 		44.52
v -27.903 		7.571 		25.564
v -38.749 		-7.191 		33.434
v -44.379 		-13.539 		7.853
v -44.677 		-14.047 		7.797
v -27.504 		12.398 		15.213
v 20.285 		-3.362 		43.485
v -42.53 		-1.609 		40.731
v -26.742 		8.075 		24.605
v -42.779 		-14.534 		7.328
v -27.589 		12.319 		15.338
v -42.0136 		-1.0914 		40.8793
v -42.1369 		-1.1098 		40.8036
v -42.1743 		-1.1048 		40.782
v -25.51 		6.008 		26.366
v -25.5275 		5.8691 		26.5213
v -25.5204 		5.8638 		26.515
v -42.2053 		-1.115 		40.7623
v -26.667 		12.417 		15.053
v -25.6553 		5.9287 		26.6029
v -42.9246 		-1.5952 		40.2687
v -43 		-15.957 		7.376
v -22.305 		-10.75 		13.653
v -21.912 		-10.806 		13.5
v -21.764 		-10.958 		14.279
v -42.9599 		-1.6132 		40.2407
v -22.03 		-10.785 		14.255
v -44.055 		-1.637 		39.592
v 16.5 		-5.2 		43.485
v -44.379 		-0.25 		39.592
v -42.608 		-14.807 		6.973
v 18.607 		-4.316 		43.485
v -43.024 		-1.6579 		40.1848
v -43.1602 		-1.8072 		40.0435
v -25.635 		-18.945 		8.881
v -42.631 		-15.497 		6.855
v -39.853 		13.89 		21.958
v -21.424 		-11.063 		14.109
v 16.5 		-6.701 		42.305
v -25.1218 		5.5121 		26.2049
v 19.306 		-5.804 		42.305
v -24.8039 		4.9082 		25.7346
v -24.7985 		4.8823 		25.7158
v -42.543 		-15.057 		6.811
v -25.1083 		5.4993 		26.1938
v -25.1067 		5.4962 		26.1914
v -24.681 		-20.25 		9.022
v -24.799 		-20.122 		8.943
v -25.1101 		5.5014 		26.1956
v 21.67 		-4.812 		42.305
v -44.999 		-16.362 		7.853
v -26.67 		12.417 		15.286
v -21.694 		-11.08 		14.097
v -21.709 		-11.059 		14.284
v -39.863 		13.687 		21.977
v 18.607 		-7.292 		41
v -27.581 		12.417 		15.017
v -39.685 		13.355 		22.145
v -42.514 		-3.91 		40.893
v -21.682 		-11.059 		13.108
v -42.96 		-3.893 		40.46
v 21.67 		-6.313 		41
v -43.532 		-15.623 		8.18
v -42.709 		-3.333 		40.829
v 24.25 		-5.23 		41
v -39.726 		12.302 		21.911
v -25.5 		-20.121 		8.44
v -21.723 		-11.078 		12.637
v -22.339 		-10.75 		12.631
v -39.312 		13.071 		22.43
v -24.7832 		4.8012 		25.6638
v -44.103 		-15.73 		6.462
v -43.898 		-15.387 		6.196
v -21.737 		-11.079 		12.568
v -44.249 		-14.355 		6.96
v 30.088 		-3 		39.592
v 30.1116 		-2.75 		39.6817
v 30.2654 		-2.75 		39.592
v 30.4327 		-1.614 		39.9645
v -40.765 		13.377 		21.145
v -24.664 		4.386 		24.614
v -40.693 		14.168 		21.098
v -44.397 		-15.997 		6.874
v -28.138 		12.417 		14.869
v -24.597 		4.883 		24.828
v -24.664 		5.385 		25.028
v -40.889 		12.538 		20.875
v -25.733 		-20.25 		8.305
v -24.834 		5.874 		25.211
v -27.909 		12.38 		15.073
v -42.811 		-2.176 		40.631
v -43.65 		-15.182 		6.25
v -21.704 		-11.078 		12.763
v 30.468 		-1.2394 		39.9956
v -43.941 		-14.86 		6.25
v -43.03 		-2.752 		40.497
v 30.561 		-0.25 		40.0776
v -43.318 		-2.772 		40.109
v -22.752 		-10.839 		13.849
v -24.7561 		4.5914 		25.5316
v -24.7661 		4.5028 		25.48
v -22.951 		-11.059 		13.839
v -24.7732 		4.4494 		25.4564
v -42.778 		-14.202 		4.96
v 31.754 		-3.125 		38.106
v -43.344 		-13.898 		6.016
v -29.5 		6.201 		27.695
v 31.5778 		-2.75 		38.4805
v 32.0198 		-2.75 		38.106
v -34.57 		10.505 		23.716
v -22.967 		-11.167 		13.788
v -43.411 		-2.217 		39.824
v -43.4783 		-2.2371 		39.68
v -43.4853 		-2.3397 		39.6335
v 32.764 		-2.75 		37.0287
v -29.138 		-16.583 		12.131
v -43.5027 		-2.4155 		39.592
v -28.674 		5.971 		27.022
v -29.168 		5.678 		26.845
v -29.508 		-16.628 		11.912
v -43.4304 		-2.1469 		39.7453
v 26.304 		-5.562 		39.592
v -29.373 		5.493 		26.745
v 28.496 		-4.316 		39.592
v -28.155 		12.319 		15.132
v -22.792 		-10.806 		12.45
v -28.6025 		12.417 		14.6387
v -28.48 		12.319 		15.16
v -28.819 		-16.654 		11.841
v -22.853 		-10.915 		13.156
v -23.045 		-11.059 		12.486
v -29.359 		-16.75 		11.801
v -29.06 		-16.75 		11.806
v 24.919 		-7.012 		38.106
v -41.035 		-14.347 		5.451
v -36.741 		10.818 		23.031
v -43.6935 		-2.9379 		39.1165
v -43.7454 		-3.0493 		39.0056
v -26.54 		12.319 		12.855
v -35.994 		11.132 		23.653
v -25.981 		12.319 		12.698
v -36.173 		11.7 		23.91
v -22.978 		-11.167 		13.058
v -29.0341 		5.5131 		27.037
v -43.412 		-3.948 		39.768
v -29.1253 		5.4431 		27.005
v -29.2696 		5.3096 		26.9363
v -23.098 		-11.167 		12.334
v -43.571 		-4.006 		39.389
v -29.5 		4.9833 		26.7377
v -29.3372 		5.2137 		26.8779
v -43.681 		-4.084 		38.997
v -43.515 		-3.388 		39.746
v -41.304 		-16.12 		5.446
v -43.689 		-3.452 		39.332
v -26.54 		12.319 		14.145
v -29.155 		-16.681 		11.868
v -16.445 		-13.343 		15.911
v 27.797 		-5.804 		38.106
v -28.687 		-16.917 		11.592
v -41.886 		-15.59 		4.169
v -41.938 		-14.729 		4.21
v -17.301 		-12.576 		16.267
v -27.322 		12.417 		13.5
v -28.977 		-16.83 		11.746
v -29.524 		-16.917 		11.711
v -27.108 		12.417 		14.072
v -34.243 		9.996 		23.248
v -27.165 		12.389 		13.5
v -26.851 		12.372 		14.046
v -32.793 		8.695 		23.879
v -16.823 		-12.692 		14.742
v -43.809 		-3.537 		38.903
v -42.251 		-14.48 		4.475
v -42.849 		-16.191 		5.029
v -42.191 		-15.844 		4.425
v -28.995 		-16.917 		11.743
v -26.952 		12.345 		13.866
v -44.754 		-3.125 		38.106
v -16.884 		-12.568 		13.311
v -16.739 		-12.692 		13.5
v -34.134 		8.477 		22.579
v 30.088 		-4.501 		38.106
v -43.8526 		-3.8664 		38.1091
v -43.874 		-3.643 		38.467
v -43.878 		-3.7047 		38.2484
v -43.8508 		-3.871 		38.106
v -43.8805 		-3.5957 		38.3543
v -28.2318 		12.417 		14.27
v -43.362 		-16.38 		5.564
v -43.8835 		-3.4497 		38.4964
v -43.7976 		-3.1286 		38.8844
v -43.8331 		-3.1698 		38.8146
v -27.8227 		12.417 		13.5079
v -28.0309 		12.417 		14.0542
v -43.8626 		-3.2516 		38.7096
v 32.764 		-3.201 		36.566
v -41.716 		-15.129 		4.031
v -41.737 		-15.349 		4.048
v -27.108 		12.417 		12.928
v -41.139 		-13.702 		3.631
v -26.659 		12.417 		12.617
v -41 		-13.293 		3.83
v -22.989 		-12.389 		14.047
v -23.043 		-13.208 		12.59
v -32.306 		5.304 		27.695
v -30.495 		-16.583 		11.52
v 32.764 		-3.201 		33.434
v -29.713 		-16.583 		12.04
v -28.696 		7.472 		25.433
v -30.216 		-16.609 		11.273
v -27.698 		12.417 		13.0294
v -27.7098 		12.417 		13.1388
v 32.2149 		-3.4637 		33.111
v -29.105 		6.529 		26.173
v -29.421 		7.206 		25.24
v -29.951 		-16.611 		11.73
v -26.952 		12.345 		13.134
v -17.549 		-12.237 		11.502
v 32.764 		-2.75 		32.9713
v -46.103 		-0.25 		38.106
v -45.764 		-1.7 		38.106
v -30.029 		6.79 		24.999
v 25.749 		-7.191 		36.566
v 28.703 		-5.951 		36.566
v -19.107 		-10.896 		11.82
v -27.764 		12.456 		13.038
v -19.351 		-10.938 		11.922
v 31.055 		-4.613 		36.566
v -34.647 		8.826 		23.313
v -28.529 		12.702 		13.053
v 26.028 		-7.251 		35
v 29.007 		-6 		35
v 31.379 		-4.651 		35
v -29.855 		4.442 		26.255
v -29.784 		4.821 		26.419
v -29.6648 		4.7501 		26.5958
v -29.795 		-16.75 		11.609
v -29.6702 		4.7367 		26.5866
v -29.875 		-16.83 		11.456
v -29.177 		12.376 		15.73
v -34.797 		-17.75 		14.788
v -29.101 		12.389 		15.441
v -33.862 		9.548 		22.701
v -18.639 		-11.674 		11.326
v -29.88 		5.947 		25.843
v -29.35 		12.414 		15.601
v -41.951 		-5.007 		40.851
v -42.682 		-4.948 		40.247
v -20.463 		-11.133 		12.138
v -19.567 		-11.338 		11.501
v -42.307 		-4.463 		40.878
v -42.938 		-4.453 		40.213
v -34.886 		9.352 		24.167
v -29.21 		-17.994 		12.128
v -29.519 		-17.888 		11.942
v 25.749 		-7.191 		33.434
v 28.703 		-5.951 		33.434
v -29.046 		12.294 		15.739
v -34.893 		-17.994 		14.533
v -41.667 		-5.898 		40.294
v -20.082 		-11.113 		10.555
v -42.19 		-5.431 		40.351
v -29.6926 		4.6689 		26.5479
v -42.549 		-5.425 		39.973
v -29.7084 		4.6125 		26.515
v -35.113 		9.301 		23.981
v 31.055 		-4.613 		33.434
v -36.3 		8.886 		22.656
v -20.18 		-11.265 		10.602
v -29.992 		12.417 		15.954
v -29.7577 		4.3751 		26.4045
v -41.011 		-6.063 		40.449
v -41.297 		-5.981 		40.417
v -29.388 		-17.75 		11.847
v -33.579 		9.305 		22.298
v -17.877 		-11.638 		8.738
v -18.138 		-11.3 		9.628
v -17.094 		-11.885 		9.13
v 20.285 		-7.763 		39.592
v -29.74 		12.417 		16.248
v -30.351 		4.699 		25.272
v -30.292 		4.251 		25.094
v -34.742 		8.388 		21.862
v -30.272 		12.417 		15.927
v -30.615 		12.417 		16.267
v -30.474 		12.417 		16.014
v -33.661 		8.441 		21.902
v -34.624 		8.391 		21.693
v 23.552 		-6.718 		39.592
v -30.199 		5.426 		25.591
v -33.228 		-16.583 		13.629
v -33.254 		-16.583 		13.397
v -18.193 		-12.13 		10.038
v -28.681 		-17.482 		11.596
v -33.34 		-16.583 		13.794
v -33.024 		9.157 		22.098
v -33.621 		-16.583 		13.895
v -28.83 		-17.417 		11.683
v -18.707 		-11.085 		9.899
v -29.524 		-17.417 		11.711
v 21.504 		-8.105 		38.106
v -29.662 		-17.589 		11.669
v -42.537 		-5.918 		39.26
v -29.352 		-17.417 		11.758
v -19.819 		-10.892 		9.773
v -20.041 		-10.905 		9.904
v -42.276 		-5.849 		39.791
v -42.434 		-5.871 		39.538
v -42.944 		-5.571 		39.03
v 16.559 		-8.679 		39.592
v -33.441 		8.886 		20.839
v 17.609 		-9.063 		38.106
v -18.652 		-11.917 		9.873
v -19.403 		-11.53 		10.231
v -28.842 		-17.67 		11.755
v -34.403 		8.509 		21.377
v 18.246 		-9.296 		36.566
v -34.726 		8.715 		20.938
v -28.97 		-17.589 		11.762
v -28.713 		12.417 		14.96
v -43.029 		-4.99 		39.716
v -18.617 		-12.071 		9.36
v -43.151 		-5.035 		39.425
v -29.796 		-17.888 		11.821
v -43.236 		-5.094 		39.124
v -18.726 		-11.222 		9.143
v -35.066 		8.532 		22.325
v -20.358 		-10.893 		9.177
v -33.916 		-16.583 		13.829
v -34.087 		-16.583 		13.592
v -34.061 		-16.583 		13.407
v -29.775 		-18.06 		12.203
v 22.243 		-8.312 		36.566
v -43.44 		-4.572 		39.245
v 18.459 		-9.374 		35
v -36.418 		9.305 		20.899
v -24.8813 		3.9352 		25.2354
v -24.9121 		3.8615 		25.2059
v -33.627 		-17.75 		14.126
v 22.491 		-8.382 		35
v -33.399 		-18.021 		14.091
v -22.038 		-11.073 		11.448
v -21.868 		-11.059 		11.941
v -33.041 		-18.068 		13.842
v -28.7586 		12.417 		14.6919
v -22.007 		-10.872 		11.968
v -35.254 		8.988 		20.513
v -28.846 		12.319 		15.352
v -36.814 		8.509 		20.521
v 18.246 		-9.296 		33.434
v -41.312 		-6.56 		39.54
v -41.405 		-6.541 		39.504
v 22.243 		-8.312 		33.434
v -28.9924 		12.417 		14.7101
v -41.955 		-6.22 		39.572
v -29.5511 		12.417 		14.6097
v -22.499 		-10.764 		11.293
v -29.802 		-17.417 		11.526
v -30.398 		12.417 		15.188
v -33.355 		-17.75 		14.077
v -30.362 		12.417 		14.946
v -21.493 		-11.063 		12.282
v 9.123 		-0.537 		46.087
v -38.118 		9.909 		23.334
v -37.549 		9.889 		23.594
v -38.435 		10.541 		23.787
v 10.509 		-3.438 		45.392
v 12.871 		-2.094 		45.392
v -30.454 		12.417 		14.591
v 13.825 		-1.001 		45.392
v -30.486 		-18.06 		11.624
v -37.747 		9.352 		22.802
v -29.7562 		12.417 		14.4502
v -30.648 		12.391 		15.342
v -22.372 		-11.071 		10.704
v -30.202 		-17.888 		11.272
v -33.638 		-17.75 		13.901
v -30.02 		-17.888 		11.641
v 14 		-0.25 		45.392
v -30.368 		-17.994 		11.358
v -38.392 		11.817 		22.713
v -21.074 		-11.133 		10.386
v -32.946 		-18.083 		13.602
v -29.997 		-17.75 		11.444
v -29.877 		-17.589 		11.472
v -32.946 		-17.75 		13.517
v -33.027 		-17.75 		13.813
v -33.219 		-17.75 		13.526
v -33.255 		-17.75 		13.388
v -26.364 		2.492 		24.813
v -33.373 		-17.75 		13.82
v -41.716 		-6.562 		39.086
v -41.235 		-6.764 		39.064
v -41.722 		-6.588 		38.988
v -25.8867 		2.7836 		24.9562
v -26.0923 		2.6546 		24.9403
v -25.5764 		3.0035 		24.9896
v -37.412 		10.505 		22.324
v -25.5023 		3.0644 		25.0007
v -30.932 		12.372 		14.336
v -38.074 		11.097 		22.455
v -34.118 		-18.082 		13.989
v -34.205 		-17.75 		13.919
v -30.046 		-16.706 		11.261
v -30.172 		-16.628 		10.776
v -33.902 		-17.75 		14.095
v -30.794 		12.294 		15.269
v 15.115 		-3.75 		44.52
v -24.847 		2.288 		24.608
v -30.735 		12.319 		15.215
v -41.593 		-6.523 		39.36
v -25.3047 		3.2268 		25.0304
v -28.784 		12.53 		14.254
v -25.2164 		3.3347 		25.0569
v -41.693 		-6.541 		39.184
v -38.659 		10.445 		21.346
v -24.9578 		3.7531 		25.1726
v -34.339 		-18.083 		13.713
v -29.665 		12.518 		14.148
v -23.136 		-10.915 		11.802
v -39.497 		11.693 		21.802
v -30.0846 		12.417 		14.0586
v -23.325 		-11.167 		11.629
v -29.952 		-16.852 		11.255
v -30.2475 		12.417 		13.7578
v -30.3769 		12.417 		13.5975
v -39.399 		11.817 		21.958
v 8.694 		-5.804 		44.52
v -30.4928 		12.417 		13.4151
v 11.149 		-5.2 		44.52
v -42.594 		-6.011 		38.877
v 13.302 		-4.512 		44.52
v -23.27 		-10.806 		11.104
v -34.36 		-17.75 		13.641
v -42.91 		-5.797 		38.285
v -29.336 		12.778 		12.992
v -42.728 		-5.985 		37.835
v -34.024 		-17.75 		13.733
v -34.068 		-17.75 		13.415
v -34.092 		-17.75 		13.555
v -39.175 		11.124 		21.648
v -22.796 		-10.75 		11.163
v -39.663 		10.81 		20.892
v -23.481 		-11.009 		11.177
v -42.995 		-5.635 		37.516
v -32.228 		12.417 		13.629
v -26.4366 		2.4631 		24.9416
v -31.703 		12.36 		14.184
v -26.3556 		2.4889 		24.9353
v -33.494 		-16.583 		13.205
v -32.254 		12.417 		13.397
v -33.828 		-16.583 		13.209
v -37.197 		8.391 		20.704
v -37.401 		8.388 		20.802
v -33.31 		-16.595 		12.773
v 11.149 		-6.701 		43.485
v -32.34 		12.417 		13.794
v -32.621 		12.417 		13.895
v -37.962 		8.532 		21.069
v -26.3064 		2.5192 		24.9361
v -22.545 		-10.958 		10.48
v 14 		-6 		43.485
v -22.726 		-10.806 		10.553
v -29.944 		-17.417 		11.254
v -30.07 		-17.75 		10.775
v 9.764 		-8.151 		42.305
v 13.302 		-7.488 		42.305
v -29.986 		-17.61 		11.257
v -43.253 		-5.353 		38.21
v -31.321 		12.417 		13.997
v -30.21 		-17.888 		10.777
v -43.509 		-4.906 		38.009
v -43.424 		-5.031 		37.671
v -27.047 		2.328 		24.667
v -43.295 		-5.164 		37.351
v -33.756 		-17.75 		13.195
v -33.431 		-17.75 		13.237
v 15.115 		-8.151 		41
v -31.366 		12.372 		14.167
v -33.055 		-17.75 		13.227
v 0.482 		-2.483 		46.591
v 2.304 		-1.9 		46.591
v -43.744 		-4.237 		38.397
v 3.527 		-1.205 		46.591
v -33.777 		-17.75 		12.957
v 4.066 		-0.444 		46.591
v -33.325 		-17.75 		13.021
v -23.53 		-10.764 		10.419
v -31.677 		12.408 		12.939
v -33.161 		-18.065 		13.112
v -32.786 		-18.033 		13.096
v -36.967 		9.836 		21.686
v -33.523 		-18.05 		12.963
v -38.134 		9.883 		20.912
v -30.796 		12.417 		12.798
v -31.688 		12.319 		12.762
v -30.594 		-18.059 		10.935
v -24.083 		-11.167 		10.313
v -30.932 		12.372 		12.664
v -30.828 		12.406 		12.7636
v -30.8717 		12.391 		12.7175
v -23.655 		-11.167 		10.952
v 3.051 		-3.741 		46.087
v -28.3867 		2.5187 		25.3017
v -28.3088 		2.4418 		25.2642
v -28.236 		2.3894 		25.2352
v -26.8698 		2.3485 		24.9823
v -30.551 		-17.75 		10.766
v 5.948 		-2.929 		46.087
v -39.895 		9.105 		20.64
v 7.996 		-1.934 		46.087
v -33.277 		13.333 		18.339
v -28.2278 		2.3836 		25.2323
v -27.0416 		2.3248 		25.007
v -27.0991 		2.3422 		25.0215
v -26.9899 		2.3166 		24.9958
v -30.675 		-18.071 		10.417
v -30.854 		12.413 		12.668
v -27.364 		2.3072 		25.06
v -43.7366 		-4.1477 		37.7976
v -43.6418 		-4.3936 		37.5141
v -30.9093 		12.3741 		12.6519
v -20.687 		-10.975 		9.334
v -43.5906 		-4.4988 		37.4076
v -30.569 		-17.75 		10.612
v -30.9177 		12.369 		12.6452
v -43.556 		-4.5552 		37.3606
v -30.9602 		12.3386 		12.6358
v -30.9136 		12.3722 		12.6444
v -30.7871 		12.417 		12.7878
v -33.294 		12.36 		18.329
v -20.555 		-10.903 		8.585
v -43.4179 		-4.744 		37.1043
v 2.548 		-5.396 		45.392
v -43.5079 		-4.6209 		37.2715
v 6.988 		-4.564 		45.392
v -28.0562 		2.3502 		25.1935
v -27.8962 		2.3276 		25.1596
v -27.7284 		2.3158 		25.1268
v -34.283 		-17.75 		13.267
v -22.457 		-11.133 		8.424
v -31.681 		-16.624 		11.674
v -33.992 		-18.077 		13.041
v -33.955 		-17.75 		13.003
v -34.299 		-18.083 		13.282
v -30.8679 		12.417 		12.4982
v -32.818 		8.75 		19.826
v 5.98 		-6.313 		44.52
v 1.004 		-8.105 		43.485
v 4.595 		-7.763 		43.485
v -32.494 		12.417 		13.205
v -32.31 		12.405 		12.773
v 7.996 		-7.292 		43.485
v -26.302 		1.238 		24.608
v -33.976 		-17.75 		13.295
v -31.715 		-16.715 		12.137
v -21.823 		-11.246 		8.233
v -41.699 		-6.632 		38.861
v -29.765 		4.0626 		26.2468
v -29.845 		4.057 		26.096
v -29.7636 		3.9979 		26.2136
v -33.602 		8.557 		19.379
v -41.675 		-6.657 		38.802
v -33.52 		8.386 		19.272
v -41.81 		-6.643 		38.376
v -41.509 		-6.763 		38.617
v -29.6028 		3.4911 		25.921
v -41.266 		-6.861 		38.55
v 1.919 		-9.063 		42.305
v -41.13 		-6.905 		38.438
v -41.012 		-6.922 		38.617
v 5.948 		-8.679 		42.305
v -33.552 		8.25 		19.054
v 2.69 		-9.87 		41
v -31.681 		-16.681 		11.96
v -23.076 		-10.872 		9.836
v -23.268 		-10.757 		10.081
v -26.4835 		11.3872 		15.4595
v -29.546 		3.317 		25.824
v -29.5408 		3.3163 		25.8357
v -29.5428 		3.3219 		25.8385
v -29.5062 		3.2662 		25.8074
v -35.61 		-18.083 		12.664
v -26.489 		11.394 		15.448
v -29.3843 		3.0988 		25.7114
v -32.77 		8.882 		19.095
v -26.4899 		11.3929 		15.4569
v -22.871 		-11.063 		9.473
v -22.912 		-11.079 		9.838
v -22.955 		-11.059 		9.773
v -26.506 		11.4041 		15.4502
v -30.061 		3.678 		24.883
v -42.026 		-6.472 		38.729
v -26.5755 		11.4517 		15.4217
v -26.5978 		11.4706 		15.3922
v -36.914 		-17.417 		15.432
v 7.088 		-9.451 		41
v -36.914 		-16.917 		15.432
v -42.309 		-6.354 		38.002
v -25.577 		10.917 		15.371
v -29.66 		3.167 		24.716
v 11.254 		-8.875 		41
v -29.2145 		2.9198 		25.5997
v -23.264 		-11.081 		9.41
v -32.876 		8.417 		18.557
v -41.258 		-6.836 		37.497
v -37.045 		-16.583 		15.084
v -31.537 		-16.611 		12.156
v -40.971 		-6.918 		37.528
v -29.0423 		2.783 		25.5044
v -28.9957 		2.7499 		25.4803
v -26.0709 		10.917 		15.8848
v -28.9951 		2.7496 		25.48
v -26.1158 		10.9384 		16.2204
v -26.1031 		10.9314 		16.1381
v -41.539 		-6.737 		37.528
v 12.44 		-9.451 		39.592
v -41.806 		-6.628 		37.609
v -29.559 		2.429 		25.48
v -26.1234 		10.9405 		16.2406
v 8.655 		-10.513 		38.106
v -26.1951 		10.9823 		16.3206
v -26.1282 		10.9426 		16.2489
v -31.794 		-16.706 		11.731
v -33.291 		8.886 		18.83
v 13.302 		-9.87 		38.106
v -42.432 		-6.188 		37.457
v -36.966 		-16.66 		15.305
v -26.0598 		10.917 		15.7354
v -25.611 		11.25 		15.44
v -41.587 		-6.586 		37.016
v -25.855 		11.25 		15.671
v -25.922 		11.25 		15.419
v -28.8405 		2.6644 		25.4265
v -26.06 		11.25 		15.503
v -33.741 		8.886 		18.571
v -28.9443 		2.7193 		25.4617
v -33.714 		8.892 		18.589
v -33.622 		8.886 		18.692
v 9.056 		-10.784 		36.566
v -37.043 		-17.981 		15.089
v 13.825 		-10.124 		36.566
v -25.916 		10.917 		15.701
v 9.19 		-10.875 		35
v -41.219 		-6.715 		36.975
v -31.607 		3.816 		26.515
v -40.969 		-6.79 		36.992
v -37.15 		-18.083 		14.73
v 14 		-10.209 		35
v -31.878 		-16.884 		11.773
v -30.609 		1.562 		25.48
v 9.056 		-10.784 		33.434
v -26.3577 		11.25 		15.5106
v -26.309 		11.25 		15.531
v -31.821 		-16.917 		11.915
v -31.246 		0.664 		25.48
v 13.825 		-10.124 		33.434
v -31.793 		-16.83 		11.972
v -23.874 		-10.812 		10.173
v -34.302 		8.25 		18.592
v -31.803 		-16.917 		12.063
v -26.1157 		10.9753 		15.7461
v -26.3407 		11.2129 		15.755
v -26.3711 		11.25 		15.6921
v -34.428 		8.75 		18.989
v -19.601 		15.053 		24.173
v 3.304 		-10.513 		39.592
v -18.191 		15.298 		23.37
v -26.3875 		11.25 		15.7583
v -18.33 		15.708 		23.17
v -37.066 		-20.114 		16.215
v 7.996 		-10.066 		39.592
v -31.828 		-16.917 		12.211
v -23.705 		-10.806 		9.264
v -46.802 		-1.738 		36.566
v -47.149 		-0.25 		36.566
v -45.764 		-3.201 		36.566
v -24.051 		-10.75 		9.427
v -47.5 		-0.25 		35
v -37.326 		-20.114 		15.952
v -47.149 		-1.751 		35
v -46.103 		-3.226 		35
v -37.306 		-20.1 		15.777
v -18.147 		12.331 		23.433
v -37.09 		-20.101 		16.171
v -17.593 		13.651 		22.952
v -17.444 		13.41 		22.832
v -17.393 		14.271 		22.79
v -47.149 		-0.25 		33.434
v -46.802 		-1.738 		33.434
v -17.614 		13.871 		22.969
v -31.18 		-18.06 		11.81
v -17.139 		13.156 		22.575
v -45.764 		-3.201 		33.434
v 3.75 		-10.98 		38.106
v -42.914 		-5.449 		36.786
v -42.266 		-5.942 		36.529
v -23.582 		-10.915 		9.183
v -24.158 		-11.009 		8.563
v -19.596 		12.614 		24.426
v -26.479 		11.4326 		14.9012
v -37.58 		-20.25 		15.064
v -37.473 		-20.102 		15.345
v -31.685 		-17.75 		12.05
v -26.6044 		11.5253 		14.9659
v -26.5263 		11.4683 		14.9166
v -37.618 		-20.101 		14.903
v -26.5547 		11.4903 		14.9205
v -31.567 		-17.888 		11.878
v -42.9113 		-5.2636 		36.566
v -37.806 		-20.114 		14.573
v -19.972 		14.168 		23.027
v -19.915 		13.377 		23.087
v -23.504 		-11.074 		9.132
v 4.021 		-11.263 		36.566
v -25.539 		11.25 		15.14
v -31.362 		-17.994 		12.05
v -17.35 		-12.576 		10.58
v -42.7007 		-5.4071 		36.3994
v -16.771 		-13.126 		10.58
v 4.112 		-11.358 		35
v -42.3669 		-5.6236 		36.2116
v -42.1896 		-5.7325 		36.1548
v -42.0368 		-5.8221 		36.136
v -31.599 		-18.045 		11.266
v -41.796 		-5.966 		36.0868
v 4.021 		-11.263 		33.434
v -38.414 		-20.25 		15.062
v -31.055 		-18.083 		11.308
v -20.241 		12.538 		23.189
v -31.424 		-18.068 		11.319
v -17.492 		-12.692 		9.835
v -19.972 		12.585 		23.027
v -33.155 		11.055 		18.408
v -41.596 		-6.085 		36.045
v 1.5 		-11.3197 		33
v 0.1993 		-11.3922 		33
v -16.494 		-14.208 		9.411
v -41.5264 		-6.0878 		36.0105
v -41.6076 		-6.0533 		36.0141
v -31.707 		-17.838 		11.687
v -41.5853 		-6.0626 		36.0147
v -18.372 		14.936 		21.469
v -18.197 		15.657 		20.729
v -40.609 		-20.118 		14.483
v 1.5 		-33.25 		33
v -31.417 		-18.033 		11.539
v -42.007 		-6 		35
v -33.397 		11.328 		18.267
v -17.669 		14.961 		20.75
v -33.451 		11.583 		18.234
v -40.546 		-19.976 		15.301
v -16.552 		14.798 		22.04
v -31.479 		-17.75 		11.308
v -31.108 		-17.75 		11.32
v -17.079 		14.52 		22.526
v -25.963 		11.25 		14.905
v -44.055 		-4.613 		36.566
v -25.814 		11.25 		15.155
v -43.064 		-5.1364 		36.6597
v -33.424 		12.211 		18.251
v -43.1921 		-5.0071 		36.7912
v -25.84 		11.25 		15.295
v -25.629 		10.933 		14.891
v -44.379 		-4.651 		35
v -37.295 		-16.583 		13.18
v -25.659 		11.25 		14.85
v -18.295 		14.653 		21.55
v -18.068 		-12.692 		8.686
v -37.267 		-18.083 		12.882
v -31.882 		-17.417 		11.775
v -33.451 		12.083 		18.234
v 31.4261 		-3.823 		32.6164
v -37.295 		-16.583 		13.82
v -31.803 		-17.417 		12.063
v 32.2263 		-3.1605 		32.6141
v -31.814 		-17.589 		12.247
v -34.58 		10.875 		17.358
v -17.224 		-13.343 		9.07
v -19.179 		15.263 		21.955
v -41.891 		-6.253 		36.599
v -17.144 		-13.915 		8.422
v -31.821 		-17.417 		11.915
v -18.552 		14.474 		21.857
v 32.2301 		-2.8305 		32.2811
v 31.7634 		-3.1117 		31.894
v -41.006 		-6.57 		36.479
v 32.0198 		-2.75 		31.894
v -37.817 		-20.25 		13.575
v -37.815 		-20.123 		13.537
v -19.408 		15.874 		21.627
v -31.824 		-17.672 		11.746
v 30.088 		-3.693 		31.094
v 31.7356 		-3.1236 		31.8776
v -37.753 		-20.102 		14.314
v -37.758 		-20.114 		14.254
v -33.599 		8.417 		18.139
v -31.79 		-17.589 		11.917
v -41.0172 		-6.2966 		36.0548
v -16.481 		12.809 		21.971
v 31.7504 		-3.1173 		31.8863
v 31.8713 		-2.75 		31.7682
v 32.2428 		-1.6808 		31.4408
v -44.055 		-4.613 		33.434
v 31.4185 		-1.6504 		30.7241
v 31.3903 		-2.3508 		31.1208
v -18.193 		12.976 		21.72
v -41.703 		-5.951 		33.434
v -16.461 		-16.327 		8.96
v -17.225 		12.553 		20.639
v -34.255 		8.417 		17.65
v 31.3742 		-2.75 		31.3471
v 32.2971 		-1.2112 		31.393
v 32.4082 		-0.25 		31.2951
v -35.243 		-8.312 		36.566
v -35.491 		-8.382 		35
v -34.292 		8.878 		18.202
v -34.252 		8.75 		18.237
v -25.737 		10.616 		15.212
v 30.088 		-3 		30.408
v -23.232 		-15.667 		11.878
v -25.937 		11.25 		14.648
v -18.043 		12.585 		21.5
v -35.243 		-8.312 		33.434
v 30.2654 		-2.75 		30.408
v 31.4374 		-0.25 		30.4583
v 31.4366 		-0.3103 		30.4697
v -34.76 		8.374 		17.745
v 31.4366 		-0.1898 		30.4697
v -6.5 		-7.251 		25.48
v -38.627 		-20.25 		13.5
v -24.407 		-14.028 		9.927
v -38.481 		-20.443 		14.278
v -30.853 		-16.583 		10.859
v -31.295 		-16.583 		11.104
v -18.931 		13.89 		22.333
v 29.8492 		-2.75 		30.1652
v -31.658 		-16.583 		10.903
v -31.706 		-16.583 		10.767
v -27.151 		-9.35 		15.5
v 26.304 		-4.061 		29
v 27.797 		-2.828 		29
v -27.587 		-8.637 		15.155
v -26.1215 		11.0783 		14.6169
v -26.0596 		11.0002 		14.6169
v -19.123 		14.168 		22.423
v -26.038 		10.9737 		14.6347
v -18.887 		13.62 		22.332
v -26.0415 		10.9776 		14.621
v -26.1071 		11.0543 		14.4617
v -26.1387 		11.0921 		14.4071
v -26.225 		11.25 		14.819
v 27.8523 		-2.75 		29
v -27.024 		-10.954 		16.179
v -31.509 		-16.583 		11.043
v -26.943 		-10.343 		15.935
v -37.774 		-20.25 		12.823
v -37.774 		-20.126 		12.823
v -18.783 		14.243 		22.131
v -27.269 		-10.685 		14.558
v 27.6818 		-2.75 		28.9266
v -0.04 		-7.012 		25.48
v 24.919 		-7.012 		31.894
v -6.5 		-6 		24.608
v -2.509 		-5.877 		24.608
v -31.662 		-16.583 		10.583
v 27.797 		-5.804 		31.894
v -18.988 		12.302 		22.228
v -31.555 		-16.583 		10.472
v -31.239 		-16.583 		10.383
v -31.024 		-16.583 		10.443
v -30.85 		-16.583 		10.626
v -38.574 		-20.25 		12.714
v -18.642 		13.288 		22.142
v 30.088 		-4.501 		31.894
v -34.894 		8.873 		17.703
v -27.452 		-11.846 		15.017
v -14.004 		-8.105 		26.515
v 30.2733 		-4.3479 		31.894
v -27.284 		-11.271 		14.798
v -12.96 		-7.012 		25.48
v -35.774 		8.75 		17.877
v -20.566 		16.186 		23.843
v -21.354 		16.096 		24.301
v 26.304 		-5.562 		30.408
v -34.964 		8.386 		18.32
v -35.584 		8.25 		17.47
v 29.8953 		-4.4786 		31.7141
v 28.1934 		-4.9602 		31.0513
v -26.2829 		11.25 		14.6145
v -15.548 		-5.396 		24.608
v -26.3024 		11.25 		14.8448
v -35.581 		8.386 		17.75
v -10.491 		-5.877 		24.608
v 27.665 		-5.1096 		30.8457
v 27.8463 		-4.6853 		30.408
v -21.297 		14.781 		23.608
v 28.6468 		-4.1914 		30.408
v 30.088 		-4.412 		31.8059
v -22.046 		14.432 		24.103
v -26.9386 		11.5313 		16.2199
v -26.8338 		11.4501 		16.3115
v 27.898 		-4.3797 		30.1489
v 28.2823 		-4.2911 		30.2707
v -38.947 		-20.183 		13.092
v -21.822 		15.27 		23.633
v -39.99 		-20.114 		13.044
v -27.376 		-10.111 		14.308
v -27.3184 		11.8118 		15.8154
v -27.0129 		11.583 		16.1531
v -31.284 		-17.75 		11.107
v -27.633 		-9.576 		14.057
v -31.042 		-17.75 		11.046
v -31.59 		-17.75 		10.991
v 28.4613 		-4.2422 		30.3381
v -28 		-9.091 		13.814
v -30.87 		-17.75 		10.894
v -20.828 		14.93 		23.28
v -27.5528 		11.948 		15.5564
v 32.5 		-5.941 		28
v 32.5 		-6.75 		28.588
v -40.559 		-20.013 		12.649
v 31.825 		-2.75 		25
v -28.195 		-9.861 		12.707
v -28.671 		12.027 		16.203
v 25.0347 		-2.75 		27.813
v 26.7625 		-2.75 		28.5309
v 25.0518 		-2.75 		27.8201
v -23.02 		15.085 		24.261
v 25.0413 		-2.7391 		27.8103
v 25.1102 		-2.6254 		27.7817
v -23.078 		15.657 		23.946
v -6.5 		-10.209 		29
v -36.723 		-20.583 		15.84
v 24.919 		-2.611 		27.695
v -1.865 		-10.124 		29
v -24.532 		15.657 		24.443
v -27.687 		12.083 		15.408
v -27.661 		12.211 		15.39
v -27.69 		-11.938 		13.625
v -37.215 		-20.583 		14.441
v -27.618 		-11.39 		13.407
v -28.164 		12.144 		15.568
v -6.5 		-9.374 		27.695
v -27.804 		-10.5 		13.016
v -23.34 		16.308 		23.497
v -27.687 		12.0249 		15.408
v -37.518 		-20.75 		16.133
v -30.721 		-17.75 		11.118
v -38.053 		-20.75 		14.654
v -22.348 		13.452 		24.389
v -28.056 		-12.203 		12.392
v 25.3195 		-2.0464 		27.695
v -26.667 		11.5664 		15.0603
v -2.254 		-9.296 		27.695
v -26.6676 		11.5631 		15.1049
v -22.432 		14.079 		24.359
v -22.47 		13.638 		24.433
v -37.038 		-20.583 		15.157
v -28.776 		-9.336 		12.424
v -28.864 		-8.466 		13.457
v -26.67 		11.532 		15.2936
v -31.72 		-17.75 		11.195
v -35.325 		8.417 		16.492
v -32.462 		-8.416 		13.026
v -27.9568 		12.1436 		15.2689
v -37.917 		-20.614 		15.751
v -34.834 		8.417 		17.098
v -6.5 		-8.382 		26.515
v -22.505 		13.864 		24.424
v -28.0935 		12.2042 		15.1968
v -27.8114 		12.083 		15.3288
v -27.8226 		12.0886 		15.3202
v -2.716 		-8.312 		26.515
v -38.173 		-20.614 		15.017
v 25.512 		-1.4322 		27.6152
v -35.175 		8.75 		17.406
v -21.864 		13.1 		24.164
v -37.301 		-20.583 		13.714
v 25.5199 		-1.3572 		27.612
v 25.6356 		-0.25 		27.5641
v -30.766 		-18.08 		11.16
v 21.504 		-8.105 		31.894
v -38.162 		-20.75 		13.887
v -21.633 		12.309 		23.903
v -37.318 		-20.583 		13.715
v -12.4127 		-11.2216 		31.894
v -27.8234 		12.0894 		15.3176
v -20.859 		12.703 		23.594
v 20.285 		-7.763 		30.408
v -36.116 		8.386 		17.126
v -37.729 		-20.626 		13.993
v -36.246 		8.557 		17.194
v -31.334 		-17.75 		10.392
v -31.603 		-17.75 		10.513
v -31.707 		-17.75 		10.729
v -30.911 		-17.75 		10.535
v -30.832 		-17.75 		10.71
v -36.176 		8.817 		17.388
v -28.3407 		12.254 		15.1936
v -28.2599 		12.2392 		15.1872
v -28.1231 		12.2129 		15.1828
v -28.489 		-13.171 		15.448
v -38.38 		-20.614 		13.5
v -23.041 		12.532 		24.574
v 23.552 		-6.718 		30.408
v -28.506 		12.2585 		15.2319
v 18.607 		-7.292 		29
v -28.4616 		12.2613 		15.206
v -28.4225 		12.2581 		15.2053
v -19.716 		12.053 		24.5
v -28.464 		-13.267 		14.087
v -27.737 		-12.393 		15.212
v -18.147 		11.275 		23.433
v 21.67 		-6.313 		29
v 24.25 		-5.23 		29
v -18.178 		11.164 		23.388
v -31.882 		-18.027 		11.019
v -24.943 		8.567 		15.935
v -37.279 		-20.583 		12.985
v -25.024 		9.178 		16.179
v -27.973 		-12.641 		13.884
v -31.965 		-17.75 		10.874
v -25.269 		8.909 		14.558
v -31.951 		-18.073 		10.605
v -20.159 		10.541 		23.913
v -37.296 		-20.583 		12.984
v -16.304 		-10.513 		30.408
v -38.108 		-20.75 		12.73
v -12.4682 		-11.1337 		31.6378
v -12.7345 		-10.712 		30.408
v -20.361 		10.108 		23.625
v -38.328 		-20.614 		12.737
v -36.786 		8.75 		16.546
v -28.201 		-12.697 		12.58
v -31.81 		-18.083 		10.358
v -31.951 		-17.75 		10.568
v -31.753 		-17.75 		10.309
v -30.671 		-13.804 		16.203
v -35.928 		8.75 		16.467
v -30.164 		-13.92 		15.568
v -15.69 		-9.87 		29
v -25.284 		9.494 		14.798
v -25.452 		10.069 		15.017
v -16.718 		10.541 		21.161
v -32.026 		-13.895 		15.345
v -13.1778 		-10.0101 		29
v -11.135 		-10.124 		29
v -12.885 		-10.4738 		29.9302
v -31.339 		-14.006 		15.469
v -29.272 		-13.634 		15.551
v -26.491 		12.116 		14.049
v -17.851 		11.817 		20.958
v -35.922 		8.881 		16.475
v -18.198 		11.097 		20.73
v -26.489 		11.583 		14.046
v 23.552 		-3.741 		27.695
v -33.127 		-17.589 		10.273
v 21.504 		-2.355 		26.515
v -26.3809 		11.3864 		14.1149
v -26.4471 		11.4685 		14.08
v -19.12 		11.693 		22.039
v 22.243 		-1.311 		26.515
v -39.662 		10.445 		20.418
v -30.414 		-16.583 		9.43
v 22.491 		-0.25 		26.515
v -40.027 		10.505 		20.114
v -14.919 		-9.063 		27.695
v -10.746 		-9.296 		27.695
v -26.4758 		11.5007 		14.0656
v -20.221 		10.81 		22.176
v -26.4615 		11.4846 		14.0728
v -26.4661 		11.4904 		14.0704
v -19.306 		11.124 		21.773
v -26.4696 		11.4945 		14.0685
v 17.263 		-0.93 		24.804
v -10.284 		-8.312 		26.515
v 17.51 		-0.222 		25.109
v -19.671 		10.445 		21.346
v -30.97 		-17.75 		10.21
v -31.425 		-17.75 		10.167
v -26.5741 		11.583 		13.9846
v -1.817 		-2.914 		23.409
v -26.541 		11.5555 		14.0095
v -26.5287 		11.5444 		14.0303
v -26.4949 		11.5162 		14.0571
v -29.919 		-14.129 		14.279
v -29.127 		-13.775 		14.222
v 18.246 		-1.164 		25.48
v -30.996 		-18.083 		10.196
v -38.409 		9.428 		19.592
v -29.764 		-14.233 		13.038
v -17.91 		9.352 		20.592
v -17.465 		9.71 		20.804
v -25.973 		10.864 		13.884
v -29.091 		-13.834 		12.95
v -31.347 		-18.083 		10.155
v -2.979 		-1.376 		23.103
v -2.06 		-1.082 		23.103
v -32.5 		-14.093 		13.97
v -26.493 		12.148 		12.948
v -31.665 		-14.294 		14.148
v -25.033 		12.21 		12.512
v 18.459 		-0.25 		25.48
v -30.784 		-14.306 		14.254
v -20.007 		8.532 		20.771
v -20.103 		8.695 		21.286
v -7.533 		-3.195 		23.409
v -7.542 		-1.719 		23.103
v -31.336 		-14.555 		12.992
v -38.311 		9.305 		19.295
v -30.529 		-14.478 		13.053
v -6.5 		-1.751 		23.103
v -20.196 		9.883 		20.912
v -5.458 		-1.719 		23.103
v -32.618 		-18.06 		9.976
v -4.138 		-1.593 		23.103
v -26.489 		12.083 		12.954
v -6.5 		-0.25 		23
v -28.043 		-11.7 		12.185
v -36.344 		-18.125 		10.536
v -28.136 		-11.207 		11.971
v 16.4554 		-1.1272 		25.1308
v -26.489 		11.583 		12.954
v 16.4916 		-1.0993 		25.134
v -28.635 		-11.574 		10.889
v -38.142 		8.441 		18.918
v -26.5957 		11.5135 		13.0254
v -26.5324 		11.4171 		12.9463
v -26.519 		11.3918 		12.8956
v -6.5 		-4.651 		23.913
v -3.446 		-4.557 		23.913
v -37.067 		9.024 		19.349
v -0.496 		-4.316 		23.913
v 16.923 		-0.7346 		25.2017
v 16.7866 		-0.8499 		25.1803
v -21.94 		11.132 		23.464
v 17.2743 		-0.2797 		25.2497
v 17.2931 		-0.25 		25.252
v -24.728 		-10.872 		9.401
v -26.6026 		11.5229 		13.0337
v -16.052 		-3.741 		23.913
v -36.871 		8.886 		18.579
v -15.304 		-1.9 		23.409
v -24.813 		-11.009 		9.466
v -13.482 		-2.483 		23.409
v -24.602 		-11.167 		9.723
v -24.962 		-20.75 		8.408
v 17.3345 		-0.1726 		25.2636
v -40.573 		9.352 		20.374
v 17.3521 		-0.0731 		25.2716
v -22.885 		11.817 		24.276
v -26.009 		-20.583 		8.631
v -26.772 		-20.583 		8.262
v -25.328 		-20.583 		9.097
v -26.056 		10.426 		12.392
v -23.078 		11.097 		23.946
v -26.301 		11.25 		12.327
v -25.578 		-10.752 		8.262
v -25.89 		-10.785 		8.373
v -25.992 		-10.872 		8.496
v 20.285 		-3.362 		26.515
v -24.043 		10.505 		23.815
v -39.258 		9.838 		19.747
v -39.615 		8.532 		18.705
v -39.054 		8.388 		18.437
v 16.559 		-2.929 		25.48
v -36.7495 		-20.1665 		10.2912
v 17.609 		-2.062 		25.48
v -11.183 		-2.914 		23.409
v -24.71 		-20.583 		9.618
v -26.201 		10.92 		12.58
v -20.847 		9.352 		22.928
v -40.657 		9.301 		20.119
v -11.67 		-0.442 		23.103
v 16.5 		-6.701 		27.695
v -25.386 		-10.958 		8.973
v -10.94 		-1.082 		23.103
v 19.306 		-5.804 		27.695
v -40.884 		8.886 		18.481
v -10.021 		-1.376 		23.103
v -8.862 		-1.593 		23.103
v -26.3551 		11.0884 		12.3152
v -23.708 		9.352 		24.293
v -26.2717 		10.9972 		12.4586
v 21.67 		-4.812 		27.695
v -23.186 		9.301 		23.966
v -25.884 		-11.167 		8.722
v -34.63 		-16.486 		8.881
v 16.5 		-5.2 		26.515
v -21.157 		9.301 		22.998
v 18.607 		-4.316 		26.515
v -33.422 		-16.583 		8.232
v -12.504 		-4.316 		23.913
v -38.849 		8.391 		18.339
v -9.554 		-4.557 		23.913
v -38.466 		8.509 		18.157
v -34.126 		-16.586 		8.576
v -38.481 		8.715 		17.643
v -23.138 		8.886 		23.185
v 17.609 		-9.063 		31.894
v -16.227 		-15.73 		20.538
v -26.3987 		11.217 		12.8018
v -26.3975 		11.2153 		12.8006
v -26.3908 		11.1371 		12.3211
v -26.2841 		11.0202 		12.5019
v 16.559 		-8.679 		30.408
v -26.339 		11.1119 		12.628
v -24.489 		9.836 		23.177
v -15.951 		-13.539 		19.147
v -16.342 		-13.702 		19.877
v -15.653 		-14.047 		19.203
v -21.163 		10.505 		22.477
v 26.393 		-1.75 		16.651
v 24.593 		-1.75 		16.84
v -34.407 		-16.76 		8.739
v -34.451 		-16.917 		8.766
v 26.393 		-5.75 		16.651
v 24.593 		-4.39 		16.84
v -22.136 		8.477 		21.596
v -26.775 		-11.059 		8.243
v -26.627 		-11.167 		8.327
v -26.2835 		10.9365 		12.2985
v -34.4503 		-17.4008 		8.7668
v -25.426 		-20.626 		8.547
v -26.2701 		10.9637 		12.4011
v -38.045 		8.886 		17.034
v -21.606 		9.838 		21.842
v -38.681 		8.988 		17.058
v -26.639 		12.083 		13.962
v -26.717 		12.21 		13.942
v 26.441 		-5.75 		16.796
v 26.441 		-1.75 		16.796
v -15.933 		-15.997 		20.126
v -29.51 		-8.96 		12.184
v -34.33 		-17.789 		8.692
v -17.798 		-17.3 		7.381
v -15.331 		-16.362 		19.147
v -26.7284 		11.7107 		13.8793
v -34.397 		-17.672 		8.733
v -16.261 		-14.57 		20.427
v -18.108 		-17.868 		7.529
v -26.907 		12.17 		13.5
v -34.4502 		-17.4171 		8.7669
v -34.4502 		-17.4171 		8.7669
v -34.4502 		-17.417 		8.7669
v -26.955 		12.267 		13.417
v -39.922 		9.305 		16.911
v -16.081 		-14.355 		20.04
v -17.578 		-16.691 		7.275
v -33.716 		-18.083 		8.364
v -22.154 		9.305 		21.059
v 20.984 		-1.381 		20.665
v 21.307 		-0.589 		21.065
v -26.925 		12.25 		13.665
v -30.346 		-8.76 		12.006
v 21.411 		-0.156 		21.193
v -14.69 		-13.702 		17.513
v -26.866 		11.8541 		13.3581
v -28.805 		-10.21 		11.481
v -29.413 		-9.794 		11.24
v -21.794 		9.428 		21.14
v -30.138 		-9.528 		11.047
v -26.843 		12.083 		13.719
v -34.451 		-17.417 		8.766
v -15.214 		-12.904 		17.262
v -22.867 		8.532 		22.136
v -23.192 		8.388 		21.672
v -15.537 		-12.54 		17.109
v -40.412 		9.547 		17.145
v 18.88 		-1.641 		22.589
v -31.226 		-8.747 		11.901
v -16.418 		-16.721 		6.21
v -16.384 		-16.7139 		6.2558
v -26.8963 		11.8706 		13.4618
v -40.874 		9.836 		17.365
v -14.329 		-14.673 		16.618
v -32.092 		-8.925 		11.875
v -26.8641 		11.8377 		13.5747
v -26.7905 		11.7763 		13.6326
v 18.523 		-0.087 		24.311
v -30.931 		-9.429 		10.916
v 19.26 		-0.94 		23.058
v -31.737 		-9.506 		10.855
v 19.449 		-0.334 		23.291
v -32.503 		-9.751 		10.87
v -16.247 		-14.832 		17.523
v -16.16 		-15.623 		17.547
v -26.863 		11.8503 		13.348
v -34.612 		-20.1 		8.346
v -28.954 		-11.053 		10.637
v -26.774 		12.21 		13.124
v -23.309 		8.391 		21.504
v -26.843 		12.083 		13.281
v -40.037 		8.509 		16.42
v -29.729 		-10.471 		10.307
v -26.639 		12.083 		13.038
v 16.431 		-1.963 		23.776
v 16.789 		-1.655 		24.219
v -16.549 		-17.836 		6.785
v 17 		-1.393 		24.48
v -40.48 		8.391 		16.42
v -23.53 		8.509 		21.187
v 17.582 		-1.933 		23.148
v -40.715 		8.388 		16.42
v -31.07 		-10.148 		10.021
v -22.839 		8.697 		20.59
v 18.294 		-0.867 		24.029
v -30.16 		-11.029 		9.458
v -30.439 		-10.926 		9.383
v -18.313 		-19.29 		6.414
v -14.42 		-15.388 		16.889
v -14.368 		-15.59 		16.738
v -26.6462 		11.583 		13.0855
v -26.7476 		11.7165 		13.1592
v -30.573 		-11.611 		8.782
v -14.416 		-14.972 		16.876
v -36.328 		-20.114 		9.76
v -36.3534 		-20.1292 		9.7883
v -36.595 		-20.117 		10.069
v -41.184 		12.331 		22.606
v -41.107 		15.298 		22.57
v -29.05 		-12.179 		10.061
v -26.819 		11.7968 		13.2432
v -19.435 		-19.895 		6.36
v -26.7551 		11.7247 		13.1648
v -29.461 		-11.507 		9.735
v 18.645 		-1.932 		22.298
v -29.667 		-11.322 		9.635
v -42.561 		14.885 		20.852
v -25.376 		8.335 		14.308
v -36.6006 		-20.183 		10.0775
v -36.556 		-20.25 		10.014
v -36.4235 		-20.171 		9.8664
v 19.938 		-1.533 		21.654
v -36.5458 		-20.183 		10.0071
v -25.804 		8.723 		13.016
v -25.618 		9.614 		13.407
v 20.293 		-0.781 		22.093
v -18.758 		-19.648 		6.626
v 20.467 		-0.148 		22.308
v -36.5757 		-20.1829 		10.0417
v -29.813 		-12.131 		9.084
v -16.551 		14.466 		19.672
v -36.2837 		-20.1331 		9.7108
v -36.2156 		-20.1382 		9.6438
v -25.69 		10.162 		13.625
v 17.346 		-2.616 		20.693
v 17.048 		-2.305 		22.489
v -35.931 		-20.114 		9.218
v 17.809 		-2.516 		21.265
v -18.673 		-19.699 		6.882
v -31.35 		-10.813 		9.233
v -17.059 		15.879 		19.057
v -42.19 		15.461 		20.85
v -32.136 		-10.288 		9.957
v -17.286 		15.657 		19.669
v -15.958 		-14.841 		16.77
v -16.675 		15.27 		19.241
v 18.245 		-2.276 		21.804
v -19.668 		-18.555 		6.582
v -42.5 		12.638 		21.294
v 19.457 		-2.129 		21.06
v -20.072 		-19.163 		7.253
v -19.303 		-18.495 		6.887
v -15.963 		-14.985 		16.873
v 20.527 		-2.027 		20.101
v -16.749 		14.129 		20.086
v -43.1416 		12.3274 		20.48
v -42.9547 		12.288 		20.7323
v -36.013 		-20.25 		9.41
v 21.303 		-2.129 		18.78
v -15.681 		-15.09 		16.919
v -30.734 		-10.855 		9.32
v -15.942 		-15.25 		16.929
v -36.2476 		-20.1487 		9.6707
v 21.784 		-1.533 		19.374
v -15.859 		-15.608 		16.751
v 22.068 		-0.985 		19.725
v -16.661 		13.436 		20.097
v 22.21 		-0.578 		19.9
v -16.787 		13.943 		20.19
v -31.661 		-10.842 		9.209
v -28.9529 		12.0946 		15.948
v -28.9531 		12.1123 		15.893
v -32.262 		-11 		9.206
v -28.9479 		12.083 		15.9846
v 23.109 		-0.334 		18.77
v -41.129 		11.164 		22.58
v -41.184 		11.275 		22.606
v -16.772 		13.717 		20.214
v -31.213 		-12.117 		8.227
v -31.564 		-11.488 		8.618
v -16.661 		-16.856 		5.921
v 23.839 		-0.487 		17.507
v -41.765 		10.541 		20.943
v -35.42 		-20.105 		8.895
v -15.775 		-15.833 		16.464
v -16.948 		-17.669 		6.058
v -17.578 		-17.368 		4.915
v -18.146 		-17.725 		4.394
v -18.146 		-16.669 		4.394
v -23.565 		12.417 		17.239
v -32.063 		-11.59 		8.604
v -23.152 		15.792 		16.775
v -22.764 		-8.151 		27.695
v -18.201 		-17.836 		4.42
v -32.52 		-11.795 		8.637
v -24.149 		-6.701 		26.515
v -20.996 		-7.292 		26.515
v 24.5 		-1.75 		17
v 22.8805 		-1.9328 		16.6797
v 24.407 		-1.75 		16.84
v 22.806 		-1.9327 		16.822
v -16.569 		11.7 		19.291
v -42.669 		12.144 		21.079
v -41.752 		11.632 		22.085
v -30.843 		-12.206 		8.306
v 22.994 		-1.933 		16.463
v -28.8222 		12.234 		15.409
v -28.7964 		12.2383 		15.3905
v -16.911 		11.817 		19.864
v -28.8186 		12.2225 		15.4537
v -16.879 		11.132 		19.143
v -28.9386 		12.1796 		15.63
v -28.9535 		12.1504 		15.7449
v 23.099 		-1.75 		16.7027
v -28.9528 		12.1487 		15.7511
v 23.0244 		-1.75 		16.8449
v -28.9523 		12.1483 		15.7528
v -42.382 		11.331 		20.942
v 23.54 		-1.219 		17.138
v -17.595 		-7.763 		26.515
v -42.912 		12.279 		20.79
v -35.386 		-20.25 		8.864
v -25.635 		-12.389 		8.881
v -24.149 		-5.2 		25.48
v -21.694 		-5.804 		25.48
v -18.98 		-6.313 		25.48
v -41.017 		9.71 		20.586
v -17.633 		10.818 		19.761
v -18.442 		-16.462 		6.125
v -42.759 		15.298 		20.205
v 22.306 		-1.932 		17.777
v -23.509 		-3.438 		24.608
v -19.988 		-4.564 		24.608
v -28.542 		-12.749 		11.386
v -18.489 		10.505 		20.316
v -28.483 		-12.301 		11.208
v -19.604 		-16.698 		5.089
v -30.1238 		11.8781 		15.9473
v -29.9746 		11.9202 		15.9612
v -30.2002 		11.8604 		15.9293
v -16.951 		9.889 		20.429
v -29.7465 		11.8711 		16.3093
v -19.833 		-17.308 		5.198
v -29.901 		-14.285 		10.836
v -41.426 		15.27 		19.569
v -29.174 		-13.833 		11.764
v -36.774 		-20.25 		9.123
v -29.8321 		11.9075 		16.1271
v -28.773 		-13.322 		11.597
v -29.7449 		11.9015 		16.2233
v -36.073 		-20.443 		8.591
v 20.882 		-2.456 		18.26
v -29.667 		-14.106 		10.788
v -31.607 		-7.292 		29
v -29.461 		-13.904 		10.728
v -19.931 		-17.183 		5.042
v -28.115 		-8.151 		29
v -29.288 		-13.683 		10.656
v -28.989 		-12.943 		10.384
v -30.5414 		11.6528 		16.1068
v -30.5224 		11.6735 		16.0669
v -30.4371 		11.7237 		16.028
v -37.045 		-16.583 		11.916
v -30.2221 		11.8521 		15.9241
v 21.316 		-2.559 		16.554
v -19.668 		-18.19 		6.108
v -28.115 		-3.75 		25.48
v -20.155 		-17.876 		5.352
v -30.5903 		11.5517 		16.2972
v -30.5681 		11.6154 		16.1624
v -30.6121 		11.5591 		16.2398
v 22.2106 		-2.2632 		16.6804
v 21.9956 		-2.34 		16.6091
v -36.966 		-16.66 		11.695
v -18.086 		8.886 		19.397
v -41.728 		14.614 		19.664
v -26.825 		-1.001 		24.608
v -28.7207 		12.2483 		15.3455
v -25.871 		-2.094 		24.608
v 22.2281 		-2.2536 		16.6863
v -36.914 		-16.917 		11.569
v -30.715 		12.285 		14.863
v 22.256 		-2.2384 		16.6955
v -19.261 		9.836 		19.948
v 21.3734 		-2.5499 		16.4028
v -32.47 		-14.508 		11.667
v 21.4516 		-2.5338 		16.4287
v -20.33 		8.388 		20.307
v -36.932 		-16.76 		11.611
v -31.787 		-14.672 		11.813
v -20.448 		8.391 		20.138
v -31.04 		-14.721 		10.887
v -17.566 		-18.459 		6.057
v -36.936 		-17.672 		11.621
v -30.362 		-14.537 		11.92
v -20.212 		9.305 		19.494
v 22.2591 		-2.2679 		16.5356
v -31.459 		-0.25 		25.48
v -31.246 		-1.164 		25.48
v -32.541 		-14.534 		10.638
v 22.607 		-2.076 		16.651
v -31.967 		-14.708 		10.776
v -37.013 		-17.929 		11.824
v 22.4261 		-2.1813 		16.591
v 22.559 		-2.062 		16.796
v 22.3131 		-2.2428 		16.5535
v -16.492 		10.445 		17.165
v -37.15 		-18.083 		12.27
v -16.804 		10.505 		17.967
v -30.734 		-14.658 		10.896
v 16.725 		-2.559 		19.926
v -29.794 		-4.056 		25.593
v -31.189 		11.3816 		15.6515
v -31.1494 		11.4345 		15.5864
v -31.0366 		11.583 		15.4062
v 17.462 		-2.602 		18.596
v -42.186 		15.085 		18.578
v 17.777 		-2.69 		18.985
v -41.041 		15.879 		19.386
v -30.609 		-2.062 		25.48
v 18.417 		-2.69 		19.776
v 18.884 		-2.529 		20.352
v 19.502 		-2.675 		18.835
v -28.979 		-12.558 		10.225
v -31.3148 		11.0455 		16.2951
v -29.559 		-2.929 		25.48
v -31.3192 		11.0618 		16.2418
v -20.921 		-19.573 		7.408
v -29.969 		-14.097 		9.881
v -18.032 		9.548 		17.382
v -28.867 		-4.069 		25.704
v -22.403 		-20.13 		7.335
v -36.914 		-17.417 		11.569
v -29.685 		-13.735 		9.763
v -41.995 		14.432 		19.384
v -31.857 		10.577 		15.98
v 20.112 		-2.382 		19.589
v -29.522 		-13.33 		9.614
v -37.032 		-18.945 		11.877
v -29.488 		-12.908 		9.443
v -29.588 		-12.499 		9.263
v -31.3195 		11.0631 		16.2376
v -43.375 		14.43 		19.988
v 17.158 		-2.456 		18.22
v -43.06 		14.645 		20.31
v -17.573 		9.838 		17.601
v -28.8852 		-4.0712 		25.8083
v -29.7058 		-4.0929 		25.9948
v -29.0283 		-4.0938 		25.8504
v -16.607 		8.695 		16.499
v -37.623 		-20.25 		12.081
v 17.928 		-2.382 		16.891
v -37.609 		-20.123 		12.04
v -31.2906 		11.1979 		15.9716
v 19.623 		-2.69 		16.704
v -30.013 		-13.199 		8.812
v -30.089 		-12.886 		8.673
v -31.3213 		11.0914 		16.1596
v -21.019 		-19.695 		7.706
v -22.263 		-19.976 		7.651
v -31.3036 		11.1628 		16.0253
v 19.02 		-2.75 		18.24
v -38.414 		-20.25 		11.938
v 20.263 		-2.69 		17.496
v -26.302 		-7.488 		27.695
v -30.262 		-12.604 		8.537
v -30.519 		-12.372 		8.411
v -19.047 		8.388 		18.109
v -43.597 		15.102 		19.19
v -19.252 		8.391 		18.011
v -30.878 		12.116 		15.227
v -30.793 		12.17 		15.028
v 24.5 		-5.75 		17
v -37.058 		-20.114 		10.759
v 22.607 		-5.75 		16.651
v -20.165 		8.715 		18.096
v -37.786 		-20.25 		10.454
v 24.407 		-4.39 		16.84
v -19.634 		8.509 		17.829
v 24.5 		-4.39 		16.85
v -30.803 		12.083 		14.937
v -18.486 		8.532 		18.377
v 22.559 		-5.75 		16.796
v -30.674 		-14.333 		9.206
v -38.062 		-20.443 		11.207
v -30.381 		-14.109 		9.147
v -30.164 		-13.832 		9.057
v -28.5298 		-7.0788 		27.8586
v -37.01 		-20.25 		10.666
v -28.2748 		-7.0542 		27.7558
v -28.1816 		-7.0254 		27.695
v 15.115 		-8.151 		29
v -18.52 		9.305 		17.148
v -30.854 		11.8142 		15.1245
v -30.8608 		11.8032 		15.1505
v -40.763 		-19.908 		11.501
v -28.1502 		-7.0127 		27.6766
v 15.6061 		-1.4914 		25.0172
v 15.5896 		-1.4958 		25.0146
v -18.762 		9.157 		16.689
v 16.2129 		-1.2833 		25.1055
v 15.9437 		-1.3687 		25.0654
v -30.871 		11.808 		15.12
v 16.2833 		-1.249 		25.1143
v -40.245 		-19.976 		10.77
v -40.784 		-20.27 		11.246
v -30.8426 		11.8322 		15.0815
v -30.8277 		11.8674 		14.9858
v -28.572 		-7.777 		27.274
v -30.812 		11.9023 		14.8839
v -28.034 		-7.498 		27.22
v -20.074 		8.886 		16.612
v -30.8806 		11.763 		15.2257
v -30.9115 		11.7303 		15.2615
v -27.594 		-7.117 		27.112
v -30.039 		-13.522 		8.942
v -41.65 		14.168 		19.983
v -31.658 		12.083 		14.342
v -30.605 		-13.748 		8.469
v -31.14 		12.083 		14.435
v -41.727 		13.377 		20.023
v -24.076 		-20.013 		6.487
v -24.02 		-20.114 		7.131
v 14.4829 		-1.6736 		24.8385
v 14.5306 		-1.6828 		24.8488
v -30.835 		12.127 		14.754
v 14.6231 		-1.6811 		24.8657
v 15.1084 		-1.6212 		24.9458
v -32.334 		-12.347 		8.194
v -31.205 		12.25 		14.35
v -31.035 		12.25 		14.439
v -32.627 		-12.571 		8.254
v -20.669 		8.509 		19.822
v -41.575 		12.797 		20.138
v -20.938 		-17.183 		4.288
v -21.332 		8.73 		19.84
v -20.728 		-16.415 		4.141
v -21.256 		-17.903 		4.545
v -40.568 		-19.843 		10.311
v 14.3338 		-1.6311 		24.804
v -42.068 		13.1 		19.534
v 13.4319 		-1.4514 		24.608
v -21.478 		9.092 		19.853
v -22.088 		9.024 		20.03
v -41.752 		12.309 		19.725
v -38.778 		-20.114 		9.566
v -37.325 		-20.25 		9.765
v -27.7813 		-6.8791 		27.4755
v -21.368 		-20.468 		5.931
v -27.6175 		-6.7737 		27.3449
v 13.2855 		-1.4212 		24.5845
v -27.1639 		-6.3047 		26.8243
v -27.1503 		-6.2903 		26.8084
v -31.358 		-14.324 		8.621
v -27.148 		-6.2835 		26.8018
v -20.744 		-20.305 		6.011
v -31.0024 		11.8626 		14.5915
v -30.8323 		11.9194 		14.7677
v -30.893 		-14.116 		8.588
v -21.459 		8.886 		18.579
v -31.0136 		11.8602 		14.5744
v -20.679 		8.988 		18.532
v -20.671 		-18.555 		5.654
v -22.363 		-19.164 		5.315
v -31.0731 		11.8407 		14.4815
v -22.095 		-19.117 		5.413
v -31.478 		11.583 		14.338
v -21.196 		-19.117 		6.088
v -31.658 		11.583 		14.342
v -38.651 		-20.013 		8.468
v -42.394 		13.638 		19.033
v -26.302 		-4.512 		25.48
v -37.871 		-20.114 		8.421
v 15.115 		-3.75 		25.48
v -31.579 		11.323 		14.839
v -27.0526 		-5.9832 		26.515
v -27.0624 		-6.0175 		26.5445
v -31.429 		11.5917 		14.3572
v -21.584 		-19.648 		4.198
v -39.934 		-20.303 		9.974
v -21.918 		-18.495 		4.677
v 12.871 		-2.094 		24.608
v -42.305 		14.079 		19.065
v -31.4383 		11.583 		14.3541
v -42.383 		13.864 		19.004
v -31.452 		11.5713 		14.3446
v -27 		-6 		26.515
v -23.921 		8.886 		20.397
v -40.81 		-19.695 		9.852
v -28.5366 		-4.1686 		25.7834
v 10.509 		-3.438 		24.608
v -32.746 		-14.076 		8.864
v -32.489 		-14.308 		8.989
v -39.165 		-20.285 		8.904
v -32.51 		-13.827 		8.284
v -32.307 		-14.096 		8.419
v -40.844 		-20.468 		8.623
v -23.125 		8.75 		18.465
v -23.836 		8.75 		18.989
v 9.764 		-8.151 		27.695
v -23.03 		-20.114 		4.344
v -24.264 		-20.468 		4.675
v -32.102 		10.697 		14.52
v -23.962 		8.25 		18.592
v 13.302 		-7.488 		27.695
v -22.913 		-19.695 		6.101
v -31.875 		-14.317 		8.559
v -32.484 		8.666 		15.117
v -32.292 		9.864 		15.635
v -32.468 		9.277 		15.372
v -27.684 		-4.6416 		25.8419
v -27.5487 		-4.7802 		25.8835
v -27.8978 		-4.4889 		25.8098
v -28.2979 		-4.2439 		25.7707
v -42.564 		12.532 		18.561
v -28.5199 		-4.1739 		25.7826
v -27.7583 		-4.5808 		25.8268
v -27.8164 		-4.5397 		25.8183
v -43.707 		13.753 		19.641
v -43.625 		13.452 		19.773
v -36.134 		-20.583 		10.252
v -32.723 		-14.357 		9.675
v -43.687 		14.031 		19.674
v -32.299 		-14.574 		9.813
v -31.66 		12.148 		14.335
v 11.149 		-6.701 		26.515
v -31.597 		12.25 		14.288
v 14 		-6 		26.515
v -21.188 		-20.559 		8.082
v -36.571 		-20.583 		10.886
v -21.929 		-20.613 		6.199
v 8.694 		-5.804 		25.48
v 11.149 		-5.2 		25.48
v -22.133 		-20.609 		6.296
v -31.817 		-14.69 		9.916
v -24.393 		10.923 		17.95
v -33.56 		-20.583 		8.292
v 13.302 		-4.512 		25.48
v -30.809 		-14.595 		9.991
v -31.5579 		11.4719 		14.3091
v -31.5076 		11.5205 		14.3198
v -31.674 		11.3603 		14.2809
v -31.4616 		11.5635 		14.336
v -35.618 		-20.583 		9.658
v -31.7227 		11.2963 		14.2702
v -31.406 		-14.568 		9.22
v -31.7199 		11.2994 		14.2725
v -31.7183 		11.3011 		14.2745
v -31.7158 		11.3044 		14.2749
v -31.6756 		11.3583 		14.2804
v -23.328 		10.917 		16.985
v -36.584 		-20.75 		9.53
v -31.024 		-14.49 		9.231
v -22.49 		8.75 		17.877
v 1.004 		-8.105 		26.515
v -35.605 		-20.583 		9.667
v 4.595 		-7.763 		26.515
v 7.996 		-7.292 		26.515
v -35.983 		-20.75 		8.938
v -32.165 		-14.474 		9.095
v -35.302 		-20.75 		8.408
v 5.98 		-6.313 		25.48
v -32.627 		11.25 		14.126
v -32.399 		10.979 		14.091
v -21.478 		8.75 		16.546
v -21.701 		8.386 		16.458
v -31.795 		-14.563 		9.174
v -32.355 		11.25 		14.077
v -22.018 		8.557 		17.194
v -22.166 		8.25 		16.824
v -32.638 		11.25 		13.901
v 2.548 		-5.396 		24.608
v 6.988 		-4.564 		24.608
v -34.993 		-20.583 		9.14
v -18.746 		-11.885 		6.765
v -19.25 		-11.568 		7.005
v -20.359 		-11.085 		7.535
v -31.9603 		11.0267 		14.076
v -31.9767 		11.012 		14.0499
v 8.655 		-10.513 		31.894
v -32.0408 		10.9373 		13.8416
v -21.515 		8.817 		16.994
v 13.302 		-9.87 		31.894
v -32.0429 		10.9332 		13.8433
v -20.447 		-12.237 		6.556
v -31.9771 		11.0114 		14.0488
v -31.946 		11.25 		13.517
v -32.027 		11.25 		13.813
v -32.219 		11.25 		13.526
v -32.255 		11.25 		13.388
v -32.373 		11.25 		13.82
v -24.299 		10.055 		17.881
v -31.946 		11.1655 		13.5386
v -31.9829 		11.0687 		13.6981
v -31.1534 		12.1999 		12.5967
v -31.224 		12.17 		12.618
v -31.2098 		12.1553 		12.609
v -35.964 		-20.614 		8.68
v -31.66 		12.131 		12.667
v -20.235 		-11.916 		7.475
v -31.497 		12.25 		12.707
v -31.3049 		12.083 		12.6123
v -31.478 		12.083 		12.662
v -21.132 		-10.943 		7.423
v -21.805 		-11.674 		6.591
v -21.734 		-11.113 		8.191
v -31.4236 		11.9876 		12.6464
v -31.462 		11.997 		12.427
v -31.478 		11.9293 		12.662
v -31.5431 		11.864 		12.6606
v -21.662 		-11.338 		7.902
v -20.916 		-11.674 		7.413
v -23.718 		-11.133 		7.339
v -23.271 		-11.265 		6.864
v -23.215 		-11.113 		6.783
v -23.457 		-10.998 		6.518
v -22.404 		-11.638 		4.298
v -22.421 		-11.085 		5.647
v -21.781 		-11.568 		4.73
v -21.49 		-11.885 		4.314
v -22.389 		-11.917 		5.602
v -21.196 		-12.13 		6.088
v -22.257 		-12.13 		5.304
v -22.894 		-11.222 		5
v -23.424 		-10.938 		5.759
v -23.457 		-10.893 		5.999
v -22.974 		-12.225 		4.721
v -17.418 		-12.54 		7.199
v -18.289 		-13.121 		7.615
v -17.904 		-13.73 		7.431
v -18.331 		-14.07 		6.61
v -16.769 		-14.115 		6.148
v -16.571 		-13.702 		6.795
v -17.141 		-13.539 		6.15
v -23.3 		8.386 		18.32
v 12.44 		-9.451 		30.408
v -36.911 		-20.583 		11.56
v -31.5685 		11.8316 		12.66
v -23.534 		8.884 		17.85
v -37.148 		-20.583 		12.263
v -43.225 		13.003 		20.373
v -22.516 		-20.491 		6.479
v -31.6585 		11.7168 		12.6602
v -37.518 		-20.75 		10.867
v -20.369 		-20.523 		7.691
v -37.838 		-20.75 		11.594
v -22.683 		8.386 		17.75
v 11.254 		-8.875 		29
v -18.778 		-12.568 		7.848
v -37.165 		-20.583 		12.26
v -23.555 		8.75 		17.87
v -24.038 		8.881 		18.245
v -22.436 		-17.836 		2.058
v -43.192 		12.339 		20.412
v -31.757 		11.5946 		12.6327
v 1.5 		-11.2412 		32.5949
v -37.511 		-20.626 		11.928
v 3.75 		-10.98 		31.894
v -31.7716 		11.5762 		12.6305
v -31.875 		11.4427 		12.6434
v -31.7663 		11.583 		12.6303
v 1.5 		-11.1053 		31.894
v -21.527 		-16.448 		3.632
v -43.192 		12.338 		20.412
v -31.9681 		11.2739 		12.6697
v -43.193 		12.339 		20.412
v -27.0488 		-5.9653 		26.5035
v -27.1271 		-5.4278 		26.1935
v -27.0749 		-5.8217 		26.4216
v -32.161 		10.935 		13.112
v -32.1106 		10.9308 		13.2269
v -32.1116 		10.9316 		13.2128
v -27.2973 		-5.0921 		26.0235
v -27.3849 		-4.9489 		25.9538
v -43.206 		12.342 		20.394
v -43.2262 		12.3456 		20.3666
v 1.5 		-10.6136 		30.408
v 1.5 		-10.8049 		30.9864
v 3.304 		-10.513 		30.408
v -17.603 		-15.623 		6.977
v -23.152 		10.055 		16.775
v -32.055 		11.25 		13.227
v 7.996 		-10.066 		30.408
v -22.589 		-18.183 		3.97
v -16.936 		-15.362 		7.967
v 1.5 		-9.9364 		29
v 1.5 		-10.1262 		29.3946
v 2.69 		-9.87 		29
v -38.173 		-20.614 		11.983
v -32.206 		10.777 		13.138
v -37.563 		-20.614 		10.543
v 7.088 		-9.451 		29
v -32.115 		10.9353 		13.1537
v -32.1187 		10.9352 		13.1136
v -22.937 		8.881 		17.255
v -22.9 		8.417 		16.437
v -23.384 		8.417 		17.047
v -32.1117 		10.96 		13.0372
v -32.117 		10.9389 		13.1101
v -32.1063 		10.9758 		12.9996
v 1.919 		-9.063 		27.695
v -23.012 		8.374 		17.252
v 5.948 		-8.679 		27.695
v -43.297 		12.36 		20.271
v -43.245 		12.349 		20.341
v -26.971 		-5.525 		25.492
v -16.947 		-15.136 		7.996
v -27.29 		-5.004 		25.24
v -32.756 		11.25 		13.195
v -17.335 		-14.568 		7.616
v -23.158 		-17.3 		3.09
v -32.431 		11.25 		13.237
v -28.364 		-4.269 		24.813
v -17.262 		-15.9 		7.466
v -23.03 		-16.691 		2.908
v 14.587 		-2.015 		23.399
v -17.756 		-16.203 		6.862
v 14.972 		-2.003 		23.874
v -32.523 		10.95 		12.963
v 15.345 		-1.874 		24.335
v -22.719 		8.75 		16.98
v -32.325 		11.25 		13.021
v -32.364 		10.251 		12.902
v 12.493 		-0.94 		24.037
v 12.657 		-1.095 		24.239
v 12.6267 		-1.0545 		24.4513
v 12.434 		-0.8637 		24.4024
v -23.337 		-17.868 		3.347
v 12.834 		-1.219 		24.458
v 12.8196 		-1.2047 		24.4954
v -17.025 		-14.921 		7.935
v 12.8729 		-1.2337 		24.5061
v -24.547 		-16.476 		2.246
v -37.116 		-20.614 		9.874
v -27.51 		-7.785 		26.366
v 13.464 		-1.569 		23.729
v -27.11 		-7.273 		26.2
v -17.602 		-14.386 		7.336
v -26.913 		-6.848 		26.046
v -32.0406 		11.1301 		12.7652
v -32.0513 		11.1085 		12.7812
v -21.781 		-19.111 		3.406
v -20.895 		-18.459 		3.213
v -21.212 		-19.091 		3.666
v -43.509 		13.27 		19.957
v -25.632 		15.872 		24.571
v -19.931 		-14.064 		5.042
v -43.716 		12.473 		19.626
v -26.819 		-6.252 		25.81
v -19.934 		-13.737 		5.247
v -27.126 		-8.103 		25.365
v 12.4056 		-0.8355 		24.3973
v -26.834 		-7.651 		25.211
v -32.466 		9.588 		14.019
v -32.404 		8.809 		13.704
v -30.668 		16.308 		24.526
v -26.664 		-7.162 		25.028
v -32.278 		9.157 		12.459
v -18.223 		-13.702 		4.43
v 12.568 		-0.622 		22.623
v -39.696 		-20.491 		9.171
v -40.078 		-20.609 		8.989
v -26.611 		-6.493 		24.757
v -40.283 		-20.613 		8.891
v -23.958 		-18.892 		2.136
v -24.444 		-19.648 		2.833
v -24.217 		-19.699 		3.019
v -32.379 		9.703 		12.673
v -18.464 		-13.293 		4.546
v -26.177 		10.445 		24.318
v -19.07 		-12.54 		4.834
v 12.869 		-1.107 		22.994
v -20.332 		-13.126 		5.436
v -25.632 		8.532 		23.581
v 14.086 		-1.874 		22.779
v -31.346 		-5.868 		27.037
v -26.343 		9.883 		23.719
v 15.624 		-2.268 		22.78
v 16.039 		-2.178 		23.293
v -26.005 		12.417 		12.014
v -26.147 		12.417 		12.094
v -16.831 		-16.362 		5.706
v -25.905 		12.417 		11.9
v -26.4109 		8.5304 		23.5752
v -26.4237 		8.532 		23.581
v -22.023 		-16.64 		1.796
v 12.902 		-0.313 		21.317
v -31.312 		-5.447 		26.866
v 13.015 		-0.638 		21.457
v 14.074 		-1.524 		20.865
v -19.368 		-14.832 		5.201
v -26.4 		12.417 		12.104
v -26.623 		12.417 		12.008
v -18.637 		-14.832 		5.902
v -22.206 		-16.663 		1.714
v -22.528 		-16.7032 		1.57
v 13.627 		-1.554 		22.213
v -18.565 		-15.623 		5.855
v -22.199 		-16.661 		1.718
v -41.591 		-19.695 		14.739
v -42.685 		-19.163 		14.739
v -42.855 		-20.305 		16.093
v 14.539 		-1.963 		21.439
v -41.262 		16.308 		18.314
v -26.534 		9.428 		23.026
v -42.106 		15.657 		17.93
v -25.873 		12.417 		11.713
v 15.067 		-2.217 		22.092
v -22.199 		-16.662 		1.718
v -19.645 		-15.645 		4.855
v -26.524 		12.417 		11.442
v 15.581 		-2.305 		20.677
v -26.305 		12.417 		11.395
v -26.067 		12.417 		11.463
v -25.632 		8.388 		23.046
v -26.3407 		8.5197 		23.5355
v -26.2173 		8.4923 		23.4337
v 16.165 		-2.47 		21.398
v -22.671 		-16.721 		1.506
v -32.306 		-5.804 		27.695
v -42.836 		14.792 		17.589
v -23.977 		-16.49 		1.014
v 8.445 		-2.75 		22
v -26.686 		12.417 		11.572
v 12.106 		-0.315 		23.558
v -44.203 		-19.648 		14.739
v 12.215 		-0.547 		23.693
v -19.721 		-14.757 		4.92
v -26.747 		12.417 		11.752
v -41.838 		16.308 		17.165
v -23.055 		-16.856 		1.357
v -19.477 		-15.11 		5.042
v -43.255 		-18.555 		15.969
v -42.56 		15.874 		16.42
v -43.573 		-18.495 		14.739
v -44.717 		-19.29 		14.739
v -24.459 		-17.368 		0.864
v -27.5517 		12.3111 		11.688
v -27.352 		12.417 		11.829
v -27.581 		12.417 		11.984
v -27.5627 		12.3201 		11.7189
v -44.421 		14.798 		18.258
v -25.632 		8.51 		22.5343
v -31.149 		-5.041 		26.717
v -25.632 		8.391 		22.851
v -25.632 		8.4421 		22.6926
v -23.756 		-18.459 		1.848
v -25.8122 		8.5841 		22.747
v -25.6501 		8.3914 		22.8493
v -44.219 		-17.868 		13.689
v -44.665 		14.52 		17.637
v -25.7191 		8.3905 		22.999
v -24.836 		-20.25 		8.011
v -20.053 		-14.526 		4.729
v -44.638 		-17.183 		13.5
v -27.6049 		12.3462 		11.8156
v -44.832 		-16.691 		13.689
v -19.467 		-15.313 		5.023
v -44.577 		-17.3 		13.689
v -25.7526 		8.388 		23.046
v -25.7411 		8.3905 		23.0268
v -26.0902 		8.6943 		22.8875
v -26.2336 		8.7514 		22.9598
v -44.995 		15.298 		16.42
v -43.018 		15.263 		16.42
v -44.389 		16.096 		16.42
v -27.6749 		12.389 		11.9276
v -43.94 		-18.183 		12.843
v -27.7204 		12.417 		12.0208
v -20.018 		-15.929 		4.57
v 8.3058 		-1.9442 		23.9572
v -26.5621 		8.8797 		23.0224
v 8.3029 		-2.1177 		23.9979
v -28.362 		12.761 		11.92
v -27.666 		9.838 		23.847
v -26.284 		-20.11 		8.011
v 8.2916 		-2.75 		24.1578
v -31.0273 		-4.9676 		26.7855
v -31.0689 		-5.0249 		26.8351
v -31.0802 		-5.0826 		26.8764
v -31.1384 		-5.3825 		27.0913
v -31.1255 		-5.5499 		27.1986
v -31.1297 		-5.4956 		27.1638
v 8.309 		-1.546 		23.913
v -26.416 		-20.114 		7.893
v -20.833 		-12.576 		5.676
v -43.086 		14.611 		17.167
v -27.901 		12.508 		10.836
v -27.667 		12.329 		10.788
v -44.841 		-16.506 		12.531
v -21.418 		-13.343 		4.435
v -21.794 		-12.692 		4.825
v -20.87 		-14.185 		4.272
v -28.488 		8.24 		24.474
v -31.0985 		-5.7313 		27.3344
v -31.0221 		-5.9087 		27.4546
v -30.9592 		-6.0561 		27.5547
v -42.869 		12.673 		18.04
v -26.9616 		8.6448 		23.8349
v 9.123 		-0.537 		23.913
v -42.363 		-20.468 		13.689
v -26.29 		-20.107 		8.008
v -43.327 		-20.114 		12.971
v -25.662 		-20.443 		7.621
v 12.0161 		-0.3682 		24.3253
v 12.0154 		-0.3668 		24.3252
v -44.635 		13.066 		17.722
v -24.666 		12.417 		8.86
v 12.0579 		-0.4451 		24.334
v -26.446 		-20.25 		7.175
v 12.2242 		-0.6551 		24.3651
v -25.356 		12.514 		8.46
v -44.742 		13.246 		17.417
v -44.935 		-19.111 		12.546
v -24.351 		-11.885 		2.949
v 8.3147 		-0.5221 		23.8324
v -24.936 		12.294 		8.692
v -18.869 		-14.785 		3.817
v -18.759 		-14.952 		3.91
v -18.728 		-15.349 		3.937
v -26.9531 		8.6213 		23.782
v 13.459 		-0.222 		20.106
v -18.708 		-15.129 		3.954
v -19.323 		-15.934 		3.451
v -19.244 		-14.48 		3.512
v -45.58 		-18.459 		14.739
v -27.2145 		8.6418 		23.8281
v -43.072 		12.585 		17.55
v -27.969 		12.32 		9.881
v -46.259 		-17.368 		15.734
v -46.343 		-16.49 		15.315
v -27.6372 		8.6623 		23.8744
v -27.9576 		8.6678 		23.8868
v -19.831 		-14.202 		3.076
v -43.447 		14.158 		16.538
v -28.3238 		8.6541 		23.856
v -43.369 		14.294 		16.671
v -28.381 		12.332 		9.147
v -44.847 		14.028 		17.084
v -29.2553 		-7.0473 		28.0316
v -27.666 		9.305 		22.943
v -29.4262 		-7.009 		28.036
v -28.8626 		-7.0833 		27.9602
v -29.1609 		-7.056 		28.0145
v -44.865 		13.811 		17.025
v -44.822 		13.469 		17.166
v -43.552 		13.819 		16.398
v -28.7837 		-7.0906 		27.9459
v -46.22 		-17.455 		13.689
v -46.019 		-17.836 		13.689
v 13.706 		-0.93 		20.411
v -29.787 		12.896 		11.813
v -26.9395 		9.234 		22.616
v 14.202 		-0.487 		18.973
v -30.47 		12.732 		11.667
v -29.5897 		-6.9579 		28.0232
v 14.5 		-1.219 		19.342
v -27.5019 		9.2389 		22.8205
v -27.5538 		9.2586 		22.8006
v 14.922 		-1.815 		19.863
v -26.9871 		9.2358 		22.6303
v 16.135 		-2.276 		19.197
v -46.48 		-16.721 		14.133
v -46.495 		-16.661 		13.689
v -26.909 		-20.25 		7.734
v -29.04 		12.944 		10.887
v -26.7764 		9.2144 		22.5333
v -28.734 		12.882 		10.896
v -26.7773 		9.2145 		22.5339
v -46.5 		-16.64 		13.525
v -30.5657 		-6.4906 		27.8294
v -30.2956 		-6.679 		27.9348
v -30.261 		-7.166 		27.698
v -26.789 		-20.108 		7.8
v -26.9822 		9.0421 		23.0183
v 15.735 		-1.932 		18.703
v -21.978 		-13.912 		3.714
v -29.967 		12.931 		10.776
v -21.109 		-13.898 		2.609
v -29.9845 		-6.8369 		27.9951
v -25.038 		9.305 		22.39
v -22.449 		-13.702 		2.076
v -30.45 		-6.5712 		27.8744
v -30.3727 		-6.6207 		27.9
v -46.473 		-16.527 		12.792
v 14.931 		-0.334 		17.71
v 15.83 		-0.578 		16.58
v 15.972 		-0.985 		16.755
v 15.293 		-1.308 		18.158
v -30.541 		12.758 		10.638
v -43.547 		13.51 		16.501
v -29.8947 		-6.8764 		28.0156
v -29.7218 		-6.9253 		28.0231
v 16.256 		-1.533 		17.106
v -28.441 		-20.114 		7.312
v -31.034 		12.465 		10.461
v -31.067 		12.382 		11.185
v -31.1005 		12.3859 		10.8447
v -27.756 		-20.25 		7.459
v -29.27 		-7.289 		27.862
v -31.1036 		12.3889 		10.7807
v -31.1002 		12.3551 		11.2227
v -25.575 		9.092 		21.98
v -28.771 		-7.187 		27.876
v -41.037 		-20.491 		13.689
v -43.471 		13.267 		16.742
v -41.217 		-20.559 		14.483
v -43.4 		12.302 		16.42
v -23.723 		-12.568 		3.9
v 3.051 		-3.741 		23.913
v 5.948 		-2.929 		23.913
v -22.701 		-13.343 		3.683
v -25.9699 		9.0661 		21.9764
v -25.8881 		9.0458 		21.8592
v -41.48 		-20.609 		13.689
v -41.715 		-20.613 		13.689
v -26.018 		9.012 		22.19
v -23.219 		-13.73 		3.178
v -43.208 		12.919 		17.368
v 6.3164 		-2.75 		23.913
v -31.1052 		12.3995 		10.5698
v -25.9972 		9.0716 		22.0099
v -28.02 		-20.114 		7.345
v 0.482 		-2.483 		23.409
v -31.0892 		12.4078 		10.431
v -22.751 		-12.904 		2.509
v -22.938 		-12.54 		2.776
v -44.106 		-17.903 		12.202
v 4.2203 		-2.75 		23.75
v 5.3141 		-2.75 		23.8253
v -27.964 		-20.105 		7.415
v -26.2752 		9.1271 		22.2083
v 4.3577 		-2.4799 		23.693
v 2.304 		-1.9 		23.409
v -28.242 		-20.25 		6.655
v -26.0492 		9.0875 		22.0611
v -31.0504 		12.417 		10.3088
v -44.547 		-17.183 		12.161
v -23.98 		-14.095 		2.673
v -24.86 		8.988 		21.365
v -30.674 		-7.748 		27.022
v -28.809 		12.818 		9.991
v -30.395 		-7.85 		27.097
v -27.357 		-20.443 		6.947
v -25.1849 		8.8758 		20.7001
v -25.1839 		8.8752 		20.693
v -29.406 		12.791 		9.22
v -23.626 		-12.814 		2.174
v -30.1 		-7.921 		27.16
v -29.484 		-7.964 		27.247
v -29.024 		12.713 		9.231
v -43.842 		-17.903 		10.92
v -45.083 		12.331 		16.42
v -44.03 		-17.308 		10.255
v -43.708 		-17.876 		10.409
v -29.173 		-7.934 		27.271
v -42.781 		11.164 		20.215
v -22.314 		-15.689 		3.098
v -44.353 		-17.183 		11.164
v 5.6966 		-2.75 		23.8607
v 4.5362 		-1.9237 		23.6191
v 4.7189 		-1.3994 		23.5434
v -43.417 		10.541 		18.578
v -29.817 		12.913 		9.916
v -25.187 		8.8762 		20.7063
v 3.527 		-1.205 		23.409
v -43.114 		10.572 		19.054
v -30.299 		12.797 		9.813
v -25.5498 		8.9547 		21.3898
v -25.2586 		8.886 		20.8547
v -44.54 		-16.415 		10.789
v -25.5498 		8.9547 		21.3899
v -22.124 		-15.497 		3.198
v 4.8124 		-0.727 		23.5047
v 4.8539 		-0.4585 		23.4875
v 4.066 		-0.444 		23.409
v 4.8386 		-0.2196 		23.4938
v -22.272 		-15.623 		3.118
v -24.604 		-20.285 		6.062
v -31.246 		-6.277 		27.217
v -30.969 		10.505 		24.549
v -22.071 		-15.057 		3.271
v -32.153 		10.445 		24.318
v 29.728 		-1.75 		15.077
v 29.596 		-1.75 		15.182
v -31.021 		-6.646 		27.396
v -25.468 		-19.452 		4.299
v -41.532 		11.7 		19.619
v -41.805 		11.097 		18.531
v -30.7387 		-6.3486 		27.74
v -30.7908 		-6.2884 		27.695
v -42.204 		11.817 		18.69
v -28.674 		12.556 		9.206
v -41.545 		-19.695 		12.009
v -25.751 		-19.695 		4.703
v -26.306 		-19.843 		4.902
v -20.563 		-16.38 		2.593
v -31.373 		-7.27 		26.745
v -20.972 		-14.732 		2.349
v -29.805 		8.886 		24.378
v -31.168 		-7.455 		26.845
v 31.563 		-1.75 		12.514
v -42.111 		-19.453 		12.009
v -22.035 		-14.485 		2.069
v 30.833 		-1.75 		13.925
v -21.299 		-15.33 		2.166
v 31.744 		-1.75 		12.553
v -21.275 		-15.163 		2.179
v -41.222 		11.132 		19.472
v -42.643 		-19.164 		12.009
v 30.995 		-1.75 		14
v -42.723 		-20.305 		10.502
v -28.8702 		8.6024 		23.7396
v -42.495 		-20.468 		10.988
v -28.893 		12.339 		8.588
v -29.0443 		8.5761 		23.6804
v -30.857 		-6.1975 		27.6402
v -42.531 		-19.117 		11.168
v 29.803 		-1.75 		15.243
v -21.393 		-14.86 		2.115
v -21.683 		-14.708 		2.231
v -29.18 		8.6255 		23.5338
v 28.156 		-1.75 		16.066
v -42.781 		11.817 		17.553
v -29.213 		8.6373 		23.4889
v -29.4546 		8.7239 		23.1604
v 28.25 		-1.75 		16.196
v -29.97 		8.534 		23.023
v 24.581 		-0.222 		16.374
v -43.535 		-18.495 		12.009
v 24.798 		-1.077 		14.742
v -42.341 		11.097 		17.481
v -41.646 		10.505 		17.733
v -44.203 		-19.648 		12.009
v -44.717 		-19.29 		12.009
v -29.891 		8.8802 		22.5596
v -29.358 		12.547 		8.621
v -43.255 		-18.555 		11.031
v -32.205 		8.532 		23.69
v -26.861 		-19.976 		5.17
v -27.972 		-20.114 		5.559
v -30.969 		9.836 		23.813
v -31.987 		9.883 		23.719
v -29.2319 		-4.1555 		25.9254
v -29.9127 		-4.1207 		26.0532
v -30.0571 		-4.155 		26.1016
v -30.5861 		-4.4705 		26.3755
v -30.6885 		-4.563 		26.4445
v -30.1078 		-4.1926 		26.1316
v -30.2769 		-4.3672 		26.2567
v -31.796 		9.428 		23.026
v -30.969 		9.305 		22.905
v 25.472 		-0.622 		13.857
v 25.674 		-0.044 		14.106
v -44.259 		-16.698 		10.147
v -22.892 		-14.436 		3.011
v -41.838 		10.445 		17.165
v -29.3324 		12.3897 		8.424
v -29.2814 		12.3757 		8.4321
v -23.728 		-15.623 		2.453
v -23.768 		-14.832 		2.521
v 24.577 		-1.569 		12.751
v -29.047 		-4.105 		24.667
v -42.763 		11.124 		16.42
v -29.1684 		12.3488 		8.4558
v -30.1 		-4.119 		25.584
v 25.547 		-0.94 		12.443
v 25.695 		-0.757 		12.626
v 25.825 		-0.547 		12.787
v -45.019 		11.164 		16.42
v -29.3871 		12.4048 		8.416
v -43.135 		11.693 		16.42
v -43.782 		-16.476 		8.857
v -29.4309 		12.417 		8.4188
v -22.755 		-15.957 		2.893
v -29.4484 		12.417 		8.4133
v -41.363 		8.532 		16.42
v -30.933 		-4.492 		25.644
v -23.841 		-16.323 		2.473
v -29.795 		12.786 		9.174
v -31.168 		-4.671 		25.692
v -30.165 		12.697 		9.095
v -31.542 		8.509 		22.742
v -31.373 		-4.873 		25.752
v -42.225 		9.352 		18.01
v -31.881 		8.388 		23.227
v -31.763 		8.391 		23.058
v 29.596 		-4.39 		15.182
v 29.728 		-4.39 		15.077
v -41.28 		10.153 		17.559
v -23.265 		-14.047 		1.507
v -31.546 		-5.094 		25.824
v 29.671 		-5.75 		15.137
v -31.845 		-5.833 		26.096
v -42.669 		9.71 		18.222
v 29.803 		-5.75 		15.243
v -43.068 		10.108 		18.412
v -41.298 		-19.452 		9.618
v 31.563 		-5.75 		12.514
v -29.69 		-16.486 		7.583
v -30.489 		12.531 		8.989
v -28.814 		-16.486 		7.672
v -30.6153 		12.417 		8.9276
v -22.252 		-14.355 		1.861
v -42.137 		-19.117 		10.038
v 30.833 		-5.75 		13.925
v -45.083 		11.275 		16.42
v 31.744 		-5.75 		12.553
v -29.875 		12.54 		8.559
v -22.715 		-16.2 		1.486
v -35.817 		18.194 		16.216
v -30.059 		-16.76 		7.572
v -21.649 		-15.73 		1.981
v 30.995 		-5.75 		14
v -35.636 		18.042 		16.143
v -30.5904 		8.9423 		21.66
v -30.518 		8.9542 		21.7237
v -30.3911 		12.417 		8.6825
v -30.1154 		12.417 		8.4811
v -30.2404 		8.9988 		21.97
v -30.195 		8.988 		22.09
v 28.156 		-5.75 		16.066
v -30.1011 		8.954 		22.2013
v -30.167 		-16.66 		7.571
v -35.787 		17.833 		15.714
v -30.1622 		8.9859 		22.0802
v -35.407 		17.833 		16.373
v -29.7264 		12.417 		8.3857
v -30.1623 		8.9755 		22.0968
v -30.1522 		8.9866 		22.0906
v -25.007 		-10.806 		8.189
v 28.25 		-5.75 		16.196
v -30.1501 		8.9885 		22.0899
v 31.563 		-1.75 		9.486
v 31.744 		-1.75 		9.447
v 31.8 		-1.75 		10.926
v 31.8 		-1.75 		11.074
v -29.7879 		12.417 		8.3797
v -41.758 		-19.163 		9.4
v -24.847 		-11.059 		8.023
v -42.838 		-18.555 		9.835
v 32 		-1.75 		11
v -31.607 		-4.316 		26.515
v -30.005 		-16.917 		7.572
v -30.7742 		-4.6654 		26.515
v -36.522 		18.25 		15.755
v -36.765 		18.236 		15.707
v -24.829 		-11.068 		8.036
v 25.69 		-0.816 		11.35
v -29.848 		12.417 		8.3865
v 25.958 		-0.563 		11.681
v -32.422 		12.417 		8.232
v -30.445 		-16.583 		7.577
v -42.526 		-18.495 		9.033
v 26.171 		-0.22 		11.944
v -30.6008 		8.9402 		21.6487
v -30.7684 		-4.6592 		26.5106
v -30.6106 		8.9375 		21.6353
v -35.999 		18.085 		15.525
v -31.66 		-4.943 		24.716
v -30.723 		12.581 		9.675
v -32.061 		-5.455 		24.883
v -30.005 		-17.417 		7.572
v -32.292 		-6.028 		25.094
v 24.63 		-1.381 		11.31
v 24.827 		-1.362 		11.553
v -32.469 		9.024 		21.83
v -30.549 		-18.033 		7.581
v 25.207 		-1.219 		12.022
v 25.383 		-1.095 		12.241
v -30.9453 		12.417 		9.8619
v -30.9043 		12.417 		9.5865
v -26.595 		-10.757 		7.555
v -30.209 		-17.839 		7.572
v -31.584 		9.092 		22.259
v -31.784 		-6.597 		26.419
v -25.759 		-10.806 		7.748
v -30.072 		-17.672 		7.571
v -31.855 		-6.219 		26.255
v -32.199 		-7.203 		25.591
v -36.387 		18.194 		14.895
v -30.7448 		12.417 		9.2233
v -32.351 		-6.475 		25.272
v -36.066 		17.833 		15.021
v -31.88 		-7.724 		25.843
v 25.385 		-0.963 		10.973
v -31.977 		-16.583 		7.771
v -31.217 		-16.583 		7.64
v -26.566 		-10.806 		7.38
v 25.737 		-0.561 		10.398
v 25.971 		-0.449 		10.686
v -31.987 		-18.083 		7.781
v -31.6 		8.817 		20.485
v 26.176 		-0.255 		10.94
v -25.721 		-11.08 		7.525
v -25.622 		-11.059 		7.569
v -36.239 		17.833 		14.305
v -36.305 		17.833 		13.578
v -26.454 		-11.059 		7.189
v -36.324 		17.941 		13.5
v -44.264 		-18.459 		8.203
v -43.517 		-19.29 		8.56
v -43.072 		-19.648 		8.772
v -36.305 		17.991 		14.18
v -21.655 		-10.513 		31.894
v -16.75 		-10.98 		31.894
v -24.694 		-11.23 		6.167
v -36.581 		18.194 		13.5
v -25.91 		-11.063 		7.138
v -29.089 		-20.25 		7.218
v -32.42 		8.886 		21.189
v -45.58 		-18.459 		12.009
v -45.662 		-17.836 		9.477
v -45.717 		-17.725 		9.451
v -31.248 		8.363 		21.325
v -45.717 		-16.669 		9.451
v -30.803 		8.886 		21.3721
v -20.996 		-10.066 		30.408
v -31.1391 		8.8437 		20.8456
v -25.596 		10.917 		11.799
v -31.2947 		8.824 		20.601
v -31.3033 		8.8233 		20.587
v -45.273 		-16.49 		8.386
v -36.278 		17.941 		12.823
v -36.533 		18.194 		12.798
v -25.905 		11.25 		11.89
v -36.262 		17.833 		12.848
v -29.563 		-20.118 		7.167
v -41.347 		-20.491 		11.536
v -24.254 		-8.875 		29
v -41.934 		-20.613 		11.256
v -41.73 		-20.609 		11.353
v -26.006 		10.95 		12.287
v -20.088 		-9.451 		29
v -25.606 		11.25 		11.825
v -36.853 		18.25 		12.403
v -25.686 		11.25 		12.045
v -25.802 		10.935 		12.172
v -25.916 		12.405 		16.915
v -26.656 		-10.806 		8.055
v -29.191 		-20.443 		6.6
v -36.901 		17.914 		16.281
v -27.423 		-11.167 		8.01
v -37.135 		17.92 		15.813
v -28.692 		-20.183 		6.333
v -18.948 		-8.679 		27.695
v 24.724 		-1.75 		10.926
v 24.724 		-1.75 		11.074
v 24.593 		-1.75 		11.179
v -24.699 		12.414 		18.161
v 24.593 		-1.75 		10.821
v -27.405 		-10.785 		7.712
v -33.048 		-18.083 		8.083
v -30.45 		-20.25 		7.154
v -30.132 		-20.25 		6.479
v -37.257 		18.128 		15.033
v -21.49 		-14.183 		24.707
v -23.28 		-13.898 		25.428
v -24.408 		-14.202 		26.108
v -33.104 		-20.25 		7.643
v -33.393 		-20.103 		7.76
v -22.052 		-13.702 		24.735
v -38.867 		17.868 		14.862
v -37.396 		17.941 		15.059
v 24.711 		-0.878 		10.14
v -28.185 		-10.75 		7.322
v -37.359 		17.922 		15.167
v -26.221 		11.25 		12.104
v 25.491 		-0.584 		10.094
v -30.597 		-20.114 		7.145
v 24.935 		-0.246 		9.407
v -28.238 		-10.806 		7.546
v 25.249 		-0.516 		9.795
v -37.495 		17.919 		14.588
v -26.472 		11.25 		12.091
v -29.107 		12.294 		19.429
v -29.445 		12.417 		19.423
v -28.259 		-11.167 		7.777
v -30.217 		12.417 		19.361
v -26.4789 		11.25 		12.2855
v -26.502 		11.25 		12.0702
v -31.45 		-18.945 		7.672
v 25.913 		-0.146 		9.88
v -22.314 		-14.57 		25.244
v -21.878 		-16.038 		24.902
v -25.737 		10.917 		11.423
v -21.848 		-15.997 		25.12
v -32.245 		-20.25 		7.393
v -30.838 		-20.114 		7.186
v -22.353 		-15.73 		25.354
v -25.695 		11.25 		11.453
v -32.245 		-20.117 		7.393
v -25.622 		11.25 		11.595
v -40.691 		17.326 		15.675
v -26.076 		11.25 		11.458
v -25.87 		11.25 		11.751
v -28.318 		-10.785 		6.93
v -27.417 		-10.806 		7.088
v -39.678 		17.887 		14.614
v -39.979 		18.062 		15.078
v -28.278 		-10.872 		6.785
v -27.365 		-10.915 		6.965
v -40.224 		18.104 		15.18
v -28.252 		-11.009 		6.693
v -30.882 		14.153 		19.25
v -26.43 		11.25 		11.406
v -32.422 		12.417 		18.769
v -26.316 		11.25 		11.392
v -34.303 		-20.25 		8.179
v -39.576 		17.754 		14.614
v -40.512 		17.485 		14.614
v 31.563 		-5.75 		9.486
v -32.022 		-20.25 		6.655
v -29.194 		12.372 		17.574
v 31.813 		-5.75 		11
v 31.8 		-4.39 		11.074
v 31.8 		-4.39 		10.926
v -22.582 		-15.655 		25.226
v -27.332 		-11.076 		6.887
v -31.073 		-20.443 		6.6
v -30.023 		12.417 		16.62
v -30.274 		12.417 		16.627
v 31.744 		-5.75 		9.447
v -22.865 		-15.122 		25.345
v -22.735 		-15.27 		25.519
v -30.531 		12.417 		16.49
v -27.981 		-11.079 		6.746
v -26.542 		10.972 		11.386
v -29.839 		12.417 		16.512
v -22.695 		-14.969 		25.502
v 32 		-5.75 		11
v -29.849 		-20.285 		4.761
v -33.818 		-20.25 		7.175
v 24.724 		-4.39 		11.074
v 24.724 		-4.39 		10.926
v -34.602 		-20.443 		7.621
v 24.593 		-4.39 		11.179
v -26.5818 		10.9484 		11.2758
v -26.5937 		10.9945 		11.2701
v -26.5836 		10.9538 		11.2753
v 24.593 		-4.39 		10.821
v -30.165 		-20.114 		5.355
v -34.655 		-20.183 		7.578
v -29.135 		-20.013 		4.91
v 23.502 		-1.963 		15.041
v -26.127 		-11.246 		5.492
v 23.966 		-1.524 		15.615
v -26.076 		-11.113 		5.418
v 24.334 		-0.93 		16.069
v -30.609 		-9.063 		31.894
v -37.582 		17.941 		13.892
v -26.302 		-9.87 		31.894
v -32.358 		-20.114 		5.559
v -36.953 		18.25 		14.279
v -31.798 		12.417 		16.93
v -32.907 		-20.443 		6.947
v -32.068 		12.405 		17.083
v -32.344 		-19.976 		4.92
v -29.559 		-8.679 		30.408
v -25.44 		-9.451 		30.408
v -26.161 		11.112 		10.261
v -31.354 		-20.118 		4.869
v -35.428 		-20.25 		8.011
v -37.168 		18.236 		14.249
v -37.3 		18.194 		14.261
v 20.5663 		-2.6248 		15.8955
v -25.282 		-11.085 		4.282
v -26.273 		-10.898 		4.603
v -26.411 		-10.938 		4.971
v -26.035 		10.917 		11.21
v 20.694 		-2.616 		15.786
v -25.744 		-20.614 		7.728
v -26.522 		-20.75 		7.56
v -28.331 		-9.025 		25.61
v -27.659 		-8.627 		25.522
v -26.385 		10.93 		11.18
v 20.653 		-2.623 		15.9487
v -26.227 		11.25 		11.174
v 20.612 		-2.6301 		16.1113
v -26.575 		-11.338 		5.02
v -25.961 		11.25 		11.24
v -26.26 		-11.674 		4.277
v -25.211 		-11.916 		4.179
v 20.844 		-2.6037 		16.066
v 20.949 		-2.5926 		16.1008
v 20.75 		-2.6161 		16.196
v 21.1274 		-2.5763 		16.3212
v -27.576 		-20.583 		7.96
v 21.875 		-2.47 		15.082
v -26.483 		10.525 		11.208
v -28.42 		-20.583 		7.743
v -26.541 		11.695 		19.028
v -36.491 		-20.303 		6.41
v -35.409 		-20.114 		6.603
v -37.51 		18.085 		13.5
v 21.4278 		-2.5412 		16.2597
v -30.696 		-9.249 		25.433
v -29.764 		-8.628 		26.459
v 21.5798 		-2.51 		16.3102
v -29.903 		-9.347 		25.564
v 22.318 		-2.373 		15.628
v -34.47 		-20.013 		5.635
v -26.5886 		10.9517 		11.2623
v 22.973 		-2.217 		14.388
v -37.607 		17.925 		13.46
v -34.293 		-19.695 		4.61
v -28.698 		-8.489 		26.523
v -29.097 		-9.271 		25.625
v -26.6572 		11.4431 		11.9663
v -26.6794 		11.4661 		11.9199
v -28.209 		-11.113 		4.811
v -28.649 		-10.976 		4.643
v 23.068 		-2.003 		12.606
v -37.906 		17.937 		14.109
v 22.8933 		-1.9426 		12.3901
v -28.277 		-20.75 		7.031
v -33.755 		-19.908 		5.02
v -29.608 		-10.029 		24.579
v -27.972 		-11.133 		5.559
v -28.742 		-9.852 		24.605
v -28.209 		-11.265 		4.905
v 23.453 		-2.015 		13.081
v 23.954 		-1.874 		13.7
v -28.209 		-11.53 		4.162
v -27.5055 		12.2702 		11.4951
v -27.5109 		12.275 		11.5197
v 24.413 		-1.554 		14.267
v -32.029 		-8.566 		24.999
v -27.4501 		12.2283 		11.4116
v -28.433 		-20.626 		7.361
v -37.5 		18.042 		12.721
v -37.19 		18.205 		12.367
v -36.463 		-20.468 		4.864
v -27.3957 		12.1793 		11.3252
v -27.408 		-20.614 		7.066
v -26.681 		11.3457 		11.5678
v -29.925 		-10.958 		7.513
v -37.523 		17.93 		12.568
v -26.694 		11.3772 		11.5782
v 21.61 		-1.963 		12.704
v -30.005 		-11.167 		7.572
v -26.7281 		11.496 		11.6741
v -29.124 		-11.167 		7.63
v -31.105 		-8.306 		26.173
v -26.7447 		11.5252 		11.723
v -26.7315 		11.5018 		11.6834
v -37.559 		17.93 		12.763
v -24.588 		-20.613 		5.138
v -25.196 		-20.523 		4.421
v -24.927 		-20.491 		5.623
v -24.706 		-20.609 		5.307
v -29.094 		-10.915 		7.535
v -26.1349 		10.3378 		18.8585
v -26.6397 		11.25 		11.5429
v -26.6541 		11.25 		11.4884
v -26.5159 		10.5415 		18.9855
v -39.98 		18.064 		13.192
v -29.919 		-10.806 		7.346
v -28.251 		11.285 		19.384
v -26.7215 		11.25 		11.2924
v -26.7085 		11.2132 		11.2734
v 22.4188 		-1.995 		12.5597
v -26.6585 		11.1178 		11.272
v -25.669 		-20.559 		5.098
v -26.8929 		11.2856 		10.8479
v -27.788 		-20.491 		4.258
v -27.0198 		11.5341 		10.8625
v -26.9891 		11.4696 		10.8522
v 20.9535 		-2.2775 		13.9422
v 20.6409 		-2.2965 		14.1923
v 20.85 		-2.2056 		13.8146
v -31.421 		-8.982 		25.24
v 20.993 		-2.305 		13.991
v -27.0466 		11.6037 		10.8922
v -27.0639 		11.649 		10.9115
v -27.1173 		11.7864 		10.9679
v -27.288 		11.906 		10.656
v -37.998 		-20.27 		7.16
v 22.001 		-2.178 		13.187
v -29.072 		-10.806 		7.407
v -30.132 		-20.75 		6.852
v 22.416 		-2.268 		13.7
v -27.2872 		10.8052 		19.2093
v -38.525 		-19.573 		6.591
v -37.242 		-19.976 		6.97
v -29.287 		-20.583 		7.598
v -27.5968 		10.8347 		19.2858
v -28.053 		10.8952 		19.3552
v -28.1453 		10.9076 		19.3692
v -40.468 		18.081 		12.377
v -30.171 		-20.583 		7.571
v -40.461 		18.098 		13.786
v -28.817 		-11.885 		25.04
v 21.9603 		-2.1556 		13.1367
v -32.121 		-11.885 		25.04
v -31.319 		-11.638 		24.676
v -27.3223 		12.083 		11.1889
v -27.3291 		12.0948 		11.2043
v -29.209 		-20.614 		6.726
v -27.2421 		11.9668 		11.1024
v -29.125 		-10.75 		7.062
v -27.461 		12.127 		10.728
v -37.852 		-19.908 		7.147
v 22.1192 		-2.1262 		13.0095
v -30.132 		-10.806 		6.707
v -30.592 		-10.86 		6.663
v 21.0555 		-2.2703 		13.8606
v -29.189 		-10.958 		6.584
v 21.2191 		-2.1797 		13.5194
v -27.3404 		12.1096 		11.2267
v -31.055 		-20.614 		6.726
v 21.857 		-2.0988 		13.0091
v -27.794 		-13.847 		26.652
v -31.987 		-20.75 		7.031
v -36.111 		17.833 		12.13
v -28.2267 		10.9088 		19.38
v -32.766 		-20.583 		7.97
v -36.191 		18.042 		12.143
v -39.118 		-19.695 		7.506
v -25.385 		-14.064 		24.79
v -28.4268 		10.8923 		19.3888
v -32.759 		-20.583 		7.983
v -28.3048 		10.9003 		19.3883
v -31.052 		-20.583 		7.62
v -36.467 		18.222 		11.907
v -26.9212 		10.686 		19.1185
v -27.0576 		10.7386 		19.1524
v -24.923 		-14.128 		24.671
v -31.766 		-20.626 		7.349
v -28.1885 		10.9079 		19.3758
v -28.692 		-11.063 		6.333
v -29.183 		-11.059 		6.539
v -29.989 		-11.075 		6.5
v -24.91 		8.817 		19.862
v -35.855 		17.833 		11.431
v -26.6339 		10.9748 		11.1623
v -26.6806 		11.0325 		11.0753
v 18.751 		-1.75 		14.5339
v 18.9962 		-2.0288 		14.7895
v 18.6356 		-1.75 		14.6576
v -35.999 		18.085 		11.475
v -29.335 		-11.077 		6.53
v -30.394 		-20.491 		4.515
v -30.394 		-20.609 		4.149
v -26.632 		-12.54 		25.774
v -24.9165 		8.75 		19.5507
v -24.8326 		8.599 		19.4762
v -27.601 		-13.85 		25.179
v -26.632 		-13.737 		24.949
v -30.845 		-10.757 		7.203
v -31.58 		-10.915 		7.594
v -25.0063 		8.817 		19.871
v -24.9883 		8.8277 		19.7452
v -24.9689 		8.8345 		19.6224
v -31.354 		-20.559 		4.366
v -39.608 		-19.453 		7.272
v -30.77 		-10.806 		7.367
v -25.0056 		8.8187 		19.8629
v -25.0044 		8.8201 		19.8527
v -36.148 		18.194 		11.431
v -26.989 		11.167 		10.384
v -36.828 		18.215 		11.275
v -39.324 		-20.468 		6.23
v -26.425 		-17.876 		2.307
v -25.0147 		8.8189 		19.9117
v -25.0221 		8.8208 		19.9479
v -30.887 		-11.167 		7.604
v -26.7724 		11.112 		10.9306
v -26.7142 		11.0665 		11.03
v -26.677 		11.25 		11.248
v -26.632 		-13.702 		26.582
v -40.66 		-18.555 		6.58
v -26.632 		-13.293 		26.352
v -26.8223 		11.1844 		10.8971
v -40.841 		-18.495 		6.684
v -36.032 		16.611 		11.878
v -26.805 		8.434 		11.481
v 17.514 		-2.027 		16.379
v -25.159 		-14.48 		26.31
v -25.73 		-15.531 		26.44
v -25.056 		-15.934 		26.285
v -26.136 		9.431 		11.971
v -26.043 		9.924 		12.185
v -25.59 		-14.729 		26.41
v -25.82 		-14.952 		26.459
v -25.899 		-15.189 		26.475
v 16.63 		-0.156 		15.287
v 16.734 		-0.589 		15.416
v -25.738 		10.055 		18.724
v -40.07 		-19.164 		7.052
v -27.729 		8.694 		10.307
v 17.057 		-1.381 		15.815
v -35.817 		18.194 		10.784
v 17.747 		-0.781 		14.387
v -35.496 		17.833 		10.764
v -35.636 		18.042 		10.857
v -26.954 		9.276 		10.637
v -32.584 		-10.757 		7.509
v -26.635 		9.797 		10.889
v -32.372 		-10.958 		7.803
v 18.102 		-1.533 		14.826
v -35.83 		18.25 		10.32
v -25.3231 		9.631 		18.51
v -25.728 		-14.389 		25.005
v -25.4889 		9.8385 		18.5951
v -40.024 		-17.876 		5.227
v -25.7354 		10.0446 		18.7227
v -25.7395 		10.0481 		18.7246
v -25.7428 		10.0511 		18.7254
v -25.7667 		10.0722 		18.7336
v -26.489 		-14.843 		25.303
v 18.583 		-2.129 		15.419
v -39.109 		-18.19 		4.824
v -32.605 		-11.167 		7.934
v -31.758 		-11.167 		7.726
v -24.8479 		8.75 		19.1184
v -24.8677 		8.75 		19.2844
v -24.9029 		8.8578 		19.2026
v -24.8987 		8.8603 		19.1584
v -36.538 		18.194 		10.553
v -24.9302 		8.8481 		19.3767
v -36.855 		17.916 		10.635
v -36.769 		17.941 		10.461
v -27.043 		-17.903 		2.197
v -40.591 		-16.415 		4.884
v 19.156 		-2.529 		16.128
v -24.897 		11.211 		8.715
v -24.6301 		8.25 		18.9556
v -24.662 		8.557 		19.379
v -24.683 		-20.174 		3.687
v -24.964 		11.328 		8.675
v -26.537 		-20.305 		3.121
v -40.342 		-16.698 		4.772
v -25.019 		11.583 		8.643
v -24.6333 		8.2705 		18.9957
v 18.9011 		-2.0518 		14.9344
v -40.21 		-17.308 		4.961
v -24.76 		-18.495 		3.284
v -34.496 		17.833 		9.564
v -34.81 		18.128 		9.663
v -26.576 		-15.427 		25.392
v -24.8045 		8.5564 		19.4315
v -24.7294 		8.4164 		19.291
v -25.019 		12.083 		8.643
v -31.602 		-12.112 		8.18
v -24.7081 		8.3798 		19.2408
v 19.2234 		-2.2067 		15.0264
v 19.076 		-2.1888 		15.1168
v -38.804 		-19.895 		4.632
v 19.702 		-2.2647 		14.733
v 19.7865 		-2.2687 		14.6654
v -31.984 		-12.19 		8.169
v 19.404 		-2.3116 		15.182
v 19.5365 		-2.3783 		15.2634
v 19.4714 		-2.4041 		15.4114
v 19.6638 		-2.3279 		14.9741
v 19.272 		-2.2376 		15.077
v 19.197 		-2.2659 		15.243
v -38.167 		-18.495 		4.523
v -27.05 		10.403 		10.061
v -26.338 		-15.671 		25.346
v -31.961 		-10.806 		6.877
v -25.88 		-15.907 		25.302
v -26.979 		10.781 		10.225
v -32.015 		-11.076 		6.681
v -31.075 		-10.958 		6.584
v 19.9066 		-2.5199 		15.4905
v 19.7781 		-2.5215 		15.5996
v 19.8898 		-2.3282 		14.7933
v 20.231 		-2.516 		15.215
v -37.724 		-19.163 		5.158
v -27.588 		10.723 		9.263
v -25.087 		-19.004 		3.752
v -26.147 		-15.794 		25.3
v -27.488 		11.132 		9.443
v -24.6312 		8.2539 		18.9374
v -27.522 		11.553 		9.614
v 20.4693 		-2.6033 		15.836
v -37.536 		-19.573 		5.861
v -34.164 		17.991 		9.221
v -27.685 		11.959 		9.763
v -37.176 		-19.695 		5.942
v -31.392 		-11.063 		6.322
v 20.4386 		-2.6336 		16.0049
v 20.2447 		-2.5906 		15.8859
v -30.942 		-11.078 		6.535
v -27.125 		-20.468 		3.31
v 19.8091 		-2.2687 		14.6473
v -33.541 		17.992 		8.775
v -28.873 		-10.898 		4.187
v -29.792 		-10.894 		4.402
v -39.659 		-18.555 		5.654
v -33.681 		18.194 		8.625
v -39.134 		-19.117 		6.088
v -33.173 		17.833 		8.601
v -27.343 		-19.117 		3.281
v 18.591 		-0.334 		13.189
v -28.361 		-19.695 		4.095
v -28.361 		-19.164 		3.187
v -33.742 		-20.75 		7.56
v -32.856 		-20.614 		7.066
v -28.519 		10.595 		8.411
v 18.78 		-0.94 		13.422
v -27.813 		10.354 		9.084
v -34.552 		-20.75 		7.946
v -27.534 		-19.573 		3.974
v -32.979 		18.194 		8.228
v 19.16 		-1.641 		13.891
v -28.262 		10.827 		8.537
v 19.395 		-1.932 		14.182
v -28.089 		11.109 		8.673
v -24.6761 		8.3376 		18.5563
v -28.013 		11.422 		8.812
v -31.813 		-11.133 		5.482
v -28.039 		11.745 		8.942
v -27.177 		-18.555 		2.682
v -31.513 		-11.113 		4.811
v -31.513 		-11.246 		4.896
v 19.746 		-0.867 		12.451
v -25.239 		-16.169 		25.028
v -28.164 		12.055 		9.057
v -34.52 		-20.614 		7.728
v -28.361 		-18.495 		2.451
v 20.458 		-1.933 		13.331
v -32.114 		-10.917 		4.136
v -25.729 		-15.994 		25.183
v -32.074 		-10.938 		4.563
v -28.605 		11.971 		8.469
v -32.584 		-11.338 		4.741
v 17.437 		-1.75 		12.514
v -28.514 		-14.832 		25.609
v 18.005 		-1.75 		14
v -34.738 		18.25 		9.108
v 17.256 		-1.75 		12.553
v -28.504 		-15.623 		25.684
v -27.957 		-14.847 		7.85
v -24.8365 		8.7667 		18.7564
v -24.8286 		8.75 		18.7455
v 17.573 		-0.148 		14.172
v -27.134 		-12.389 		8.114
v -24.8895 		8.8829 		18.7904
v 18.167 		-1.75 		13.925
v -24.635 		10.055 		8.881
v -26.649 		-15.274 		25.397
v -24.958 		12.269 		18.322
v -29.69 		-13.208 		7.583
v -25.266 		-16.669 		0.647
v -26.107 		-16.698 		1.852
v -24.733 		8.75 		8.305
v -25.266 		-17.725 		0.647
v -25.019 		12.083 		18.357
v -25.297 		-17.836 		0.693
v -25.019 		11.583 		18.357
v -29.433 		-14.183 		26.79
v -31.419 		-13.898 		26.675
v -35.8 		-20.491 		5.813
v -36.021 		-20.609 		5.497
v -36.139 		-20.613 		5.328
v -30.8 		-12.943 		8.113
v -33.63 		16.611 		8.881
v -26.239 		-17.308 		2.041
v 20.844 		-5.75 		16.066
v -24.727 		11.055 		18.179
v -29.992 		-15.997 		27
v -30.033 		-15.987 		26.797
v -30.401 		-15.825 		26.793
v -25.009 		8.417 		8.631
v 20.75 		-5.75 		16.196
v -25.772 		8.417 		8.262
v -35.51 		18.236 		10.113
v -35.351 		18.161 		10.197
v -30.571 		-15.73 		26.995
v -35.041 		17.833 		10.138
v -33.698 		-20.609 		4.149
v -33.698 		-20.491 		4.515
v -27.731 		-17.183 		1.71
v -28.545 		-17.183 		1.614
v -26.019 		10.472 		18.137
v -39 		-20.613 		6.693
v -38.661 		-20.491 		7.178
v -35.559 		18.194 		9.264
v -38.882 		-20.609 		6.862
v -25.294 		10.917 		16.837
v -34.899 		18.194 		9.603
v -25.655 		10.94 		16.753
v 19.404 		-4.39 		15.182
v 19.272 		-4.39 		15.077
v -28.439 		9.15 		9.383
v -28.16 		9.252 		9.458
v -31.231 		-12.723 		7.973
v -33.698 		-17.876 		2.262
v -30.471 		-14.57 		26.915
v -28.361 		-19.648 		1.898
v -28.361 		-18.892 		1.093
v -28.361 		-18.459 		0.761
v 19.329 		-5.75 		15.137
v 19.197 		-5.75 		15.243
v -31.38 		-14.732 		26.956
v -27.667 		9.545 		9.635
v -29.37 		-18.183 		2.116
v -27.461 		9.731 		9.735
v -31.015 		-15.163 		26.978
v -30.915 		-14.915 		26.983
v -30.952 		-15.387 		26.981
v 18.167 		-5.75 		13.925
v -36.252 		-17.903 		3.054
v 17.437 		-5.75 		12.514
v -35.069 		-17.183 		2.247
v 18.005 		-5.75 		14
v -36.289 		-16.468 		2.427
v -31.358 		-13.242 		7.868
v 17.256 		-5.75 		12.553
v -36.211 		17.926 		9.657
v -36.445 		-17.183 		2.724
v -36.309 		17.941 		9.773
v -36.263 		18.042 		9.797
v -25.887 		10.659 		16.694
v -31.1907 		12.2858 		11.2768
v -31.209 		12.2736 		11.265
v -31.02 		-15.182 		26.777
v -31.484 		-13.212 		7.841
v -31.617 		-13.21 		7.825
v -30.394 		-20.468 		3.419
v -36.012 		18.25 		10.217
v -29.525 		-20.114 		2.622
v -31.911 		11.459 		12.153
v 22.695 		-1.874 		12.145
v -31.664 		-19.695 		4.057
v -34.857 		16.611 		9.927
v -26.5846 		11.2776 		16.4163
v -26.5712 		11.266 		16.4198
v -26.4386 		11.15 		16.465
v -32.223 		10.507 		11.723
v -32.131 		11 		11.938
v -35.759 		17.941 		9.132
v -35.126 		17.941 		8.546
v -33.698 		-20.468 		3.419
v -32.796 		-19.573 		3.974
v -33.153 		-18.555 		2.682
v -32.987 		-19.117 		3.281
v -34.911 		18.25 		8.995
v -26.859 		10.97 		18.247
v -31.375 		12.1404 		11.1768
v 22.7902 		-1.9069 		12.2626
v -31.664 		-19.163 		3.153
v -31.664 		-18.495 		2.419
v -27.567 		11.226 		18.273
v -28.064 		11.328 		18.258
v -32.7 		-16.191 		26.814
v -31.749 		-12.715 		7.911
v -37.205 		17.923 		11.397
v -28.571 		11.376 		18.22
v -35.622 		-19.648 		2.707
v 23.567 		-1.641 		11.504
v -36.192 		-20.114 		3.815
v -30.394 		-17.8495 		1.024
v -26.627 		11.226 		16.845
v -30.394 		-16.691 		1.379
v -31.4146 		12.1091 		11.1459
v -30.394 		-16.6833 		1.024
v -29.936 		-12.54 		25.774
v -27.51 		11.621 		16.908
v -31.4531 		12.0796 		11.1012
v -30.165 		-17.183 		1.539
v -32.214 		-12.924 		7.944
v -36.144 		-19.699 		3.034
v -35.878 		-19.29 		2.34
v -31.544 		11.996 		11.24
v -28.976 		-12.814 		26.011
v -30.394 		-17.868 		1.885
v -29.936 		-12.904 		26.082
v -29.936 		-13.702 		26.582
v 23.3205 		-1.8198 		12.0483
v 23.3362 		-1.75 		11.8258
v 23.4168 		-1.75 		11.8358
v -37.282 		17.925 		11.636
v -37.381 		17.928 		11.944
v -30.394 		-17.3 		1.589
v -35.287 		-18.495 		3.186
v -24.605 		8.417 		18.099
v -37.331 		17.926 		11.788
v -29.308 		-16.527 		0.022
v -34.841 		-19.164 		3.823
v -30.195 		-16.64 		0
v -32.127 		11.411 		10.273
v -32.502 		-13.292 		8.064
v -29.936 		-13.73 		25.31
v -29.936 		-13.121 		24.943
v -30.165 		-13.343 		25.094
v -30.394 		-16.661 		0.004
v -24.7206 		8.417 		18.1674
v -31.747 		-13.237 		7.821
v -33.698 		-16.698 		1.736
v -31.867 		-13.29 		7.83
v -31.863 		11.475 		10.988
v 23.4884 		-1.75 		11.914
v -29.257 		-14.163 		25.476
v -33.698 		-17.836 		0.397
v -33.698 		-16.669 		0.344
v -33.698 		-17.725 		0.344
v -24.746 		8.5411 		18.1828
v -31.084 		-13.691 		8.085
v -32.868 		-17.368 		0.199
v -30.394 		-17.455 		0.231
v -30.394 		-17.836 		0.397
v -38.774 		17.868 		11.687
v -31.371 		-13.932 		25.35
v 22.568 		-0.622 		10.27
v -31.736 		-13.343 		25.021
v -37.04 		18.085 		11.213
v -37.133 		17.941 		11.186
v -24.7939 		8.7341 		18.2118
v -36.108 		-18.892 		2.01
v -31.5159 		12.0123 		11.0287
v -24.906 		9.051 		17.675
v -24.91 		8.989 		18.2813
v -36.31 		-18.459 		1.722
v -31.075 		-13.581 		8.041
v -31.6792 		11.7382 		10.8412
v -31.7337 		11.6465 		10.7774
v -25.0952 		9.3459 		18.3919
v -25.212 		9.638 		17.883
v 24.24 		-1.308 		10.828
v -25.1092 		9.3632 		18.4003
v -38.291 		-17.836 		2.247
v -37.391 		-17.868 		3.536
v -31.204 		-13.338 		7.925
v -25.494 		9.998 		18
v -31.7947 		11.5175 		10.6811
v -31.7653 		11.583 		10.7405
v 24.407 		-1.75 		11.179
v -32.361 		-16.49 		0.13
v 24.276 		-1.75 		11.074
v -30.548 		-14.644 		25.64
v 24.276 		-1.75 		10.926
v -31.8149 		11.3911 		10.6259
v -31.8219 		11.328 		10.5775
v -31.819 		11.3494 		10.5945
v 24.407 		-1.75 		10.821
v -25.34 		9.961 		16.467
v -31.8078 		11.4235 		10.63
v -30.931 		-16.721 		0.016
v -29.226 		-15.195 		25.715
v -31.593 		-13.665 		7.914
v 23.877 		-1.095 		10.38
v -29.005 		12.083 		19.428
v -29.012 		-15.448 		25.72
v -32.015 		10.747 		10.67
v -31.664 		-18.459 		0.761
v -31.664 		-19.648 		1.898
v -31.664 		-18.892 		1.093
v -29.011 		-19.699 		1.966
v -30.165 		-15.623 		25.762
v -27.449 		-20.613 		3.773
v 22.869 		-1.107 		10.641
v -29.549 		10.967 		19.419
v -27.568 		-20.609 		3.942
v -31.683 		-14.046 		8.164
v -31.55 		-14.048 		8.18
v 23.145 		-1.393 		10.983
v -31.42 		-14.021 		8.184
v -29.5546 		10.9721 		18.8329
v -31.3 		-13.968 		8.175
v -30.394 		-20.613 		3.954
v -31.2 		-13.891 		8.155
v -31.8296 		11.183 		10.4052
v -29.155 		11.211 		19.429
v -29.849 		-16.075 		25.734
v -31.8261 		11.2311 		10.458
v -37.291 		17.937 		10.718
v -29.2078 		10.8197 		19.4276
v -28.797 		-16.362 		25.643
v 20.53 		-0.222 		11.371
v -29.5476 		10.7089 		19.419
v -29.2082 		10.8195 		19.4276
v -29.4373 		10.7448 		19.4218
v -40.797 		-2.828 		29
v -39.304 		-4.061 		29
v -32.037 		8.636 		12.27
v 20.777 		-0.93 		11.676
v -30.78 		-15.61 		25.751
v -38.256 		17.868 		10.388
v 21.04 		-1.393 		12
v -32.171 		9.838 		11.452
v -30.972 		-15.367 		25.735
v -32 		9.349 		11.269
v -40.797 		-5.804 		31.894
v -31.708 		8.897 		11.115
v 21.251 		-1.655 		12.261
v -38.8064 		-16.6978 		2.048
v -38.912 		-16.7115 		2.1015
v -39.566 		17.735 		11.884
v -39.678 		17.887 		11.884
v -31.175 		8.373 		10.958
v -29.153 		10.8313 		19.4233
v -29.1749 		10.8295 		19.4244
v -37.919 		-7.012 		31.894
v -34.504 		-8.105 		31.894
v 21.568 		-0.476 		10.752
v 21.936 		-1.213 		11.207
v -39.304 		-5.562 		30.408
v -39.763 		17.662 		11.501
v -36.552 		-6.718 		30.408
v -29.4428 		11.0156 		18.7969
v -29.1898 		11.1663 		18.5868
v -32.365 		-16.298 		25.567
v -29.5073 		10.979 		18.8458
v -29.1285 		11.2262 		18.4784
v -32.09 		-13.594 		7.931
v -39.882 		18.024 		12.247
v -32.036 		-13.832 		8.035
v -29.1867 		10.8262 		19.4249
v -33.285 		-7.763 		30.408
v -31.919 		-13.959 		8.101
v -30.849 		-14.861 		25.678
v -31.809 		-14.016 		8.137
v -31.921 		10.152 		10.434
v -37.25 		-5.23 		29
v -31.724 		9.727 		10.28
v -29.885 		10.917 		19.396
v -32.003 		-13.414 		7.866
v -34.67 		-6.313 		29
v -22.19 		-0.25 		23.913
v -22.056 		-0.824 		23.913
v -20.996 		-1.934 		23.913
v -30.625 		10.917 		19.299
v -18.948 		-2.929 		23.913
v -39.028 		-0.25 		27.695
v -40.691 		17.326 		11.326
v -38.749 		-1.441 		27.695
v -29.7964 		10.9298 		18.7461
v -29.7222 		10.9478 		18.7618
v -29.8196 		10.9227 		18.7447
v -32.307 		-15.667 		7.85
v -29.8634 		10.9173 		18.724
v -37.919 		-2.611 		27.695
v -36.552 		-3.741 		27.695
v -29.9549 		10.5856 		19.3878
v -17.066 		-0.444 		23.409
v -30.1001 		10.5452 		19.3689
v -39.485 		18.062 		10.398
v -16.527 		-1.205 		23.409
v -29.8432 		10.6183 		19.3987
v -29.9467 		10.917 		18.6625
v -30.0942 		10.917 		18.5526
v -30.143 		10.575 		19.271
v -35.491 		-0.25 		26.515
v -35.243 		-1.311 		26.515
v -34.504 		-2.355 		26.515
v -30.1631 		10.5175 		19.3607
v -33.285 		-3.362 		26.515
v -26.703 		-6 		24.542
v -26.923 		-5.541 		24.327
v -28.9945 		12.0958 		8.299
v -29.0357 		12.22 		8.3745
v -29.0081 		12.137 		8.3257
v -30.5699 		10.2702 		19.3081
v -37.697 		-16.691 		3.097
v -27.373 		-5.003 		24.053
v -27.98 		-4.587 		23.812
v 22.367 		-0.044 		10.021
v -38.855 		17.754 		10.163
v -24.641 		-11.568 		3.365
v -32.716 		10.917 		18.636
v -25.95 		-12.237 		3.471
v -32.048 		10.917 		18.917
v -38.944 		17.887 		10.121
v -27.018 		-5.584 		23.033
v -29.0352 		12.2348 		8.3875
v -34.67 		-4.812 		27.695
v -27.6 		-5.059 		22.749
v -39.089 		-16.462 		3.811
v -29.0346 		12.2496 		8.4037
v -46.103 		-0.25 		31.894
v -39.666 		17.485 		9.776
v -45.764 		-1.7 		31.894
v -44.754 		-3.125 		31.894
v -26.557 		-7.843 		24.021
v 23.325 		-0.315 		9.698
v -26.456 		-7.297 		23.807
v -40.443 		17.084 		9.405
v -27.343 		-12.13 		3.281
v -28.209 		-11.917 		3.447
v -26.47 		-6.749 		23.578
v -44.379 		-0.25 		30.408
v -44.055 		-1.637 		30.408
v 23.565 		-0.757 		9.994
v -26.628 		-6.223 		23.342
v -28.209 		-11.568 		2.44
v -26.43 		-8.191 		22.776
v -28.209 		-11.085 		3.499
v -40.319 		17.915 		9.465
v -43.088 		-3 		30.408
v -29.0809 		12.2707 		8.3973
v -29.0881 		12.274 		8.398
v -42.007 		-0.25 		29
v -41.703 		-1.55 		29
v 24.117 		-0.22 		9.407
v 24.33 		-0.563 		9.67
v -28.334 		-4.683 		22.51
v -31.502 		8.75 		20.2063
v -28.209 		-11.885 		1.96
v -31.3586 		8.817 		20.4625
v -31.3662 		8.8226 		20.437
v -31.3712 		8.8237 		20.4236
v -40.889 		17.7 		9.193
v -31.4786 		8.846 		20.1363
v -27.255 		-5.677 		21.641
v -31.4055 		8.8308 		20.3319
v -39.121 		18.098 		9.08
v -29.011 		-11.222 		3.135
v -31.513 		-11.085 		3.499
v -27.963 		-5.192 		21.36
v 17.2 		-1.75 		11.074
v -40.553 		-17.368 		3.098
v -29.011 		-11.638 		2.324
v -43.088 		-4.501 		31.894
v 17.2 		-1.75 		10.926
v -41.924 		17.7 		14.614
v -29.213 		10.34 		8.227
v -43.129 		17.115 		14.614
v 17 		-1.75 		11
v -41.496 		-4.316 		30.408
v -41.409 		17.084 		14.614
v -43.593 		16.803 		15.476
v -28.843 		10.429 		8.306
v -31.5902 		8.6261 		20.1575
v -31.6472 		8.5642 		20.1019
v -31.7262 		8.4609 		20.0116
v -26.368 		-7.412 		22.461
v -26.366 		-7.723 		21.108
v -29.248 		-12.225 		2.926
v 17.437 		-1.75 		9.486
v -26.542 		-7.136 		20.845
v -31.513 		-11.885 		1.96
v -31.7411 		8.4361 		19.9906
v 17.256 		-1.75 		9.447
v -40.155 		-16.49 		2.828
v 24.407 		-4.39 		11.179
v 24.276 		-4.39 		10.926
v 24.276 		-4.39 		11.074
v -32.808 		-14.202 		26.798
v 24.407 		-4.39 		10.821
v -26.732 		-6.303 		21.96
v -39.335 		-16.856 		2.34
v -33.759 		-14.576 		26.625
v -31.6266 		8.75 		19.9071
v -41.266 		17.915 		14.614
v -38.986 		-16.721 		2.139
v -33.475 		-15.934 		26.683
v 17.2 		-4.39 		11.074
v -31.5459 		8.8567 		19.9606
v 17.188 		-5.75 		11
v -31.513 		-11.916 		3.381
v -30.627 		10.794 		8.254
v 17.2 		-4.39 		10.926
v -30.334 		10.57 		8.194
v -38.483 		-19.648 		4.072
v -34.032 		-13.737 		24.875
v -33.386 		-14.064 		25.161
v -33.023 		-14.3 		25.313
v 17.437 		-5.75 		9.486
v -39.171 		-18.459 		3.087
v -41.782 		16.763 		15.498
v -38.854 		-19.091 		3.54
v 17 		-5.75 		11
v -26.528 		-13.126 		2.453
v 17.256 		-5.75 		9.447
v -31.7231 		8.75 		19.6569
v -31.7116 		8.886 		19.4883
v -31.7127 		8.8864 		19.485
v 29.728 		-1.75 		6.923
v 30.833 		-1.75 		8.075
v -34.532 		-12.54 		25.59
v 30.995 		-1.75 		8
v 29.596 		-1.75 		6.818
v 29.803 		-1.75 		6.757
v -41.815 		16.852 		12.528
v -31.7157 		8.8878 		19.4731
v -37.577 		-16.527 		1.474
v -38.358 		-16.64 		1.821
v 24.593 		-1.75 		5.16
v 26.393 		-1.75 		5.349
v -25.44 		-13.834 		2.3
v 26.441 		-1.75 		5.205
v -25.52 		-14.064 		2.172
v -34.81 		-14.064 		24.828
v -31.907 		8.557 		20.053
v -26.298 		-13.737 		2.125
v -26.978 		-6.423 		20.5
v -38.528 		-16.662 		1.907
v -38.528 		-16.662 		1.907
v -38.528 		-16.661 		1.907
v -38.395 		-16.6446 		1.8397
v -31.856 		8.386 		19.934
v -38.528 		-16.662 		1.907
v -38.528 		-16.662 		1.907
v -31.7788 		8.3739 		19.9371
v -38.528 		-16.661 		1.907
v -31.8975 		8.25 		19.6951
v -38.528 		-16.661 		1.907
v -43.593 		16.803 		12.745
v -30.472 		-4.239 		24.56
v 28.156 		-1.75 		5.934
v -35.02 		-13.702 		26.289
v 28.25 		-1.75 		5.804
v -31.9022 		8.2581 		19.672
v -26.817 		-12.576 		2.868
v -34.89 		-13.834 		24.7
v -38.528 		-16.662 		1.907
v -38.528 		-16.6619 		1.907
v -38.528 		-16.6619 		1.9071
v -38.528 		-16.661 		1.907
v -44.016 		16.46 		13.689
v -42.446 		16.432 		13.689
v -38.536 		-16.663 		1.911
v -31.743 		-4.942 		23.53
v 29.803 		-5.75 		6.757
v 30.995 		-5.75 		8
v 29.596 		-4.39 		6.818
v -28.662 		-12.692 		2.474
v 29.671 		-5.75 		6.863
v 29.728 		-4.39 		6.923
v -31.07 		-4.544 		23.442
v 30.833 		-5.75 		8.075
v -42.029 		16.424 		10.733
v -34.881 		-13.293 		26.09
v -36.704 		-12.814 		24.826
v 24.593 		-4.39 		5.16
v 28.156 		-5.75 		5.934
v -29.498 		-4.222 		23.488
v -33.698 		-20.613 		3.954
v 26.393 		-5.75 		5.349
v -34.089 		-14.785 		26.554
v -25.799 		-12.54 		1.411
v -30.305 		-4.298 		23.427
v -30.8302 		10.1217 		19.2545
v 28.25 		-5.75 		5.804
v 26.441 		-5.75 		5.205
v -30.897 		10.0854 		19.237
v -34.153 		-15.531 		26.539
v -41.33 		17.083 		11.884
v -32.633 		-6.08 		23.9
v -30.991 		10.141 		18.995
v -41.697 		-18.183 		7.239
v -43.129 		17.115 		11.884
v -30.9936 		10.0192 		19.212
v -31.7517 		10.9612 		9.8757
v -42.547 		17.432 		11.884
v -31.7968 		11.0199 		10.0115
v -41.924 		17.7 		11.884
v -31.0548 		9.9561 		19.1964
v -31.5733 		9.4222 		19.0643
v -31.663 		9.535 		18.667
v -25.31 		-13.702 		0.711
v -31.7095 		10.9309 		9.7484
v -31.7303 		10.9376 		9.8111
v -41.266 		17.915 		11.884
v -32.699 		-7.569 		24.509
v -25.449 		-13.293 		0.91
v -34.184 		-14.913 		25.239
v -41.3 		16.763 		10.017
v -41.932 		17.115 		8.695
v -34.272 		-15.01 		26.511
v -43.793 		16.46 		9.891
v -34.321 		-15.189 		26.499
v -42.855 		16.803 		9.249
v 22.559 		-1.75 		5.205
v -28.594 		-13.343 		1.979
v 20.844 		-1.75 		5.934
v 22.607 		-1.75 		5.349
v -42.761 		-17.3 		7.709
v 24.407 		-1.75 		5.16
v 24.5 		-1.75 		5
v -28.354 		-14.037 		1.649
v -31.5796 		9.412 		19.0627
v -31.6845 		9.2549 		19.0203
v -42.451 		-17.868 		7.857
v -29.169 		-4.482 		22.332
v -27.522 		-14.202 		0.203
v -30.05 		-4.47 		22.226
v -31.681 		10.716 		9.663
v 20.75 		-1.75 		5.804
v -28.808 		-4.882 		21.135
v 19.272 		-1.75 		6.923
v 19.404 		-1.75 		6.818
v -29.495 		-4.771 		21.011
v -34.323 		-15.23 		25.251
v -42.981 		-16.691 		7.603
v 18.167 		-1.75 		8.075
v -30.67 		-4.856 		20.912
v 18.005 		-1.75 		8
v -33.466 		18.243 		7.928
v 19.197 		-1.75 		6.757
v -31.8099 		11.0632 		10.137
v -32.37 		-5.51 		22.393
v -26.944 		-14.064 		1.839
v -34.281 		-15.372 		25.271
v -27.307 		-14.3 		1.687
v -33.925 		-15.72 		25.358
v -31.6778 		10.9229 		9.6821
v -31.5957 		10.9224 		9.5125
v -30.915 		-4.647 		22.201
v -33.642 		17.941 		7.569
v 22.559 		-5.75 		5.205
v -31.707 		-5.002 		22.258
v -33.566 		18.128 		7.668
v 20.844 		-5.75 		5.934
v 22.607 		-5.75 		5.349
v 24.5 		-5.75 		5.15
v 24.407 		-4.39 		5.16
v -31.4978 		10.922 		9.3479
v -31.562 		-5.142 		20.929
v -32.345 		-5.606 		21.032
v -32.81 		17.941 		7.189
v -33.285 		-16.035 		25.467
v -33.464 		17.937 		7.487
v -32.716 		10.917 		8.364
v 24.5 		-5.75 		5
v -25.297 		-14.832 		1.998
v -27.627 		-5.838 		20.184
v 20.75 		-5.75 		5.804
v -28.445 		-5.419 		19.917
v 19.272 		-4.39 		6.923
v 19.404 		-4.39 		6.818
v -31.7523 		8.8294 		19.4413
v -26.007 		-15.23 		1.75
v -26.146 		-14.913 		1.761
v -31.806 		8.886 		19.449
v -32.35 		8.75 		19.256
v 18.167 		-5.75 		8.075
v -26.517 		-7.849 		19.608
v -33.764 		17.933 		7.639
v -31.7939 		8.75 		19.4256
v -42.105 		-16.448 		6.361
v 18.005 		-5.75 		8
v -34.257 		18.194 		8.189
v -26.793 		-7.275 		19.339
v -27.187 		-6.754 		19.079
v -27.521 		-6.453 		18.916
v -25.268 		-15.623 		1.926
v -35.033 		-14.832 		25.003
v -42.419 		-17.183 		7.136
v -26.049 		-15.372 		1.729
v 19.329 		-5.75 		6.863
v -35.062 		-15.623 		25.074
v -34.233 		17.922 		7.918
v -28.113 		-6.084 		18.695
v 19.197 		-5.75 		6.757
v -34.468 		17.917 		8.064
v -34.548 		17.916 		8.123
v -31.2478 		10.9208 		8.9274
v -41.132 		-17.903 		6.27
v -26.405 		-15.72 		1.642
v 1.5 		-33.25 		29
v -4 		1.25 		63
v -2.254 		8.796 		42.305
v -27.171 		-7.465 		17.813
v -27.843 		-6.859 		17.485
v -6.5 		8.874 		42.305
v -34.393 		17.917 		8.012
v -10.746 		8.796 		42.305
v -26.177 		-15.531 		0.461
v -26.058 		-15.01 		0.489
v -26.009 		-15.189 		0.501
v -14.919 		8.563 		42.305
v -33.925 		17.868 		6.382
v -26.241 		-14.785 		0.446
v -26.399 		-15.701 		0.411
v -1.865 		9.624 		41
v -31.186 		10.673 		8.832
v -6.5 		9.709 		41
v -32.742 		8.25 		19.441
v -26.571 		-14.576 		0.375
v -11.135 		9.624 		41
v -30.903 		10.311 		8.714
v -35.025 		17.937 		8.079
v -31.1103 		10.9201 		8.7015
v -32.03 		8.374 		19.324
v -15.69 		9.37 		41
v -30.9774 		10.9197 		8.5338
v -30.9742 		10.9194 		8.5298
v -32.0606 		8.4093 		18.9495
v -31.9662 		8.3776 		19.3112
v -31.9568 		8.3694 		19.353
v -37.065 		-14.047 		25.494
v -37.881 		-13.702 		24.924
v -31.953 		8.3648 		19.3716
v -27.63 		-16.191 		0.186
v -30.9379 		10.917 		8.4965
v -30.8233 		10.917 		8.3883
v -30.7252 		10.9193 		8.2947
v -30.163 		-4.973 		20.277
v -44.571 		-17.669 		7.761
v -29.377 		-5.195 		19.718
v -31.9654 		8.724 		18.9044
v -31.324 		-5.379 		19.572
v -35.589 		17.887 		6.533
v -5.476 		4.132 		46.087
v -44.678 		-16.721 		7.307
v -32.207 		-5.774 		19.635
v -5.162 		5.475 		45.392
v -28.779 		-5.808 		18.505
v -32.0679 		8.4632 		18.8608
v -32.0784 		8.417 		18.856
v -32.0766 		8.417 		18.8646
v -35.538 		17.754 		6.606
v -27.965 		-16.298 		1.434
v -30.136 		8.511 		9.957
v -27.046 		-16.035 		1.533
v -44.326 		-16.64 		6.771
v -4 		0.0956 		46.9462
v -29.07 		8.372 		10.021
v -1.711 		0.412 		46.897
v -29.35 		9.037 		9.233
v -4 		0.799 		46.9132
v -3.533 		0.995 		46.897
v -44.4215 		-16.662 		6.9162
v -44.4214 		-16.662 		6.9163
v -4 		1.0596 		46.897
v -29.757 		-5.631 		18.32
v -44.422 		-16.662 		6.916
v -29.0581 		11.3394 		18.2331
v -29.0485 		11.3694 		18.1634
v -30.263 		-5.624 		18.26
v -44.422 		-16.661 		6.916
v -44.3546 		-16.6463 		6.8142
v -28.734 		9.079 		9.32
v -30.394 		-12.568 		2.524
v -30.77 		-5.672 		18.222
v -31.267 		-5.774 		18.207
v -0.617 		2.22 		46.591
v -31.975 		-6.03 		18.233
v -30.394 		-13.121 		2.057
v -29.0923 		11.2845 		18.3581
v -4 		1.25 		46.8612
v -44.01 		-17.836 		7.113
v -3.096 		2.562 		46.591
v -30.262 		9.223 		9.206
v -29.661 		9.066 		9.209
v -44.184 		-17.455 		7.03
v -38.078 		-14.355 		25.14
v -30.52 		10.018 		8.637
v -37.615 		-16.2 		25.514
v -38.681 		-15.73 		25.019
v -33.516 		18.095 		5.133
v -30.394 		-12.54 		1.226
v -34.346 		18.106 		5.467
v -28.911 		-13.898 		0.325
v -33.211 		18.024 		5.203
v -30.063 		9.813 		8.604
v -28.691 		-6.425 		17.209
v -2.439 		4.001 		46.087
v -30.394 		-13.702 		0.418
v -29.655 		-6.193 		17.003
v -29.564 		9.711 		8.618
v -30.394 		-12.904 		0.918
v -30.672 		-6.179 		16.882
v -29.0041 		11.4926 		17.792
v -4.6838 		1.25 		46.879
v -29.0088 		11.4794 		17.8315
v -6.1394 		1.25 		46.8958
v -7.1608 		1.25 		46.8942
v -7.2126 		1.25 		46.8944
v -38.295 		-14.485 		24.931
v -44.426 		-16.663 		6.923
v -38.647 		-14.708 		24.769
v -44.426 		-16.6628 		6.923
v -33.666 		18.082 		4.81
v -41.42 		-19.648 		6.408
v -41.865 		-19.29 		6.196
v -33.121 		17.47 		4.606
v -32.56 		8.417 		8.292
v -3.242 		6.691 		44.52
v -30.165 		-13.343 		1.906
v -2.716 		7.812 		43.485
v -6.5 		7.882 		43.485
v -28.9647 		11.7531 		16.9983
v -28.9549 		11.9468 		16.4049
v -30.394 		-13.73 		1.69
v -31.672 		-6.383 		16.852
v -41.244 		-20.114 		7.603
v -8.548 		4.113 		46.087
v -36.383 		17.915 		5.396
v -9.176 		5.451 		45.392
v -31.324 		9.215 		10.114
v -32.586 		-6.793 		16.918
v -31.24 		9.883 		9.368
v -13.075 		5.183 		45.392
v -42.379 		-19.111 		6.571
v -36.518 		18.057 		6.035
v -30.8 		9.502 		9.26
v -39.055 		-15.163 		24.821
v -38.937 		-14.86 		24.885
v -8.894 		2.632 		46.591
v -36.53 		17.326 		5.856
v -39.031 		-15.33 		24.834
v -42.612 		-18.459 		5.839
v -8.2549 		1.25 		46.8799
v -32.536 		-13.847 		0.349
v -36.455 		17.084 		5.294
v -31.073 		-14.163 		1.524
v -9.3777 		1.25 		46.8493
v -10.074 		1.25 		46.8333
v -26.236 		6.275 		14.839
v -12.383 		2.22 		46.591
v -25.587 		6.861 		15.155
v -11.7961 		1.25 		46.7552
v -13.34 		1.25 		46.6991
v -25.151 		7.573 		15.5
v -14.461 		1.708 		46.591
v -15.5534 		1.25 		46.591
v -41.48 		-17.183 		6.042
v -19.05 		-11.885 		20.67
v -41.693 		-16.415 		5.902
v -39.358 		-14.732 		24.651
v -22.016 		-11.885 		22.937
v -11.533 		3.908 		46.087
v -24.403 		-11.638 		23.656
v -37.292 		17.887 		7.756
v -14.345 		3.561 		46.087
v -38.397 		18.057 		7.709
v -28.318 		4.968 		15.595
v -32.791 		-7.077 		24.295
v -27.986 		5.632 		14.373
v -45.147 		-17.039 		8.133
v -32.778 		-6.574 		24.088
v -37.812 		18.054 		8.02
v -27.327 		5.091 		15.758
v -30.3669 		11.5863 		16.5677
v -30.3886 		11.5805 		16.5648
v -38.244 		18.108 		7.959
v -31.354 		-12.814 		0.989
v -16.1623 		1.25 		46.5389
v -33.216 		-7.386 		23.073
v -37.972 		17.47 		7.432
v -30.389 		11.581 		16.563
v -32.861 		-6.136 		22.596
v -30.3895 		11.5801 		16.5647
v -33.144 		-6.838 		22.855
v -33.565 		-8.091 		21.922
v -30.897 		-14.183 		0.21
v -9.758 		6.691 		44.52
v -30.4311 		11.5561 		16.5584
v -33.55 		-7.506 		21.682
v -30.4769 		11.536 		16.5343
v -37.195 		17.735 		7.802
v -16.052 		6.218 		44.52
v -29.7948 		11.8096 		16.4428
v -29.9106 		11.732 		16.5613
v -22.462 		-11.434 		22.298
v -29.9846 		11.6936 		16.6051
v -30.0724 		11.6653 		16.607
v -10.284 		7.812 		43.485
v -26.421 		5.423 		16
v -41.152 		-17.836 		3.612
v -14.004 		7.605 		43.485
v -25.828 		5.793 		16.22
v -25.494 		6.094 		16.383
v -29.55 		-15.61 		1.249
v -30.4974 		11.527 		16.5236
v -21.763 		-12.237 		21.531
v -33.097 		-6.384 		21.268
v -41.183 		-17.725 		3.567
v -29.481 		-14.861 		1.322
v -30.721 		10.917 		17.785
v -27.054 		5.856 		14.572
v -41.183 		-16.669 		3.567
v -29.358 		-15.367 		1.265
v -33.382 		-6.931 		21.462
v -30.165 		-15.623 		1.239
v -22.812 		-10.943 		20.965
v -28.631 		6.264 		13.079
v -32.947 		-6.341 		19.786
v -33.494 		-7.039 		20.013
v -27.708 		6.379 		13.232
v -22.875 		-11.916 		21.707
v -22.8 		-11.674 		21.144
v -33.81 		-7.822 		20.301
v -38.667 		17.915 		7.1
v -26.864 		6.689 		13.457
v -38.722 		17.083 		7.074
v -38.717 		16.87 		6.604
v -26.776 		7.56 		12.424
v -26 		7.314 		13.814
v -1.556 		10.284 		39.592
v -33.34 		-7.002 		18.48
v -31.313 		10.547 		17.565
v -33.622 		-7.362 		18.597
v -25.633 		7.8 		14.057
v -6.5 		10.375 		39.592
v -33.928 		-7.949 		18.805
v -22.947 		-11.085 		21.604
v -1.331 		10.763 		38.106
v -32.166 		11.583 		16.73
v -6.5 		10.858 		38.106
v -26.195 		8.085 		12.707
v -39.237 		17.7 		6.828
v -32.815 		-6.528 		18.343
v -33.352 		-7.379 		17.073
v -40.28 		17.115 		6.331
v -40.299 		17.362 		7.086
v -33.918 		-8.102 		17.308
v -29.782 		-14.644 		1.36
v -31.528 		11.085 		16.417
v -30.481 		-16.075 		1.266
v -39.787 		16.775 		7.557
v -32.366 		7.699 		16.265
v -31.929 		6.702 		15.902
v -33.03 		-8.277 		23.464
v -32.371 		8.057 		14.878
v -32.103 		7.476 		14.668
v -31.647 		10.246 		17.401
v -40.781 		16.432 		8.176
v -30.297 		-15.987 		0.203
v -1.194 		11.054 		36.566
v -32.834 		-9.686 		22.666
v -29.759 		-15.73 		0.006
v -19.68 		-12.54 		22.67
v -36.868 		17.566 		4.702
v -6.5 		11.152 		36.566
v -19.191 		-13.702 		23.37
v -19.33 		-13.293 		23.17
v -31.2111 		10.917 		16.8736
v -29.859 		-14.57 		0.085
v -29.415 		-14.915 		0.017
v -31.2487 		10.9237 		16.7878
v -39.65 		16.46 		4.33
v -38.632 		16.424 		5.788
v -1.148 		11.152 		35
v -35.048 		-11.085 		22.718
v -31.261 		10.9265 		16.7463
v -35.979 		-11.885 		24.051
v -31.2799 		10.9509 		16.632
v -31.3025 		10.9724 		16.5146
v -31.3 		10.9701 		16.5275
v -35.689 		-11.568 		23.635
v -18.593 		-15.349 		22.952
v -18.444 		-15.59 		22.832
v -18.393 		-14.729 		22.79
v -6.5 		11.25 		35
v -29.378 		-15.387 		0.019
v -29.315 		-15.163 		0.022
v -29.311 		-15.182 		0.223
v -31.647 		6.342 		15.785
v -37.567 		16.763 		5.469
v -18.614 		-15.129 		22.969
v -18.139 		-15.844 		22.575
v -32.796 		-11.674 		23.026
v -1.194 		11.054 		33.434
v -6.5 		11.152 		33.434
v -32.042 		9.725 		17.141
v -32.113 		8.798 		18.31
v -33.522 		17.915 		4.031
v -33.554 		17.083 		3.985
v -34.162 		17.432 		3.114
v -32.432 		8.535 		16.603
v -31.122 		5.868 		15.648
v -34.453 		17.115 		2.698
v -30.51 		5.472 		15.554
v -32.317 		9.151 		16.872
v -32.987 		-12.13 		23.719
v -29.574 		5.114 		15.512
v -29.077 		5.012 		15.526
v -1.2326 		10.972 		33
v -33.354 		16.87 		3.606
v -30.981 		-16.2 		0.017
v -5.0433 		11.0424 		33
v -6.5 		11.0692 		33
v -17.552 		-14.202 		22.04
v -16.986 		-13.898 		20.984
v -7.9567 		11.0424 		33
v -24.456 		5.155 		23.655
v -24.47 		5.703 		23.881
v -24.43 		6.414 		22.776
v -31.816 		-14.832 		1.391
v -11.444 		10.284 		39.592
v -34.437 		17.778 		4.046
v -16.304 		10.013 		39.592
v -34.38 		-12.237 		23.529
v -31.826 		-15.623 		1.316
v -24.542 		5.359 		20.845
v -34.07 		-11.674 		22.723
v -24.384 		5.441 		22.378
v -20.179 		-13.737 		21.955
v -31.645 		7.162 		13.848
v -34.175 		16.929 		3.956
v -11.669 		10.763 		38.106
v -31.245 		7.103 		13.129
v -30.816 		6.212 		14.29
v -31.997 		7.881 		13.365
v -36.789 		16.46 		2.965
v -20.408 		-13.126 		21.627
v -34.927 		17.362 		3.344
v -30.462 		6.639 		13.026
v -35.12 		-11.916 		22.821
v -29.803 		6.401 		13.002
v -11.806 		11.054 		36.566
v -36.004 		16.432 		4.089
v -33.458 		-8.665 		22.172
v -19.197 		-13.343 		20.729
v -33.201 		-9.2 		22.423
v -11.852 		11.152 		35
v -15.79 		-16.415 		16.211
v -33.683 		-9.427 		20.98
v -24.35 		6.149 		21.194
v -33.891 		-8.434 		20.545
v -24.366 		6.762 		21.446
v -15.783 		-17.183 		14.839
v -33.247 		-10.139 		21.325
v -37.314 		17.115 		4.063
v -19.372 		-14.064 		21.469
v -15.489 		-16.506 		14.469
v -15.977 		-17.183 		15.836
v -18.669 		-14.039 		20.75
v -29.934 		5.816 		14.227
v -29.154 		5.962 		13.635
v -42.141 		16.46 		7.527
v -34.671 		-11.515 		22.178
v -34.203 		-11.246 		21.509
v -34.254 		-11.113 		21.582
v -18.079 		-14.48 		22.526
v -16.224 		-17.903 		14.798
v -17.481 		-16.191 		21.971
v -36.045 		12.417 		15.084
v -17.595 		2.862 		23.913
v -34.057 		-10.898 		22.397
v -28.346 		6.983 		12.006
v -20.088 		1.95 		23.913
v -33.919 		-10.938 		22.029
v -27.51 		7.184 		12.184
v -21.655 		0.889 		23.913
v -28.138 		7.751 		11.047
v -35.966 		12.34 		15.305
v -27.413 		8.018 		11.24
v -16.885 		0.329 		23.409
v -11.806 		11.054 		33.434
v -24.517 		6.073 		19.608
v -24.385 		6.897 		19.965
v -24.468 		7.525 		20.215
v -31.547 		8.01 		12.067
v -32.828 		12.417 		13.209
v -16.39 		-14.86 		20.75
v -30.883 		7.502 		11.932
v -11.7674 		10.972 		33
v -30.092 		7.148 		11.875
v -16.127 		-19.648 		14.991
v -15.395 		-19.111 		14.454
v -15.383 		-19.091 		14.991
v -32.916 		12.417 		13.829
v -14.751 		-18.459 		14.991
v -29.226 		6.971 		11.901
v -33.087 		12.417 		13.592
v -16.968 		-16.38 		21.436
v -33.061 		12.417 		13.407
v -16.467 		-15.163 		20.847
v -24.539 		7.033 		18.442
v -24.522 		7.666 		18.706
v -12.5996 		10.9256 		33
v -30.503 		7.975 		10.87
v -29.737 		7.729 		10.855
v -28.931 		7.653 		10.916
v -13.83 		-16.64 		13.475
v -32.9147 		-11.0825 		20.5926
v -32.9023 		-11.0842 		20.6118
v -20.088 		8.951 		41
v -24.797 		6.587 		24.21
v -13.857 		-16.527 		14.208
v -16.432 		-15.387 		20.804
v -16.673 		-15.062 		20.733
v -25.287 		7.213 		24.413
v -36.275 		14.153 		14.047
v -25.951 		7.721 		24.548
v -13.85 		-16.721 		12.867
v -35.896 		-10.936 		21.086
v -24.254 		8.375 		41
v -13.835 		-16.661 		13.311
v -36.295 		12.417 		13.18
v -14.11 		-17.455 		13.311
v -24.628 		6.984 		22.99
v -14.311 		-17.836 		13.311
v -36.295 		12.417 		13.82
v -24.837 		7.343 		23.115
v -25.189 		8.062 		22.631
v -19.931 		-15.11 		22.333
v -14.336 		-16.67 		13.311
v -25.589 		8.12 		23.351
v -14.336 		-17.8364 		13.311
v -33.893 		11.006 		14.533
v -20.123 		-14.832 		22.423
v -17.595 		2.862 		46.087
v -16.8558 		1.25 		46.4852
v -33.797 		11.25 		14.788
v -20.088 		1.95 		46.087
v -38.84 		-11.885 		22.686
v -16.111 		-17.868 		13.311
v -16.904 		15.27 		7.431
v -19.552 		-14.526 		21.857
v -17.289 		15.879 		7.615
v -15.753 		-17.3 		13.311
v -15.692 		-17.183 		13.5
v -18.7048 		1.25 		46.3046
v -21.1218 		1.25 		46.087
v -15.498 		-16.691 		13.311
v -24.628 		4.446 		23.342
v -35.914 		11.583 		15.432
v -35.914 		12.083 		15.432
v -19.295 		-14.347 		21.55
v -36.043 		11.019 		15.089
v -37.926 		-11.638 		22.702
v -16.602 		14.614 		7.336
v -19.783 		-14.757 		22.131
v -17.865 		4.521 		45.392
v -21.88 		3.533 		45.392
v -24.732 		4.526 		21.96
v -22.4787 		1.25 		45.9077
v -37.436 		-11.222 		22
v -19.887 		-15.38 		22.332
v -24.978 		4.647 		20.5
v -17.331 		14.93 		6.61
v -24.731 		7.747 		21.812
v -23.5699 		1.25 		45.7598
v -36.15 		10.917 		14.73
v -38.549 		-11.568 		22.27
v -23.5142 		1.0286 		45.8089
v -13.914 		-16.947 		12.237
v -13.987 		-16.49 		11.685
v -23.4765 		0.2231 		45.8421
v -19.193 		-16.024 		21.72
v -37.356 		-12.225 		22.279
v -14.247 		-17.725 		10.58
v -14.247 		-16.669 		10.58
v -19.642 		-15.712 		22.142
v -14.311 		-17.836 		10.58
v -36.874 		-10.893 		21.001
v -30.64 		7.139 		23.773
v -36.906 		-10.938 		21.242
v -37.909 		-11.085 		21.353
v -15.93 		-16.698 		10.58
v -29.324 		8.04 		24.296
v -20.601 		-13.947 		24.173
v -18.98 		5.813 		44.52
v -30.058 		7.664 		24.056
v -21.566 		-12.814 		23.843
v -21.694 		5.304 		44.52
v -22.354 		-12.904 		24.301
v -24.149 		4.7 		44.52
v -31.03 		6.5 		23.464
v -36.873 		-10.998 		20.482
v -17.595 		7.263 		43.485
v -30.834 		7.909 		22.666
v -20.996 		6.792 		43.485
v -16.195 		-17.308 		10.58
v -24.149 		6.201 		43.485
v -21.828 		-14.07 		23.28
v -14.751 		-18.459 		12.261
v -35.723 		8.417 		15.84
v -16.127 		-19.648 		12.261
v -22.297 		-14.219 		23.608
v -15.613 		-19.29 		12.261
v -38.509 		-12.13 		21.394
v -30.778 		4.797 		24.088
v -30.791 		5.3 		24.295
v -37.941 		-11.917 		21.398
v -30.633 		4.303 		23.9
v -16.578 		12.309 		7.275
v -30.861 		4.359 		22.596
v -15.913 		-18.459 		8.422
v -16.262 		-18.892 		8.588
v -37.508 		-11.53 		20.778
v -30.699 		5.793 		24.509
v -31.216 		5.61 		23.073
v -31.144 		5.062 		22.855
v -22.541 		-12.54 		24.035
v -24.02 		-13.915 		24.261
v -18.948 		8.179 		42.305
v -24.078 		-13.343 		23.946
v -33.803 		-13.126 		24.547
v -16.216 		-18.428 		7.946
v -22.764 		7.651 		42.305
v -36.066 		8.886 		16.215
v -31.565 		6.315 		21.922
v -22.822 		-13.73 		23.633
v -31.201 		7.424 		22.423
v -15.614 		-16.527 		7.374
v -33.513 		-12.576 		24.132
v -31.458 		6.889 		22.172
v -36.326 		8.886 		15.952
v -31.891 		6.657 		20.545
v -36.09 		8.899 		16.171
v -16.603 		13.377 		6.977
v -16.033 		-16.64 		6.729
v -16.056 		-16.645 		6.697
v -36.35 		-14.095 		24.327
v -23.326 		-12.568 		22.911
v -36.518 		8.25 		16.133
v -24.34 		-12.692 		23.497
v -16.0866 		-16.6513 		6.656
v -16.756 		12.797 		6.862
v -36.607 		-12.568 		23.1
v -24.847 		2.288 		45.392
v -26.302 		1.238 		45.392
v -36.602 		-15.623 		24.547
v -36.489 		-16.323 		24.527
v -31.683 		7.65 		20.98
v -20.915 		-15.623 		23.087
v -20.972 		-14.832 		23.027
v -17.223 		15.298 		4.43
v -27 		5.5 		43.485
v -36.563 		-14.832 		24.479
v -17.464 		15.708 		4.546
v -31.55 		5.729 		21.682
v -31.382 		5.154 		21.462
v -29.5 		4.7 		43.485
v -36.306 		8.9 		15.777
v -31.097 		4.607 		21.268
v -26.302 		6.988 		42.305
v -37.392 		-12.54 		24.224
v -18.934 		15.263 		5.247
v -37.579 		-12.904 		24.491
v -21.859 		-16.297 		23.594
v -19.332 		15.874 		5.436
v -16.142 		-16.663 		6.582
v -29.5 		6.201 		42.305
v -32.306 		5.304 		42.305
v -23.348 		-15.548 		24.389
v -16.137 		-16.661 		6.588
v -25.98 		2.81 		23.812
v -16.1281 		-16.6596 		6.6007
v -16.1248 		-16.6591 		6.605
v -25.373 		3.226 		24.053
v -36.215 		8.417 		14.441
v -24.923 		3.764 		24.327
v -28.115 		7.651 		41
v -31.607 		6.792 		41
v -25.6 		3.282 		22.749
v -37.111 		-13.73 		23.822
v -36.038 		8.417 		15.157
v -23.046 		-14.568 		24.103
v -25.018 		3.807 		23.033
v -23.432 		-14.921 		24.359
v -23.47 		-15.362 		24.433
v -16.138 		-16.662 		6.588
v -16.138 		-16.6618 		6.588
v -36.58 		8.75 		15.064
v -36.473 		8.898 		15.345
v -37.309 		-12.692 		22.895
v -22.864 		-15.9 		24.164
v -38.352 		-13.912 		23.286
v -28.472 		2.463 		24.56
v -38.912 		-13.343 		22.565
v -36.618 		8.899 		14.903
v -37.629 		-13.343 		23.317
v -28.305 		2.522 		23.427
v -26.302 		4.012 		44.52
v -27.498 		2.445 		23.488
v -28.115 		3.25 		44.52
v -29.559 		2.429 		44.52
v -16.138 		-16.661 		6.588
v -36.806 		8.886 		14.573
v -30.609 		1.562 		44.52
v -31.246 		0.664 		44.52
v -16.1333 		-16.6603 		6.594
v -39.682 		-14.266 		22.606
v -40.499 		-14.202 		23.924
v -39.221 		-13.898 		24.392
v -23.505 		-15.136 		24.424
v -19.87 		14.815 		4.272
v -20.698 		-12.576 		21.212
v -31.607 		3.816 		43.485
v -27.169 		2.706 		22.332
v -18.931 		14.936 		5.042
v -26.334 		2.907 		22.51
v -28.05 		2.694 		22.226
v -16.124 		-16.659 		6.606
v -20.093 		-11.3 		20.172
v -28.67 		3.08 		20.912
v -19.053 		14.474 		4.729
v -33.118 		10.918 		13.989
v -33.339 		10.917 		13.713
v -33.205 		11.25 		13.919
v -27.495 		2.994 		21.011
v -32.902 		11.25 		14.095
v -20.996 		9.566 		39.592
v -26.808 		3.105 		21.135
v -25.963 		3.416 		21.36
v -25.255 		3.9 		21.641
v -20.418 		15.657 		4.435
v -19.031 		-11.638 		19.914
v -16.75 		10.48 		38.106
v -21.655 		10.013 		38.106
v -17.146 		12.331 		4.394
v -16.488 		-17.903 		16.08
v -19.543 		-12.225 		19.443
v -30.37 		3.733 		22.393
v -16.475 		-12.197 		17.751
v -17.398 		-11.885 		18.305
v -17.021 		10.763 		36.566
v -37.438 		-14.436 		23.989
v -22.056 		10.284 		36.566
v -17.8 		-19.117 		15.832
v -18.368 		14.168 		5.201
v -18.03 		-12.237 		16.984
v -17.076 		-18.555 		15.969
v -29.743 		3.166 		23.53
v -29.07 		2.767 		23.442
v -33.36 		11.25 		13.641
v -37.576 		-15.957 		24.107
v -17.637 		14.168 		5.902
v -17.112 		10.858 		35
v -29.707 		3.225 		22.258
v -22.19 		10.375 		35
v -28.915 		2.871 		22.201
v -17.835 		-20.468 		16.012
v -38.259 		-15.057 		23.729
v -30.345 		3.829 		21.032
v -17.565 		13.377 		5.855
v -17.021 		10.763 		33.434
v -33.024 		11.25 		13.733
v -17.442 		12.538 		6.125
v -33.068 		11.25 		13.415
v -33.092 		11.25 		13.555
v -29.562 		3.366 		20.929
v -22.056 		10.284 		33.434
v -17.687 		-19.164 		14.991
v -16.795 		-18.495 		14.991
v -19.011 		-11.085 		17.535
v -18.219 		-19.453 		14.991
v -20.209 		-10.903 		17.92
v -26.113 		4.307 		18.695
v -25.521 		4.676 		18.916
v -18.887 		-11.916 		17.595
v -25.44 		8.951 		39.592
v -25.187 		4.978 		19.079
v -26.302 		9.37 		38.106
v -24.793 		5.499 		19.339
v -18.442 		-11.3 		17.808
v -38.206 		-15.497 		23.802
v -19.567 		-19.908 		15.499
v -18.645 		13.355 		4.855
v -38.058 		-15.623 		23.882
v -30.609 		8.563 		38.106
v -19.845 		-10.938 		16.602
v -38.017 		-15.689 		23.902
v -20.386 		-11.113 		16.879
v -33.283 		11.25 		13.267
v -19.546 		-20.27 		15.754
v -32.992 		10.923 		13.041
v -32.955 		11.25 		13.003
v -33.299 		10.917 		13.282
v -20.085 		-19.976 		16.23
v -32.777 		11.25 		12.957
v -20.475 		-11.246 		16.837
v -19.664 		-11.515 		17.224
v -26.825 		9.624 		36.566
v -31.246 		8.796 		36.566
v -24.721 		6.426 		18.17
v -25.1 		6.615 		16.644
v -24.824 		7.189 		16.913
v -18.721 		14.243 		4.92
v -32.976 		11.25 		13.295
v -18.477 		13.89 		5.042
v -27 		9.709 		35
v -31.459 		8.874 		35
v -39.767 		-16.38 		24.407
v -28.672 		4.402 		16.882
v -26.825 		9.624 		33.434
v -20.663 		-11.085 		19.9
v -27.655 		4.416 		17.003
v -18.467 		13.687 		5.023
v -20.608 		-11.917 		19.927
v -20.613 		-12.13 		20.396
v -18.785 		-19.695 		14.991
v -19.771 		-20.013 		14.351
v -26.691 		4.648 		17.209
v -20.463 		-20.114 		14.862
v -31.246 		8.796 		33.434
v -25.843 		5.082 		17.485
v -34.61 		10.917 		12.664
v -25.171 		5.688 		17.813
v -19.018 		13.071 		4.57
v -18.604 		12.302 		5.089
v -29.559 		8.179 		39.592
v -31.928 		6.173 		18.805
v -39.473 		-13.343 		22.175
v -40.396 		-13.737 		21.753
v -19.728 		12.585 		4.141
v -21.358 		-11.53 		19.568
v -36.267 		10.917 		12.882
v -34.67 		4.312 		42.305
v -20.794 		16.308 		4.825
v -34.67 		5.813 		41
v -39.999 		-13.126 		21.564
v -36.301 		8.417 		13.714
v -38.469 		4.516 		41.507
v -20.933 		-10.943 		19.291
v -16.798 		11.7 		7.381
v -37.573 		4.79 		41.272
v -32.01 		8.034 		19.567
v -38.295 		5.017 		41.256
v -36.318 		8.417 		13.715
v -36.729 		8.374 		13.993
v -22.038 		-11.113 		19.244
v -37.0316 		4.6946 		41.1105
v -21.519 		-10.946 		18.98
v -36.9425 		4.8591 		41
v -37.661 		5.341 		40.978
v -16.39 		-18.183 		14.157
v -39.497 		-12.576 		21.324
v -17.967 		-20.468 		13.311
v -17.108 		11.132 		7.529
v -21.086 		-10.892 		19.041
v -36.758 		8.886 		14.254
v -17.003 		-20.114 		14.029
v -36.817 		8.75 		13.575
v -31.81 		6.046 		20.301
v -36.815 		8.878 		13.537
v -37.0605 		4.5961 		41.1673
v -37.1106 		4.4327 		41.2605
v -31.494 		5.262 		20.013
v -22.135 		-11.265 		19.198
v -18.303 		10.505 		6.887
v -30.947 		4.564 		19.786
v -37.1693 		4.2418 		41.3695
v -19.591 		-20.285 		13.761
v -36.753 		8.898 		14.314
v -18.668 		10.445 		6.582
v -39.625 		4.226 		41.435
v -36.279 		8.417 		12.985
v -20.371 		-20.114 		12.588
v -36.296 		8.417 		12.984
v -40.609 		-14.757 		22.081
v -23.741 		-11.113 		20.468
v -39.443 		4.753 		41.249
v -17.313 		9.71 		6.414
v -23.321 		-16.66 		15.36
v -23.792 		-11.246 		20.394
v -23.724 		-16.583 		16.164
v -39.244 		5.248 		41.005
v -17.758 		9.352 		6.626
v -36.774 		8.75 		12.823
v -23.45 		-18.033 		15.657
v -36.774 		8.874 		12.823
v -23.58 		-18.083 		15.914
v -33.285 		2.862 		43.485
v -34.504 		1.855 		43.485
v -35.243 		0.811 		43.485
v -40.277 		-14.526 		22.271
v -17.673 		9.301 		6.882
v -31.622 		5.586 		18.597
v -24.305 		-11.063 		18.921
v -31.34 		5.226 		18.48
v -36.917 		8.386 		15.751
v -36.552 		3.241 		42.305
v -40.853 		-15.11 		21.958
v -19.921 		9.428 		7.408
v -37.414 		8.75 		15.062
v -19.072 		9.838 		7.253
v -32.295 		8.19 		18.038
v -32.312 		7.558 		17.774
v -32.196 		6.927 		17.526
v -23.271 		-17.417 		15.232
v -37.173 		8.386 		15.017
v -37.053 		8.25 		14.654
v -37.919 		2.111 		42.305
v -23.304 		-17.73 		15.318
v -21.074 		-11.133 		16.612
v -38.318 		3.288 		41.851
v -38.814 		3.437 		41.818
v -31.918 		6.326 		17.308
v -20.019 		9.305 		7.706
v -23.271 		-16.917 		15.232
v -40.863 		-15.313 		21.977
v -22.495 		-11.059 		16.539
v -37.648 		3.668 		41.695
v -38.143 		3.836 		41.728
v -20.188 		8.441 		8.082
v -40.685 		-15.645 		22.145
v -30.815 		4.751 		18.343
v -38.891 		4.052 		41.646
v -29.975 		4.253 		18.233
v -24.413 		-10.764 		18.226
v -23.732 		-10.778 		17.578
v -40.312 		-15.929 		22.43
v -31.352 		5.602 		17.073
v -22.114 		-20.25 		15.819
v -19.369 		8.477 		7.691
v -30.586 		5.016 		16.918
v -37.512 		3.6164 		41.6672
v -37.7412 		3.3793 		41.7411
v -29.672 		4.607 		16.852
v -37.3937 		3.8074 		41.5817
v -37.323 		3.9687 		41.498
v -23.582 		-10.915 		17.817
v -24.177 		-10.958 		18.421
v -21.85 		-20.25 		15.062
v -37.7498 		3.3658 		41.7443
v -18.435 		9.105 		6.36
v -39.546 		9.024 		15.301
v -40.217 		8.441 		14.483
v -23.561 		-11.07 		17.921
v -38.8218 		2.2208 		41.8747
v -38.8957 		2.1846 		41.8621
v -28.163 		3.196 		20.277
v -38.496 		2.732 		41.906
v -38.6191 		2.3466 		41.8956
v -38.2615 		2.6525 		41.8903
v -38.3576 		2.5702 		41.8917
v -38.7566 		2.2658 		41.8791
v -39.609 		8.883 		14.483
v -27.377 		3.418 		19.718
v -38.1211 		2.8167 		41.8661
v -26.445 		3.642 		19.917
v -38.0546 		2.941 		41.8312
v -25.627 		4.061 		20.184
v -23.235 		-10.75 		16.565
v -23.001 		-10.958 		17.203
v -22.922 		-11.07 		17.169
v -34.01 		-9.811 		19.567
v -28.263 		3.848 		18.26
v -22.726 		-10.806 		16.448
v -27.757 		3.855 		18.32
v -26.779 		4.032 		18.505
v -40.591 		9.305 		14.739
v -23.063 		-20.25 		15.992
v -23.149 		-20.114 		16.134
v -37.162 		8.25 		13.887
v -33.294 		-11.063 		20.272
v -24.075 		-10.801 		17.137
v -30.207 		3.998 		19.635
v -39.928 		3.108 		41.622
v -29.324 		3.602 		19.572
v -29.267 		3.997 		18.207
v -28.77 		3.895 		18.222
v -40.589 		3.218 		41.271
v -24.484 		-11.167 		17.156
v -16.578 		11.632 		4.915
v -24.269 		-10.958 		17.021
v -17.146 		11.275 		4.394
v -37.38 		8.386 		13.5
v -17.201 		11.164 		4.42
v -33.34 		-10.906 		20.097
v -37.627 		8.75 		13.5
v -23.984 		-11.167 		16.555
v -39.547 		3.62 		41.64
v -33.0928 		-11.063 		20.3091
v -40.249 		3.758 		41.339
v -16.566 		10.541 		6.057
v -40.684 		3.817 		41.061
v -37.481 		8.557 		14.278
v -33.1081 		-11.0655 		20.279
v -33.1557 		-11.0721 		20.1869
v -15.783 		17.432 		15.116
v -33.0371 		-11.0691 		20.3975
v -15.201 		17.115 		15.116
v -16.301 		16.424 		16.267
v -40.043 		2.537 		41.62
v -40.724 		2.07 		41.239
v -18.833 		11.693 		5.198
v -39.365 		2.377 		41.815
v -15.201 		17.115 		12.386
v -22.756 		-20.25 		15.283
v -22.756 		-20.123 		15.283
v -33.2415 		-11.0837 		19.9828
v -14.314 		16.46 		13.311
v -33.1683 		-11.0744 		20.156
v -14.737 		16.803 		14.255
v -37.108 		8.25 		12.73
v -37.574 		8.75 		12.714
v -37.328 		8.386 		12.737
v -33.767 		-10.915 		19.738
v -22.553 		-20.25 		14.55
v -22.553 		-20.122 		14.55
v -33.734 		-10.385 		19.836
v -33.3888 		-10.9571 		19.896
v -33.3847 		-10.9622 		19.899
v -33.4453 		-10.8993 		19.8338
v -33.5071 		-10.8683 		19.7188
v -33.4585 		-10.8964 		19.8038
v -33.2825 		-11.0529 		19.9516
v -33.2932 		-11.0417 		19.9492
v -33.3094 		-11.0247 		19.9457
v -33.711 		-10.75 		19.3594
v -33.7099 		-10.7505 		19.3624
v -33.7058 		-10.7534 		19.3714
v -33.7123 		-10.7501 		19.3552
v -33.7478 		-11.167 		18.6089
v -33.6998 		-10.7567 		19.382
v -34.566 		-10.872 		19.332
v -33.979 		-10.806 		18.772
v -34.016 		-11.167 		18.485
v -33.8447 		-10.8304 		18.8003
v -33.8471 		-10.806 		18.8295
v -33.8451 		-10.7873 		18.8641
v -33.8154 		-11.0058 		18.631
v -33.86 		-11.009 		18.61
v -33.8083 		-11.0223 		18.6294
v -33.6683 		-11.3146 		18.6458
v -33.6628 		-11.3224 		18.6484
v -33.2621 		-11.6892 		18.8341
v -33.0081 		-11.9395 		18.9192
v -33.6578 		-11.327 		18.6507
v -32.9765 		-11.9597 		18.9298
v -35.409 		-11.133 		20.397
v -35.238 		-10.75 		18.53
v -35.257 		-10.806 		18.811
v -34.844 		-10.757 		18.483
v -35.383 		-10.958 		18.941
v -39.459 		3.003 		41.779
v -17.189 		-12.54 		19.473
v -37.947 		8.817 		13.092
v -23.043 		-16.486 		12.59
v -18.668 		10.81 		6.108
v -15.884 		16.432 		13.311
v -19.671 		10.445 		5.654
v -16.724 		-13.098 		19.695
v -34.839 		-11.081 		19.314
v -19.155 		11.124 		5.352
v -35.805 		-11.082 		18.694
v -17.064 		-14.095 		18.612
v -35.255 		-11.063 		19.429
v -38.749 		0.941 		42.305
v -18.931 		11.817 		5.042
v -16.094 		17.115 		9.13
v -19.938 		11.817 		4.288
v -21.637 		-20.25 		13.5
v -21.783 		-20.443 		14.278
v -20.256 		11.097 		4.545
v -22.455 		-20.25 		13.802
v -18.059 		-13.121 		19.057
v -22.468 		-20.114 		13.901
v -14.314 		16.46 		10.58
v -14.737 		16.803 		11.524
v -39.8837 		1.7318 		41.5752
v -39.3663 		1.8524 		41.761
v -39.9105 		1.7276 		41.5649
v -18.286 		-13.343 		19.669
v -34.295 		-9.967 		18.038
v -17.675 		-13.73 		19.241
v -34.196 		-8.704 		17.526
v -20.368 		8.532 		5.931
v -39.295 		1.8732 		41.7854
v -16.35 		16.424 		10.58
v -34.312 		-9.334 		17.774
v -34.449 		-10.103 		16.515
v -19.744 		8.695 		6.011
v -40.037 		8.509 		13.689
v -18.549 		-12.568 		18.824
v -20.196 		9.883 		6.088
v -16.8 		16.87 		15.832
v -40.1545 		1.6899 		41.4714
v -40.4412 		1.7258 		41.337
v -40.8789 		1.9126 		41.0915
v -16.711 		16.87 		15.485
v -34.611 		-10.872 		18.3
v -40.48 		8.391 		13.689
v -21.403 		8.87 		7.335
v -17.749 		-14.871 		20.086
v -34.728 		-11.167 		18.052
v -22.511 		-20.114 		12.766
v -22.466 		-20.25 		13.049
v -34.113 		-10.574 		18.31
v -34.042 		-11.501 		17.141
v -17.661 		-15.564 		20.097
v -17.867 		17.47 		15.116
v -34.317 		-10.927 		16.872
v -17.787 		-15.057 		20.19
v -41.0049 		2.0347 		41
v -41.063 		2.685 		41.001
v -21.263 		9.024 		7.651
v -16.406 		17.7 		15.116
v -22.524 		-20.114 		12.427
v -17.064 		17.915 		15.116
v -33.647 		-12.022 		17.401
v -41.703 		1.05 		41
v -17.862 		18.081 		14.623
v -40.715 		8.388 		13.689
v -20.929 		8.388 		6.199
v -35.416 		-10.764 		17.994
v -21.133 		8.391 		6.296
v -17.551 		-14.534 		19.672
v -17.772 		-15.283 		20.214
v -21.516 		8.509 		6.479
v -35.37 		-11.167 		17.551
v -33.285 		7.263 		39.592
v -36.627 		6.507 		39.193
v -36.6293 		6.144 		39.7072
v -17.001 		17.083 		15.116
v -17.552 		17.326 		15.331
v -17.33 		-15.957 		19.624
v -35.244 		-10.872 		17.847
v -22.584 		-20.25 		12.303
v -38.99 		8.886 		13.044
v -22.584 		-20.114 		12.308
v -35.76 		-10.75 		18.003
v -36.552 		6.218 		39.592
v -36.5842 		6.1493 		39.657
v -39.559 		8.988 		12.649
v -16.659 		16.929 		14.687
v -36.5925 		6.201 		39.592
v -18.736 		17.662 		15.983
v -36.087 		-10.958 		18.421
v -16.881 		-14.832 		18.787
v -36.559 		-10.806 		17.736
v -36.4997 		6.4532 		39.1483
v -36.5881 		6.2257 		39.5528
v -16.798 		-15.623 		18.82
v -19.293 		-20.491 		13.311
v -18.851 		-20.609 		13.311
v -18.615 		-20.613 		13.311
v -18.652 		17.887 		15.116
v -18.448 		18.024 		14.753
v -36.631 		5.866 		40.101
v -19.113 		-20.559 		12.517
v -19.556 		17.868 		15.313
v -18.764 		17.735 		15.116
v -36.045 		12.417 		11.916
v -18.983 		-20.491 		15.464
v -18.396 		-20.613 		15.745
v -18.6 		-20.609 		15.647
v -36.724 		-11.063 		18.343
v -36.5496 		5.7658 		40.1261
v -36.6343 		5.5903 		40.2908
v -36.5316 		5.8242 		40.066
v -36.499 		-11.083 		18.112
v -36.759 		-11.059 		17.868
v -36.5402 		5.8758 		40.001
v -36.5537 		5.923 		39.9388
v -35.966 		12.34 		11.695
v -18.35 		18.064 		13.809
v -23.836 		8.75 		8.011
v -23.038 		-20.583 		14.378
v -23.221 		-20.583 		15.092
v -16.613 		-13.834 		17.405
v -16.402 		-13.737 		16.696
v -17.064 		17.915 		12.386
v -23.076 		8.988 		6.487
v -23.495 		-20.583 		15.787
v -36.51 		-10.764 		16.888
v -23.02 		8.886 		7.131
v -22.347 		-20.614 		15.751
v -36.351 		-10.839 		16.803
v -16.921 		17.084 		12.386
v -36.5598 		5.9976 		39.8478
v -22.091 		-20.614 		15.017
v -35.899 		-10.806 		17.397
v -16.799 		-13.126 		16.506
v -22.426 		-20.75 		15.407
v -16.406 		17.7 		12.386
v -17.869 		18.098 		13.214
v -33.63 		12.514 		8.881
v -33.126 		12.414 		8.576
v -20.918 		10.505 		4.677
v -34.504 		7.605 		38.106
v -22.66 		-20.626 		14.734
v -20.424 		17.937 		14.109
v -35.743 		-10.958 		17.292
v -36.839 		6.932 		38.214
v -22.102 		-20.75 		13.887
v -21.884 		-20.614 		13.5
v -21.913 		9.305 		6.101
v -22.211 		-20.75 		12.346
v -22.96 		-20.583 		13.651
v -36.6996 		6.8733 		38.1649
v -36.6041 		6.6722 		38.6356
v -22.975 		-20.583 		12.92
v -18.652 		17.887 		12.386
v -20.584 		9.352 		4.198
v -35.933 		-11.167 		16.989
v -18.754 		17.754 		12.386
v -21.363 		9.836 		5.315
v -36.7366 		6.8904 		38.106
v -22.03 		8.886 		4.344
v -21.095 		9.883 		5.413
v -21.936 		-20.614 		12.737
v -36.7922 		6.9177 		37.9497
v -16.567 		-17.876 		10.58
v -37.115 		-11.113 		20.217
v -24.152 		-13.208 		16.775
v -23.588 		8.388 		5.138
v -35.914 		12.083 		11.569
v -21.039 		17.937 		16.282
v -23.706 		8.391 		5.307
v -35.936 		11.328 		11.621
v -17.967 		-20.468 		10.58
v -37.059 		-11.265 		20.136
v -27.951 		-9.498 		24.548
v -17.475 		-20.305 		10.907
v -27.287 		-8.99 		24.413
v -26.797 		-8.364 		24.21
v -21.414 		17.921 		16.38
v -23.604 		8.715 		6.062
v -35.914 		11.583 		11.569
v -16.757 		-18.495 		12.261
v -17.076 		-18.555 		11.031
v -23.927 		8.509 		5.623
v -38.525 		-11.674 		20.409
v -21.224 		18.085 		15.787
v -27.589 		-9.897 		23.351
v -27.189 		-9.838 		22.631
v -26.837 		-9.119 		23.115
v -21.499 		18.236 		15.707
v -35.932 		12.24 		11.611
v -17.177 		-18.846 		12.261
v -17.645 		-19.163 		12.261
v -18.174 		-19.452 		12.261
v -20.982 		17.923 		15.364
v -21.131 		17.941 		15.814
v -23.264 		8.532 		4.675
v -36.013 		11.071 		11.824
v -36.15 		10.917 		12.27
v -24.877 		-11.885 		24.302
v -24.196 		8.477 		4.421
v -24.893 		-11.222 		22.954
v -25.808 		-11.085 		22.969
v -38.388 		6.409 		40.037
v -22.148 		18.236 		15.939
v -18.639 		-19.573 		11.326
v -35.344 		10.875 		10.536
v -25.156 		-12.071 		23.044
v -19.784 		-19.976 		11.7
v -25.976 		-12.13 		23.394
v -24.468 		9.548 		4.299
v -38.596 		-11.113 		18.81
v -36.032 		10.055 		11.877
v -38.579 		-10.946 		19.313
v -21.118 		18.194 		15.012
v -38.668 		-11.338 		19.098
v -25.168 		-11.568 		23.886
v -38.507 		-11.246 		18.767
v -25.776 		-11.917 		23.015
v -20.731 		17.921 		14.394
v -18.244 		14.52 		3.512
v -18.831 		14.798 		3.076
v -36.148 		8.417 		12.263
v -37.656 		6.569 		39.732
v -37.128 		6.404 		39.744
v -20.109 		15.102 		2.609
v -36.165 		8.417 		12.26
v -36.511 		8.374 		11.928
v -21.562 		18.25 		15.154
v -22.039 		18.161 		15.221
v -36.919 		6.618 		39.253
v -39.971 		-11.085 		19.465
v -28.216 		-10.917 		22.864
v -37.22 		6.72 		39.273
v -36.623 		8.75 		12.081
v -37.676 		6.851 		39.223
v -36.609 		8.877 		12.04
v -17.869 		14.215 		3.817
v -17.759 		14.048 		3.91
v -17.728 		13.651 		3.937
v -17.708 		13.871 		3.954
v -39.883 		-12.237 		20.444
v -18.323 		13.066 		3.451
v -22.178 		18.042 		15.188
v -40.095 		-11.916 		19.525
v -22.268 		17.833 		15.223
v -39.198 		-10.943 		19.577
v -27.534 		-11.674 		23.026
v -27.343 		-12.13 		23.719
v -35.911 		8.417 		11.56
v -36.838 		8.25 		11.594
v -19.972 		14.268 		2.349
v -19.563 		12.62 		2.593
v -28.372 		-10.361 		23.454
v -20.393 		14.14 		2.115
v -20.299 		13.67 		2.166
v -39.414 		-11.674 		19.587
v -20.275 		13.837 		2.179
v -21.948 		18.085 		14.529
v -38.123 		6.957 		39.095
v -38.406 		7.009 		38.959
v -22.064 		17.833 		14.513
v -26.731 		-9.524 		21.812
v -26.463 		-8.943 		21.602
v -26.35 		-8.334 		21.363
v -38.95 		6.52 		39.796
v -22.619 		18.063 		16.147
v -39.766 		6.243 		39.781
v -25.664 		-10.918 		22.19
v -40.387 		6.253 		39.127
v -26.602 		-11.113 		21.833
v -22.576 		17.833 		15.907
v -20.978 		15.088 		3.714
v -39.617 		6.592 		39.309
v -35.134 		8.417 		10.252
v -38.99 		6.84 		39.192
v -35.571 		8.417 		10.886
v -37.188 		-10.872 		17.164
v -36.979 		-10.764 		17.056
v -37.538 		-10.806 		16.448
v -26.209 		-11.53 		22.394
v -39.903 		6.597 		39.008
v -20.764 		18.042 		14.279
v -21.701 		15.657 		3.683
v -21.03 		18.215 		14.255
v -35.7495 		8.8335 		10.2912
v -39.274 		6.863 		38.957
v -24.984 		-10.894 		21.533
v -26.119 		-10.976 		21.797
v -25.815 		-10.905 		21.868
v -20.709 		17.941 		14.284
v -36.058 		8.886 		10.759
v -22.219 		15.27 		3.178
v -36.518 		8.25 		10.867
v -38.171 		-11.063 		16.461
v -37.283 		-11.078 		17.261
v -20.694 		17.92 		14.097
v -36.982 		5.102 		40.902
v -37.309 		-11.059 		17.227
v -36.8912 		4.922 		40.9512
v -25.405 		-11.133 		20.618
v -38.353 		5.54 		40.902
v -37.719 		-10.958 		16.52
v -36.01 		8.75 		10.666
v -37.958 		5.898 		40.587
v -21.305 		18.25 		13.653
v -21.035 		14.515 		2.069
v -21.892 		14.564 		3.011
v -20.912 		18.194 		13.5
v -36.786 		8.75 		10.454
v -28.6568 		-11.063 		22.2598
v -28.256 		-10.938 		22.437
v -28.5808 		-10.9317 		22.4599
v -28.5713 		-10.9415 		22.4296
v -36.563 		8.386 		10.543
v -26.658 		-11.265 		21.752
v -37.054 		5.816 		40.383
v -38.809 		6.105 		40.361
v -21.752 		18.161 		13.849
v -21.751 		16.096 		2.509
v -21.951 		17.941 		13.839
v -37.405 		6.143 		40.205
v -21.449 		15.298 		2.076
v -28.018 		-10.788 		22.19
v -39.643 		-10.975 		17.666
v -39.775 		-10.903 		18.415
v -40.06 		-10.891 		17.865
v -28.1836 		-11.1884 		21.506
v -40.529 		4.369 		40.931
v -21.967 		17.833 		13.788
v -40.121 		4.866 		40.888
v -40.916 		4.931 		40.232
v -33.407 		12.24 		8.739
v -33.451 		12.083 		8.766
v -27.7197 		-11.1233 		20.8662
v -39.693 		5.329 		40.789
v -21.989 		16.611 		14.047
v -27.7077 		-11.1213 		20.8468
v -33.33 		11.211 		8.692
v -27.698 		-11.1194 		20.8284
v -40.204 		-10.976 		16.844
v -20.682 		17.941 		13.108
v -27.187 		-10.658 		20.695
v -40.505 		5.418 		40.197
v -40.511 		-10.892 		17.227
v -26.905 		-10.298 		20.578
v -40.248 		-11.113 		16.445
v -39.246 		5.74 		40.604
v -22.626 		16.186 		2.174
v -33.397 		11.328 		8.733
v -39.866 		5.833 		40.242
v -27.6291 		-11.1034 		20.6773
v -33.4502 		11.5829 		8.7669
v -33.4502 		11.5829 		8.7669
v -33.4502 		11.583 		8.7669
v -22.98 		14.905 		2.673
v -39.045 		-11.133 		17.034
v -24.44 		15.166 		2.3
v -24.52 		14.936 		2.172
v -40.404 		5.866 		39.76
v -32.64 		-8.915 		23.773
v -40.859 		5.849 		39.197
v -32.058 		-9.44 		24.056
v -33.4503 		11.5992 		8.7668
v -33.451 		11.583 		8.766
v -31.324 		-9.816 		24.296
v -20.704 		17.923 		12.763
v -40.15 		-11.265 		16.398
v -21.339 		18.25 		12.631
v -30.488 		-10.017 		24.474
v -37.64 		7.168 		38.143
v -38.352 		7.177 		38.369
v -21.314 		13.311 		3.098
v -38.812 		7.191 		37.908
v -40.927 		-11.53 		16.769
v -21.124 		13.503 		3.198
v -20.527 		12.553 		3.632
v -37.409 		6.986 		38.751
v -34.618 		8.417 		9.658
v -37.216 		7.06 		38.239
v -34.605 		8.417 		9.667
v -21.272 		13.377 		3.118
v -28.817 		-11.916 		23.619
v -34.277 		-15.667 		18.339
v -28.817 		-11.568 		24.56
v -21.071 		13.943 		3.271
v -20.723 		17.922 		12.637
v -20.737 		17.921 		12.568
v -33.313 		-12.324 		17.565
v -28.817 		-11.085 		23.501
v -30.203 		-10.736 		23.401
v -21.792 		18.194 		12.45
v -41.461 		-14.785 		23.183
v -41.571 		-14.952 		23.09
v -41.602 		-15.349 		23.063
v -41.622 		-15.129 		23.046
v -41.007 		-15.934 		23.549
v -21.853 		18.085 		13.156
v -42.107 		-13.702 		22.57
v -22.045 		17.941 		12.486
v -41.086 		-14.48 		23.488
v -29.6737 		-10.9495 		22.9962
v -29.8302 		-10.9513 		23.0039
v -20.683 		14.292 		2.231
v -33.612 		8.9 		8.346
v -38.582 		7.209 		37.243
v -29.031 		-10.6 		23.478
v -21.978 		17.833 		13.058
v -29.5423 		-10.9451 		22.9785
v -22.098 		17.833 		12.334
v -41.767 		-14.005 		20.604
v -43.561 		-14.115 		20.852
v -37.549 		7.192 		37.613
v -21.755 		13.043 		2.893
v -34.42 		8.895 		8.895
v -30.4144 		-10.9431 		22.977
v -29.0355 		-10.9122 		22.8514
v -28.9617 		-10.9115 		22.8246
v -18.107 		18.104 		11.82
v -22.03 		12.309 		2.908
v -41.866 		-13.293 		22.455
v -36.8799 		6.9569 		37.716
v -41.26 		-12.54 		22.166
v -18.351 		18.062 		11.922
v -28.9047 		-10.9102 		22.7851
v -28.7315 		-10.9204 		22.6377
v -43.19 		-13.539 		20.85
v -17.639 		17.326 		11.326
v -22.728 		13.377 		2.453
v -22.768 		14.168 		2.521
v -16.549 		16.763 		11.502
v -36.9406 		6.9413 		37.7026
v -36.9707 		6.9727 		37.5603
v -33.993 		8.417 		9.14
v -31.082 		-12.225 		24.074
v -41.765 		-15.623 		21.145
v -40.962 		-14.832 		21.799
v -41.693 		-14.832 		21.098
v -31.319 		-11.222 		23.866
v -37.113 		7.056 		37.193
v -37.0794 		7.0446 		37.1904
v -37.0129 		7.0168 		37.3605
v -37.243 		7.093 		37.175
v -32.121 		-11.917 		23.553
v -34.386 		8.75 		8.864
v -19.463 		17.868 		12.138
v -37.306 		7.107 		37.154
v -37.424 		7.125 		37.089
v -37.477 		7.13 		37.045
v -22.841 		12.678 		2.473
v -18.567 		17.662 		11.501
v -37.565 		7.128 		36.941
v -37.598 		7.122 		36.882
v -23.547 		12.524 		2.246
v -32.121 		-11.085 		23.501
v -37.116 		7.0466 		37.1429
v -37.2121 		7.0514 		37.02
v -37.1706 		6.9969 		37.2548
v -19.082 		17.887 		10.555
v -37.246 		7.0526 		36.9782
v -37.2798 		7.0378 		36.9922
v -37.3029 		7.0536 		36.9117
v -22.265 		14.953 		1.507
v -37.3284 		7.0541 		36.8817
v -19.18 		17.735 		10.602
v -34.302 		8.25 		8.408
v -43.5 		-16.362 		21.294
v -31.97 		-10.311 		23.023
v -21.252 		14.645 		1.861
v -24.31 		15.298 		0.711
v -31.457 		-10.898 		22.814
v -41.584 		-11.885 		20.235
v -20.074 		17.868 		10.386
v -41.08 		-11.568 		19.995
v -24.449 		15.708 		0.91
v -17.138 		17.7 		9.628
v -31.126 		-10.621 		23.248
v -17.707 		17.915 		9.899
v -42.453 		-11.638 		18.262
v -42.192 		-11.3 		17.373
v -41.623 		-11.085 		17.101
v -35.328 		8.886 		9.76
v -35.3534 		8.8708 		9.7883
v -35.595 		8.883 		10.069
v -31.155 		-10.8967 		22.743
v -31.0224 		-10.9006 		22.8207
v -31.0219 		-10.9006 		22.8209
v -43.236 		-11.885 		17.87
v -17.193 		16.87 		10.038
v -17.652 		17.083 		9.873
v -18.403 		17.47 		10.231
v -40.746 		6.203 		38.553
v -28.817 		-11.246 		22.104
v -40.435 		6.513 		38.127
v -39.639 		6.86 		38.54
v -41.713 		-12.071 		17.64
v -21.715 		12.8 		1.486
v -35.6006 		8.817 		10.0775
v -35.556 		8.75 		10.014
v -35.4235 		8.829 		9.8664
v -20.649 		13.27 		1.981
v -35.5458 		8.817 		10.0071
v -17.617 		16.929 		9.36
v -41.678 		-11.917 		17.127
v -42.137 		-12.13 		16.962
v -21.5258 		12.2971 		1.571
v -21.5988 		12.288 		1.5383
v -35.5757 		8.8171 		10.0417
v -39.137 		7.068 		38.355
v -16.877 		17.362 		8.738
v -17.726 		17.778 		9.143
v -35.2837 		8.8669 		9.7108
v -35.2156 		8.8618 		9.6438
v -28.7286 		-11.0842 		22.2883
v -28.817 		-11.1101 		22.3236
v -21.023 		12.36 		1.796
v -28.817 		-11.1463 		22.247
v -34.931 		8.886 		9.218
v -39.691 		6.921 		37.232
v -21.206 		12.337 		1.714
v -39.207 		7.045 		36.965
v -42.912 		-12.54 		19.801
v -21.199 		12.339 		1.718
v -28.8891 		-11.2431 		22.1059
v -28.8849 		-11.2396 		22.11
v -41.552 		-12.568 		19.152
v -28.8953 		-11.2464 		22.1038
v -39.545 		7.003 		37.678
v -28.8753 		-11.2439 		22.0913
v -28.855 		-11.2422 		22.0762
v -28.8088 		-11.239 		22.0409
v -28.8444 		-11.2177 		22.1228
v -18.819 		18.108 		9.773
v -39.069 		7.143 		37.457
v -19.041 		18.095 		9.904
v -35.013 		8.75 		9.41
v -35.584 		8.25 		9.53
v -42.426 		-13.73 		19.569
v -19.687 		18.025 		9.334
v -42.041 		-13.121 		19.386
v -21.199 		12.338 		1.718
v -28.817 		-11.1994 		22.1338
v -35.2476 		8.8513 		9.6707
v -40.683 		6.309 		37.145
v -24.266 		12.331 		0.647
v -22.977 		12.51 		1.014
v -19.555 		18.098 		8.585
v -19.358 		18.108 		9.177
v -44.597 		-13.898 		19.19
v -43.759 		-13.702 		20.205
v -32.121 		-11.113 		22.189
v -36.325 		8.75 		9.765
v -43.186 		-13.915 		18.578
v -40.624 		6.406 		37.545
v -36.116 		8.386 		9.874
v -24.297 		14.168 		1.998
v -32.599 		-10.725 		21.641
v -40.198 		6.653 		37.206
v -40.074 		6.766 		37.734
v -20.868 		17.941 		11.941
v -21.007 		18.128 		11.968
v -24.268 		13.377 		1.926
v -31.681 		-10.976 		22.357
v -34.983 		8.25 		8.938
v -31.78 		-11.144 		21.908
v -20.493 		17.937 		12.282
v -42.65 		-14.832 		19.983
v -19.895 		10.541 		3.213
v -34.964 		8.386 		8.68
v -20.212 		9.909 		3.666
v -42.727 		-15.623 		20.023
v -31.3719 		-11.1432 		22.1697
v -31.5213 		-10.9911 		22.3429
v -31.1619 		-11.2595 		22.0983
v -31.3786 		-11.2405 		21.9937
v -35.243 		7.812 		36.566
v -42.728 		-14.386 		19.664
v -31.5349 		-10.983 		22.3484
v -21.038 		17.927 		11.448
v -35.491 		7.882 		35
v -31.5195 		-10.9644 		22.3911
v -31.54 		-10.9744 		22.3603
v -21.499 		18.236 		11.293
v -35.774 		8.75 		9.123
v -21.436 		11.164 		2.058
v -35.073 		8.557 		8.591
v -42.575 		-16.203 		20.138
v -21.589 		10.818 		3.97
v -35.243 		7.812 		33.434
v -31.9874 		-11.1722 		21.6236
v -31.8537 		-11.1944 		21.7418
v -32.0426 		-11.168 		21.5667
v -42.995 		-14.568 		19.384
v -31.7575 		-11.2071 		21.8102
v -32.121 		-11.265 		22.096
v -37.173 		8.386 		11.983
v -44.707 		-15.247 		19.641
v -44.687 		-14.969 		19.674
v -32.584 		-11.338 		22.259
v -22.158 		11.7 		3.09
v -44.375 		-14.57 		19.988
v -22.136 		18.085 		11.802
v -44.06 		-14.355 		20.31
v -37.65 		7.054 		36.591
v -22.337 		11.132 		3.347
v -32.547 		-11.12 		21.0543
v -37.647 		7.091 		36.722
v -37.414 		8.75 		11.938
v -37.624 		7.112 		36.82
v -32.5122 		-11.1224 		21.0994
v -22.325 		17.833 		11.629
v -23.76 		10.505 		3.284
v -37.4938 		7.0511 		36.7089
v -37.6087 		7.0463 		36.5982
v -37.6638 		7.038 		36.566
v -37.3795 		7.054 		36.8256
v -37.4066 		7.0537 		36.7964
v -37.4374 		7.0529 		36.7652
v -32.1892 		-11.1458 		21.4337
v -32.3138 		-11.133 		21.311
v -20.781 		9.889 		3.406
v -37.062 		8.557 		11.207
v -44.509 		-15.73 		19.957
v -44.225 		-15.997 		20.373
v -21.372 		17.929 		10.704
v -23.683 		8.826 		3.687
v -22.958 		10.108 		2.136
v -23.444 		9.352 		2.833
v -23.217 		9.301 		3.019
v -25.532 		-13.343 		24.443
v -44.625 		-15.548 		19.773
v -37.8328 		7.0001 		36.3969
v -37.8435 		6.9927 		36.4388
v -40.545 		9.305 		12.009
v -22.27 		18.194 		11.104
v -24.087 		9.996 		3.752
v -26.632 		-12.576 		24.091
v -21.796 		18.25 		11.163
v -38.689 		7.121 		36.818
v -38.685 		6.995 		36.388
v -22.481 		17.991 		11.177
v -26.632 		-13.128 		24.571
v -40.347 		8.509 		11.536
v -40.73 		8.391 		11.353
v -38.108 		7.005 		36.348
v -43.068 		-15.9 		19.534
v -21.671 		12.279 		1.506
v -39.763 		9.092 		11.501
v -21.545 		18.042 		10.48
v -38.0354 		6.9504 		36.2385
v -38.052 		6.9458 		36.231
v -21.726 		18.194 		10.553
v -22.055 		12.144 		1.357
v -37.903 		6.9828 		36.3426
v -22.756 		10.541 		1.848
v -37.9214 		6.9781 		36.3305
v -24.297 		11.164 		0.693
v -23.459 		11.632 		0.864
v -24.266 		11.275 		0.647
v -39.245 		9.024 		10.77
v -39.784 		8.73 		11.246
v -38.1166 		6.928 		36.2014
v -38.8635 		6.7156 		35.9235
v -23.083 		17.833 		10.313
v -40.934 		8.388 		11.256
v -22.655 		17.833 		10.952
v -26.957 		14.153 		7.85
v -27.814 		12.514 		7.672
v -38.9092 		6.6991 		35.8997
v -22.53 		18.236 		10.419
v -40.232 		6.51 		36.672
v -21.912 		17.921 		9.838
v -21.955 		17.941 		9.773
v -40.192 		6.397 		36.322
v -28.69 		15.792 		7.583
v -22.076 		18.128 		9.836
v -22.268 		18.243 		10.081
v -39.568 		9.157 		10.311
v -39.671 		6.609 		36.172
v -30.217 		12.417 		7.64
v -29.445 		12.417 		7.577
v -28.69 		12.514 		7.583
v -37.778 		8.886 		9.566
v -21.871 		17.937 		9.473
v -22.264 		17.919 		9.41
v -29.167 		12.34 		7.571
v -37.651 		8.988 		8.468
v -38.165 		8.715 		8.904
v -38.696 		8.509 		9.171
v -21.457 		17.868 		8.424
v -40.107 		6.272 		35.985
v -20.823 		17.754 		8.233
v -40.1696 		6.1691 		35.9078
v -40.1205 		6.1909 		35.8974
v -22.504 		17.926 		9.132
v -40.0451 		6.2238 		35.8867
v -40.0958 		6.2012 		35.8976
v -36.871 		8.886 		8.421
v -39.097 		6.728 		35.988
v -39.0005 		6.6638 		35.8725
v -39.81 		9.305 		9.852
v -40.298 		9.548 		9.618
v -39.028 		6.751 		35
v -39.6202 		6.4131 		35.7896
v -39.5329 		6.4512 		35.7766
v -39.4705 		6.477 		35.7807
v -40.758 		9.838 		9.4
v -38.934 		8.697 		9.974
v -40.5161 		5.9884 		36.2196
v -39.078 		8.391 		8.989
v -39.283 		8.388 		8.891
v -38.749 		6.691 		33.434
v -39.844 		8.532 		8.623
v -41.292 		4.408 		40.219
v -41.733 		4.363 		39.574
v -43.296 		15.15 		15.619
v -41.404 		4.913 		39.628
v -41.154 		5.403 		39.426
v -43.504 		15.007 		14.891
v -41.859 		4.792 		38.705
v -41.996 		4.694 		38.215
v -41.501 		5.321 		38.758
v -41.731 		5.191 		38.049
v -43.54 		14.168 		16.211
v -41.282 		5.737 		38.337
v -43.908 		13.377 		14.873
v -43.817 		14.168 		14.865
v -43.858 		12.638 		14.631
v -44.716 		15.708 		13.689
v -44.389 		16.096 		13.689
v -43.011 		15.879 		13.689
v -43.194 		15.657 		13.5
v -44.995 		15.298 		13.689
v -43.455 		15.27 		13.689
v -43.656 		14.837 		14.25
v -43.839 		14.42 		13.275
v -44.001 		13.377 		13.5
v -43.91 		14.168 		13.5
v -43.98 		13.055 		13.509
v -43.832 		12.309 		13.689
v -43.989 		13.39 		12.991
v -43.936 		13.909 		12.812
v -43.964 		13.682 		12.817
v -43.901 		14.139 		12.935
v -43.841 		12.494 		12.531
# 9673 vertices

g group_0_11909273

usemtl color_11909273
s 0

f 2 	5 	4
f 6 	4 	5
f 1 	164 	14
f 19 	2 	18
f 26 	2 	20
f 16 	2 	26
f 324 	2 	16
f 20 	2 	19
f 19 	18 	24
f 18 	40 	24
f 24 	20 	19
f 27 	380 	26
f 54 	51 	29
f 42 	45 	3
f 32 	36 	11
f 42 	3 	34
f 29 	9651 	9650
f 9657 	9661 	22
f 29 	25 	9651
f 21 	663 	22
f 11 	9574 	9499
f 24 	27 	20
f 26 	20 	27
f 40 	4 	39
f 30 	38 	179
f 40 	39 	24
f 33 	38 	29
f 9657 	22 	10
f 663 	23 	22
f 41 	46 	62
f 39 	43 	27
f 24 	39 	27
f 43 	4 	44
f 9468 	41 	62
f 27 	43 	384
f 44 	384 	43
f 41 	9433 	46
f 50 	25 	51
f 5143 	465 	47
f 47 	5159 	5143
f 15 	25 	50
f 29 	52 	54
f 29 	38 	55
f 29 	55 	52
f 45 	48 	9592
f 38 	30 	55
f 74 	46 	49
f 25 	29 	51
f 46 	74 	62
f 53 	57 	31
f 56 	140 	77
f 57 	35 	31
f 57 	47 	35
f 182 	164 	51
f 59 	63 	58
f 50 	51 	164
f 64 	63 	59
f 54 	52 	182
f 182 	52 	55
f 182 	55 	30
f 61 	28 	60
f 9468 	62 	9466
f 74 	56 	77
f 28 	61 	259
f 59 	9667 	69
f 64 	59 	69
f 56 	74 	49
f 23 	663 	72
f 74 	77 	62
f 87 	86 	8985
f 77 	68 	62
f 87 	8985 	88
f 76 	9671 	73
f 77 	92 	68
f 102 	97 	66
f 663 	83 	76
f 78 	88 	8985
f 70 	71 	89
f 88 	78 	80
f 79 	80 	78
f 78 	82 	79
f 69 	83 	64
f 42 	81 	45
f 80 	79 	134
f 76 	83 	69
f 82 	134 	79
f 5112 	70 	84
f 87 	8991 	86
f 84 	70 	89
f 81 	48 	45
f 134 	8991 	88
f 128 	1510 	85
f 134 	88 	80
f 71 	90 	89
f 87 	88 	8991
f 77 	2865 	92
f 102 	66 	67
f 48 	93 	3320
f 9642 	9643 	67
f 68 	92 	144
f 101 	102 	67
f 92 	150 	144
f 95 	96 	42
f 4 	18 	2
f 67 	105 	101
f 96 	100 	42
f 102 	101 	134
f 115 	116 	106
f 101 	105 	134
f 124 	125 	9643
f 108 	109 	104
f 34 	95 	42
f 28 	259 	95
f 67 	9643 	125
f 110 	121 	111
f 108 	104 	8485
f 34 	28 	95
f 114 	9643 	113
f 118 	116 	115
f 115 	4231 	118
f 117 	119 	112
f 122 	111 	121
f 106 	123 	121
f 108 	71 	9093
f 106 	116 	123
f 8484 	5545 	108
f 90 	71 	108
f 123 	118 	122
f 121 	123 	122
f 108 	9093 	9111
f 118 	123 	116
f 67 	125 	105
f 122 	127 	111
f 109 	108 	136
f 114 	124 	9643
f 112 	48 	81
f 112 	93 	48
f 105 	125 	134
f 81 	42 	100
f 136 	108 	9111
f 125 	124 	134
f 92 	2865 	103
f 100 	112 	81
f 150 	92 	103
f 97 	82 	78
f 149 	157 	128
f 78 	66 	97
f 112 	119 	93
f 82 	97 	134
f 110 	171 	106
f 97 	102 	134
f 114 	164 	124
f 128 	157 	126
f 338 	130 	156
f 140 	139 	77
f 5655 	109 	129
f 135 	142 	131
f 9120 	9121 	136
f 134 	143 	8991
f 9481 	68 	144
f 9120 	136 	9111
f 135 	132 	147
f 145 	147 	132
f 156 	130 	129
f 148 	135 	147
f 137 	138 	9438
f 149 	144 	150
f 135 	148 	142
f 103 	98 	151
f 151 	150 	103
f 114 	113 	164
f 153 	107 	154
f 9134 	156 	136
f 156 	109 	136
f 120 	154 	107
f 120 	126 	154
f 145 	433 	147
f 154 	151 	153
f 14 	164 	13
f 13 	164 	113
f 107 	153 	151
f 156 	129 	109
f 154 	150 	151
f 154 	157 	150
f 151 	98 	107
f 134 	124 	164
f 156 	65 	338
f 106 	158 	159
f 4266 	4186 	106
f 157 	149 	150
f 15 	50 	164
f 1 	15 	164
f 164 	166 	134
f 166 	143 	134
f 170 	106 	169
f 106 	170 	158
f 169 	167 	170
f 157 	154 	126
f 174 	143 	166
f 106 	121 	110
f 169 	106 	171
f 171 	110 	111
f 111 	167 	171
f 169 	171 	167
f 111 	172 	167
f 111 	127 	172
f 172 	145 	132
f 172 	127 	145
f 185 	9620 	228
f 190 	178 	38
f 179 	38 	178
f 160 	9620 	185
f 158 	175 	159
f 94 	6680 	141
f 185 	228 	152
f 167 	176 	175
f 179 	182 	30
f 175 	170 	167
f 178 	182 	179
f 170 	175 	158
f 137 	168 	185
f 138 	185 	152
f 176 	186 	177
f 138 	137 	185
f 51 	54 	182
f 176 	167 	186
f 187 	137 	133
f 177 	186 	188
f 189 	183 	173
f 7622 	173 	183
f 177 	188 	526
f 131 	526 	188
f 167 	172 	186
f 168 	137 	187
f 184 	439 	402
f 188 	186 	132
f 186 	172 	132
f 189 	184 	183
f 178 	190 	182
f 188 	135 	131
f 132 	135 	188
f 195 	184 	189
f 190 	192 	182
f 195 	189 	173
f 173 	197 	195
f 198 	200 	173
f 393 	391 	75
f 200 	197 	173
f 191 	471 	5124
f 202 	210 	182
f 75 	209 	291
f 220 	636 	199
f 198 	201 	200
f 203 	200 	201
f 216 	219 	202
f 213 	141 	206
f 91 	206 	141
f 91 	273 	206
f 202 	212 	210
f 369 	208 	209
f 203 	197 	200
f 210 	212 	231
f 231 	212 	235
f 213 	270 	211
f 205 	373 	376
f 208 	369 	205
f 5573 	207 	8840
f 6673 	94 	207
f 212 	202 	219
f 219 	216 	3858
f 210 	164 	182
f 210 	166 	164
f 226 	320 	217
f 210 	231 	166
f 194 	193 	168
f 217 	215 	226
f 187 	194 	168
f 636 	220 	225
f 231 	232 	174
f 155 	152 	228
f 141 	213 	207
f 174 	166 	231
f 94 	141 	207
f 9612 	9618 	556
f 7962 	8519 	198
f 235 	232 	231
f 232 	235 	238
f 212 	239 	235
f 219 	239 	212
f 235 	240 	238
f 239 	240 	235
f 233 	145 	127
f 241 	300 	242
f 219 	3859 	239
f 3860 	240 	239
f 221 	8988 	258
f 250 	203 	201
f 6723 	286 	245
f 253 	300 	241
f 241 	9620 	236
f 236 	160 	253
f 248 	255 	230
f 253 	241 	236
f 253 	193 	300
f 234 	165 	229
f 243 	257 	233
f 302 	7365 	234
f 249 	733 	237
f 234 	227 	165
f 253 	185 	168
f 160 	185 	253
f 253 	168 	193
f 337 	221 	258
f 289 	9668 	245
f 245 	262 	249
f 233 	257 	433
f 272 	259 	61
f 243 	358 	257
f 260 	249 	262
f 259 	272 	513
f 201 	254 	250
f 321 	203 	250
f 274 	275 	276
f 275 	277 	276
f 278 	279 	276
f 206 	273 	213
f 273 	757 	213
f 276 	8061 	278
f 274 	279 	278
f 274 	278 	280
f 274 	280 	275
f 280 	278 	281
f 205 	222 	208
f 211 	270 	267
f 280 	281 	282
f 277 	275 	282
f 280 	282 	275
f 8767 	222 	205
f 250 	254 	276
f 8767 	205 	9229
f 283 	272 	61
f 281 	290 	279
f 222 	288 	208
f 276 	279 	274
f 289 	287 	63
f 274 	276 	277
f 283 	512 	272
f 288 	209 	208
f 277 	282 	274
f 279 	274 	282
f 58 	63 	287
f 7 	287 	286
f 6569 	7 	286
f 258 	8988 	9010
f 291 	209 	288
f 63 	9668 	289
f 277 	276 	292
f 276 	274 	292
f 9010 	285 	258
f 223 	288 	222
f 61 	9623 	283
f 279 	292 	274
f 291 	288 	223
f 279 	290 	293
f 279 	293 	292
f 289 	245 	287
f 224 	291 	223
f 282 	321 	277
f 292 	282 	277
f 245 	286 	287
f 294 	291 	297
f 261 	241 	295
f 75 	291 	294
f 293 	8061 	292
f 290 	8061 	293
f 246 	295 	242
f 8798 	297 	291
f 321 	250 	276
f 271 	229 	7385
f 295 	241 	242
f 401 	294 	297
f 264 	263 	266
f 265 	266 	263
f 266 	299 	264
f 547 	297 	499
f 229 	7383 	7385
f 8798 	499 	297
f 298 	242 	300
f 263 	3648 	3189
f 229 	342 	343
f 335 	298 	300
f 301 	285 	284
f 298 	330 	303
f 304 	298 	303
f 229 	343 	234
f 301 	352 	354
f 298 	246 	242
f 246 	298 	304
f 300 	339 	335
f 230 	255 	284
f 301 	284 	255
f 268 	269 	2
f 268 	118 	269
f 4231 	269 	118
f 305 	2 	306
f 305 	268 	2
f 282 	281 	307
f 306 	308 	305
f 299 	266 	1039
f 308 	118 	305
f 268 	305 	118
f 307 	281 	279
f 2 	313 	306
f 306 	313 	308
f 290 	293 	552
f 292 	552 	293
f 122 	118 	308
f 310 	285 	301
f 311 	127 	122
f 308 	311 	122
f 311 	233 	127
f 281 	307 	290
f 282 	307 	279
f 258 	285 	310
f 313 	2 	315
f 312 	422 	309
f 314 	308 	313
f 315 	2 	324
f 315 	314 	313
f 314 	316 	308
f 218 	531 	463
f 312 	542 	422
f 508 	401 	297
f 321 	276 	277
f 307 	292 	293
f 293 	290 	307
f 307 	321 	282
f 419 	418 	318
f 282 	292 	307
f 271 	6428 	9595
f 320 	226 	215
f 308 	316 	311
f 214 	319 	218
f 311 	243 	233
f 195 	321 	247
f 197 	321 	195
f 296 	326 	344
f 243 	311 	316
f 203 	321 	197
f 324 	16 	380
f 300 	193 	325
f 350 	339 	300
f 324 	380 	314
f 315 	324 	314
f 325 	350 	300
f 204 	5135 	323
f 193 	194 	325
f 181 	319 	214
f 298 	329 	330
f 309 	322 	333
f 330 	329 	409
f 332 	333 	322
f 322 	334 	332
f 335 	329 	298
f 296 	7842 	326
f 328 	331 	316
f 7365 	302 	320
f 337 	8746 	221
f 339 	329 	335
f 327 	336 	326
f 326 	353 	344
f 6158 	522 	338
f 320 	399 	217
f 337 	338 	65
f 340 	341 	328
f 258 	354 	403
f 328 	341 	331
f 342 	479 	476
f 342 	476 	343
f 476 	234 	343
f 388 	209 	389
f 75 	389 	209
f 348 	800 	347
f 346 	800 	348
f 5186 	309 	333
f 349 	341 	347
f 348 	347 	341
f 255 	385 	301
f 393 	75 	406
f 357 	354 	258
f 355 	349 	347
f 360 	351 	359
f 258 	310 	357
f 341 	340 	348
f 346 	348 	340
f 209 	368 	369
f 362 	341 	349
f 388 	359 	209
f 362 	349 	364
f 372 	373 	205
f 375 	372 	205
f 352 	356 	354
f 378 	366 	205
f 349 	355 	374
f 371 	205 	369
f 374 	829 	349
f 354 	357 	301
f 310 	301 	357
f 331 	243 	316
f 366 	9280 	205
f 243 	331 	358
f 351 	209 	359
f 331 	362 	358
f 341 	362 	331
f 351 	360 	361
f 362 	452 	358
f 75 	392 	389
f 367 	368 	351
f 209 	351 	368
f 367 	351 	361
f 326 	365 	353
f 205 	371 	370
f 355 	800 	374
f 701 	295 	703
f 703 	295 	246
f 378 	205 	376
f 365 	326 	336
f 364 	349 	829
f 370 	375 	205
f 271 	363 	377
f 16 	26 	380
f 271 	377 	229
f 479 	342 	229
f 314 	328 	316
f 761 	246 	304
f 1008 	429 	363
f 359 	9271 	360
f 366 	378 	9271
f 380 	328 	314
f 409 	382 	330
f 9271 	361 	360
f 380 	340 	328
f 368 	367 	371
f 369 	368 	371
f 367 	9271 	371
f 370 	371 	9271
f 27 	340 	380
f 365 	336 	510
f 367 	361 	9271
f 320 	383 	420
f 383 	320 	302
f 334 	322 	431
f 345 	385 	255
f 370 	9271 	375
f 372 	375 	9271
f 376 	373 	9271
f 383 	302 	234
f 234 	476 	383
f 373 	372 	9271
f 352 	301 	385
f 495 	509 	336
f 378 	376 	9271
f 382 	303 	330
f 382 	304 	303
f 75 	391 	392
f 5249 	394 	390
f 388 	9271 	359
f 388 	389 	9271
f 389 	392 	9271
f 410 	9271 	393
f 439 	184 	195
f 391 	9271 	392
f 320 	420 	399
f 391 	393 	9271
f 390 	394 	332
f 354 	356 	403
f 394 	333 	332
f 400 	334 	386
f 401 	415 	413
f 400 	332 	334
f 385 	6369 	4349
f 415 	401 	418
f 411 	407 	294
f 406 	294 	407
f 406 	75 	294
f 294 	401 	411
f 401 	413 	411
f 271 	9596 	363
f 318 	421 	419
f 2509 	456 	318
f 407 	410 	406
f 410 	393 	406
f 397 	398 	715
f 435 	381 	420
f 383 	435 	420
f 425 	426 	800
f 384 	340 	27
f 420 	381 	399
f 407 	411 	410
f 410 	411 	413
f 346 	424 	800
f 415 	585 	413
f 799 	800 	426
f 424 	425 	800
f 418 	585 	415
f 9596 	271 	9595
f 425 	424 	384
f 421 	585 	419
f 418 	419 	585
f 346 	340 	424
f 340 	384 	424
f 322 	422 	416
f 384 	857 	426
f 410 	53 	31
f 799 	426 	427
f 427 	430 	799
f 425 	384 	426
f 428 	412 	350
f 410 	413 	585
f 412 	339 	350
f 427 	857 	430
f 309 	422 	322
f 404 	449 	423
f 322 	416 	431
f 429 	377 	363
f 233 	433 	145
f 147 	436 	148
f 453 	454 	2509
f 451 	453 	2509
f 416 	432 	431
f 433 	436 	147
f 436 	437 	148
f 130 	522 	414
f 449 	439 	434
f 414 	522 	521
f 244 	434 	439
f 440 	436 	433
f 446 	447 	2997
f 130 	338 	522
f 257 	440 	433
f 437 	436 	196
f 421 	318 	456
f 440 	196 	436
f 454 	456 	2509
f 460 	398 	434
f 444 	445 	443
f 446 	2997 	442
f 440 	199 	196
f 447 	450 	2997
f 448 	199 	440
f 358 	448 	257
f 708 	432 	416
f 358 	452 	448
f 257 	448 	440
f 449 	402 	439
f 451 	450 	583
f 447 	583 	450
f 449 	404 	402
f 220 	448 	452
f 364 	452 	362
f 382 	409 	395
f 459 	423 	449
f 454 	453 	584
f 329 	441 	409
f 448 	220 	199
f 441 	339 	412
f 441 	412 	1185
f 455 	519 	255
f 329 	339 	441
f 456 	585 	421
f 455 	255 	248
f 439 	247 	244
f 452 	364 	457
f 457 	225 	220
f 428 	350 	8707
f 584 	456 	454
f 220 	452 	457
f 7948 	47 	458
f 398 	460 	461
f 57 	53 	5157
f 459 	449 	434
f 457 	922 	225
f 441 	1064 	395
f 409 	441 	395
f 710 	708 	416
f 5157 	47 	57
f 458 	47 	465
f 466 	517 	464
f 432 	386 	431
f 465 	467 	458
f 467 	7974 	458
f 334 	431 	386
f 567 	434 	244
f 417 	710 	416
f 383 	476 	435
f 386 	432 	1047
f 439 	195 	247
f 835 	1002 	363
f 1047 	432 	405
f 363 	751 	835
f 191 	180 	471
f 381 	435 	504
f 468 	473 	463
f 466 	706 	469
f 706 	8202 	469
f 478 	398 	397
f 475 	477 	480
f 423 	478 	2429
f 472 	2429 	478
f 229 	377 	479
f 434 	482 	459
f 482 	398 	478
f 434 	398 	482
f 482 	478 	459
f 477 	177 	480
f 423 	459 	478
f 259 	483 	95
f 480 	529 	481
f 397 	472 	478
f 485 	396 	408
f 483 	259 	513
f 438 	484 	485
f 481 	488 	489
f 483 	492 	490
f 489 	577 	570
f 1040 	435 	476
f 95 	483 	490
f 483 	514 	492
f 529 	496 	488
f 476 	493 	1040
f 479 	1041 	494
f 715 	461 	497
f 471 	180 	473
f 473 	180 	181
f 708 	1062 	405
f 473 	181 	214
f 377 	1041 	479
f 218 	473 	214
f 476 	479 	493
f 218 	463 	473
f 493 	479 	494
f 498 	497 	635
f 529 	131 	496
f 505 	497 	498
f 488 	496 	506
f 496 	515 	506
f 508 	418 	401
f 483 	513 	514
f 527 	473 	468
f 505 	721 	497
f 500 	508 	297
f 498 	486 	472
f 537 	508 	500
f 488 	506 	489
f 472 	505 	498
f 379 	365 	510
f 512 	561 	513
f 486 	498 	491
f 471 	473 	511
f 496 	131 	142
f 379 	510 	600
f 272 	512 	513
f 511 	9082 	471
f 510 	509 	516
f 515 	496 	142
f 506 	515 	517
f 510 	516 	600
f 525 	565 	321
f 9075 	9082 	511
f 516 	2320 	532
f 142 	148 	518
f 512 	283 	556
f 509 	510 	336
f 515 	142 	518
f 512 	556 	561
f 519 	455 	507
f 515 	464 	517
f 321 	307 	552
f 464 	515 	518
f 345 	255 	519
f 520 	292 	8681
f 307 	281 	552
f 522 	6045 	521
f 148 	437 	518
f 112 	100 	523
f 100 	96 	523
f 523 	117 	112
f 175 	176 	477
f 414 	6045 	6047
f 176 	177 	477
f 414 	521 	6045
f 251 	317 	252
f 117 	524 	119
f 526 	480 	177
f 519 	527 	345
f 526 	529 	480
f 523 	571 	530
f 529 	488 	481
f 531 	5474 	527
f 96 	95 	523
f 526 	131 	529
f 490 	571 	523
f 468 	531 	527
f 530 	524 	523
f 95 	490 	523
f 463 	531 	468
f 381 	504 	502
f 507 	511 	527
f 528 	252 	317
f 524 	117 	523
f 217 	399 	502
f 527 	511 	473
f 546 	119 	524
f 502 	399 	381
f 507 	527 	519
f 528 	317 	601
f 475 	533 	4789
f 537 	500 	501
f 5657 	252 	528
f 319 	531 	218
f 385 	345 	527
f 601 	312 	528
f 508 	537 	318
f 385 	527 	538
f 508 	318 	418
f 490 	492 	571
f 527 	5451 	538
f 5451 	544 	538
f 536 	537 	501
f 487 	547 	499
f 321 	552 	549
f 545 	321 	549
f 539 	541 	540
f 545 	525 	321
f 500 	547 	487
f 548 	778 	550
f 549 	525 	545
f 487 	501 	500
f 551 	492 	553
f 297 	547 	500
f 553 	616 	551
f 281 	290 	552
f 520 	552 	292
f 520 	549 	552
f 514 	553 	492
f 520 	560 	549
f 563 	422 	542
f 261 	295 	556
f 317 	540 	541
f 533 	475 	559
f 520 	558 	560
f 514 	513 	561
f 533 	559 	534
f 559 	562 	534
f 480 	559 	475
f 534 	562 	535
f 562 	564 	535
f 562 	570 	564
f 549 	560 	592
f 565 	566 	567
f 563 	542 	541
f 244 	565 	567
f 481 	562 	559
f 460 	568 	461
f 568 	497 	461
f 559 	480 	481
f 541 	539 	563
f 481 	570 	562
f 317 	503 	540
f 570 	573 	564
f 601 	317 	541
f 601 	541 	542
f 321 	565 	247
f 481 	489 	570
f 565 	244 	247
f 570 	578 	573
f 525 	623 	565
f 551 	571 	492
f 542 	312 	601
f 569 	567 	566
f 571 	599 	576
f 576 	530 	571
f 577 	578 	570
f 540 	574 	539
f 506 	580 	489
f 506 	517 	580
f 524 	591 	579
f 489 	580 	577
f 543 	2083 	588
f 453 	451 	583
f 460 	434 	567
f 576 	591 	524
f 453 	583 	584
f 569 	460 	567
f 576 	524 	530
f 569 	568 	460
f 456 	584 	585
f 546 	524 	579
f 410 	585 	586
f 586 	53 	410
f 577 	582 	578
f 582 	577 	580
f 582 	589 	578
f 5157 	53 	586
f 2079 	9139 	588
f 572 	2066 	588
f 591 	590 	579
f 584 	594 	585
f 594 	586 	585
f 580 	517 	595
f 517 	466 	595
f 594 	5157 	586
f 582 	580 	595
f 589 	582 	462
f 593 	560 	596
f 595 	462 	582
f 462 	7973 	589
f 597 	596 	558
f 558 	596 	560
f 318 	2782 	2509
f 450 	451 	2509
f 599 	591 	576
f 597 	593 	596
f 466 	469 	595
f 595 	469 	462
f 603 	379 	600
f 446 	442 	583
f 516 	532 	600
f 592 	560 	604
f 605 	318 	537
f 600 	2416 	610
f 603 	387 	379
f 609 	600 	622
f 251 	612 	608
f 603 	600 	609
f 546 	579 	9595
f 610 	622 	600
f 606 	548 	550
f 579 	9596 	9595
f 560 	593 	604
f 642 	571 	611
f 525 	549 	592
f 551 	616 	611
f 613 	603 	609
f 611 	571 	551
f 593 	1268 	604
f 612 	614 	608
f 604 	615 	592
f 592 	615 	671
f 620 	602 	437
f 553 	617 	616
f 553 	514 	617
f 437 	196 	620
f 609 	621 	613
f 619 	2083 	543
f 610 	408 	622
f 609 	622 	621
f 622 	624 	621
f 657 	607 	614
f 624 	613 	621
f 569 	566 	623
f 624 	396 	387
f 623 	566 	565
f 607 	628 	614
f 387 	613 	624
f 536 	605 	537
f 620 	626 	602
f 447 	446 	583
f 714 	583 	442
f 625 	2083 	619
f 620 	633 	626
f 652 	607 	657
f 627 	583 	714
f 583 	627 	629
f 629 	584 	583
f 629 	594 	584
f 614 	628 	608
f 607 	540 	628
f 635 	497 	568
f 629 	627 	5306
f 620 	632 	633
f 251 	608 	317
f 630 	569 	623
f 503 	317 	608
f 674 	630 	623
f 628 	503 	608
f 625 	1296 	2085
f 199 	632 	196
f 628 	540 	503
f 196 	632 	620
f 574 	607 	634
f 634 	581 	574
f 635 	674 	1043
f 543 	2069 	631
f 603 	613 	387
f 2053 	2064 	631
f 646 	647 	2997
f 631 	2064 	575
f 622 	408 	624
f 514 	561 	637
f 408 	396 	624
f 617 	514 	637
f 647 	665 	2997
f 574 	540 	607
f 638 	655 	639
f 637 	660 	669
f 561 	660 	637
f 568 	569 	635
f 556 	660 	561
f 581 	641 	681
f 199 	636 	632
f 611 	654 	642
f 632 	645 	633
f 654 	611 	616
f 636 	645 	632
f 650 	2984 	651
f 651 	643 	709
f 636 	225 	653
f 587 	638 	438
f 649 	650 	711
f 648 	649 	711
f 651 	711 	650
f 646 	648 	711
f 587 	438 	485
f 587 	485 	610
f 634 	641 	581
f 610 	485 	408
f 2416 	587 	610
f 655 	638 	587
f 662 	654 	617
f 652 	641 	607
f 616 	617 	654
f 656 	652 	657
f 661 	3022 	658
f 688 	689 	740
f 639 	655 	790
f 695 	707 	696
f 641 	634 	607
f 617 	637 	662
f 73 	72 	663
f 661 	658 	709
f 707 	709 	658
f 637 	669 	662
f 664 	83 	663
f 659 	688 	740
f 663 	76 	73
f 592 	623 	525
f 8966 	9005 	657
f 674 	635 	630
f 666 	379 	387
f 630 	635 	569
f 666 	664 	663
f 612 	8966 	657
f 379 	666 	663
f 9005 	8981 	657
f 666 	396 	664
f 614 	612 	657
f 387 	396 	666
f 663 	365 	379
f 665 	670 	2997
f 442 	2997 	670
f 442 	670 	714
f 665 	714 	670
f 664 	485 	484
f 563 	699 	417
f 623 	592 	671
f 664 	396 	485
f 672 	751 	673
f 563 	417 	416
f 671 	674 	623
f 751 	742 	676
f 673 	751 	676
f 563 	416 	422
f 615 	1018 	671
f 672 	677 	751
f 1018 	674 	671
f 694 	695 	702
f 676 	918 	673
f 672 	673 	918
f 690 	692 	702
f 640 	730 	731
f 672 	918 	677
f 677 	918 	939
f 680 	574 	681
f 680 	539 	574
f 684 	685 	702
f 702 	598 	684
f 653 	645 	636
f 676 	683 	918
f 687 	645 	653
f 581 	681 	574
f 742 	740 	689
f 685 	690 	702
f 691 	742 	689
f 693 	702 	692
f 710 	417 	699
f 710 	699 	474
f 688 	7344 	689
f 691 	689 	7344
f 695 	696 	702
f 7344 	918 	691
f 694 	693 	725
f 693 	692 	725
f 652 	680 	641
f 3022 	702 	696
f 660 	858 	669
f 3022 	696 	658
f 641 	680 	681
f 658 	696 	707
f 686 	698 	697
f 466 	464 	700
f 686 	697 	679
f 725 	695 	694
f 728 	618 	678
f 697 	698 	721
f 726 	682 	705
f 693 	694 	702
f 2988 	648 	646
f 724 	237 	675
f 2988 	2981 	648
f 699 	734 	474
f 700 	464 	602
f 643 	2984 	661
f 651 	2984 	643
f 680 	699 	563
f 680 	563 	539
f 706 	466 	700
f 708 	405 	432
f 643 	661 	709
f 651 	709 	711
f 647 	646 	711
f 665 	647 	714
f 714 	647 	711
f 675 	713 	765
f 686 	397 	715
f 709 	707 	5342
f 715 	497 	686
f 709 	716 	711
f 397 	686 	679
f 709 	5342 	716
f 716 	714 	711
f 716 	627 	714
f 686 	497 	721
f 719 	801 	720
f 718 	713 	717
f 718 	782 	713
f 685 	684 	722
f 718 	777 	782
f 690 	685 	723
f 722 	723 	685
f 723 	692 	690
f 715 	398 	461
f 723 	725 	692
f 695 	725 	707
f 245 	249 	724
f 774 	776 	728
f 724 	249 	237
f 729 	723 	722
f 724 	91 	245
f 726 	667 	682
f 726 	998 	667
f 729 	732 	723
f 730 	909 	550
f 550 	778 	730
f 732 	725 	723
f 640 	909 	730
f 725 	732 	5342
f 721 	698 	686
f 727 	618 	728
f 733 	675 	237
f 725 	5342 	707
f 713 	675 	733
f 626 	700 	602
f 733 	717 	713
f 5349 	732 	729
f 738 	736 	718
f 678 	640 	728
f 699 	680 	652
f 656 	699 	652
f 699 	656 	644
f 738 	638 	736
f 717 	738 	718
f 745 	746 	744
f 700 	626 	748
f 747 	738 	733
f 747 	733 	249
f 626 	754 	748
f 706 	700 	748
f 747 	249 	260
f 746 	745 	743
f 683 	676 	742
f 745 	5537 	750
f 1655 	796 	792
f 438 	638 	738
f 733 	738 	717
f 751 	9610 	742
f 744 	5537 	745
f 789 	1623 	750
f 626 	633 	754
f 745 	750 	743
f 745 	746 	750
f 395 	701 	703
f 739 	744 	743
f 724 	675 	759
f 757 	759 	675
f 754 	8232 	748
f 744 	746 	743
f 761 	762 	246
f 759 	273 	724
f 762 	703 	246
f 761 	703 	762
f 645 	763 	633
f 757 	273 	759
f 273 	91 	724
f 304 	382 	761
f 757 	270 	213
f 687 	763 	645
f 633 	763 	754
f 734 	644 	9098
f 703 	761 	382
f 768 	757 	675
f 763 	8246 	754
f 395 	767 	764
f 760 	757 	768
f 763 	687 	769
f 792 	99 	791
f 675 	765 	768
f 782 	765 	713
f 703 	382 	395
f 760 	768 	765
f 640 	731 	728
f 395 	764 	701
f 766 	771 	772
f 766 	773 	771
f 701 	775 	295
f 764 	775 	701
f 556 	775 	660
f 9118 	9133 	773
f 556 	295 	775
f 822 	727 	776
f 727 	728 	776
f 728 	731 	774
f 778 	774 	731
f 731 	730 	778
f 777 	831 	782
f 781 	811 	739
f 3105 	780 	3087
f 781 	739 	744
f 787 	780 	779
f 780 	787 	802
f 781 	1623 	1642
f 781 	746 	1623
f 1627 	769 	687
f 773 	9133 	770
f 790 	788 	638
f 736 	638 	788
f 638 	639 	790
f 791 	8266 	792
f 767 	784 	764
f 783 	794 	784
f 718 	736 	788
f 821 	793 	756
f 775 	764 	794
f 437 	602 	518
f 602 	464 	518
f 788 	795 	718
f 784 	794 	764
f 39 	4 	43
f 18 	4 	40
f 821 	756 	780
f 1001 	775 	794
f 718 	795 	777
f 790 	655 	2575
f 789 	739 	743
f 571 	798 	599
f 795 	788 	2577
f 743 	750 	789
f 2575 	2580 	790
f 821 	780 	924
f 798 	591 	599
f 750 	746 	789
f 803 	804 	774
f 781 	744 	746
f 776 	774 	804
f 744 	739 	789
f 804 	820 	776
f 746 	744 	789
f 805 	824 	806
f 590 	805 	806
f 803 	774 	778
f 741 	1155 	755
f 571 	642 	798
f 798 	642 	815
f 798 	805 	591
f 805 	590 	591
f 795 	812 	777
f 809 	802 	810
f 847 	800 	851
f 810 	808 	809
f 777 	812 	813
f 9603 	590 	806
f 720 	801 	797
f 653 	225 	814
f 2918 	804 	803
f 840 	797 	801
f 548 	2918 	817
f 817 	778 	548
f 817 	803 	778
f 799 	430 	819
f 825 	828 	799
f 819 	825 	799
f 924 	780 	802
f 818 	815 	816
f 902 	886 	797
f 355 	347 	800
f 374 	800 	829
f 820 	1009 	822
f 699 	644 	734
f 801 	823 	870
f 813 	9629 	9630
f 823 	801 	719
f 822 	776 	820
f 719 	735 	823
f 691 	683 	742
f 823 	735 	734
f 813 	812 	2595
f 1020 	820 	2907
f 734 	9098 	823
f 828 	843 	799
f 844 	842 	800
f 819 	860 	825
f 799 	851 	800
f 838 	947 	811
f 811 	781 	838
f 765 	782 	831
f 640 	1981 	834
f 925 	797 	840
f 829 	800 	842
f 827 	828 	825
f 737 	883 	841
f 842 	364 	829
f 798 	815 	818
f 851 	799 	843
f 816 	805 	818
f 844 	800 	847
f 827 	843 	828
f 848 	364 	842
f 847 	848 	844
f 844 	848 	842
f 798 	818 	805
f 846 	2302 	837
f 815 	654 	852
f 816 	824 	805
f 836 	9312 	841
f 824 	9609 	9610
f 850 	851 	843
f 850 	843 	827
f 850 	848 	851
f 847 	851 	848
f 3209 	3199 	741
f 845 	951 	832
f 4 	864 	872
f 951 	900 	832
f 969 	853 	868
f 833 	832 	901
f 856 	4 	854
f 44 	4 	856
f 363 	9610 	751
f 855 	853 	968
f 938 	940 	835
f 833 	901 	834
f 384 	856 	857
f 854 	857 	856
f 853 	969 	968
f 427 	426 	857
f 968 	852 	855
f 854 	4 	872
f 853 	858 	868
f 4 	863 	864
f 852 	654 	855
f 832 	833 	554
f 855 	858 	853
f 856 	384 	44
f 662 	858 	855
f 662 	855 	654
f 860 	430 	857
f 819 	430 	860
f 815 	642 	654
f 677 	939 	751
f 640 	834 	909
f 827 	825 	860
f 833 	834 	554
f 862 	858 	660
f 4 	5117 	863
f 5129 	903 	5132
f 797 	925 	902
f 863 	5132 	867
f 864 	863 	867
f 868 	858 	862
f 903 	876 	874
f 662 	669 	858
f 903 	873 	867
f 867 	873 	864
f 801 	870 	840
f 704 	866 	871
f 873 	903 	874
f 771 	870 	823
f 772 	771 	823
f 840 	870 	771
f 873 	857 	872
f 874 	857 	873
f 854 	872 	857
f 773 	840 	771
f 839 	875 	899
f 872 	864 	873
f 874 	876 	879
f 874 	879 	857
f 1004 	1003 	878
f 3171 	3172 	737
f 879 	888 	860
f 875 	885 	878
f 823 	9098 	772
f 815 	877 	816
f 879 	860 	857
f 865 	869 	882
f 878 	618 	727
f 888 	827 	860
f 877 	881 	816
f 865 	882 	2702
f 878 	727 	1004
f 876 	903 	884
f 884 	890 	879
f 866 	704 	878
f 876 	884 	879
f 878 	885 	866
f 888 	850 	827
f 882 	869 	849
f 884 	889 	890
f 879 	890 	888
f 890 	891 	888
f 892 	894 	893
f 891 	850 	888
f 885 	871 	866
f 889 	911 	890
f 8 	897 	896
f 880 	883 	737
f 897 	8 	824
f 967 	861 	830
f 845 	839 	899
f 919 	912 	903
f 903 	911 	889
f 889 	884 	903
f 832 	900 	901
f 816 	881 	896
f 897 	824 	816
f 896 	897 	816
f 896 	881 	920
f 968 	906 	877
f 834 	901 	909
f 910 	914 	606
f 919 	903 	917
f 606 	901 	910
f 550 	909 	606
f 900 	910 	901
f 859 	1207 	865
f 902 	887 	886
f 911 	903 	912
f 901 	606 	909
f 902 	898 	887
f 917 	903 	916
f 755 	1207 	859
f 911 	912 	913
f 911 	913 	890
f 905 	902 	925
f 902 	905 	898
f 913 	891 	890
f 881 	877 	920
f 917 	991 	919
f 912 	919 	913
f 848 	922 	457
f 7311 	920 	921
f 920 	877 	921
f 808 	923 	924
f 929 	814 	922
f 848 	457 	364
f 924 	809 	808
f 840 	770 	925
f 802 	809 	924
f 814 	225 	922
f 848 	850 	928
f 952 	821 	924
f 928 	922 	848
f 928 	929 	922
f 927 	861 	926
f 929 	932 	814
f 927 	835 	934
f 891 	935 	850
f 835 	751 	939
f 935 	928 	850
f 935 	936 	928
f 936 	929 	928
f 914 	548 	606
f 927 	934 	861
f 914 	8760 	548
f 914 	557 	8760
f 938 	835 	939
f 934 	835 	940
f 936 	944 	929
f 861 	934 	940
f 5541 	893 	1677
f 930 	905 	931
f 942 	941 	943
f 938 	939 	861
f 861 	939 	918
f 940 	938 	861
f 944 	932 	929
f 892 	893 	807
f 942 	943 	945
f 807 	739 	892
f 947 	894 	811
f 892 	739 	811
f 1002 	835 	946
f 933 	8244 	937
f 837 	933 	937
f 945 	943 	914
f 892 	811 	894
f 835 	927 	946
f 926 	946 	927
f 945 	914 	910
f 964 	956 	946
f 557 	914 	943
f 923 	950 	982
f 923 	982 	924
f 951 	899 	942
f 947 	954 	895
f 947 	895 	894
f 924 	982 	952
f 942 	945 	951
f 910 	900 	945
f 951 	945 	900
f 894 	895 	893
f 951 	845 	899
f 877 	906 	921
f 895 	954 	8330
f 937 	966 	949
f 908 	981 	979
f 937 	953 	966
f 955 	997 	956
f 908 	979 	7931
f 946 	962 	964
f 1035 	937 	1845
f 937 	1035 	953
f 960 	961 	959
f 958 	959 	961
f 949 	837 	937
f 962 	946 	963
f 920 	7311 	896
f 925 	9195 	931
f 967 	7773 	963
f 962 	963 	7773
f 956 	964 	7773
f 896 	6768 	8
f 962 	7773 	964
f 966 	2525 	846
f 846 	949 	966
f 852 	968 	815
f 7773 	967 	948
f 975 	976 	946
f 905 	930 	907
f 971 	944 	936
f 830 	948 	967
f 968 	877 	815
f 846 	837 	949
f 975 	946 	926
f 970 	936 	935
f 930 	915 	907
f 970 	971 	936
f 963 	946 	972
f 944 	971 	973
f 963 	972 	967
f 840 	773 	770
f 972 	946 	974
f 972 	974 	967
f 969 	868 	862
f 9195 	925 	9133
f 974 	946 	976
f 978 	969 	862
f 925 	770 	9133
f 862 	7983 	978
f 925 	931 	905
f 958 	957 	959
f 977 	959 	958
f 978 	979 	969
f 400 	386 	980
f 969 	979 	981
f 960 	959 	957
f 959 	977 	960
f 983 	960 	977
f 981 	908 	906
f 906 	968 	981
f 1112 	982 	950
f 985 	1729 	973
f 959 	984 	958
f 1729 	1724 	973
f 968 	969 	981
f 985 	973 	971
f 960 	984 	959
f 983 	977 	961
f 386 	1047 	980
f 982 	1112 	1107
f 978 	988 	979
f 982 	1107 	952
f 913 	987 	891
f 957 	961 	960
f 983 	961 	960
f 935 	891 	987
f 1211 	904 	1216
f 987 	970 	935
f 7983 	988 	978
f 916 	991 	917
f 984 	992 	977
f 913 	919 	991
f 1221 	1216 	904
f 967 	974 	976
f 862 	1017 	7983
f 967 	976 	975
f 967 	975 	861
f 1017 	660 	775
f 861 	975 	926
f 1017 	862 	660
f 991 	994 	913
f 993 	996 	990
f 786 	999 	785
f 987 	913 	994
f 1000 	1001 	783
f 946 	956 	997
f 1016 	987 	994
f 1016 	970 	987
f 794 	783 	1001
f 998 	491 	498
f 783 	785 	1000
f 875 	1003 	899
f 998 	1005 	491
f 875 	878 	1003
f 1070 	491 	1005
f 997 	1002 	946
f 1083 	994 	991
f 1046 	635 	1043
f 899 	1003 	1006
f 1004 	1009 	1003
f 998 	498 	635
f 1019 	971 	970
f 1046 	998 	635
f 1019 	985 	971
f 998 	1131 	1005
f 1007 	1008 	1002
f 1001 	1000 	1205
f 1011 	1010 	1202
f 1202 	1203 	1011
f 667 	1481 	1049
f 1203 	1201 	1011
f 504 	1034 	1013
f 1034 	435 	1040
f 1026 	1025 	1011
f 1016 	1019 	970
f 775 	1001 	1017
f 1010 	1011 	1025
f 1009 	1004 	822
f 1006 	1003 	1009
f 727 	822 	1004
f 1026 	1011 	1027
f 977 	992 	1416
f 1416 	983 	977
f 5249 	390 	996
f 996 	390 	990
f 1024 	1019 	1016
f 265 	6262 	996
f 992 	984 	1461
f 961 	1461 	960
f 984 	960 	1461
f 980 	989 	400
f 786 	1028 	999
f 1028 	1029 	999
f 989 	332 	400
f 2533 	953 	1022
f 1029 	785 	999
f 332 	989 	390
f 990 	390 	989
f 953 	1035 	1022
f 1024 	1025 	1026
f 1024 	1026 	1027
f 1032 	266 	996
f 1780 	1781 	1024
f 266 	265 	996
f 1008 	363 	1002
f 2907 	826 	1020
f 1954 	1022 	1035
f 1036 	1037 	1009
f 1035 	1042 	1954
f 1009 	1037 	1006
f 266 	1032 	1039
f 1077 	1073 	1032
f 1030 	1032 	1073
f 1039 	1032 	1030
f 1018 	1038 	674
f 1055 	1006 	1037
f 1040 	1237 	1034
f 1055 	1037 	1054
f 1033 	1035 	1845
f 1030 	299 	1039
f 1021 	1050 	1059
f 1007 	1041 	1008
f 667 	998 	1046
f 1046 	1471 	668
f 668 	667 	1046
f 1009 	820 	1036
f 1008 	1041 	429
f 986 	1077 	1032
f 1043 	674 	1038
f 1044 	1045 	1040
f 1033 	1042 	1035
f 1032 	993 	986
f 1032 	996 	993
f 1040 	493 	494
f 1041 	1044 	1040
f 1038 	1471 	1046
f 1955 	1042 	1050
f 957 	1067 	1470
f 1896 	1050 	1042
f 958 	961 	957
f 984 	957 	958
f 977 	957 	984
f 1020 	1048 	820
f 977 	958 	957
f 1049 	1134 	1125
f 1054 	941 	1055
f 941 	942 	1055
f 1061 	1023 	1017
f 1051 	1057 	980
f 8088 	1015 	1023
f 1023 	1061 	8088
f 1038 	1046 	1043
f 1057 	986 	993
f 1029 	1000 	785
f 1053 	1059 	1050
f 1029 	1028 	1000
f 1051 	1052 	1057
f 990 	1057 	993
f 1057 	1052 	1077
f 1057 	1077 	986
f 1001 	1061 	1017
f 941 	1058 	943
f 1054 	1056 	1058
f 989 	980 	1057
f 470 	1047 	405
f 1217 	1061 	1001
f 950 	923 	1070
f 1012 	1014 	1053
f 470 	1062 	1063
f 1059 	1053 	1014
f 1063 	1047 	470
f 1061 	1217 	8088
f 1058 	941 	1054
f 395 	1064 	767
f 1051 	980 	1062
f 1021 	1014 	2538
f 1123 	767 	1065
f 1062 	980 	1047
f 1064 	1065 	767
f 1062 	1047 	1063
f 1021 	1059 	1014
f 470 	405 	1062
f 1057 	990 	989
f 494 	1041 	1040
f 1051 	708 	1052
f 1062 	708 	1051
f 1052 	710 	474
f 994 	1083 	1089
f 474 	1068 	1052
f 1016 	994 	1089
f 1052 	708 	710
f 1073 	1074 	1031
f 1031 	1030 	1073
f 992 	1078 	1472
f 1079 	1478 	1078
f 1077 	1148 	1073
f 1222 	1224 	1076
f 1037 	1056 	1054
f 1076 	1072 	1222
f 1052 	1068 	1077
f 1076 	1224 	1235
f 1081 	1037 	1036
f 1235 	1010 	1076
f 1036 	820 	1081
f 820 	1048 	1081
f 1075 	1084 	1082
f 1070 	4983 	4974
f 1080 	1079 	2184
f 1099 	1097 	1072
f 1099 	1072 	1101
f 942 	899 	1055
f 1006 	1055 	899
f 1102 	1101 	1076
f 1105 	1103 	1010
f 1086 	1085 	1090
f 264 	1088 	263
f 1085 	1086 	1093
f 810 	802 	1070
f 1070 	808 	810
f 1016 	1089 	1024
f 1097 	1095 	1072
f 1087 	1437 	162
f 7336 	1093 	1096
f 1083 	5407 	1095
f 1088 	6272 	1092
f 1088 	1092 	263
f 1095 	1097 	1083
f 1098 	1082 	1084
f 1100 	1031 	1106
f 1070 	923 	808
f 1072 	1076 	1101
f 1103 	1102 	1076
f 377 	429 	1041
f 1076 	1010 	1103
f 952 	1104 	1069
f 1101 	1102 	1083
f 1099 	1101 	1083
f 1097 	1099 	1083
f 1100 	1106 	1148
f 504 	435 	1034
f 1089 	1083 	1102
f 1102 	1103 	1089
f 952 	1107 	1104
f 1089 	1103 	1105
f 1010 	1109 	1105
f 1010 	1025 	1109
f 1030 	1100 	1094
f 1093 	7342 	7290
f 1030 	1094 	299
f 1093 	7336 	7342
f 1470 	1096 	1462
f 1030 	1031 	1100
f 1105 	1109 	1089
f 1025 	1024 	1109
f 1031 	1074 	1106
f 1089 	1109 	1024
f 1070 	5208 	5014
f 1130 	1094 	1100
f 1094 	1130 	299
f 1130 	264 	299
f 1086 	1090 	1093
f 264 	1130 	1111
f 1088 	264 	1111
f 1113 	2405 	1114
f 2382 	2380 	1114
f 1110 	2402 	1113
f 1111 	1117 	1088
f 1118 	1065 	1064
f 1119 	1325 	1114
f 1110 	1113 	1519
f 1493 	1514 	1113
f 1070 	4974 	1112
f 1096 	1093 	1122
f 1091 	9626 	1115
f 1519 	1520 	1110
f 950 	1070 	1112
f 1013 	1108 	504
f 441 	1185 	1064
f 1005 	1131 	1070
f 1122 	1093 	1121
f 1090 	1121 	1093
f 504 	1108 	502
f 845 	1120 	839
f 1121 	1154 	1122
f 1120 	845 	832
f 1115 	1135 	1127
f 1114 	2380 	1119
f 555 	1120 	554
f 1114 	1320 	1113
f 1002 	997 	1175
f 1110 	1443 	1119
f 784 	767 	1123
f 1173 	1281 	1174
f 1065 	1156 	1123
f 1129 	1013 	1034
f 1133 	1120 	8752
f 1129 	1136 	1013
f 2423 	2424 	1132
f 1130 	1169 	1111
f 1148 	1169 	1130
f 1127 	1135 	1165
f 1148 	1130 	1100
f 1137 	5055 	1134
f 1002 	1175 	1007
f 1138 	1117 	1111
f 2423 	1132 	1116
f 1126 	1140 	1139
f 1049 	1137 	1134
f 1186 	1142 	1123
f 1142 	1143 	1123
f 783 	784 	1143
f 1174 	1140 	1173
f 1123 	1143 	784
f 1143 	786 	785
f 8752 	1120 	555
f 1143 	785 	783
f 5055 	1131 	1134
f 1143 	1147 	1145
f 1142 	1147 	1143
f 1147 	1142 	1186
f 1149 	1146 	1144
f 1149 	1150 	1146
f 1115 	1139 	1344
f 998 	1125 	1134
f 1134 	1131 	998
f 1151 	1175 	1172
f 1115 	1127 	1139
f 1151 	1007 	1175
f 1133 	1200 	1120
f 786 	1143 	1145
f 1139 	1140 	1152
f 1121 	1270 	1154
f 1156 	1186 	1123
f 1139 	1152 	1356
f 1007 	1151 	1041
f 1255 	1128 	1133
f 1148 	1106 	1074
f 1074 	1073 	1148
f 1013 	1136 	1091
f 1164 	1166 	1158
f 1077 	1068 	1159
f 502 	1108 	1091
f 1122 	1154 	1167
f 1108 	1013 	1091
f 1159 	1187 	1077
f 1164 	1155 	1166
f 1162 	1165 	1163
f 1170 	1111 	1169
f 1135 	1259 	1165
f 1259 	1163 	1165
f 8089 	1197 	1172
f 1154 	1157 	1167
f 1160 	1167 	1157
f 1169 	1148 	1077
f 1077 	1170 	1169
f 1140 	1174 	1188
f 1138 	1111 	1170
f 1170 	1077 	1187
f 1214 	1178 	1179
f 1179 	1181 	1182
f 1233 	1164 	1171
f 1183 	1214 	1179
f 1177 	1179 	1182
f 1183 	1179 	1177
f 1181 	1179 	1178
f 1178 	1184 	1181
f 1187 	1180 	1170
f 1065 	1395 	1156
f 1180 	1138 	1170
f 793 	821 	1171
f 1182 	1181 	1178
f 1183 	1177 	1182
f 1181 	1177 	1182
f 1140 	1243 	1173
f 1275 	1174 	1281
f 1187 	2359 	1180
f 2205 	1152 	1188
f 1187 	2542 	2359
f 1171 	1195 	793
f 1152 	1140 	1188
f 1118 	1064 	1185
f 1085 	1178 	1189
f 875 	1120 	885
f 1184 	1189 	1181
f 1178 	1191 	1182
f 1120 	875 	839
f 1091 	1136 	1190
f 554 	1120 	832
f 995 	7934 	1175
f 756 	793 	1195
f 1175 	997 	995
f 756 	1195 	1158
f 1195 	1171 	1164
f 1199 	786 	1145
f 1195 	1164 	1158
f 1240 	1197 	1239
f 1128 	1234 	1200
f 1158 	758 	756
f 1151 	1172 	1197
f 1071 	1075 	1197
f 1158 	1153 	758
f 1147 	1199 	1145
f 1203 	1204 	1201
f 1200 	1133 	1128
f 1199 	1248 	1205
f 1000 	1199 	1205
f 1207 	869 	865
f 1147 	1186 	1248
f 1200 	1206 	1196
f 1209 	1210 	1202
f 1210 	1203 	1202
f 755 	1155 	1207
f 1204 	1203 	1246
f 1164 	1207 	1155
f 1199 	1147 	1248
f 1120 	1200 	1196
f 1178 	1214 	1270
f 1196 	1198 	1120
f 1156 	1395 	1213
f 1189 	1090 	1085
f 1198 	1196 	1206
f 1189 	1178 	1181
f 1215 	1282 	1283
f 1270 	1184 	1178
f 1198 	885 	1120
f 1184 	1090 	1189
f 1000 	1028 	1199
f 1028 	786 	1199
f 1090 	1184 	1270
f 1001 	1205 	1217
f 1212 	1215 	1208
f 1218 	1219 	1205
f 1211 	1216 	5251
f 1220 	1866 	1198
f 1240 	1151 	1197
f 1082 	1197 	1075
f 1208 	1215 	1194
f 1223 	1220 	1198
f 1225 	1224 	1222
f 1194 	1314 	1208
f 1225 	1227 	1224
f 1066 	1228 	1082
f 1129 	1237 	1228
f 1191 	1231 	1182
f 1221 	869 	1207
f 1129 	1228 	1136
f 1182 	1231 	1183
f 1214 	1183 	1231
f 1066 	1190 	1228
f 1190 	1136 	1228
f 1221 	849 	869
f 1233 	5251 	1216
f 1226 	1230 	1238
f 1233 	1171 	1232
f 1230 	1234 	1238
f 1091 	1344 	502
f 1235 	1202 	1010
f 1082 	1228 	1237
f 1129 	1034 	1237
f 1233 	1216 	1221
f 1040 	1045 	1237
f 1164 	1233 	1207
f 1227 	1235 	1224
f 1171 	1244 	1232
f 1209 	1235 	1227
f 1209 	1202 	1235
f 1241 	1237 	1239
f 1232 	1244 	1247
f 1221 	1207 	1233
f 1205 	1219 	1217
f 1368 	1226 	1238
f 821 	952 	1242
f 1229 	9617 	9641
f 1171 	821 	1242
f 1242 	1244 	1171
f 1229 	1259 	1135
f 1244 	1242 	952
f 1244 	952 	1247
f 1210 	1246 	1203
f 1182 	1191 	1181
f 1128 	1238 	1234
f 1205 	1248 	1218
f 1069 	1247 	952
f 1230 	1206 	1234
f 5251 	1069 	1104
f 1250 	1248 	1249
f 1186 	1249 	1248
f 5251 	1247 	1069
f 1156 	1213 	1249
f 1191 	1177 	1181
f 1230 	1223 	1206
f 1253 	1251 	1252
f 1200 	1234 	1206
f 1186 	1156 	1249
f 1236 	1229 	1282
f 1223 	1198 	1206
f 682 	1049 	1254
f 1204 	1246 	1256
f 1256 	1245 	1204
f 1254 	1252 	1251
f 1248 	1250 	1218
f 1256 	1141 	1245
f 1251 	705 	682
f 1399 	1236 	1212
f 1141 	1991 	1245
f 1251 	682 	1254
f 682 	667 	1049
f 1254 	1049 	1253
f 1236 	1259 	1229
f 1254 	1253 	1252
f 1125 	1253 	1049
f 1236 	1399 	1259
f 1253 	726 	1251
f 1263 	1210 	1209
f 705 	1251 	726
f 1263 	1266 	1210
f 1125 	998 	726
f 1127 	1165 	1265
f 1266 	1246 	1210
f 1125 	726 	1253
f 1191 	1177 	1231
f 1273 	1231 	1177
f 1177 	1176 	1273
f 1265 	1264 	1243
f 1262 	1261 	1319
f 1182 	1177 	1191
f 1319 	1280 	1262
f 1165 	1264 	1265
f 1260 	1262 	1280
f 1192 	1286 	1271
f 1271 	1293 	1294
f 1214 	1274 	1270
f 1231 	1273 	1214
f 1273 	1274 	1214
f 1271 	1294 	1258
f 1270 	1121 	1090
f 1273 	1276 	1274
f 1275 	1243 	1264
f 1275 	1281 	1243
f 1466 	1469 	1257
f 1139 	1265 	1126
f 1139 	1127 	1265
f 597 	1269 	1268
f 1265 	1243 	1126
f 593 	597 	1268
f 1140 	1126 	1243
f 1276 	1279 	1274
f 1281 	1173 	1243
f 597 	1272 	1269
f 1241 	1197 	1082
f 1274 	1279 	1270
f 1239 	1197 	1241
f 1257 	735 	1258
f 1257 	734 	735
f 1240 	1239 	1237
f 615 	604 	1268
f 1257 	474 	734
f 1045 	1240 	1237
f 1068 	474 	1257
f 1215 	1292 	1282
f 1284 	1272 	597
f 1044 	1240 	1045
f 1285 	1287 	1276
f 1240 	1044 	1041
f 2597 	1215 	1283
f 1289 	1282 	1229
f 1151 	1240 	1041
f 1269 	1272 	1288
f 1289 	813 	1282
f 1276 	1290 	1279
f 1269 	1302 	1268
f 1297 	1302 	1288
f 1287 	1290 	1276
f 1269 	1288 	1302
f 1289 	1229 	9641
f 1241 	1082 	1237
f 2333 	1279 	1290
f 183 	1287 	7622
f 1289 	752 	813
f 619 	502 	1291
f 184 	1290 	1287
f 502 	1344 	1291
f 183 	184 	1287
f 1291 	625 	619
f 1292 	1236 	1282
f 1212 	1292 	1215
f 1212 	1236 	1292
f 1299 	1296 	625
f 1285 	1273 	1176
f 1295 	2251 	1298
f 1285 	1276 	1273
f 1293 	1271 	1286
f 1293 	1442 	1294
f 1303 	1295 	1298
f 1286 	1442 	1293
f 1294 	1442 	1464
f 1296 	1300 	2167
f 1270 	1304 	1154
f 1157 	1154 	1305
f 1304 	1305 	1154
f 1266 	1307 	1246
f 1299 	1351 	1296
f 1307 	1256 	1246
f 1351 	1300 	1296
f 1306 	1381 	1308
f 1323 	1295 	1303
f 1279 	1304 	1270
f 1309 	1301 	1300
f 1305 	1310 	1160
f 1305 	1160 	1157
f 1386 	1306 	1308
f 1168 	1193 	1263
f 1193 	1266 	1263
f 1309 	2166 	1301
f 1435 	1302 	1297
f 1310 	1305 	2333
f 1304 	2333 	1305
f 1302 	1317 	1268
f 2258 	2250 	1060
f 1384 	1435 	1308
f 992 	1313 	1311
f 1060 	1314 	1053
f 1144 	1146 	1227
f 1053 	1314 	1012
f 1315 	1477 	1317
f 1227 	1225 	1144
f 1318 	1227 	1146
f 1316 	1314 	1060
f 1318 	1209 	1227
f 1471 	1479 	668
f 1318 	1263 	1209
f 1146 	1150 	1318
f 1150 	1168 	1318
f 1168 	1263 	1318
f 557 	943 	1267
f 1321 	1324 	1322
f 1335 	1439 	1434
f 943 	1058 	1267
f 1319 	2354 	1280
f 1257 	1258 	1294
f 1320 	1114 	1325
f 1320 	1325 	1322
f 1324 	1320 	1322
f 735 	1326 	1258
f 1324 	1543 	1320
f 1326 	1271 	1258
f 1328 	1192 	1271
f 1328 	1332 	1192
f 1379 	1329 	1255
f 1326 	1328 	1271
f 1128 	1255 	1329
f 1330 	1319 	1261
f 719 	1326 	735
f 1326 	719 	1328
f 1317 	1477 	615
f 720 	1328 	719
f 1267 	1058 	1331
f 720 	797 	1328
f 1268 	1317 	615
f 1435 	1317 	1302
f 1458 	1317 	1435
f 1335 	1312 	1311
f 1331 	1355 	1267
f 1267 	1333 	1277
f 1379 	1255 	1333
f 1333 	1255 	1277
f 1550 	1324 	1536
f 1341 	1536 	1324
f 1311 	1313 	1335
f 1336 	1465 	1337
f 1278 	1330 	1338
f 1339 	1465 	1336
f 1340 	1278 	1338
f 1343 	1332 	1328
f 1091 	1115 	1344
f 1341 	2862 	1358
f 1343 	1328 	797
f 1278 	1319 	1330
f 1340 	8872 	1278
f 1056 	1360 	1342
f 1346 	1141 	1345
f 1348 	1374 	1335
f 1374 	1372 	1335
f 1056 	1342 	1331
f 1352 	1334 	1358
f 1351 	1309 	1300
f 1058 	1056 	1331
f 1299 	1357 	1351
f 1604 	1352 	1345
f 1348 	1367 	1374
f 1352 	1346 	1345
f 1351 	1350 	1309
f 1349 	1262 	1260
f 1352 	1353 	1354
f 1352 	1354 	1346
f 1343 	797 	886
f 1354 	1347 	1346
f 1366 	1349 	2487
f 1357 	1344 	1356
f 1139 	1356 	1344
f 1356 	2180 	1357
f 1358 	1353 	1352
f 1333 	1267 	1355
f 1331 	1342 	1355
f 2858 	1056 	1037
f 915 	1359 	1582
f 1360 	1056 	2858
f 1362 	1193 	1168
f 1313 	1348 	1335
f 1362 	1364 	1193
f 1337 	1363 	1336
f 1335 	8434 	1439
f 1434 	1312 	1335
f 1357 	1299 	625
f 1344 	1357 	1291
f 1369 	1366 	1361
f 1348 	1313 	1367
f 1357 	625 	1291
f 1238 	1128 	1368
f 1349 	1369 	1455
f 1349 	1366 	1369
f 1373 	1375 	1371
f 1329 	1368 	1128
f 1629 	1379 	1387
f 1374 	1367 	1376
f 1378 	1380 	1377
f 1625 	1327 	1374
f 1555 	1359 	1375
f 1185 	1370 	1118
f 1379 	1368 	1329
f 1327 	1372 	1374
f 1375 	1359 	1540
f 1373 	1555 	1375
f 1384 	1308 	1383
f 1381 	1383 	1308
f 1381 	1386 	1383
f 1384 	1383 	1386
f 1343 	1555 	1373
f 1208 	1314 	1316
f 1316 	1323 	1208
f 1185 	1388 	1370
f 1388 	1410 	1370
f 1212 	1323 	1303
f 1323 	1212 	1208
f 1392 	1657 	1385
f 1065 	1118 	1395
f 1394 	1188 	1264
f 1275 	1264 	1188
f 1377 	1262 	1390
f 1381 	1393 	1404
f 1381 	1404 	1386
f 2205 	1188 	1394
f 1383 	1339 	1384
f 1339 	1413 	1401
f 1332 	1343 	1373
f 1389 	1438 	1378
f 1405 	1413 	1339
f 1393 	1405 	1339
f 1381 	1393 	1339
f 1332 	1373 	1371
f 1264 	1165 	1394
f 1275 	1188 	1174
f 1381 	1339 	1383
f 1377 	1449 	1888
f 1406 	1393 	1384
f 1411 	1396 	1397
f 1261 	1377 	1380
f 1383 	1384 	1393
f 1381 	1383 	1393
f 1261 	1262 	1377
f 2274 	1165 	1162
f 1308 	1384 	1386
f 1391 	1657 	1392
f 1398 	1400 	1401
f 1399 	1162 	1163
f 1404 	1386 	1400
f 1405 	1404 	1400
f 1400 	1406 	1407
f 1399 	1298 	1162
f 1298 	1399 	1303
f 1400 	1407 	1405
f 1400 	1398 	1406
f 1338 	1403 	1402
f 1399 	1212 	1303
f 1401 	1400 	1386
f 1259 	1399 	1163
f 1402 	1340 	1338
f 1409 	1428 	1362
f 1410 	1411 	1370
f 1364 	1362 	1428
f 1404 	1412 	1386
f 1401 	1386 	1412
f 1412 	1404 	1405
f 1413 	1398 	1401
f 1365 	1364 	1529
f 1261 	1438 	1330
f 1529 	1533 	1365
f 1407 	1406 	1413
f 1398 	1413 	1406
f 1405 	1407 	1413
f 1423 	1370 	1411
f 1377 	1390 	1414
f 1405 	1407 	1404
f 1407 	1406 	1404
f 1386 	1404 	1406
f 1406 	1306 	1386
f 1501 	1428 	1409
f 1401 	1306 	1398
f 1406 	1398 	1306
f 1355 	1382 	1387
f 1411 	1410 	9287
f 1355 	1342 	1382
f 1355 	1387 	1379
f 1388 	9287 	1410
f 1311 	1416 	992
f 1149 	1415 	1417
f 1379 	1333 	1355
f 1417 	1150 	1149
f 1313 	992 	1472
f 1393 	9552 	1405
f 1381 	9552 	1393
f 1417 	1418 	1150
f 1418 	1168 	1150
f 1382 	1342 	1360
f 1418 	1362 	1168
f 1185 	9403 	1388
f 1339 	1401 	1408
f 1419 	1417 	1415
f 1419 	1420 	1417
f 1420 	1418 	1417
f 1420 	1409 	1418
f 1421 	1370 	1423
f 1409 	1362 	1418
f 1384 	1401 	1398
f 1393 	1405 	1404
f 1423 	1411 	1397
f 1425 	1426 	1441
f 1407 	1393 	1406
f 1423 	1397 	1427
f 1405 	1393 	1407
f 1406 	1384 	1398
f 1306 	1401 	1308
f 1384 	1308 	1401
f 1429 	1426 	1425
f 1218 	1425 	1446
f 1461 	961 	957
f 1431 	1416 	1311
f 1311 	1312 	1431
f 1306 	1308 	1435
f 1384 	1339 	1435
f 1297 	1306 	1435
f 1312 	1434 	1431
f 1429 	1584 	1426
f 1432 	1437 	1087
f 983 	1416 	1431
f 1433 	1437 	1432
f 1380 	1438 	1261
f 1435 	1339 	1336
f 1436 	1403 	1438
f 1336 	1363 	1435
f 1430 	149 	128
f 1432 	1504 	1433
f 1494 	1435 	1363
f 1422 	1504 	1432
f 1403 	1338 	1438
f 1338 	1330 	1438
f 1450 	1443 	1110
f 8881 	1438 	1389
f 1450 	1110 	1445
f 1380 	1378 	1438
f 1445 	1490 	1447
f 1445 	1447 	1448
f 1448 	1483 	1445
f 1377 	1414 	1449
f 1432 	1087 	1424
f 8315 	1446 	1441
f 1534 	1437 	1433
f 1425 	1441 	1446
f 1469 	1442 	1468
f 1444 	1453 	1441
f 1441 	1453 	8315
f 1445 	1485 	1322
f 1451 	1320 	1484
f 1442 	1192 	1454
f 1454 	1588 	1442
f 1390 	1262 	1456
f 1286 	1192 	1442
f 1262 	1457 	1456
f 1542 	1453 	1444
f 1442 	1588 	1498
f 1458 	1613 	1610
f 1454 	1489 	1588
f 1459 	1078 	992
f 1461 	1462 	1459
f 1444 	1441 	1426
f 128 	85 	1430
f 1462 	1463 	1459
f 1453 	1542 	1831
f 1262 	1460 	1457
f 1442 	1466 	1464
f 1552 	1542 	1444
f 1460 	1593 	1457
f 1442 	1469 	1466
f 1467 	1408 	1430
f 1464 	1257 	1294
f 992 	1461 	1459
f 1408 	1467 	1339
f 1339 	1467 	1465
f 1257 	1469 	1468
f 1262 	1349 	1455
f 1468 	1442 	1473
f 957 	1470 	1461
f 1477 	1315 	1471
f 1462 	1461 	1470
f 1468 	1473 	1257
f 668 	1479 	1481
f 667 	668 	1481
f 1118 	1421 	1395
f 1460 	1262 	1455
f 1257 	1473 	1495
f 1451 	1509 	1320
f 1038 	1477 	1471
f 1325 	1119 	1443
f 1476 	1455 	1452
f 1448 	1447 	1480
f 1118 	1370 	1421
f 1483 	1485 	1445
f 1484 	1320 	1486
f 1480 	1483 	1448
f 1484 	1529 	1428
f 1451 	1484 	1428
f 1464 	1466 	1257
f 1315 	1479 	1471
f 1422 	1432 	1424
f 1480 	2944 	1483
f 4511 	1866 	4418
f 1484 	1486 	1529
f 1487 	4418 	1220
f 1488 	3840 	1487
f 1223 	1487 	1220
f 1489 	1454 	1192
f 1455 	1476 	1460
f 1422 	1424 	1488
f 1422 	1488 	1487
f 1490 	2972 	1447
f 1422 	1487 	1492
f 1495 	1473 	1442
f 1498 	1495 	1442
f 1223 	1230 	1492
f 1493 	1113 	1320
f 1113 	1514 	1519
f 1492 	1487 	1223
f 1494 	1458 	1435
f 1489 	1601 	1588
f 1423 	1679 	1421
f 1458 	1610 	1317
f 1610 	1315 	1317
f 1068 	1257 	1159
f 1479 	1315 	1610
f 1607 	1479 	1610
f 1613 	1458 	1494
f 1018 	1477 	1038
f 1257 	1495 	1159
f 1477 	1018 	615
f 1476 	1592 	1460
f 1513 	1493 	1320
f 1520 	1523 	1445
f 1428 	1501 	1503
f 1492 	1504 	1422
f 1445 	1110 	1520
f 1430 	85 	1467
f 1504 	1230 	1505
f 1508 	1467 	85
f 1563 	1497 	1507
f 1490 	1445 	1523
f 1525 	1320 	1509
f 1510 	1508 	85
f 1498 	1159 	1495
f 1451 	1428 	1509
f 1509 	1428 	1503
f 1502 	1500 	1506
f 1508 	1465 	1467
f 1617 	1618 	1517
f 1524 	1313 	1472
f 1472 	1078 	1478
f 1513 	1320 	1521
f 1512 	1493 	1513
f 1512 	1514 	1493
f 1508 	1511 	1465
f 1079 	1080 	1500
f 1337 	1465 	1511
f 1079 	1475 	1478
f 1616 	1617 	1517
f 1512 	1513 	1501
f 1501 	1565 	1512
f 1371 	1515 	1489
f 1512 	1565 	1514
f 1079 	1500 	1502
f 1521 	1320 	1525
f 1475 	1079 	1502
f 1508 	1517 	1518
f 2184 	1079 	1078
f 2945 	1520 	1519
f 1496 	1396 	1411
f 1519 	1514 	2945
f 1503 	1501 	1521
f 1513 	1521 	1501
f 1489 	1332 	1371
f 1489 	1192 	1332
f 1523 	1520 	2972
f 9287 	1496 	1411
f 1521 	1525 	1503
f 1516 	1553 	1599
f 1480 	1447 	2972
f 1523 	2972 	1490
f 1503 	1525 	1509
f 1508 	1518 	1522
f 1511 	1508 	1522
f 1592 	1476 	1628
f 1541 	1548 	1322
f 1524 	1367 	1313
f 1376 	1367 	1524
f 1460 	1592 	1593
f 1524 	1559 	1376
f 1226 	1505 	1230
f 1504 	1505 	1433
f 1499 	1848 	1440
f 1433 	1505 	1621
f 1364 	1428 	1529
f 1226 	1368 	1505
f 1621 	1505 	1368
f 1440 	1528 	1499
f 1548 	1549 	1321
f 1528 	1531 	1499
f 1486 	1320 	1543
f 1230 	1504 	1492
f 1533 	1334 	1365
f 1524 	1472 	1537
f 1537 	1478 	1475
f 1341 	1358 	1536
f 1533 	1536 	1358
f 1522 	6351 	6349
f 1544 	1324 	1550
f 1478 	1537 	1472
f 1533 	1358 	1334
f 1530 	1476 	1452
f 1474 	1482 	2195
f 1537 	1475 	1576
f 1530 	1452 	1532
f 1485 	1541 	1322
f 1321 	1322 	1548
f 1371 	1526 	1515
f 1375 	1526 	1371
f 1539 	1666 	1526
f 1324 	1544 	1543
f 1390 	1456 	1571
f 1375 	1540 	1539
f 1529 	1486 	1543
f 1543 	1544 	1529
f 1533 	1529 	1544
f 1449 	1414 	1547
f 1539 	1526 	1375
f 1433 	1621 	1534
f 2944 	2995 	1541
f 1440 	1966 	1528
f 9382 	1527 	1516
f 1550 	1533 	1544
f 1502 	1506 	1546
f 1475 	1502 	1546
f 1359 	7008 	1540
f 1540 	7075 	1539
f 1612 	1545 	1546
f 1553 	1516 	1527
f 1554 	1552 	1584
f 1517 	1510 	128
f 886 	887 	1343
f 1517 	1508 	1510
f 1577 	1527 	2120
f 898 	1343 	887
f 1550 	1536 	1533
f 128 	126 	1517
f 1507 	1516 	1557
f 1343 	898 	1555
f 1419 	1556 	1558
f 1558 	1561 	1420
f 1557 	1562 	1563
f 1562 	1496 	1497
f 1563 	1562 	1497
f 1524 	1537 	1559
f 1557 	1563 	1507
f 1558 	1420 	1419
f 1565 	1420 	1561
f 1557 	1567 	1562
f 1565 	1409 	1420
f 1565 	1501 	1409
f 1556 	1116 	1558
f 1116 	1132 	1561
f 1561 	1558 	1116
f 1511 	1595 	1569
f 1561 	1132 	1565
f 1516 	1572 	1557
f 1132 	2945 	1565
f 1567 	1496 	1562
f 2945 	1514 	1565
f 1572 	1396 	1567
f 1141 	1574 	1991
f 1567 	1557 	1572
f 1546 	1506 	1612
f 1496 	1567 	1396
f 1347 	2181 	1574
f 1599 	1396 	1572
f 1572 	1516 	1599
f 1551 	1534 	1564
f 1569 	1610 	1613
f 1345 	1256 	1307
f 1345 	1141 	1256
f 1629 	1534 	1621
f 1337 	1569 	1363
f 1337 	1511 	1569
f 1141 	1346 	1574
f 1629 	1564 	1534
f 1527 	1577 	1553
f 1444 	1426 	1552
f 6318 	1578 	6316
f 1559 	1576 	1560
f 1537 	1576 	1559
f 1359 	1555 	1582
f 1576 	1598 	1560
f 1582 	1555 	898
f 1584 	1552 	1426
f 905 	1582 	898
f 1585 	1546 	1545
f 907 	1582 	905
f 1546 	1585 	1475
f 1585 	1576 	1475
f 1581 	1583 	1580
f 907 	915 	1582
f 1414 	1390 	1571
f 1481 	1137 	1049
f 1456 	1457 	1593
f 1414 	1571 	1547
f 1590 	1600 	6317
f 1579 	1360 	2914
f 1609 	2289 	1589
f 1346 	1347 	1574
f 1515 	1596 	1705
f 1193 	1597 	1266
f 1573 	1569 	1595
f 1597 	1307 	1266
f 1396 	1599 	1397
f 1585 	1801 	1598
f 1666 	1596 	1526
f 1598 	1576 	1585
f 1553 	1577 	1599
f 1595 	1522 	6349
f 1511 	1522 	1595
f 1365 	1604 	1597
f 1601 	1489 	1515
f 1604 	1307 	1597
f 1602 	1609 	1605
f 1345 	1307 	1604
f 1137 	1607 	1590
f 1581 	1603 	1608
f 1588 	1634 	1498
f 1607 	1600 	1590
f 1515 	1633 	1637
f 1456 	1593 	1571
f 1573 	1600 	1607
f 1592 	1571 	1593
f 1193 	1364 	1597
f 1573 	1607 	1569
f 1364 	1365 	1597
f 1628 	1571 	1592
f 1494 	1363 	1569
f 1334 	1604 	1365
f 1515 	1643 	1633
f 1347 	1611 	2181
f 1583 	1614 	1606
f 1570 	1612 	1506
f 1581 	1608 	1614
f 1596 	1515 	1526
f 1347 	1354 	1615
f 1569 	1607 	1610
f 1612 	1570 	1602
f 1588 	1639 	1634
f 1615 	1611 	1347
f 1545 	1612 	1602
f 1606 	1614 	1608
f 1607 	1137 	1481
f 1494 	1569 	1613
f 1619 	1606 	1608
f 1545 	1602 	2126
f 1481 	1479 	1607
f 1583 	1606 	1580
f 1518 	1517 	1618
f 1522 	1518 	1618
f 1609 	1602 	1570
f 1455 	1675 	1452
f 1579 	2996 	2973
f 1334 	1352 	1604
f 6316 	1578 	1620
f 653 	814 	1622
f 1622 	687 	653
f 932 	1631 	1622
f 1551 	1564 	1654
f 814 	932 	1622
f 1622 	1627 	687
f 1624 	1620 	1626
f 1578 	1626 	1620
f 1656 	1629 	1387
f 1159 	1498 	1634
f 1628 	1530 	1669
f 1625 	1374 	1645
f 1476 	1530 	1628
f 745 	750 	1623
f 1638 	1664 	1631
f 1635 	1588 	1601
f 1327 	1623 	789
f 1631 	1664 	1627
f 1623 	1327 	1625
f 1581 	1614 	1583
f 745 	1623 	746
f 1631 	1627 	1622
f 1397 	1608 	1603
f 1635 	1601 	1637
f 1633 	1635 	1637
f 1619 	1397 	1599
f 1601 	1515 	1637
f 1608 	1397 	1619
f 1635 	1639 	1588
f 1632 	1640 	1641
f 1599 	1577 	1619
f 1385 	838 	781
f 1635 	1728 	1639
f 1693 	1695 	1640
f 1213 	1644 	1249
f 1695 	1687 	1640
f 1678 	1213 	1395
f 1395 	1421 	1678
f 1625 	1642 	1623
f 1645 	1385 	781
f 1645 	781 	1642
f 1491 	1628 	1669
f 1645 	1642 	1625
f 1643 	1515 	1705
f 1632 	1630 	1682
f 99 	792 	796
f 1661 	1670 	796
f 1655 	1661 	796
f 1547 	1571 	1628
f 1640 	1647 	1641
f 769 	1627 	1646
f 1628 	1491 	1547
f 1633 	1728 	1635
f 1675 	1455 	1369
f 1646 	1655 	769
f 1871 	1591 	1587
f 1374 	1376 	1645
f 1634 	1745 	1159
f 1652 	1587 	1586
f 1645 	1376 	1649
f 1621 	1368 	1629
f 1648 	1584 	1429
f 1646 	1661 	1655
f 1649 	1385 	1645
f 1629 	1368 	1379
f 1665 	1670 	1646
f 1691 	1838 	796
f 1575 	1654 	1382
f 1218 	1653 	1425
f 1647 	1640 	1687
f 1382 	1654 	1656
f 1687 	1650 	1647
f 792 	769 	1655
f 1688 	1650 	1687
f 1382 	1566 	1594
f 1688 	1651 	1650
f 1941 	1942 	1547
f 1385 	1657 	838
f 1547 	1891 	1449
f 1547 	1491 	1941
f 1387 	1382 	1656
f 1425 	1648 	1429
f 1218 	1250 	1653
f 1532 	1452 	1538
f 1538 	1452 	1675
f 1653 	1648 	1425
f 9058 	1659 	9055
f 1654 	1629 	1656
f 1671 	1692 	796
f 1662 	1659 	9058
f 1664 	1665 	1646
f 1564 	1629 	1654
f 1668 	1667 	1662
f 1391 	1714 	1657
f 1382 	1579 	1566
f 1850 	1538 	1858
f 1627 	1664 	1646
f 1671 	796 	1670
f 1691 	796 	1692
f 1660 	838 	1657
f 1671 	1670 	1665
f 1657 	1714 	1660
f 1575 	1382 	1594
f 1587 	1652 	1871
f 1530 	1672 	1669
f 1491 	1669 	1672
f 1560 	1658 	1559
f 1673 	1391 	1392
f 1579 	1382 	1360
f 1658 	1391 	1673
f 1385 	1673 	1392
f 1672 	1941 	1491
f 1551 	1654 	1575
f 1674 	1554 	1584
f 1673 	1559 	1658
f 1385 	1649 	1673
f 1376 	1673 	1649
f 1559 	1673 	1376
f 893 	895 	1677
f 1703 	1707 	1887
f 1679 	1423 	1427
f 1421 	1679 	1678
f 1678 	1644 	1213
f 1680 	1703 	1887
f 1427 	1723 	1679
f 1652 	1703 	1680
f 9085 	1211 	1668
f 1661 	1646 	1670
f 1636 	1681 	1682
f 838 	1683 	947
f 1664 	1638 	1684
f 1630 	1636 	1682
f 1684 	1686 	1665
f 1682 	1640 	1632
f 1699 	1683 	838
f 1686 	1692 	1665
f 1684 	1665 	1664
f 1681 	1636 	5268
f 1640 	1682 	1693
f 1686 	1691 	1692
f 954 	947 	1683
f 1698 	1700 	1687
f 1687 	1700 	1688
f 1700 	2018 	1688
f 1699 	1697 	1683
f 1681 	2054 	2059
f 1703 	1652 	1586
f 1686 	1709 	1691
f 1682 	1681 	2059
f 1671 	1665 	1692
f 2059 	1693 	1682
f 1723 	1738 	1679
f 1730 	1697 	1699
f 1695 	1693 	2070
f 1726 	1684 	1638
f 2070 	1698 	1687
f 1586 	1704 	1703
f 838 	1660 	1699
f 1587 	1704 	1586
f 1249 	1644 	1738
f 1687 	1695 	2070
f 1587 	1591 	1704
f 1644 	1678 	1679
f 1732 	1701 	1702
f 1709 	1878 	1882
f 1689 	1696 	1752
f 1716 	1754 	1659
f 1660 	1714 	1699
f 1705 	1596 	1690
f 1662 	1716 	1659
f 1679 	1738 	1644
f 1886 	1709 	1882
f 1667 	1758 	1716
f 1690 	1596 	1666
f 944 	1718 	932
f 1718 	1638 	1631
f 1662 	1667 	1716
f 1730 	1699 	1714
f 1631 	932 	1718
f 1912 	1707 	1706
f 1720 	1715 	1702
f 944 	973 	1718
f 1714 	1391 	1663
f 1718 	1724 	1638
f 1722 	1554 	1674
f 1704 	1722 	1703
f 1718 	973 	1724
f 1706 	1707 	1703
f 1663 	1713 	1714
f 1735 	1720 	1725
f 1724 	1726 	1638
f 1720 	1702 	1701
f 1794 	1633 	1643
f 1724 	1729 	1731
f 9207 	1659 	1710
f 1722 	1706 	1703
f 1674 	1706 	1722
f 1731 	1726 	1724
f 1397 	1603 	1733
f 1704 	1554 	1722
f 1717 	1733 	1708
f 1704 	1552 	1554
f 1732 	2182 	2196
f 1427 	1397 	1733
f 1749 	1427 	1733
f 1797 	1736 	1729
f 1736 	1737 	1731
f 1714 	1785 	1730
f 1735 	1715 	1720
f 1739 	1735 	1725
f 1663 	1727 	1713
f 1736 	1731 	1729
f 1739 	1768 	1735
f 1741 	1738 	1723
f 1689 	1740 	1369
f 1890 	1881 	1737
f 1689 	1752 	1740
f 1689 	1369 	1361
f 1737 	1881 	1731
f 1704 	1591 	1734
f 2903 	2852 	1743
f 1745 	1639 	1728
f 1634 	1639 	1745
f 1734 	1591 	1482
f 1741 	1249 	1738
f 1728 	1760 	1745
f 1748 	1750 	1751
f 1717 	1749 	1733
f 1748 	1753 	1750
f 1760 	1755 	1745
f 1648 	1756 	1757
f 1772 	1745 	1755
f 1653 	1250 	1648
f 1757 	1749 	1717
f 2327 	2330 	1751
f 3149 	2327 	1751
f 1674 	1648 	1905
f 1832 	3134 	1750
f 1674 	1584 	1648
f 1759 	1780 	1011
f 1780 	1769 	1011
f 1754 	1710 	1659
f 1757 	1717 	1648
f 1427 	1757 	1723
f 1011 	1201 	1759
f 1760 	1728 	1761
f 1762 	1741 	1756
f 1250 	1741 	1762
f 1764 	1721 	1719
f 1757 	1756 	1741
f 1024 	1763 	1019
f 1764 	1767 	1721
f 1756 	1648 	1762
f 1762 	1648 	1250
f 1763 	1797 	985
f 1757 	1741 	1723
f 1250 	1249 	1741
f 1763 	985 	1019
f 1427 	1749 	1757
f 1633 	1794 	1765
f 1710 	1754 	1842
f 1773 	1755 	1760
f 1027 	1011 	1769
f 1765 	1728 	1633
f 1027 	1769 	1024
f 1770 	3138 	1775
f 1842 	1766 	1710
f 1761 	1728 	1765
f 1739 	1770 	1768
f 1772 	1187 	1159
f 1766 	1711 	1710
f 1766 	9208 	1711
f 1776 	1744 	1777
f 1755 	1773 	1772
f 1764 	1766 	1839
f 1766 	1846 	1839
f 1159 	1745 	1772
f 1784 	1714 	1713
f 1780 	1759 	1781
f 1759 	1782 	1781
f 1776 	1783 	1744
f 1909 	1744 	1783
f 1783 	1782 	1909
f 1775 	1771 	1768
f 1785 	1714 	1784
f 1767 	1764 	1786
f 1764 	1839 	1786
f 1782 	1763 	1781
f 1763 	1776 	1777
f 1694 	1712 	1752
f 1742 	1785 	1784
f 1763 	1024 	1781
f 1024 	1769 	1780
f 1694 	1752 	1696
f 1865 	1752 	1712
f 1782 	1783 	1763
f 1776 	1763 	1783
f 1690 	1787 	1705
f 1603 	1581 	1708
f 1690 	1791 	1787
f 1788 	1789 	1790
f 1758 	1667 	4910
f 1811 	1777 	1744
f 1765 	1794 	1802
f 1694 	2541 	1712
f 1577 	1822 	1619
f 1705 	1794 	1643
f 1705 	1787 	1794
f 1795 	2851 	2800
f 1797 	1729 	985
f 1808 	1925 	1800
f 1803 	1802 	1794
f 1770 	1775 	1768
f 1794 	1787 	1803
f 1795 	2809 	1804
f 1560 	1598 	1801
f 1802 	1799 	1765
f 1727 	1801 	2136
f 1801 	1727 	1663
f 1663 	1391 	1801
f 1391 	1658 	1801
f 1779 	1499 	1531
f 1801 	1658 	1560
f 1747 	1774 	1499
f 1747 	1499 	1779
f 1806 	1545 	2127
f 1803 	1787 	1791
f 1499 	1774 	1778
f 1791 	1807 	1803
f 1585 	1545 	1806
f 1793 	1817 	1816
f 1746 	1552 	1747
f 1807 	2591 	1803
f 1528 	1779 	1531
f 1746 	1747 	1779
f 2807 	1804 	2809
f 1905 	1648 	1717
f 1528 	1746 	1779
f 1819 	1811 	1744
f 1744 	1929 	1819
f 1765 	1799 	1761
f 1823 	1821 	1929
f 1791 	1690 	6921
f 1809 	1808 	1860
f 1800 	1860 	1808
f 1815 	1826 	1801
f 1777 	1811 	1763
f 1552 	1825 	1747
f 1793 	1928 	1817
f 1810 	1792 	1580
f 1746 	1966 	1552
f 1758 	1812 	1820
f 1792 	1810 	1908
f 1820 	1812 	1813
f 1980 	1778 	1774
f 1814 	1820 	1813
f 1823 	1929 	1816
f 1758 	1820 	1716
f 1820 	1814 	1828
f 1820 	1754 	1716
f 1774 	1747 	1825
f 1734 	1980 	1825
f 1577 	2222 	1822
f 1734 	1825 	1552
f 1825 	1980 	1774
f 1823 	1797 	1821
f 1552 	1704 	1734
f 1838 	1867 	796
f 1820 	1828 	1842
f 1829 	1827 	1810
f 1753 	1805 	1750
f 1828 	1814 	1907
f 1810 	1580 	1829
f 1833 	1827 	1829
f 1685 	1712 	1790
f 1712 	1788 	1790
f 2616 	1788 	1712
f 1830 	1453 	1831
f 1820 	1842 	1754
f 1750 	1805 	1832
f 1837 	937 	8244
f 1685 	1790 	1789
f 1837 	1840 	1834
f 1837 	8244 	1840
f 1834 	1840 	1835
f 1775 	3132 	1832
f 1832 	1771 	1775
f 1831 	1835 	1840
f 1530 	1841 	1918
f 1805 	1753 	2348
f 1830 	1831 	1840
f 1440 	1849 	1966
f 1532 	1843 	2089
f 1842 	1844 	1766
f 2008 	1801 	1826
f 1845 	1834 	1835
f 2089 	1841 	1532
f 1844 	1846 	1766
f 1817 	1797 	1816
f 1817 	1818 	1797
f 1818 	1809 	1797
f 937 	1834 	1845
f 1849 	1440 	1848
f 1846 	1836 	1839
f 1845 	1835 	1848
f 1816 	1797 	1823
f 1532 	1538 	1843
f 1860 	1797 	1809
f 1850 	1847 	1538
f 1847 	1843 	1538
f 1829 	1580 	1833
f 2092 	1847 	1685
f 1685 	1789 	2092
f 1827 	1833 	1861
f 1923 	1836 	1842
f 1821 	1797 	1819
f 1811 	1819 	1797
f 1797 	1763 	1811
f 1854 	1685 	1850
f 1847 	1850 	1685
f 1842 	1836 	1844
f 1851 	1852 	1853
f 1530 	1532 	1841
f 1860 	1864 	1797
f 2231 	1827 	1853
f 1851 	1853 	1827
f 1836 	1846 	1844
f 1864 	1736 	1797
f 1740 	1752 	1854
f 1589 	2289 	1806
f 1708 	1733 	1603
f 1801 	1585 	1815
f 1857 	1852 	1851
f 1925 	1872 	1855
f 1606 	1833 	1580
f 1858 	1859 	1854
f 1869 	1786 	1839
f 1675 	1859 	1858
f 1833 	1619 	1861
f 1855 	1872 	1860
f 1800 	1855 	1860
f 1833 	1606 	1619
f 1685 	1865 	1712
f 1863 	2232 	1851
f 1859 	1740 	1854
f 1675 	1369 	1859
f 1859 	1369 	1740
f 1767 	1786 	1862
f 1835 	1849 	1848
f 1864 	1737 	1736
f 1863 	1861 	1796
f 1822 	1796 	1861
f 1865 	1685 	1854
f 1861 	1619 	1822
f 1865 	1854 	1752
f 1834 	937 	1837
f 1709 	1868 	1838
f 1854 	1850 	1858
f 1675 	1858 	1538
f 1827 	1861 	1863
f 1863 	1851 	1827
f 1709 	1886 	1868
f 1691 	1709 	1838
f 1868 	1874 	1867
f 1860 	1875 	2102
f 1377 	1876 	1378
f 1867 	1838 	1868
f 1845 	1848 	1499
f 1872 	1875 	1860
f 1876 	1877 	1378
f 1684 	1726 	1878
f 1389 	1877 	1879
f 1878 	1709 	1686
f 1880 	885 	1866
f 1389 	1879 	8948
f 1878 	1686 	1684
f 1731 	1881 	1726
f 1881 	1882 	1878
f 1886 	1926 	1868
f 1877 	1389 	1378
f 1806 	2289 	1856
f 1880 	871 	885
f 1377 	1888 	1876
f 1845 	1499 	1883
f 1856 	2557 	1815
f 1839 	1936 	1869
f 1869 	1862 	1786
f 1881 	1878 	1726
f 1961 	1885 	1873
f 1884 	1735 	1931
f 1887 	1707 	1912
f 1888 	1897 	1876
f 2478 	1804 	1862
f 1902 	1903 	796
f 1862 	1804 	1798
f 1897 	1877 	1876
f 1902 	796 	1899
f 1449 	1891 	1888
f 1890 	1882 	1881
f 1889 	8375 	796
f 1894 	1882 	1890
f 1893 	1892 	1895
f 1894 	1886 	1882
f 1499 	1896 	1883
f 1845 	1883 	1033
f 1674 	1905 	1908
f 1895 	2747 	1893
f 1898 	1737 	1864
f 1814 	1813 	1910
f 1879 	1906 	8948
f 1899 	796 	1867
f 1898 	1890 	1737
f 1814 	1910 	1900
f 1891 	1897 	1888
f 1898 	1894 	1890
f 1898 	1901 	1894
f 1892 	796 	1903
f 1891 	1942 	1897
f 1903 	1902 	1904
f 1957 	1897 	1942
f 1580 	1792 	1905
f 1913 	1899 	1867
f 2003 	1906 	1897
f 1792 	1908 	1905
f 1899 	1914 	1902
f 1580 	1905 	1581
f 1905 	1717 	1708
f 1904 	1895 	1903
f 1892 	1903 	1895
f 1708 	1581 	1905
f 1814 	1900 	1907
f 2003 	1897 	1957
f 2381 	1907 	1900
f 1897 	1906 	1877
f 1909 	1911 	1744
f 1887 	1912 	1908
f 1874 	1913 	1867
f 1915 	8948 	1906
f 1674 	1908 	1912
f 1909 	1920 	1911
f 1674 	1912 	1706
f 1782 	1759 	1909
f 1913 	1914 	1899
f 1929 	1744 	1911
f 1913 	1944 	1914
f 1916 	1929 	1911
f 1906 	2027 	1915
f 1917 	1842 	1828
f 1896 	1042 	1883
f 1904 	1902 	1914
f 1042 	1033 	1883
f 1841 	2089 	1918
f 1759 	1201 	1909
f 1907 	1917 	1828
f 1911 	1920 	1916
f 2089 	2091 	1918
f 1672 	1918 	1924
f 1201 	1204 	1909
f 1204 	1245 	1909
f 1672 	1530 	1918
f 1923 	1921 	1836
f 1836 	1921 	1839
f 1922 	1053 	1050
f 1920 	1909 	1245
f 1245 	1991 	1920
f 1839 	1921 	1936
f 1922 	1060 	1053
f 1855 	1800 	1925
f 1896 	1922 	1050
f 1919 	1922 	1896
f 1926 	1927 	1874
f 1917 	1923 	1842
f 1818 	1817 	1928
f 1980 	1499 	1778
f 1808 	1809 	1925
f 1928 	1925 	1809
f 1928 	1809 	1818
f 1535 	1499 	1980
f 1926 	1874 	1868
f 1919 	1930 	1956
f 1927 	1943 	1874
f 1821 	1819 	1929
f 1894 	1932 	1926
f 1931 	1885 	1884
f 1980 	1930 	1535
f 1793 	1816 	1929
f 1934 	1935 	1929
f 1886 	1894 	1926
f 1932 	1927 	1926
f 1956 	1922 	1919
f 1932 	1945 	1927
f 1936 	1921 	1933
f 1919 	1896 	1535
f 1936 	1862 	1869
f 1929 	1935 	1928
f 1932 	1894 	1901
f 1896 	1499 	1535
f 1936 	1933 	1862
f 1901 	1938 	1932
f 1937 	1873 	1885
f 1885 	1931 	1937
f 1938 	1945 	1932
f 1919 	1535 	1930
f 1937 	1931 	1947
f 1937 	1947 	871
f 2023 	1939 	1940
f 1939 	2150 	1940
f 1891 	1547 	1942
f 1874 	1943 	1913
f 871 	1880 	1937
f 1866 	1873 	1937
f 1943 	1944 	1913
f 1866 	1937 	1880
f 1916 	1934 	1929
f 1856 	2289 	2557
f 1927 	1945 	1943
f 1945 	1946 	1943
f 1815 	2557 	1826
f 1806 	1856 	1585
f 1960 	1942 	1941
f 1945 	1952 	1946
f 1951 	1952 	1945
f 1943 	1946 	1944
f 1672 	1960 	1941
f 1965 	1935 	1934
f 1951 	1945 	1938
f 1955 	1022 	1954
f 1955 	1021 	1022
f 1974 	1947 	1931
f 1735 	1974 	1931
f 2716 	1952 	1951
f 1947 	1974 	1969
f 1942 	1953 	1950
f 712 	1949 	1676
f 1929 	1928 	1793
f 871 	1947 	1949
f 1652 	1680 	1908
f 1922 	1956 	1948
f 1935 	1925 	1928
f 871 	1949 	712
f 1957 	2005 	2003
f 1925 	1935 	1958
f 1949 	1947 	1743
f 1871 	1652 	1908
f 1908 	1680 	1887
f 1950 	1957 	1942
f 1956 	2259 	1948
f 1949 	1743 	1676
f 1871 	1908 	1810
f 885 	1198 	1866
f 1942 	1960 	1953
f 1963 	1962 	1871
f 1866 	4511 	1959
f 1810 	1827 	1963
f 1922 	1948 	1060
f 2006 	1958 	1976
f 1959 	1961 	1873
f 1959 	1873 	1866
f 1871 	1810 	1963
f 1827 	2231 	1963
f 1959 	1702 	1961
f 1960 	1964 	1953
f 1962 	2271 	2264
f 1955 	1954 	1042
f 1959 	1732 	1702
f 1050 	1021 	1955
f 1960 	1971 	1964
f 1963 	2271 	1962
f 1715 	1735 	1884
f 1835 	1831 	1542
f 1852 	1857 	1853
f 1885 	1715 	1884
f 1965 	1958 	1935
f 1715 	1961 	1702
f 1856 	1815 	1585
f 1715 	1885 	1961
f 1947 	1969 	1743
f 1968 	1970 	1967
f 1969 	826 	1743
f 1552 	1966 	1849
f 1849 	1835 	1542
f 1552 	1849 	1542
f 1482 	1474 	1973
f 1958 	1965 	1976
f 1920 	1978 	1916
f 1482 	1973 	1734
f 1978 	1934 	1916
f 1966 	1746 	1528
f 1965 	1979 	1976
f 1975 	5056 	1977
f 1980 	1956 	1930
f 1984 	1973 	1985
f 1986 	1987 	1973
f 1986 	1973 	1984
f 1988 	1973 	1984
f 1988 	1989 	1973
f 1977 	1982 	1983
f 1989 	1984 	1973
f 1986 	1990 	1973
f 1986 	1973 	1987
f 1474 	1987 	1973
f 1991 	1978 	1920
f 1986 	1987 	1992
f 1991 	1994 	1978
f 2015 	5662 	1975
f 1994 	1934 	1978
f 1969 	2002 	826
f 1997 	1998 	1983
f 1960 	1996 	1971
f 1934 	2177 	1965
f 2067 	2065 	1971
f 2067 	1971 	1996
f 2004 	1999 	1651
f 1977 	1983 	1998
f 1672 	1924 	1996
f 1996 	1960 	1672
f 2004 	1651 	1688
f 1976 	2007 	2006
f 1999 	2004 	2009
f 2136 	1801 	2008
f 1979 	2176 	2007
f 2009 	2001 	1999
f 1997 	1983 	1982
f 2009 	2010 	2001
f 1976 	1979 	2007
f 1982 	1995 	1997
f 1980 	1734 	1973
f 1973 	1987 	1980
f 729 	2001 	2010
f 2150 	1980 	1986
f 1987 	1986 	1980
f 2013 	2014 	2015
f 2007 	2017 	2006
f 1984 	1985 	1988
f 2004 	1688 	2018
f 1989 	1988 	1984
f 2018 	2019 	2004
f 1992 	1990 	1986
f 2015 	1975 	2016
f 2000 	1969 	1974
f 2000 	2002 	1969
f 2016 	2013 	2015
f 1975 	1977 	2024
f 2005 	2061 	2224
f 2011 	2198 	2012
f 2041 	2065 	2005
f 2065 	2061 	2005
f 826 	2002 	1020
f 2199 	2200 	2017
f 2199 	2017 	2007
f 2002 	2037 	1020
f 2007 	2176 	2199
f 2019 	2009 	2004
f 2029 	2005 	2031
f 2019 	2030 	2009
f 2030 	2010 	2009
f 1906 	2029 	2027
f 2582 	2584 	2018
f 1824 	2025 	2028
f 1975 	2026 	2016
f 2584 	2019 	2018
f 2033 	2030 	2019
f 2029 	2031 	2027
f 2037 	2002 	2000
f 2033 	2034 	2030
f 2003 	2005 	2029
f 1906 	2003 	2029
f 1974 	1735 	1768
f 2034 	2033 	2592
f 1975 	2024 	2026
f 2036 	2037 	2038
f 2031 	8413 	2027
f 2040 	2041 	2042
f 1925 	1958 	2063
f 1957 	1950 	2041
f 2006 	2063 	1958
f 1950 	1953 	2041
f 1667 	4899 	4901
f 1953 	2040 	2042
f 2281 	1898 	1864
f 1953 	2042 	2041
f 2044 	2045 	2046
f 2039 	1910 	1813
f 1964 	2040 	1953
f 2049 	1048 	1020
f 2039 	5069 	1910
f 2049 	1081 	1048
f 2135 	2043 	2050
f 1020 	2037 	2049
f 4910 	2039 	1758
f 1971 	2040 	1964
f 2039 	1813 	1812
f 2044 	2052 	2045
f 2048 	2045 	2052
f 2039 	1812 	1758
f 2045 	2130 	2046
f 1957 	2041 	2005
f 1974 	2051 	2000
f 2057 	2965 	2058
f 2038 	2037 	2000
f 2036 	2038 	2051
f 2000 	2051 	2038
f 2062 	2059 	2054
f 2053 	575 	2064
f 2100 	2051 	1974
f 2041 	2040 	2065
f 2100 	1974 	1768
f 2068 	2061 	2065
f 2059 	2070 	1693
f 2067 	2068 	2065
f 2037 	2075 	2049
f 2072 	1698 	2070
f 2069 	543 	588
f 2080 	2072 	2070
f 2066 	2069 	588
f 2086 	2087 	2072
f 1972 	2035 	2058
f 2099 	2058 	2035
f 1996 	2068 	2067
f 2080 	2086 	2072
f 2174 	1972 	2139
f 2174 	2035 	1972
f 2076 	2582 	1700
f 1971 	2065 	2040
f 9564 	2077 	1968
f 2582 	2018 	1700
f 2037 	2103 	2075
f 2062 	2078 	2059
f 2078 	2070 	2059
f 2078 	2080 	2070
f 2075 	1081 	2049
f 2072 	2076 	1700
f 2043 	1968 	2077
f 9564 	2079 	2077
f 2087 	2586 	2076
f 2079 	9564 	9139
f 2854 	1081 	2075
f 1700 	1698 	2072
f 2083 	2140 	2084
f 2062 	2153 	2078
f 2129 	2082 	2068
f 625 	2085 	2083
f 2086 	2080 	2078
f 8802 	8841 	2022
f 2085 	2140 	2083
f 2167 	2193 	2085
f 2035 	2088 	2022
f 6416 	2149 	2044
f 2046 	6416 	2044
f 1843 	1847 	2089
f 2089 	1847 	2091
f 2149 	2052 	2044
f 2094 	1847 	2092
f 2053 	631 	2069
f 6416 	2046 	2056
f 1924 	1918 	2091
f 2083 	2084 	2077
f 1847 	2094 	2091
f 2025 	2096 	8842
f 2047 	2114 	2113
f 2094 	2092 	2095
f 2048 	2116 	2047
f 2077 	2079 	2083
f 2092 	2115 	2097
f 2093 	2103 	2036
f 2043 	2077 	2084
f 1925 	2063 	2102
f 2107 	2102 	2063
f 2063 	2133 	2107
f 2092 	1789 	2115
f 2100 	2093 	2036
f 2035 	2022 	2099
f 2095 	2101 	2094
f 2057 	2058 	2096
f 588 	2083 	2079
f 2097 	2098 	2095
f 1805 	2090 	1832
f 1970 	2135 	2121
f 2099 	2096 	2058
f 2100 	1768 	1771
f 1968 	2135 	1970
f 2093 	2100 	1771
f 1771 	1832 	2090
f 2090 	2093 	1771
f 2036 	2051 	2100
f 2092 	2097 	2095
f 2087 	2076 	2072
f 2071 	2073 	6416
f 2055 	2071 	6416
f 2056 	2055 	6416
f 2096 	2099 	8842
f 2060 	6422 	6416
f 2625 	2103 	2348
f 2060 	6416 	2073
f 1924 	2091 	1996
f 2094 	1996 	2091
f 1925 	2102 	1875
f 2101 	1996 	2094
f 2106 	2109 	2075
f 2110 	2098 	2097
f 1925 	1875 	1872
f 2047 	2113 	2104
f 2114 	2047 	2116
f 2117 	2116 	2048
f 2097 	2105 	2110
f 2115 	2105 	2097
f 2048 	2052 	2117
f 2108 	2133 	2104
f 2109 	2074 	2075
f 1870 	2105 	1788
f 2105 	2115 	1789
f 1577 	2120 	2121
f 2105 	1789 	1788
f 2117 	2149 	2116
f 1860 	2107 	2149
f 2120 	1970 	2121
f 2107 	1860 	2102
f 2108 	2149 	2107
f 1577 	2121 	2135
f 2104 	2149 	2108
f 2113 	2149 	2104
f 2116 	2149 	2114
f 2114 	2149 	2113
f 9036 	2119 	2136
f 2136 	9034 	9036
f 2120 	9585 	1967
f 2052 	2149 	2117
f 1970 	2120 	1967
f 2126 	2127 	1545
f 1527 	9585 	2120
f 1602 	1605 	2126
f 2128 	2124 	2125
f 2126 	1605 	2132
f 2055 	2056 	2130
f 2056 	2046 	2130
f 2108 	2107 	2133
f 2101 	2095 	2129
f 2047 	2104 	2133
f 2132 	2127 	2126
f 2131 	2050 	2043
f 2129 	2095 	2134
f 2131 	2240 	2050
f 1605 	2127 	2132
f 2378 	2128 	2125
f 1609 	2127 	1605
f 2240 	2221 	2050
f 2134 	3456 	2138
f 2127 	1589 	1806
f 2134 	2138 	2129
f 1589 	2127 	1609
f 2136 	2118 	1727
f 2136 	2119 	2118
f 1577 	2135 	2222
f 2129 	2068 	1996
f 1996 	2101 	2129
f 2135 	1968 	2043
f 2055 	2130 	2071
f 2137 	2436 	2123
f 2136 	2008 	9034
f 2129 	2138 	2082
f 2141 	2043 	2140
f 2131 	2043 	2141
f 2084 	2140 	2043
f 6303 	2073 	2168
f 2141 	2143 	2131
f 2140 	2143 	2141
f 2006 	2133 	2063
f 2818 	2112 	2111
f 2818 	2074 	2109
f 2023 	2150 	2021
f 2020 	2021 	2150
f 2140 	2085 	2143
f 1973 	2023 	2021
f 1973 	2021 	2020
f 1973 	2020 	1985
f 2151 	2021 	2020
f 2023 	2021 	2151
f 1939 	2023 	2151
f 2153 	2086 	2078
f 2021 	1988 	2020
f 2023 	1988 	2021
f 2154 	2156 	2163
f 2278 	2280 	2154
f 2154 	2280 	1860
f 2149 	2156 	1860
f 2154 	1860 	2156
f 2151 	2150 	1939
f 2280 	1864 	1860
f 2144 	2147 	9054
f 1940 	1980 	1939
f 2160 	2163 	2159
f 1973 	1990 	2150
f 1973 	2150 	2023
f 2160 	2159 	2149
f 2158 	2148 	2147
f 2159 	2163 	2156
f 1939 	1980 	2151
f 2161 	2157 	2152
f 2144 	2158 	2147
f 2159 	2156 	2149
f 2062 	2155 	2153
f 1988 	2023 	1474
f 2023 	2150 	1474
f 9049 	2144 	9054
f 2310 	2311 	2163
f 1985 	2020 	1988
f 2035 	2174 	2144
f 6339 	6591 	2163
f 2020 	1988 	2151
f 2150 	1990 	1992
f 2020 	2150 	1986
f 2020 	1986 	1984
f 2165 	2168 	2130
f 1988 	2020 	1984
f 2167 	1300 	2166
f 1301 	2166 	1300
f 2165 	2048 	2047
f 1980 	2150 	2151
f 1987 	2150 	1992
f 2165 	2045 	2048
f 2348 	2103 	1805
f 2133 	2165 	2047
f 2090 	1805 	2103
f 1987 	1474 	2150
f 2165 	2130 	2045
f 2130 	2168 	2071
f 2147 	2148 	2081
f 2093 	2090 	2103
f 2036 	2103 	2037
f 2165 	2133 	2006
f 2168 	2011 	2012
f 2012 	6303 	2168
f 2022 	2088 	2142
f 2192 	2169 	2187
f 2006 	2017 	2165
f 2088 	2144 	2142
f 2017 	2011 	2168
f 2165 	2017 	2168
f 2173 	1591 	1871
f 2167 	2085 	1296
f 1482 	1591 	2173
f 2075 	2103 	2172
f 2170 	2171 	2175
f 2169 	2161 	2218
f 1994 	2177 	1934
f 2171 	2236 	2175
f 2157 	2192 	2173
f 2075 	2172 	2106
f 1965 	2177 	2178
f 2088 	2035 	2144
f 2178 	1979 	1965
f 2175 	2236 	2252
f 2178 	2176 	1979
f 2178 	2179 	2176
f 2656 	2103 	2658
f 1574 	1994 	1991
f 2172 	2111 	2112
f 1096 	1122 	1463
f 251 	252 	2014
f 2172 	2103 	2656
f 1463 	1462 	1096
f 2373 	256 	2014
f 2172 	2656 	2111
f 1574 	2181 	1994
f 256 	251 	2014
f 2193 	2275 	2085
f 2181 	2177 	1994
f 2172 	2112 	2106
f 2169 	2192 	2157
f 2181 	2242 	2177
f 1122 	1167 	2217
f 2157 	2161 	2169
f 2178 	2177 	2242
f 1463 	1122 	2184
f 2153 	2155 	2162
f 2162 	2086 	2153
f 2185 	2152 	2275
f 2162 	2189 	2086
f 2180 	2185 	2275
f 2169 	2238 	2187
f 2189 	2669 	2086
f 2031 	2005 	2186
f 1078 	1459 	2184
f 1500 	1080 	2191
f 1732 	2427 	2182
f 2173 	2195 	1482
f 2191 	1506 	1500
f 2206 	2197 	2194
f 2191 	1080 	2184
f 2031 	2186 	2188
f 2195 	2192 	2187
f 2186 	2183 	2188
f 2183 	2190 	2188
f 1506 	2191 	2265
f 2187 	1474 	2195
f 2265 	1570 	1506
f 2200 	2011 	2017
f 1463 	2184 	1459
f 2224 	2186 	2005
f 2203 	2191 	2184
f 2195 	2173 	2192
f 2186 	2224 	2171
f 1350 	1351 	2202
f 2193 	2202 	1351
f 2275 	2193 	2180
f 1152 	2205 	2204
f 1152 	2207 	1356
f 2207 	2180 	1356
f 2185 	2161 	2152
f 2161 	2185 	2209
f 2180 	2207 	2209
f 2204 	2208 	2210
f 2194 	2201 	2206
f 1152 	2209 	2207
f 2205 	2208 	2204
f 2185 	2180 	2209
f 2211 	2182 	2427
f 2218 	2161 	2209
f 2203 	2265 	2191
f 2212 	2213 	880
f 2011 	2200 	2198
f 2188 	8413 	2031
f 2198 	2215 	2216
f 2201 	3297 	3298
f 1357 	2193 	1351
f 2223 	2210 	2208
f 2184 	2217 	2203
f 2184 	1122 	2217
f 2193 	1357 	2180
f 2170 	2186 	2171
f 2209 	1152 	2218
f 2170 	2183 	2186
f 2166 	1309 	2202
f 2203 	2217 	2219
f 2202 	1309 	1350
f 2217 	1167 	2220
f 2220 	2219 	2217
f 2204 	2218 	1152
f 2167 	2166 	2193
f 2202 	2193 	2166
f 2169 	2218 	2204
f 1822 	2228 	1796
f 2169 	2204 	2210
f 2276 	2238 	2223
f 2226 	2050 	2221
f 1167 	1160 	2220
f 2226 	2222 	2135
f 2135 	2050 	2226
f 2228 	2226 	2221
f 2228 	2222 	2226
f 3172 	2212 	880
f 2221 	1796 	2228
f 2228 	1822 	2222
f 2308 	2182 	2211
f 2227 	2230 	2229
f 2214 	2235 	1161
f 1963 	2231 	2271
f 2234 	2227 	2229
f 2235 	2233 	2219
f 2176 	2179 	2199
f 2199 	2215 	2198
f 2247 	2215 	2199
f 2235 	2267 	2233
f 2235 	2219 	2220
f 2196 	2327 	3176
f 2199 	2198 	2200
f 1997 	5683 	5694
f 3176 	2984 	2196
f 2236 	2227 	2234
f 1997 	5694 	1998
f 2232 	2231 	1853
f 2232 	1853 	1857
f 1857 	1851 	2232
f 2265 	2219 	2233
f 2267 	2235 	2305
f 2245 	2199 	2179
f 2238 	2169 	2223
f 2169 	2210 	2223
f 2241 	2216 	2215
f 5671 	5647 	2024
f 2276 	2251 	2238
f 2231 	2232 	2240
f 2178 	2242 	2243
f 2224 	2236 	2171
f 2243 	2179 	2178
f 2238 	2251 	2244
f 2239 	2263 	2240
f 2224 	2227 	2236
f 2187 	2238 	2244
f 2243 	2245 	2179
f 2244 	1474 	2187
f 2244 	1988 	1474
f 2199 	2245 	2247
f 2250 	2251 	1295
f 2247 	2241 	2215
f 2250 	1295 	1323
f 1323 	1316 	2250
f 2249 	2253 	2248
f 2252 	2236 	2234
f 2248 	2254 	2260
f 2229 	2252 	2234
f 1611 	2255 	2242
f 2244 	2251 	2250
f 2224 	2256 	2227
f 2255 	2243 	2242
f 2196 	2330 	2327
f 2061 	2068 	2257
f 2061 	2257 	2256
f 1160 	1161 	2235
f 1316 	1060 	2250
f 1863 	1796 	2232
f 2480 	2214 	2318
f 1796 	2221 	2240
f 2240 	2232 	1796
f 2244 	2250 	2258
f 2061 	2256 	2224
f 1060 	1948 	2258
f 2259 	2258 	1948
f 2220 	1160 	2235
f 2068 	2082 	2257
f 2253 	2249 	2246
f 2259 	1956 	2266
f 2260 	2298 	2261
f 2260 	2261 	2249
f 2239 	2240 	2131
f 2181 	1611 	2242
f 2258 	2259 	2244
f 2255 	2262 	2243
f 2298 	2260 	1995
f 2157 	2173 	1871
f 2262 	2245 	2243
f 2230 	2227 	2256
f 2262 	2268 	2245
f 1871 	2263 	2157
f 2225 	2709 	2189
f 2266 	2244 	2259
f 2267 	2265 	2233
f 2189 	2162 	2225
f 2268 	4119 	2247
f 2023 	1940 	2269
f 2264 	2263 	1871
f 1962 	2264 	1871
f 2269 	1940 	2150
f 1980 	1940 	2269
f 2268 	2247 	2245
f 2023 	2269 	2150
f 4119 	2241 	2247
f 1956 	2269 	2266
f 2239 	2157 	2263
f 2269 	1956 	1980
f 2244 	2266 	2151
f 2152 	2157 	2239
f 2151 	2266 	1939
f 1940 	1939 	2266
f 2269 	1940 	2266
f 2082 	8482 	2300
f 2240 	2263 	2264
f 2271 	2240 	2264
f 2274 	2205 	1394
f 1394 	1165 	2274
f 2231 	2240 	2271
f 2208 	2205 	2274
f 2276 	1298 	2251
f 2276 	2274 	1298
f 2229 	2230 	2282
f 2278 	2163 	2311
f 2154 	2163 	2278
f 2230 	2256 	2282
f 2270 	2229 	2282
f 6593 	2163 	6591
f 2203 	2219 	2265
f 2279 	2273 	2272
f 2194 	2279 	2272
f 2280 	2281 	1864
f 1162 	1298 	2274
f 1609 	1570 	2265
f 2274 	2276 	2223
f 2274 	2223 	2208
f 2257 	2282 	2256
f 1988 	2244 	2151
f 2082 	2300 	2257
f 2275 	2152 	2277
f 2239 	2277 	2152
f 2248 	2260 	2249
f 2285 	2283 	2299
f 2285 	2286 	2283
f 2277 	2131 	2143
f 2239 	2131 	2277
f 2283 	2273 	2279
f 2249 	2261 	2335
f 2275 	2277 	2143
f 2283 	2286 	2273
f 2085 	2275 	2143
f 2123 	2286 	2285
f 2285 	2137 	2123
f 1995 	1982 	2298
f 5113 	2298 	1982
f 2289 	1609 	2265
f 5113 	2335 	2298
f 2249 	2261 	2246
f 8334 	2291 	2288
f 2249 	2253 	2261
f 2336 	2287 	2290
f 2265 	2267 	2289
f 2281 	2293 	1898
f 2248 	2246 	2254
f 2267 	2314 	2289
f 2293 	1901 	1898
f 2288 	2332 	2284
f 2650 	1901 	2293
f 2289 	2314 	2557
f 2248 	2253 	2246
f 2295 	2312 	2163
f 1138 	2296 	2290
f 2286 	2123 	2125
f 2298 	2335 	2261
f 2257 	2300 	2282
f 2288 	2291 	2302
f 2246 	2261 	2298
f 2261 	2253 	2298
f 2300 	2301 	2349
f 2214 	2304 	2235
f 2248 	2253 	2502
f 2502 	2254 	2248
f 2235 	2304 	2305
f 2248 	2254 	2298
f 2253 	2248 	2298
f 2260 	2309 	1995
f 2295 	6593 	2297
f 2310 	2163 	2312
f 2294 	2292 	2395
f 2309 	2437 	2326
f 2303 	2301 	2307
f 2306 	2307 	2301
f 1138 	2290 	1117
f 2314 	2267 	2305
f 2305 	2366 	2314
f 2313 	2280 	2310
f 2311 	2310 	2280
f 2300 	8482 	2301
f 2312 	2297 	2310
f 2313 	2310 	2297
f 1124 	1117 	2290
f 2303 	2372 	2301
f 2278 	2311 	2280
f 2297 	2312 	2295
f 2313 	2315 	2281
f 2287 	1124 	2290
f 2299 	2436 	2540
f 1161 	1160 	2334
f 2334 	1160 	1310
f 8482 	2323 	2306
f 8482 	2306 	2301
f 2299 	2137 	2285
f 2319 	2307 	2306
f 2292 	2294 	2316
f 2321 	2322 	2323
f 2318 	2496 	2479
f 2296 	2316 	2290
f 2299 	2367 	2532
f 2322 	2321 	2324
f 2493 	2479 	2496
f 1748 	1751 	2330
f 2328 	2325 	2407
f 2280 	2313 	2281
f 2315 	2653 	2293
f 1161 	2334 	2214
f 2407 	2355 	2328
f 2214 	2334 	2318
f 2315 	2293 	2281
f 1748 	2330 	2308
f 2355 	2371 	2329
f 1304 	1279 	2333
f 2272 	2273 	2331
f 2125 	2124 	2331
f 2288 	2527 	2332
f 2331 	2273 	2286
f 2331 	2286 	2125
f 2288 	846 	2527
f 2671 	2313 	2297
f 2313 	2671 	2315
f 2333 	2339 	1310
f 2328 	2213 	2325
f 2336 	2290 	2316
f 2213 	2212 	2325
f 2328 	2211 	2213
f 2316 	2294 	2336
f 2328 	2329 	2211
f 2308 	2211 	2329
f 2249 	2335 	2253
f 2308 	2196 	2182
f 2744 	2331 	2124
f 2196 	2308 	2330
f 2333 	402 	2339
f 2336 	2340 	2287
f 184 	402 	2333
f 3172 	2325 	2212
f 184 	2333 	1290
f 404 	2339 	402
f 2342 	2345 	2341
f 2345 	2343 	2341
f 2336 	2294 	2469
f 2744 	2272 	2331
f 2322 	2324 	2372
f 2343 	2345 	2397
f 2322 	2344 	2323
f 2319 	2306 	2323
f 2346 	2279 	2197
f 2349 	2322 	2324
f 2347 	2340 	2411
f 2206 	2346 	2197
f 2349 	2301 	2323
f 2349 	2323 	2322
f 2348 	2355 	2351
f 4010 	2347 	2411
f 2407 	2351 	2355
f 423 	2429 	2350
f 2385 	1260 	1280
f 2324 	2321 	2374
f 2370 	2374 	2321
f 4010 	4011 	2347
f 2206 	3357 	2346
f 2318 	2350 	2431
f 2334 	1310 	2350
f 2346 	2299 	2283
f 2358 	2359 	2360
f 1310 	2339 	2350
f 2322 	2372 	2344
f 2292 	2358 	2360
f 2375 	2351 	2357
f 2318 	2334 	2350
f 2339 	404 	2350
f 2358 	2292 	2316
f 2350 	404 	423
f 2292 	2360 	2361
f 2299 	2346 	2353
f 2363 	2354 	1319
f 2318 	2431 	2362
f 1278 	2363 	1319
f 2496 	2318 	2362
f 2392 	2401 	2345
f 2272 	2201 	2194
f 2360 	2364 	2361
f 2337 	2345 	2342
f 2338 	2365 	2337
f 2338 	2386 	2380
f 2346 	2283 	2279
f 2304 	2485 	2362
f 2365 	2392 	2345
f 2380 	2382 	2338
f 2345 	2337 	2365
f 2279 	2194 	2197
f 2363 	2352 	2354
f 2367 	2368 	2530
f 2369 	2349 	2356
f 1748 	2348 	1753
f 2296 	2359 	2358
f 2371 	2355 	2348
f 2352 	2032 	2354
f 2372 	2356 	2370
f 2368 	2367 	2299
f 2013 	2016 	2352
f 2372 	2370 	2321
f 2358 	2316 	2296
f 2352 	2373 	2014
f 2370 	2349 	2374
f 1138 	1180 	2359
f 2352 	2014 	2013
f 2359 	2296 	1138
f 2374 	2324 	8482
f 2370 	2374 	8482
f 2324 	2322 	8482
f 2016 	2032 	2352
f 2370 	8482 	2372
f 2374 	2370 	2372
f 2363 	2376 	256
f 2356 	2372 	2321
f 2376 	8872 	256
f 2705 	2201 	2272
f 2363 	256 	2373
f 2373 	2352 	2363
f 2371 	2348 	1748
f 1278 	2376 	2363
f 2128 	2378 	2377
f 2351 	2625 	2348
f 2324 	2374 	2372
f 1278 	8872 	2376
f 2351 	2375 	2625
f 2356 	2301 	2372
f 2365 	2338 	2382
f 8482 	2322 	2323
f 1900 	2377 	2381
f 1114 	2405 	2382
f 1900 	1910 	2377
f 2383 	2384 	2385
f 2377 	2378 	2381
f 2282 	2349 	2270
f 2385 	2389 	2383
f 2300 	2349 	2282
f 2324 	2374 	2349
f 2320 	2399 	2448
f 2396 	2392 	2388
f 1280 	2445 	2385
f 2386 	2387 	2388
f 2349 	2370 	2356
f 2344 	2307 	2323
f 2319 	2323 	2307
f 2387 	2337 	2342
f 2445 	2389 	2385
f 2344 	2321 	2323
f 2356 	2321 	2369
f 2323 	2301 	2303
f 2323 	2303 	2344
f 2303 	2307 	2344
f 2402 	2380 	2386
f 2390 	1917 	1907
f 2344 	2303 	2321
f 2301 	2321 	2303
f 2405 	2392 	2382
f 1923 	1917 	2390
f 2390 	2393 	1923
f 2342 	2394 	2396
f 2395 	2292 	2450
f 2341 	2394 	2342
f 2302 	846 	2288
f 2292 	2361 	2450
f 2397 	2401 	2394
f 2553 	2397 	2394
f 2395 	2469 	2294
f 2387 	2396 	2388
f 2284 	2332 	2398
f 2390 	1907 	2381
f 2383 	2464 	2384
f 2344 	2372 	2303
f 2401 	2397 	2345
f 2387 	2342 	2396
f 2378 	2391 	2390
f 2400 	2320 	516
f 2356 	2369 	2301
f 1260 	2384 	1349
f 2399 	2320 	2400
f 2381 	2378 	2390
f 1260 	2385 	2384
f 2396 	2394 	2401
f 2392 	2396 	2401
f 2356 	2466 	2369
f 3607 	3606 	2386
f 516 	509 	2400
f 2386 	2388 	2402
f 2400 	509 	2398
f 2365 	2382 	2392
f 2369 	2404 	2349
f 2392 	2405 	2388
f 2402 	2388 	2405
f 2402 	1110 	2380
f 1748 	2308 	2371
f 2308 	2329 	2371
f 2329 	2328 	2355
f 1110 	1119 	2380
f 2405 	1113 	2402
f 2525 	2456 	2399
f 509 	495 	2284
f 2407 	2406 	2412
f 509 	2284 	2398
f 1923 	2452 	1921
f 2400 	2398 	2332
f 1923 	2393 	2452
f 2407 	2412 	2357
f 2412 	2375 	2357
f 2305 	2431 	2366
f 2411 	2490 	2484
f 2321 	2404 	2369
f 2484 	2486 	2411
f 2412 	3216 	2375
f 2465 	1862 	1933
f 2301 	2369 	2404
f 2411 	2486 	4010
f 2407 	2357 	2351
f 2032 	2403 	2354
f 532 	2416 	600
f 2428 	2466 	2413
f 2434 	2410 	2409
f 2403 	2032 	2317
f 2260 	2237 	2437
f 2465 	2420 	2418
f 2360 	2421 	2364
f 1933 	2420 	2465
f 1116 	2422 	2423
f 2320 	2448 	532
f 2190 	2183 	8524
f 1132 	2424 	2425
f 2211 	2427 	2213
f 880 	2213 	2427
f 2425 	2945 	1132
f 2428 	2349 	2404
f 2498 	505 	472
f 2428 	2413 	2349
f 2317 	2326 	2403
f 472 	486 	2366
f 472 	2366 	2429
f 2145 	2430 	2122
f 2461 	2425 	2424
f 2431 	2350 	2429
f 2432 	2427 	1732
f 2426 	2416 	532
f 2377 	1910 	2784
f 2784 	2128 	2377
f 2326 	2433 	2403
f 2145 	2146 	2430
f 2366 	2431 	2429
f 2304 	2362 	2431
f 2305 	2304 	2431
f 532 	2448 	2426
f 2403 	1280 	2354
f 2378 	2125 	2123
f 2492 	587 	2426
f 2436 	2390 	2391
f 2445 	1280 	2403
f 2438 	2440 	2434
f 2393 	2390 	2436
f 2434 	2440 	2410
f 2434 	2461 	2475
f 2475 	2495 	2434
f 2495 	2438 	2434
f 2437 	2309 	2260
f 2137 	2540 	2436
f 2437 	2237 	2379
f 2438 	2439 	2440
f 2326 	2437 	2433
f 2439 	2569 	2440
f 2436 	2391 	2123
f 2321 	2428 	2404
f 2301 	2428 	2321
f 2391 	2378 	2123
f 2301 	2404 	2428
f 2428 	2404 	2466
f 2404 	2369 	2466
f 2416 	2426 	587
f 2356 	2444 	2466
f 2430 	2444 	2122
f 2372 	2444 	2356
f 2403 	2455 	2445
f 2440 	3023 	3019
f 2443 	2556 	2559
f 2569 	2571 	2440
f 2442 	2436 	2534
f 2361 	2364 	2421
f 2361 	2421 	2449
f 2361 	2449 	2450
f 2452 	2415 	2414
f 2414 	2418 	2452
f 2446 	2451 	2447
f 2456 	2447 	2448
f 8713 	8727 	2444
f 2420 	2452 	2418
f 2399 	2456 	2448
f 1933 	2452 	2420
f 2452 	2454 	2415
f 2447 	2451 	2457
f 2445 	2455 	2389
f 2448 	2447 	2457
f 2448 	2457 	2451
f 2449 	2419 	2470
f 2441 	2454 	2442
f 2455 	2459 	2389
f 2460 	2461 	2424
f 2421 	2419 	2449
f 2452 	2442 	2454
f 1921 	2452 	1933
f 2383 	2459 	2462
f 2424 	2458 	2460
f 2383 	2389 	2459
f 2456 	2446 	2447
f 2462 	2464 	2383
f 2415 	2454 	2441
f 2436 	2452 	2393
f 2461 	2408 	2425
f 2461 	2434 	2409
f 2436 	2442 	2452
f 2461 	2409 	2408
f 2433 	2464 	2462
f 2465 	2441 	2530
f 2468 	2340 	2336
f 2462 	2403 	2433
f 2336 	2469 	2468
f 2467 	2453 	2423
f 2488 	2446 	2524
f 2415 	2441 	2465
f 2403 	2462 	2455
f 2451 	2446 	2426
f 2465 	2414 	2415
f 2453 	2424 	2423
f 2426 	2488 	2492
f 2465 	2418 	2414
f 2455 	2462 	2459
f 2468 	2469 	2472
f 2433 	2487 	2464
f 2426 	2446 	2488
f 2411 	2340 	2468
f 2464 	2487 	2384
f 2465 	2530 	3371
f 2488 	2524 	2505
f 2471 	2570 	2578
f 3371 	2522 	2465
f 2467 	2423 	6670
f 2505 	2524 	2476
f 2470 	2469 	2395
f 2437 	2379 	2471
f 2470 	2472 	2469
f 2470 	2450 	2449
f 2453 	2458 	2424
f 2395 	2450 	2470
f 2473 	2474 	2851
f 2451 	2426 	2448
f 2460 	2475 	2461
f 2468 	2472 	2490
f 2473 	2851 	1795
f 2470 	2490 	2472
f 2366 	486 	2435
f 486 	491 	2435
f 2411 	2468 	2490
f 1314 	2476 	1012
f 1959 	2432 	1732
f 2465 	2478 	1862
f 2490 	2470 	2463
f 2480 	2483 	2482
f 2479 	2483 	2480
f 2476 	1014 	1012
f 2444 	8864 	2477
f 2437 	2471 	1361
f 2494 	2473 	1795
f 2214 	2480 	2485
f 2482 	2485 	2480
f 2437 	1361 	2487
f 2466 	2444 	2477
f 2304 	2214 	2485
f 2478 	2499 	2494
f 2433 	2437 	2487
f 2485 	2483 	2496
f 2482 	2483 	2485
f 1361 	1366 	2487
f 2479 	2493 	2483
f 2471 	1689 	1361
f 2492 	2491 	587
f 2494 	1795 	1804
f 2493 	2496 	2483
f 2497 	2498 	679
f 2498 	397 	679
f 655 	587 	2491
f 679 	697 	2497
f 1349 	2384 	2487
f 2498 	472 	397
f 2498 	2497 	697
f 697 	721 	2498
f 2453 	2467 	2618
f 505 	2498 	721
f 2481 	2432 	1959
f 2480 	2318 	2479
f 2362 	2485 	2496
f 2502 	2504 	2500
f 2503 	841 	883
f 1804 	2478 	2494
f 2505 	2492 	2488
f 318 	2852 	2782
f 2506 	2505 	2507
f 2508 	2505 	2506
f 2505 	2508 	2511
f 2510 	2511 	2508
f 2481 	2514 	2432
f 2486 	2484 	3039
f 2490 	3031 	2484
f 2505 	2511 	2507
f 2510 	2507 	2511
f 2463 	3031 	2490
f 2510 	2520 	2492
f 880 	2427 	2503
f 2492 	2511 	2510
f 2463 	2768 	3031
f 2502 	2519 	2504
f 2513 	2512 	2489
f 2567 	2501 	2500
f 2492 	2520 	2580
f 2511 	2492 	2505
f 2476 	2443 	2505
f 2500 	2254 	2502
f 2443 	2510 	2511
f 2443 	2511 	2505
f 2489 	2515 	2513
f 2503 	2427 	2514
f 2508 	2506 	2443
f 2506 	2507 	2443
f 2486 	3039 	2516
f 2510 	2443 	2507
f 1760 	1761 	2521
f 2510 	2508 	2518
f 2522 	2478 	2465
f 2514 	2523 	2503
f 2580 	2520 	2510
f 1773 	1760 	2521
f 2522 	2568 	2499
f 2522 	2499 	2478
f 2453 	2635 	2620
f 2528 	2526 	2529
f 2441 	2442 	2530
f 5348 	2519 	2502
f 2524 	2456 	2525
f 2442 	2532 	2530
f 2535 	2525 	2533
f 2299 	2534 	2436
f 2533 	1022 	2538
f 2537 	2536 	3249
f 2298 	2500 	2246
f 2530 	2368 	3366
f 2500 	2260 	2254
f 2554 	2341 	2531
f 2367 	2530 	2532
f 2299 	2532 	2534
f 1022 	1021 	2538
f 2539 	2528 	2529
f 2539 	2529 	2531
f 2341 	2343 	2531
f 2539 	2531 	2343
f 2237 	2260 	2500
f 2534 	2532 	2442
f 846 	2525 	2527
f 953 	2533 	2525
f 953 	2525 	966
f 2137 	2299 	2540
f 2399 	2400 	2527
f 2432 	2514 	2427
f 1712 	2541 	2616
f 2400 	2332 	2527
f 2399 	2527 	2525
f 2514 	2546 	2545
f 2514 	2573 	2548
f 1773 	2521 	1772
f 2546 	2514 	2548
f 1014 	2476 	2535
f 2563 	2528 	2539
f 2529 	3494 	2531
f 2524 	2446 	2456
f 1694 	5823 	2541
f 2538 	2535 	2533
f 2523 	2543 	2503
f 2535 	2524 	2525
f 2530 	3366 	3371
f 1014 	2535 	2538
f 3494 	3606 	2531
f 2524 	2535 	2476
f 2548 	2545 	2546
f 2548 	2736 	2545
f 1215 	2597 	1194
f 5718 	2502 	2335
f 2545 	836 	2543
f 2335 	2502 	2253
f 1761 	2642 	2550
f 2561 	1194 	2597
f 3990 	3982 	2551
f 2553 	2554 	2555
f 2555 	2551 	2553
f 2500 	2254 	2246
f 2476 	1314 	2556
f 2237 	2500 	2501
f 2557 	1824 	1826
f 2557 	2025 	1824
f 2502 	5727 	5348
f 1314 	1194 	2556
f 2551 	2558 	2553
f 2563 	2553 	2558
f 2564 	2443 	2559
f 2514 	2545 	2523
f 2526 	3940 	2551
f 2545 	2543 	2523
f 2566 	2443 	2564
f 2551 	2555 	2526
f 2529 	2526 	2555
f 2528 	2563 	2558
f 2556 	2443 	2476
f 2394 	2554 	2553
f 2561 	2556 	1194
f 2341 	2554 	2394
f 2539 	2343 	2563
f 2563 	2343 	2397
f 2561 	2559 	2556
f 2397 	2553 	2563
f 2254 	2500 	2298
f 2561 	2597 	2564
f 3415 	3417 	2517
f 2559 	2561 	2564
f 3422 	2574 	2517
f 2387 	2386 	3606
f 2770 	2562 	2560
f 2387 	3606 	2337
f 2770 	2560 	2771
f 2379 	2567 	2570
f 2568 	2549 	2552
f 2552 	2499 	2568
f 2379 	2501 	2567
f 2443 	2566 	2508
f 2573 	2562 	2776
f 2564 	2597 	795
f 2379 	2237 	2501
f 2550 	2521 	1761
f 2595 	795 	2597
f 2578 	2570 	2504
f 1802 	2678 	1799
f 2567 	2500 	2504
f 2504 	2519 	2578
f 2564 	795 	2577
f 2567 	2504 	2570
f 790 	2577 	788
f 3415 	2517 	2549
f 2580 	2491 	2492
f 2579 	1694 	1696
f 1696 	1689 	2579
f 2580 	2510 	2518
f 2518 	2508 	2566
f 1694 	2579 	5823
f 2580 	2518 	2566
f 2580 	2566 	2577
f 1803 	2583 	1802
f 2584 	2033 	2019
f 2566 	2564 	2577
f 2076 	2586 	2582
f 790 	2580 	2577
f 2586 	2587 	2582
f 2587 	2584 	2582
f 2587 	2589 	2584
f 2578 	2519 	2579
f 2589 	2033 	2584
f 2590 	2588 	2562
f 1803 	2591 	2583
f 2519 	5825 	2579
f 2589 	2592 	2033
f 2575 	655 	2491
f 2678 	1802 	2583
f 2583 	2591 	2785
f 2580 	2575 	2491
f 2585 	2438 	2495
f 2585 	2439 	2438
f 2585 	2569 	2439
f 2593 	2594 	2547
f 2597 	1283 	2595
f 2581 	2314 	2366
f 812 	795 	2595
f 2585 	2601 	2569
f 2557 	2314 	2581
f 2569 	2601 	2571
f 2595 	1282 	813
f 2601 	2572 	2571
f 2544 	2593 	2547
f 1282 	2595 	1283
f 2471 	2379 	2570
f 3605 	2555 	2554
f 2579 	2598 	2578
f 2598 	2471 	2578
f 2139 	1972 	2599
f 2471 	2598 	1689
f 3228 	2139 	2599
f 2598 	2579 	1689
f 5898 	2593 	2544
f 1972 	2058 	2599
f 2058 	2681 	2599
f 2614 	2603 	2600
f 2603 	2604 	2600
f 2604 	2608 	2600
f 2619 	2602 	5916
f 2601 	2605 	3721
f 2604 	2603 	2606
f 7972 	2600 	2608
f 2606 	2609 	2608
f 2606 	2608 	2604
f 2601 	3721 	2572
f 2025 	2581 	2096
f 2610 	2611 	2600
f 2614 	2600 	2611
f 1788 	2602 	1870
f 2557 	2581 	2025
f 2611 	2610 	2612
f 2613 	2541 	2602
f 2613 	2616 	2541
f 2601 	2615 	2683
f 1807 	2596 	2591
f 2612 	2614 	2611
f 2683 	2605 	2601
f 2573 	2590 	2562
f 2602 	1788 	2613
f 2613 	1788 	2616
f 2614 	2612 	2606
f 2603 	2614 	2606
f 2562 	2778 	2776
f 2619 	2636 	2602
f 1799 	2678 	2641
f 2617 	2588 	2590
f 2607 	2565 	5757
f 4785 	8030 	2609
f 2453 	2620 	2458
f 2620 	2460 	2458
f 2642 	1761 	1799
f 2620 	2475 	2460
f 2776 	2548 	2573
f 3033 	2617 	2481
f 2547 	2621 	2544
f 2607 	5846 	5862
f 2643 	2585 	2620
f 2627 	2629 	2600
f 2617 	2514 	2481
f 2650 	1938 	1901
f 2590 	2573 	2514
f 2585 	2495 	2620
f 2629 	2633 	2600
f 2590 	2514 	2617
f 2622 	1938 	2650
f 2620 	2624 	2643
f 2623 	2619 	5916
f 2650 	2654 	2622
f 5928 	2638 	2623
f 2628 	2627 	2626
f 2633 	2610 	2600
f 2620 	2495 	2475
f 2628 	2629 	2627
f 2521 	2550 	2632
f 2628 	2633 	2629
f 2632 	2688 	2689
f 2633 	2628 	2610
f 2612 	2610 	2628
f 2632 	2689 	2630
f 2638 	2619 	2623
f 2618 	2635 	2453
f 2618 	2634 	2635
f 2521 	2632 	2630
f 2599 	2576 	2637
f 2635 	2624 	2620
f 2612 	2628 	2639
f 2647 	2601 	2585
f 2521 	2630 	1772
f 1187 	1772 	2630
f 2612 	2639 	2640
f 2637 	3228 	2599
f 1187 	2630 	2542
f 2612 	2640 	2645
f 2586 	2665 	2587
f 2625 	2375 	2631
f 1799 	2641 	2642
f 2586 	2667 	2665
f 2587 	2646 	2589
f 2643 	2647 	2585
f 2646 	2592 	2589
f 2654 	2719 	2622
f 2647 	2615 	2601
f 2669 	2087 	2086
f 2649 	2640 	2639
f 2649 	2651 	2640
f 2652 	2643 	2624
f 2651 	2645 	2640
f 2647 	2643 	2652
f 2653 	2654 	2650
f 2652 	2691 	2615
f 2652 	2615 	2647
f 2701 	2644 	2702
f 2655 	2651 	2649
f 2619 	2638 	2636
f 2375 	3216 	2648
f 2648 	2644 	2375
f 2375 	2644 	2631
f 2652 	2670 	2750
f 2693 	2695 	2652
f 2655 	2657 	2651
f 2103 	2625 	2658
f 2695 	2697 	2652
f 2661 	2664 	2660
f 2602 	2661 	1870
f 2672 	2673 	2600
f 2627 	2600 	2626
f 2653 	2650 	2293
f 6810 	2668 	2662
f 2665 	2646 	2587
f 2668 	2634 	2662
f 2634 	2670 	2635
f 2626 	2600 	2673
f 2634 	2668 	2670
f 2669 	2667 	2586
f 2670 	2624 	2635
f 2690 	2600 	2686
f 2670 	2652 	2624
f 2673 	2672 	2674
f 2631 	2658 	2625
f 2672 	2600 	2675
f 2669 	2586 	2087
f 2672 	2675 	2674
f 2658 	2631 	2663
f 2671 	2677 	2653
f 2670 	2668 	2749
f 2631 	2644 	2663
f 2096 	2581 	2057
f 3499 	3943 	3985
f 2626 	2673 	2628
f 2674 	2628 	2673
f 2659 	2660 	2664
f 2785 	2678 	2583
f 2659 	2664 	2759
f 2704 	2681 	2682
f 2678 	2846 	2641
f 2759 	2660 	2659
f 2683 	2684 	2605
f 2664 	2661 	2602
f 2685 	2910 	2687
f 2550 	2688 	2632
f 2680 	2605 	2684
f 2576 	2599 	2681
f 2687 	2686 	2685
f 2675 	2600 	2690
f 2653 	2315 	2671
f 2684 	2683 	2691
f 2677 	2694 	2654
f 2690 	2686 	2710
f 2687 	2710 	2686
f 2677 	2654 	2653
f 2687 	2714 	2710
f 2683 	2615 	2691
f 2667 	2676 	2665
f 2676 	2692 	2665
f 2698 	2719 	2654
f 2675 	2690 	2710
f 2675 	2710 	2674
f 2663 	2644 	2679
f 2665 	2692 	2646
f 2550 	2642 	2688
f 2644 	2808 	2679
f 2644 	2701 	2808
f 2658 	3064 	2656
f 2641 	2846 	2642
f 2696 	2654 	2694
f 2652 	2697 	2691
f 2698 	2654 	2696
f 2697 	2699 	2691
f 2709 	2669 	2189
f 2703 	2419 	2421
f 2703 	2421 	2360
f 2581 	2666 	2704
f 2703 	2470 	2419
f 2581 	2704 	2682
f 2628 	2674 	2713
f 2713 	2674 	2710
f 2695 	2772 	2697
f 1938 	2622 	2706
f 2772 	2699 	2697
f 2622 	2719 	2706
f 2706 	1951 	1938
f 2684 	2711 	2680
f 1951 	2706 	2716
f 2709 	2707 	2669
f 2576 	2727 	2708
f 2707 	2667 	2669
f 2628 	2713 	2639
f 2719 	2716 	2706
f 5948 	2715 	2709
f 2710 	2717 	2713
f 2714 	2717 	2710
f 2713 	2649 	2639
f 2718 	1952 	2716
f 2713 	2717 	2649
f 5948 	2709 	2225
f 2715 	2720 	2709
f 2720 	2707 	2709
f 2714 	2722 	2717
f 2716 	2721 	2718
f 2717 	2655 	2649
f 2719 	2721 	2716
f 2717 	2722 	2655
f 2721 	2723 	2718
f 2725 	2711 	2691
f 7502 	2720 	2715
f 2951 	2724 	2722
f 2722 	2724 	2753
f 2705 	2272 	5492
f 2699 	2725 	2691
f 5492 	2201 	2705
f 2724 	2755 	2753
f 2723 	2721 	2734
f 2734 	2726 	2723
f 2755 	2724 	2754
f 2707 	2676 	2667
f 2684 	2691 	2711
f 2722 	2753 	2728
f 2698 	2730 	2719
f 2725 	2712 	2711
f 2722 	2728 	2655
f 2576 	2798 	2727
f 2728 	2731 	2657
f 2707 	2729 	2676
f 2730 	2732 	2719
f 2729 	6008 	2676
f 2732 	2730 	5422
f 2725 	2790 	2712
f 2728 	2657 	2655
f 2719 	2732 	2721
f 2699 	2700 	2725
f 2721 	2732 	2734
f 2753 	2733 	2728
f 6008 	2692 	2676
f 2733 	2735 	2731
f 6008 	6009 	2692
f 2720 	2729 	2707
f 2733 	2731 	2728
f 2738 	2739 	2799
f 2740 	2739 	2738
f 2737 	2668 	6810
f 2758 	2742 	2798
f 2741 	2743 	2735
f 6072 	2272 	2744
f 2745 	2746 	2737
f 6090 	5492 	2272
f 2741 	2735 	2733
f 2746 	2668 	2737
f 2548 	2776 	2736
f 2743 	4877 	4872
f 2746 	2748 	2668
f 2748 	2749 	2668
f 2799 	2739 	2798
f 4872 	2735 	2743
f 2670 	2749 	2750
f 2775 	2743 	2741
f 2652 	2750 	2752
f 2742 	2727 	2798
f 2752 	2693 	2652
f 2740 	2581 	3052
f 1889 	1893 	2747
f 2756 	2747 	1895
f 2748 	2772 	2749
f 2753 	2755 	2733
f 2757 	2742 	2758
f 2750 	2749 	2772
f 2747 	2756 	2751
f 2772 	2752 	2750
f 3377 	2661 	2660
f 2742 	2757 	2761
f 2758 	2798 	2739
f 2759 	3386 	3385
f 1895 	1904 	2763
f 3098 	2760 	2754
f 2739 	2740 	2758
f 2757 	2758 	2740
f 3052 	2757 	2740
f 2754 	2760 	2764
f 2756 	1895 	2763
f 2757 	3052 	2761
f 2760 	2841 	2764
f 2763 	2766 	2756
f 2740 	2738 	2799
f 2884 	2542 	2630
f 3376 	2759 	2664
f 2768 	2703 	2360
f 2725 	2700 	2769
f 2702 	2644 	2648
f 882 	2736 	2702
f 2754 	2764 	2755
f 2768 	2463 	2703
f 2725 	2769 	2816
f 2470 	2703 	2463
f 2702 	2736 	2701
f 2755 	2764 	2741
f 2773 	2664 	2602
f 2755 	2741 	2733
f 2636 	2773 	2602
f 2768 	2360 	2359
f 2772 	2765 	2762
f 2772 	2767 	2765
f 2841 	2760 	2836
f 2772 	2745 	2767
f 2778 	2562 	2770
f 2772 	2746 	2745
f 2772 	2748 	2746
f 2775 	2741 	2764
f 2542 	2768 	2359
f 2779 	2778 	2770
f 2772 	2693 	2752
f 2775 	2777 	2743
f 2772 	2695 	2693
f 2688 	2866 	2689
f 2772 	2700 	2699
f 2778 	2779 	2786
f 2772 	2769 	2700
f 2780 	2781 	2777
f 2772 	2826 	2769
f 2772 	2822 	2826
f 2630 	2689 	2884
f 2780 	2777 	2775
f 3194 	3195 	2542
f 2762 	2765 	2783
f 2793 	2781 	2780
f 2765 	2767 	2783
f 2786 	2776 	2778
f 2828 	2789 	2596
f 1910 	5069 	2784
f 2774 	2636 	2638
f 5069 	5779 	2784
f 3816 	2712 	2790
f 2791 	2792 	2958
f 2791 	3080 	2792
f 3080 	2791 	2792
f 2793 	2796 	2781
f 2798 	2576 	2681
f 2789 	2591 	2596
f 2799 	2798 	2704
f 2800 	2795 	1795
f 2789 	2828 	2785
f 2800 	2801 	2795
f 2789 	2785 	2591
f 2681 	2704 	2798
f 2801 	2843 	2795
f 2802 	2806 	2796
f 2679 	2805 	2663
f 1795 	2795 	2809
f 2808 	2786 	2779
f 2790 	2811 	3819
f 2808 	2805 	2679
f 2802 	2796 	2793
f 2794 	2813 	2795
f 2787 	2812 	2788
f 2819 	2815 	2813
f 2812 	2814 	2788
f 2776 	2786 	2701
f 2809 	2795 	2813
f 2809 	2813 	2807
f 2808 	2701 	2786
f 2776 	2701 	2736
f 2725 	2816 	2790
f 2819 	2820 	2815
f 2816 	2811 	2790
f 2816 	2812 	2811
f 2813 	2815 	2807
f 2816 	2826 	2812
f 2818 	2109 	2106
f 2818 	2106 	2112
f 2812 	2787 	2811
f 2802 	2817 	2821
f 2812 	2822 	2814
f 2822 	2823 	2814
f 2831 	2829 	5049
f 49 	2815 	2820
f 3207 	3240 	1959
f 2802 	2821 	2806
f 2799 	2704 	2666
f 2819 	2856 	2820
f 2823 	2762 	2814
f 2783 	2814 	2762
f 2794 	2819 	2813
f 2794 	3058 	2819
f 2678 	2785 	2824
f 2826 	2816 	2769
f 2826 	2822 	2812
f 2827 	2829 	2817
f 2822 	2772 	2823
f 5049 	2830 	2831
f 2772 	2762 	2823
f 2830 	2821 	2831
f 2817 	2831 	2821
f 2782 	3238 	3252
f 2817 	2829 	2831
f 2799 	2666 	2740
f 2581 	2740 	2666
f 2824 	2785 	2834
f 2828 	2861 	2834
f 318 	2838 	2852
f 2835 	2856 	3056
f 2936 	2834 	2861
f 2803 	2840 	2804
f 2994 	2845 	1321
f 2845 	2849 	2867
f 2785 	2828 	2834
f 2473 	3062 	2839
f 1324 	2881 	1341
f 2881 	1324 	2867
f 1321 	2867 	1324
f 2801 	2839 	2843
f 2829 	2827 	5049
f 5209 	2837 	2844
f 3496 	3506 	1325
f 2764 	2841 	2775
f 2795 	2843 	2839
f 2846 	2678 	2824
f 2803 	2842 	2840
f 4903 	2842 	7399
f 2868 	2867 	2849
f 871 	2838 	704
f 2850 	2841 	2836
f 2903 	2782 	2852
f 2839 	2851 	2474
f 2841 	2850 	2780
f 2474 	2473 	2839
f 2825 	2858 	2853
f 2839 	2800 	2851
f 2839 	2801 	2800
f 2838 	1676 	2852
f 2853 	2854 	2074
f 2841 	2780 	2775
f 2075 	2074 	2854
f 2904 	2642 	2846
f 2819 	3058 	2856
f 2828 	2596 	4815
f 2850 	2793 	2780
f 1037 	1081 	2854
f 2928 	2856 	2835
f 2928 	2927 	2856
f 2855 	2793 	2850
f 2859 	6081 	2857
f 1341 	2881 	2862
f 49 	2820 	56
f 2847 	2849 	2845
f 2857 	2937 	2859
f 1353 	1358 	2862
f 2927 	2820 	2856
f 2847 	3125 	2849
f 2862 	2880 	1353
f 2859 	2863 	6081
f 6082 	6086 	2857
f 2858 	1037 	2854
f 2858 	2854 	2853
f 6086 	2869 	2857
f 2837 	2871 	2832
f 2871 	2833 	2832
f 2904 	2960 	2866
f 2855 	2860 	2802
f 2869 	2937 	2857
f 2882 	2802 	2860
f 2855 	2802 	2793
f 2868 	2879 	2867
f 2878 	2867 	3126
f 2889 	3127 	2881
f 2880 	2881 	2883
f 2862 	2881 	2880
f 2889 	2881 	2878
f 2867 	2878 	2881
f 2689 	2866 	2886
f 2876 	2871 	5232
f 2866 	2913 	2886
f 2848 	2898 	2877
f 2837 	5232 	2871
f 5209 	5232 	2837
f 2888 	1360 	2858
f 1360 	2888 	2914
f 2889 	2878 	2885
f 2868 	3125 	2879
f 2871 	2875 	2993
f 3552 	2872 	2888
f 2883 	1353 	2880
f 2882 	2817 	2802
f 2879 	3126 	2867
f 318 	605 	2887
f 2827 	2817 	2882
f 2825 	2888 	2858
f 318 	2887 	2838
f 2888 	2825 	3552
f 2896 	2895 	5049
f 2865 	2992 	2870
f 2947 	2865 	2870
f 2882 	3222 	6822
f 2865 	77 	139
f 2827 	2896 	5049
f 2992 	2865 	139
f 2896 	2882 	2895
f 6822 	2895 	2882
f 2889 	2885 	2894
f 2885 	2891 	2894
f 2893 	2894 	2891
f 2896 	2827 	2882
f 107 	98 	2902
f 2685 	2686 	2600
f 2908 	2909 	2600
f 2111 	2656 	3611
f 2689 	2886 	2884
f 3051 	3002 	2897
f 3050 	3002 	3051
f 2898 	2899 	3009
f 98 	103 	2902
f 2897 	3002 	2899
f 2904 	2866 	2688
f 2865 	2902 	103
f 1220 	4418 	1866
f 2642 	2904 	2688
f 2824 	2834 	2936
f 2685 	2600 	2910
f 2910 	2600 	2909
f 2911 	2905 	2892
f 107 	2912 	120
f 2907 	2782 	2903
f 2912 	126 	120
f 826 	2907 	2903
f 2915 	2912 	2902
f 2909 	2908 	2917
f 2902 	2912 	107
f 2907 	2900 	2963
f 2871 	2911 	2833
f 2908 	2600 	2929
f 2871 	2905 	2911
f 2929 	2930 	2908
f 2917 	2910 	2909
f 2838 	2940 	704
f 2917 	2687 	2910
f 2915 	2902 	2947
f 2865 	2947 	2902
f 803 	817 	2918
f 2918 	2900 	2942
f 2961 	2960 	2904
f 2920 	2924 	2923
f 3194 	2542 	2884
f 2913 	2966 	2886
f 2921 	2999 	2922
f 2967 	2913 	2866
f 2925 	2926 	2600
f 2926 	2925 	3000
f 7972 	2921 	2600
f 2928 	2933 	2927
f 2925 	2922 	2999
f 2917 	2908 	2930
f 640 	678 	2887
f 2600 	2932 	2929
f 2926 	2932 	2600
f 2934 	2791 	2958
f 2938 	2933 	2928
f 2887 	605 	1981
f 3000 	2930 	2932
f 2929 	2932 	2930
f 2934 	2959 	2791
f 640 	2887 	1981
f 2936 	2935 	2931
f 3080 	2923 	2791
f 2934 	2791 	2923
f 3006 	3003 	2941
f 2838 	2887 	2940
f 2971 	2804 	2797
f 2900 	2907 	2942
f 2936 	2931 	2824
f 3099 	2982 	2939
f 2872 	2906 	2916
f 2932 	2926 	3000
f 2894 	2893 	2901
f 2872 	3619 	2906
f 2921 	8444 	2999
f 3496 	1325 	1443
f 1485 	1483 	2944
f 2944 	1541 	1485
f 804 	2918 	2942
f 3005 	3006 	2941
f 2917 	2946 	2687
f 712 	1676 	2838
f 2930 	2946 	2917
f 2888 	2872 	2916
f 2941 	2933 	2938
f 2838 	871 	712
f 2946 	2714 	2687
f 2888 	2916 	2914
f 2904 	2846 	2931
f 2943 	2877 	2898
f 2948 	2946 	2930
f 1676 	1743 	2852
f 618 	878 	2887
f 878 	704 	2940
f 2915 	2947 	2969
f 2940 	2887 	878
f 2954 	2959 	2923
f 2942 	2907 	820
f 2948 	2950 	2946
f 2946 	2951 	2714
f 5314 	2791 	2934
f 2951 	2946 	2950
f 2722 	2714 	2951
f 2905 	2924 	2890
f 2903 	1743 	826
f 2905 	2990 	2924
f 2824 	2931 	2846
f 3102 	2928 	2835
f 2931 	2961 	2904
f 618 	2887 	678
f 2948 	2952 	2950
f 2952 	2953 	2950
f 2990 	2954 	2924
f 820 	804 	2942
f 2782 	2907 	3238
f 2861 	2828 	2949
f 2923 	2924 	2954
f 2950 	2953 	2951
f 2958 	2959 	2957
f 2956 	2957 	2959
f 2953 	2955 	2951
f 2951 	2955 	2724
f 2900 	1993 	2081
f 2956 	2954 	2957
f 2859 	2937 	2939
f 2962 	2957 	2956
f 2958 	2957 	2954
f 2937 	3103 	2939
f 2962 	2934 	2958
f 2962 	2958 	2957
f 2869 	3103 	2937
f 2957 	2964 	2956
f 2681 	2058 	2965
f 2682 	2681 	2965
f 2913 	2967 	2966
f 2958 	2964 	2957
f 2866 	2960 	2967
f 2962 	2959 	2934
f 3080 	2791 	2959
f 2954 	2959 	2958
f 2966 	2967 	3008
f 3080 	2959 	2958
f 2581 	2682 	2965
f 2971 	6086 	2873
f 2945 	2972 	1520
f 2912 	2969 	2968
f 2912 	2915 	2969
f 2972 	2978 	1480
f 2912 	2970 	2919
f 2974 	2975 	2863
f 2581 	2965 	2057
f 1480 	2978 	2944
f 2968 	2970 	2912
f 2975 	2864 	2863
f 2982 	2975 	2974
f 2863 	2859 	2974
f 2974 	2859 	2939
f 2982 	2974 	2939
f 2945 	2425 	2408
f 2962 	5314 	2934
f 2900 	2081 	2148
f 2408 	2972 	2945
f 2408 	2409 	2972
f 2959 	5288 	2958
f 5288 	2964 	2958
f 6086 	2971 	3004
f 2869 	6086 	3004
f 3004 	2971 	2991
f 3262 	3238 	2907
f 2907 	2963 	3262
f 2976 	2977 	2987
f 2978 	2979 	2944
f 2148 	2963 	2900
f 2886 	2966 	2884
f 2803 	2971 	2842
f 2803 	2804 	2971
f 2969 	2980 	2987
f 2982 	2983 	2975
f 2956 	2959 	2954
f 2981 	3128 	2984
f 2964 	2954 	2956
f 2962 	2954 	2964
f 2962 	2956 	2954
f 2976 	2987 	2980
f 2962 	2934 	2923
f 3030 	2980 	2986
f 2980 	2969 	2986
f 2986 	2969 	2947
f 2954 	5288 	2959
f 2961 	2985 	2960
f 2923 	2959 	2962
f 2967 	2960 	2985
f 2987 	2968 	2969
f 2987 	3020 	2970
f 2952 	2989 	2953
f 2987 	2970 	2968
f 2989 	3098 	2953
f 2972 	2409 	2410
f 2410 	2978 	2972
f 2410 	3019 	2978
f 2979 	2978 	3019
f 649 	648 	2981
f 2993 	3073 	2990
f 3018 	2919 	2970
f 3073 	5308 	2990
f 2410 	2440 	3019
f 2984 	650 	2981
f 649 	2981 	650
f 1549 	2994 	1321
f 2867 	1321 	2845
f 2845 	2994 	2847
f 2953 	3098 	2955
f 2868 	2849 	3125
f 2955 	2754 	2724
f 2995 	2944 	2979
f 1548 	1541 	2995
f 1549 	1548 	2995
f 2996 	2906 	2973
f 1579 	2914 	2996
f 2916 	2996 	2914
f 1549 	2995 	2994
f 2847 	2994 	2995
f 2916 	2906 	2996
f 140 	3003 	139
f 2995 	3001 	2847
f 56 	3003 	140
f 6727 	2961 	2931
f 3003 	2927 	2941
f 2933 	2941 	2927
f 3003 	56 	2820
f 3003 	2820 	2927
f 3006 	139 	3003
f 3006 	2992 	139
f 3006 	3005 	3013
f 2985 	3008 	2967
f 3006 	3013 	2992
f 3007 	2943 	2898
f 3009 	3007 	2898
f 3132 	3010 	2998
f 2941 	3011 	3005
f 3010 	3138 	2988
f 3009 	2899 	3002
f 3013 	3030 	2986
f 2973 	3014 	3012
f 646 	2997 	2988
f 2973 	2906 	3014
f 2906 	3622 	3014
f 2870 	2992 	3013
f 3014 	3622 	3012
f 2986 	2947 	3013
f 3012 	3622 	3680
f 2947 	2870 	3013
f 1443 	3607 	3496
f 3011 	3013 	3005
f 2995 	2979 	3017
f 2991 	2971 	2797
f 3246 	3013 	3011
f 3012 	3016 	3391
f 2925 	2999 	3000
f 3001 	2995 	3017
f 3012 	3680 	3016
f 3020 	3021 	2970
f 8441 	8518 	8444
f 3022 	737 	702
f 2999 	3028 	3029
f 3018 	2970 	3021
f 2979 	3019 	3023
f 2999 	3044 	3000
f 3023 	3017 	2979
f 2984 	3170 	3022
f 2999 	3029 	3044
f 3000 	3044 	3046
f 3300 	741 	3025
f 3023 	3026 	3017
f 755 	3209 	741
f 3022 	661 	2984
f 2954 	2990 	5308
f 2727 	3027 	3247
f 2971 	6212 	2842
f 2871 	2990 	2905
f 2990 	2871 	2993
f 3246 	3030 	3013
f 2875 	3234 	2993
f 2727 	2417 	3027
f 3034 	3035 	2976
f 3030 	3034 	2980
f 3038 	3020 	2987
f 2481 	3220 	3033
f 3033 	3024 	3043
f 2768 	3053 	3031
f 3038 	2987 	2977
f 4901 	2560 	3040
f 3031 	3090 	3039
f 3041 	3024 	3040
f 3035 	3038 	2977
f 3031 	3042 	3090
f 3042 	3031 	3053
f 2560 	2562 	3040
f 2727 	2742 	2417
f 3039 	2484 	3031
f 3041 	2562 	2588
f 3040 	2562 	3041
f 6501 	6486 	3020
f 3041 	2588 	3043
f 2976 	3035 	2977
f 3043 	3024 	3041
f 3043 	2588 	2617
f 3043 	2617 	3033
f 3030 	3246 	3034
f 3000 	3046 	3047
f 3045 	3048 	3037
f 2980 	3034 	2976
f 3045 	3112 	3048
f 2930 	3000 	3047
f 2581 	2435 	3052
f 3047 	3067 	2930
f 3045 	3055 	3112
f 3054 	3075 	2835
f 3049 	3057 	3052
f 3057 	2742 	2761
f 3056 	3054 	2835
f 2768 	2542 	3055
f 2999 	8518 	8577
f 3059 	3058 	2794
f 3052 	3057 	2761
f 3029 	3341 	3044
f 2856 	3058 	3056
f 2878 	3060 	3071
f 2794 	2795 	3059
f 3342 	3046 	3044
f 3001 	3017 	3063
f 3270 	3015 	2998
f 3055 	3224 	3223
f 2998 	3010 	3270
f 3059 	2795 	2839
f 3062 	3059 	2839
f 3061 	2658 	3133
f 3056 	3058 	3054
f 3058 	3059 	3054
f 2494 	3054 	2473
f 2658 	2663 	3133
f 3054 	3065 	3075
f 2494 	2499 	3054
f 3715 	2656 	3064
f 3270 	3010 	2988
f 3054 	2499 	3065
f 2658 	3061 	3064
f 3055 	3053 	2768
f 2552 	3065 	2499
f 3049 	3068 	3057
f 3083 	3075 	3065
f 3068 	2742 	3057
f 2930 	3067 	2948
f 3063 	3032 	3001
f 3062 	2473 	3054
f 3059 	3062 	3054
f 3086 	2517 	2574
f 3063 	3070 	3032
f 2549 	2517 	3086
f 3047 	3046 	3069
f 3036 	3653 	3071
f 2742 	3068 	2417
f 2549 	3086 	2552
f 3069 	3072 	3047
f 3071 	3355 	3036
f 3070 	3355 	3071
f 3060 	3032 	3071
f 3070 	3071 	3032
f 3069 	3079 	3072
f 3072 	3067 	3047
f 3078 	2948 	3067
f 3072 	3078 	3067
f 3076 	3077 	3075
f 3078 	2952 	2948
f 3017 	3026 	3063
f 2581 	2366 	2435
f 3075 	3102 	2835
f 3083 	3076 	3075
f 3097 	5308 	3073
f 2792 	3080 	2958
f 3195 	3224 	3055
f 3079 	3082 	3072
f 3081 	3068 	3049
f 2552 	3083 	3065
f 3055 	2542 	3195
f 3079 	3089 	3082
f 3072 	3082 	3078
f 3083 	3084 	3076
f 2792 	5314 	3080
f 2791 	5314 	2792
f 3078 	3085 	2952
f 3049 	2435 	3081
f 3082 	3085 	3078
f 3085 	2989 	2952
f 4039 	1904 	1914
f 3087 	756 	758
f 3086 	3084 	3083
f 3604 	3089 	3079
f 2763 	1904 	4039
f 3088 	3039 	3090
f 2763 	4039 	4089
f 3039 	3088 	2516
f 3074 	2417 	3087
f 3091 	3092 	3090
f 2962 	2964 	3093
f 3089 	3094 	3082
f 3092 	3088 	3090
f 3093 	5314 	2962
f 3087 	2417 	3068
f 3082 	3094 	3085
f 3090 	3045 	3091
f 3109 	3085 	3094
f 2552 	3086 	3083
f 2435 	802 	787
f 3086 	2574 	3421
f 2435 	1070 	802
f 3076 	4215 	3077
f 2435 	491 	1070
f 3045 	3037 	3091
f 3049 	3052 	2435
f 2939 	3100 	3099
f 3103 	3104 	3100
f 2939 	3103 	3100
f 3090 	3055 	3045
f 3104 	3099 	3100
f 3081 	3105 	3068
f 3104 	3163 	3099
f 779 	780 	3114
f 3053 	3090 	3042
f 3106 	2938 	2928
f 3068 	3105 	3087
f 756 	3087 	780
f 3102 	3106 	2928
f 3053 	3055 	3090
f 2754 	2955 	3098
f 3085 	3109 	2989
f 3122 	3106 	3102
f 2435 	779 	3107
f 3096 	5494 	5476
f 2941 	3110 	3011
f 2989 	3109 	3111
f 2435 	787 	779
f 3147 	3103 	2991
f 3110 	3106 	3122
f 3107 	3081 	2435
f 3004 	2991 	3103
f 3114 	3105 	3081
f 3106 	2941 	2938
f 2869 	3004 	3103
f 2766 	2763 	4089
f 2941 	3106 	3110
f 3107 	779 	3114
f 3081 	3107 	3114
f 3064 	3061 	3066
f 3109 	3142 	3111
f 1353 	3118 	1354
f 3111 	3098 	2989
f 3061 	3119 	3066
f 3098 	3111 	2760
f 3118 	1615 	1354
f 3118 	3121 	1615
f 2982 	3099 	3115
f 3111 	2836 	2760
f 3102 	3123 	3122
f 3136 	4136 	3117
f 3130 	2878 	3126
f 3117 	4136 	3124
f 3114 	780 	3105
f 3127 	2889 	3131
f 2883 	2881 	3127
f 2836 	3111 	3142
f 2879 	3125 	3126
f 1720 	1701 	3128
f 3118 	1353 	3127
f 2883 	3127 	1353
f 3122 	3129 	3135
f 3181 	3129 	3123
f 3123 	3129 	3122
f 3130 	3126 	3152
f 3125 	3152 	3126
f 3133 	2663 	2805
f 3103 	3163 	3104
f 3127 	3131 	3118
f 3103 	3174 	3163
f 3120 	3061 	3133
f 3134 	2998 	3015
f 3134 	3132 	2998
f 2751 	2756 	3136
f 3136 	3117 	2751
f 1739 	2981 	2988
f 3121 	3118 	3155
f 3131 	3155 	3118
f 3137 	3110 	3122
f 2988 	3138 	1770
f 3125 	2847 	3001
f 3135 	3137 	3122
f 3139 	3140 	3120
f 3116 	2982 	3115
f 3116 	2983 	2982
f 3158 	3159 	3141
f 3159 	3160 	3141
f 3182 	3137 	3135
f 3132 	3134 	1832
f 3113 	3048 	3112
f 2766 	3136 	2756
f 1720 	3128 	1725
f 3109 	3254 	3142
f 3113 	3037 	3048
f 1725 	3128 	2981
f 1732 	2984 	1701
f 3145 	2836 	3142
f 1732 	2196 	2984
f 3133 	3139 	3120
f 2984 	3128 	1701
f 2889 	2894 	3161
f 1725 	2981 	1739
f 3142 	3254 	3144
f 3142 	3144 	3145
f 3203 	3205 	3143
f 2988 	1770 	1739
f 3166 	3167 	2878
f 3367 	2891 	3141
f 3162 	3161 	2894
f 3144 	3192 	3193
f 1751 	1750 	3149
f 3161 	3155 	2889
f 2878 	3130 	3153
f 3146 	3149 	1750
f 3265 	3259 	3143
f 3015 	1750 	3134
f 9336 	3147 	2991
f 3166 	2878 	3153
f 1750 	3015 	3146
f 3131 	2889 	3155
f 3138 	3010 	1775
f 3010 	3132 	1775
f 3130 	3152 	3153
f 2991 	9265 	9336
f 3919 	3924 	3150
f 3924 	3151 	3150
f 3158 	3141 	3165
f 3164 	3116 	3115
f 3144 	3193 	3145
f 3025 	741 	3199
f 2850 	2836 	3145
f 3344 	3160 	3165
f 3158 	3165 	3159
f 3159 	3165 	3160
f 3099 	3164 	3115
f 3148 	3139 	3133
f 3162 	3121 	3161
f 3166 	3153 	3167
f 3152 	3167 	3153
f 265 	263 	3189
f 3161 	3121 	3155
f 737 	3022 	3171
f 880 	737 	3172
f 3282 	3141 	3160
f 3175 	3180 	3177
f 3177 	3180 	265
f 3171 	3022 	3170
f 3176 	3170 	2984
f 3176 	2327 	3191
f 3171 	3170 	3191
f 265 	3189 	3177
f 3037 	3113 	3218
f 3075 	3123 	3102
f 2876 	2874 	3178
f 3123 	3075 	3077
f 3179 	3178 	3180
f 3188 	3172 	3171
f 3123 	3077 	3181
f 2874 	3180 	3178
f 880 	2503 	883
f 2638 	5928 	3776
f 836 	841 	2503
f 3143 	3137 	3182
f 3176 	3191 	3170
f 3179 	3180 	3175
f 3125 	3001 	3032
f 3135 	3129 	3181
f 3200 	3015 	3025
f 3154 	3179 	3175
f 3281 	3135 	3181
f 6262 	265 	3180
f 2871 	3178 	2875
f 2871 	2876 	3178
f 2774 	2638 	3776
f 2885 	3141 	2891
f 3099 	3766 	3164
f 2894 	3285 	3162
f 3149 	3146 	3186
f 1615 	3121 	3187
f 3145 	2855 	2850
f 3184 	3214 	3188
f 2855 	3145 	3193
f 3149 	3186 	2327
f 3175 	3177 	3189
f 3188 	3191 	3183
f 3183 	3184 	3188
f 3214 	3210 	3188
f 3189 	3154 	3175
f 3196 	3164 	3185
f 3191 	2327 	3186
f 3183 	3191 	3186
f 3116 	3164 	3196
f 2325 	3172 	3188
f 3139 	3169 	3140
f 3191 	3188 	3171
f 4279 	3281 	3181
f 3103 	3147 	3198
f 3199 	3200 	3025
f 2884 	2966 	3194
f 3133 	2805 	3148
f 3135 	3281 	3284
f 3788 	3198 	3147
f 3113 	3112 	3215
f 3200 	3199 	3183
f 3183 	3199 	3184
f 3113 	3215 	3201
f 2805 	2808 	3148
f 3202 	3196 	3185
f 3186 	3146 	3204
f 3169 	3139 	2770
f 3113 	3201 	3218
f 3143 	3182 	3203
f 3185 	3164 	3766
f 3205 	3203 	3225
f 3204 	3200 	3186
f 2771 	3169 	2770
f 3204 	3015 	3200
f 2770 	3139 	3148
f 3092 	3091 	3219
f 3204 	3146 	3015
f 2779 	2770 	3148
f 3186 	3200 	3183
f 2808 	2779 	3148
f 3182 	3190 	3203
f 3190 	3208 	3203
f 3209 	2406 	3210
f 3037 	3218 	3091
f 3210 	2406 	2407
f 3207 	1959 	4511
f 3192 	3283 	3211
f 3199 	3209 	3210
f 3196 	3202 	3206
f 3199 	3210 	3214
f 6320 	3108 	3212
f 3184 	3199 	3214
f 3196 	3776 	3116
f 859 	2412 	2406
f 3192 	3211 	3217
f 3216 	859 	865
f 3216 	2412 	859
f 3221 	3217 	3211
f 3192 	3217 	3193
f 3193 	2860 	2855
f 3193 	3217 	2860
f 755 	859 	2406
f 3197 	3154 	3156
f 3219 	3264 	3263
f 755 	2406 	3209
f 3221 	3222 	3217
f 3215 	3112 	3055
f 3223 	3215 	3055
f 865 	2648 	3216
f 1615 	3187 	1611
f 2325 	3188 	3210
f 3222 	2860 	3217
f 3215 	3218 	3201
f 2407 	2325 	3210
f 2882 	2860 	3222
f 865 	2702 	2648
f 3220 	4594 	3024
f 3218 	3219 	3091
f 4595 	3220 	4753
f 3220 	4755 	4753
f 2637 	2576 	3226
f 3218 	3215 	3219
f 4595 	4594 	3220
f 2637 	3226 	3228
f 6821 	3222 	3221
f 3033 	3220 	3024
f 2255 	1611 	3187
f 3147 	2537 	3788
f 3179 	3154 	3197
f 3234 	3232 	2993
f 3276 	3205 	3225
f 3219 	3215 	3223
f 3225 	3203 	3241
f 3234 	3235 	3232
f 3203 	3227 	3241
f 3235 	3236 	3232
f 3219 	3244 	3264
f 3238 	3228 	3231
f 3219 	3223 	3243
f 2027 	3229 	1915
f 3229 	2027 	3233
f 3173 	3157 	3227
f 3243 	3223 	3224
f 3247 	3256 	3231
f 2481 	1959 	3240
f 3227 	3157 	3241
f 3230 	3237 	3187
f 3225 	3241 	3239
f 3150 	3151 	3269
f 2576 	3231 	3226
f 2708 	3231 	2576
f 3228 	2174 	2139
f 3236 	3235 	3258
f 3226 	3231 	3228
f 2993 	3232 	3271
f 3277 	3241 	3157
f 3245 	3231 	2708
f 3243 	3244 	3219
f 3271 	3232 	3273
f 3243 	3307 	3244
f 3034 	3246 	3035
f 6501 	3038 	3246
f 3212 	3244 	3307
f 3245 	2727 	3247
f 3248 	6501 	3246
f 2727 	3245 	2708
f 3231 	3245 	3247
f 3089 	3251 	3094
f 3251 	3254 	3094
f 3232 	3236 	3250
f 2516 	3088 	3253
f 3246 	3038 	3035
f 3088 	3092 	3263
f 3179 	3255 	3178
f 3092 	3219 	3263
f 3109 	3094 	3254
f 3256 	3247 	3278
f 3143 	3259 	3246
f 3246 	3137 	3143
f 3255 	2875 	3178
f 3252 	3231 	3256
f 3011 	3137 	3246
f 3252 	3238 	3231
f 3234 	3255 	3235
f 3234 	2875 	3255
f 3258 	3235 	3255
f 3011 	3110 	3137
f 3268 	3108 	3253
f 3251 	3257 	3261
f 3228 	2158 	2144
f 3228 	2148 	2158
f 3228 	3238 	3262
f 3250 	3236 	3258
f 3251 	3261 	3254
f 3266 	3232 	3250
f 3144 	3254 	3261
f 3205 	3265 	3143
f 2148 	3262 	2963
f 3246 	3259 	3248
f 3262 	2148 	3228
f 2144 	2174 	3228
f 3237 	2255 	3187
f 3276 	3265 	3205
f 3237 	2262 	2255
f 3272 	3275 	2997
f 3157 	3173 	3267
f 2997 	3270 	2988
f 3259 	3267 	3248
f 3259 	3265 	3267
f 3270 	2997 	3275
f 3273 	3232 	3266
f 3275 	3278 	3270
f 3248 	3173 	3168
f 3237 	3306 	2262
f 3260 	3676 	3249
f 3248 	3267 	3173
f 3628 	3249 	3676
f 3141 	3282 	3367
f 3280 	2993 	3271
f 3285 	2894 	3287
f 3239 	3276 	3225
f 3241 	3277 	3239
f 3230 	3187 	3121
f 3277 	3276 	3239
f 3252 	3272 	2782
f 3277 	3267 	3265
f 3261 	3192 	3144
f 3276 	3277 	3265
f 3073 	3269 	3097
f 3230 	3274 	3237
f 3269 	3935 	3097
f 3278 	2417 	3323
f 3273 	3269 	3280
f 3277 	3157 	3267
f 3269 	3073 	3280
f 3286 	3367 	3282
f 3283 	3257 	3279
f 3273 	3280 	3271
f 3284 	3190 	3182
f 4307 	3190 	3284
f 3256 	3278 	3272
f 3182 	3135 	3284
f 3275 	3272 	3278
f 3257 	3283 	3261
f 3121 	3162 	3230
f 3285 	3230 	3162
f 3073 	2993 	3280
f 3192 	3261 	3283
f 3309 	3270 	3278
f 3323 	3309 	3278
f 3252 	3256 	3272
f 3264 	3268 	3263
f 3279 	5118 	3288
f 3027 	3290 	3247
f 3279 	3288 	3294
f 2417 	3290 	3027
f 5127 	3288 	5119
f 3289 	3340 	3292
f 3279 	3294 	3283
f 2509 	2782 	3272
f 3244 	3268 	3264
f 3272 	2997 	450
f 3211 	3283 	3294
f 2509 	3272 	450
f 3288 	5127 	3295
f 3290 	3278 	3247
f 3295 	3301 	3294
f 3253 	3088 	3268
f 3295 	3294 	3288
f 2201 	7230 	3297
f 3088 	3263 	3268
f 3197 	3296 	3299
f 3268 	3244 	3212
f 2417 	3278 	3290
f 3285 	3287 	3230
f 3428 	3367 	3286
f 3289 	3312 	3298
f 3296 	3302 	3299
f 3274 	3230 	3287
f 3211 	3294 	3301
f 3289 	3292 	3312
f 3304 	1155 	3300
f 3304 	3300 	3303
f 3327 	3874 	3150
f 3301 	3221 	3211
f 3302 	3305 	3299
f 3237 	3274 	3306
f 3303 	3300 	3025
f 3304 	1166 	1155
f 3303 	3025 	3015
f 3291 	3313 	3314
f 3304 	3303 	3309
f 3212 	3108 	3268
f 3291 	3351 	3313
f 3291 	3314 	3242
f 3015 	3270 	3303
f 6966 	3301 	3295
f 6382 	6381 	3293
f 3312 	3357 	2206
f 3310 	1153 	1158
f 6320 	3212 	3307
f 1166 	3304 	3309
f 3307 	3317 	6346
f 3310 	1158 	1166
f 3310 	1166 	3309
f 3307 	7780 	3317
f 4504 	4443 	3260
f 3309 	3303 	3270
f 3319 	48 	3320
f 3314 	3313 	3363
f 2201 	3298 	2206
f 6424 	6330 	3320
f 3319 	3308 	3322
f 3242 	3314 	3324
f 3324 	3311 	3242
f 3298 	3312 	2206
f 3322 	48 	3319
f 3323 	2417 	3074
f 6424 	3320 	93
f 3364 	3311 	3324
f 3326 	3315 	3321
f 3300 	1155 	741
f 3292 	3321 	3316
f 3296 	3327 	3302
f 3321 	3315 	3316
f 3357 	3312 	3316
f 3150 	3269 	3327
f 3325 	3329 	3318
f 3327 	3305 	3302
f 3312 	3292 	3316
f 3925 	2287 	3325
f 3087 	3310 	3074
f 3325 	2287 	3329
f 3326 	3345 	3390
f 1153 	3087 	758
f 3329 	2287 	3381
f 3381 	3318 	3329
f 3310 	3087 	1153
f 3315 	3326 	3330
f 3323 	3074 	3310
f 3028 	3334 	3335
f 3323 	3310 	3309
f 3364 	3324 	3314
f 3306 	3458 	4119
f 3335 	3029 	3028
f 3335 	3341 	3029
f 3341 	3342 	3044
f 3342 	3069 	3046
f 3250 	3258 	3305
f 3334 	3028 	8763
f 3653 	3350 	3141
f 3339 	3343 	3998
f 3338 	3345 	3321
f 3167 	3352 	2878
f 3292 	3340 	3338
f 3321 	3292 	3338
f 3337 	3345 	3338
f 3653 	3141 	2885
f 3305 	3266 	3250
f 3334 	3427 	3335
f 3344 	3282 	3160
f 3273 	3266 	3305
f 3326 	3321 	3345
f 3346 	3286 	3344
f 3341 	3347 	3342
f 3255 	3299 	3305
f 3390 	3345 	3337
f 3299 	3255 	3179
f 3179 	3197 	3299
f 3258 	3255 	3305
f 3600 	3069 	3342
f 3342 	3347 	3600
f 3269 	3273 	3305
f 3152 	3125 	3032
f 3327 	3269 	3305
f 3036 	3350 	3653
f 3060 	2878 	3352
f 3371 	3326 	3390
f 3355 	3350 	3036
f 3313 	3351 	3362
f 3353 	3331 	3332
f 3351 	3213 	3362
f 3152 	3032 	3352
f 3060 	3352 	3032
f 3165 	3141 	3350
f 2353 	2346 	3357
f 3207 	3351 	3291
f 3350 	3344 	3165
f 3355 	3344 	3350
f 2299 	2353 	3357
f 3352 	3167 	3152
f 3351 	3207 	3213
f 3355 	3358 	3344
f 3358 	3346 	3344
f 3207 	3291 	3240
f 3240 	3291 	3242
f 3358 	3359 	3346
f 2105 	3328 	2110
f 3240 	3242 	3220
f 3220 	2481 	3240
f 3316 	3315 	3357
f 3328 	2105 	3332
f 3361 	3380 	3357
f 3357 	3315 	3330
f 3353 	3332 	2105
f 3362 	3363 	3313
f 3361 	3357 	3330
f 3357 	3366 	2368
f 3424 	3425 	3353
f 2368 	2299 	3357
f 3314 	3363 	3364
f 3380 	3365 	3357
f 3363 	3362 	3461
f 3354 	3360 	3356
f 3363 	3461 	3364
f 3377 	3376 	3353
f 3384 	3377 	3353
f 3365 	3366 	3357
f 3367 	3369 	2891
f 2893 	2891 	3369
f 3348 	4460 	3368
f 3530 	3311 	3364
f 3360 	3354 	3368
f 3287 	2894 	3429
f 3370 	3429 	2894
f 3360 	3368 	4460
f 3426 	3369 	3370
f 2660 	3385 	3377
f 2894 	2901 	3426
f 3370 	2894 	3426
f 3362 	3459 	3461
f 3333 	3409 	3408
f 3374 	3333 	3325
f 3365 	3371 	3366
f 2660 	2759 	3385
f 3330 	3371 	3361
f 3356 	3516 	3512
f 3372 	3002 	3050
f 3371 	3330 	3326
f 3318 	3374 	3325
f 3371 	3365 	3380
f 3378 	8384 	3356
f 3371 	3380 	3361
f 3384 	3353 	2105
f 2105 	1870 	3384
f 3382 	3448 	3544
f 3386 	3376 	3385
f 3377 	3385 	3376
f 3384 	2661 	3377
f 3381 	3383 	3318
f 3387 	3382 	3379
f 3061 	3120 	3387
f 1870 	2661 	3384
f 3379 	3389 	3387
f 3389 	3061 	3387
f 3356 	3519 	3516
f 2759 	3376 	3386
f 3356 	3360 	3373
f 3389 	3713 	3119
f 3119 	3061 	3389
f 3373 	3375 	3356
f 2340 	3381 	2287
f 3378 	3356 	3375
f 3353 	3425 	3331
f 4995 	3397 	3379
f 3406 	3388 	3393
f 3406 	3393 	3390
f 3382 	3544 	3392
f 3392 	3379 	3382
f 3394 	3403 	3398
f 3388 	3401 	3400
f 3403 	3405 	3398
f 3402 	3354 	3356
f 3354 	3402 	3404
f 3407 	3399 	3400
f 3410 	3401 	3406
f 3410 	3601 	3401
f 3406 	7345 	3410
f 3633 	3639 	3410
f 3410 	3612 	3633
f 3405 	3403 	3411
f 3403 	3394 	3408
f 3406 	3401 	3388
f 3414 	3416 	3398
f 3407 	3412 	3399
f 3411 	3409 	3413
f 3403 	3408 	3411
f 3411 	3408 	3409
f 3414 	3405 	3411
f 3398 	3405 	3414
f 3400 	3399 	3412
f 3407 	3601 	3658
f 3414 	3411 	3413
f 3409 	4066 	3413
f 3413 	3416 	3414
f 3419 	3418 	3395
f 3371 	3390 	3420
f 3415 	2549 	3420
f 3371 	3420 	2522
f 3420 	2549 	2568
f 3420 	2568 	2522
f 3388 	3468 	3465
f 3388 	3400 	3468
f 3420 	3390 	3393
f 3393 	3479 	3420
f 3421 	3415 	3440
f 3417 	3415 	3421
f 3417 	3421 	3422
f 3420 	3479 	3423
f 3474 	3443 	3423
f 3367 	3370 	3369
f 3423 	3440 	3415
f 3415 	3420 	3423
f 3427 	3334 	3432
f 3282 	3344 	3286
f 3421 	2574 	3422
f 3424 	3353 	3376
f 3376 	2664 	2773
f 3418 	3419 	3416
f 3428 	3286 	3346
f 3287 	3429 	3274
f 3424 	3376 	2773
f 3430 	3367 	3428
f 3455 	3086 	3421
f 3431 	3379 	3397
f 2773 	2636 	3424
f 3431 	3389 	3379
f 2636 	2774 	3424
f 3418 	3416 	3413
f 3391 	3431 	3397
f 3422 	2517 	3417
f 3699 	3389 	3431
f 3416 	3910 	3641
f 3441 	3436 	3370
f 3429 	3370 	3436
f 3367 	3430 	3437
f 3370 	3367 	3437
f 3370 	3437 	3441
f 3432 	3454 	3451
f 3451 	3450 	3432
f 3430 	3346 	3475
f 3346 	3430 	3428
f 3436 	3274 	3429
f 3437 	3430 	3475
f 3432 	3734 	3469
f 3387 	3120 	3438
f 3441 	3437 	3458
f 3458 	3274 	3441
f 3436 	3441 	3274
f 3475 	3458 	3437
f 3434 	2134 	2095
f 3395 	3418 	3439
f 2098 	3434 	2095
f 3443 	3442 	3423
f 3450 	3451 	3452
f 3439 	3435 	3691
f 3452 	3447 	3450
f 3453 	3450 	3447
f 2146 	3434 	2164
f 3452 	3694 	3447
f 3442 	3440 	3423
f 3434 	2145 	2122
f 3421 	3440 	3455
f 4793 	4794 	3438
f 2138 	3456 	8713
f 3438 	4794 	3448
f 2146 	2145 	3434
f 3433 	3442 	3443
f 3691 	3435 	3560
f 3434 	3456 	2134
f 3382 	3387 	3438
f 3438 	3448 	3382
f 3434 	8727 	3456
f 3442 	4215 	3455
f 3455 	3440 	3442
f 3274 	3458 	3306
f 4119 	3458 	3449
f 3442 	3433 	4215
f 3451 	3454 	3452
f 3477 	3156 	3464
f 3463 	3491 	3490
f 3156 	3154 	3464
f 3465 	3658 	3466
f 3463 	3348 	3491
f 3427 	3432 	3453
f 3450 	3453 	3432
f 4049 	3439 	3418
f 3368 	3354 	3491
f 3368 	3491 	3348
f 3469 	3452 	3454
f 3460 	3477 	3464
f 3702 	3452 	3728
f 3412 	3468 	3400
f 3454 	3432 	3469
f 3412 	3407 	3468
f 3658 	3465 	3407
f 4794 	3444 	3471
f 3465 	3468 	3407
f 3638 	3460 	3473
f 3473 	3641 	3638
f 3448 	4794 	3471
f 3475 	3449 	3458
f 3485 	3447 	3445
f 3448 	3471 	3467
f 3475 	3895 	3449
f 3477 	3349 	3156
f 3470 	3404 	3402
f 3477 	3482 	3349
f 2110 	3328 	3472
f 3895 	3462 	3446
f 3462 	3911 	3915
f 3642 	3478 	3470
f 3895 	3911 	3462
f 3480 	3541 	3476
f 3483 	3445 	3480
f 3449 	3895 	3446
f 3328 	3332 	3472
f 3445 	3483 	3485
f 3447 	3485 	3453
f 3465 	3466 	3486
f 3471 	3532 	3461
f 3476 	3427 	3480
f 3462 	3915 	7313
f 3480 	3427 	3483
f 3346 	3359 	3475
f 3479 	3486 	3423
f 3483 	3427 	3485
f 3453 	3485 	3427
f 3359 	3920 	3475
f 3920 	3895 	3475
f 3402 	3645 	3640
f 3335 	3427 	3488
f 3418 	3413 	4046
f 3418 	4046 	4049
f 3488 	3341 	3335
f 3467 	3471 	5080
f 3488 	3347 	3341
f 3339 	4482 	3489
f 2110 	3472 	2098
f 3413 	4066 	4046
f 1322 	1325 	3506
f 3472 	2164 	3434
f 3381 	3492 	3383
f 3491 	3354 	3404
f 3607 	2386 	2338
f 3515 	3474 	3531
f 3472 	3434 	2098
f 5080 	3461 	3459
f 3423 	3486 	3474
f 5080 	3471 	3461
f 3493 	3383 	4106
f 3427 	3543 	3488
f 2529 	3495 	3494
f 3493 	4106 	4103
f 3332 	3331 	3472
f 3489 	3491 	3478
f 3478 	3491 	3470
f 3495 	3496 	3494
f 2338 	3494 	3496
f 2337 	3494 	2338
f 3495 	3499 	3496
f 3388 	3465 	3486
f 3486 	3393 	3388
f 3404 	3470 	3491
f 3491 	3489 	3490
f 3542 	3498 	3488
f 3393 	3486 	3479
f 3500 	3457 	2164
f 3509 	3506 	3514
f 3484 	3487 	3481
f 3495 	2529 	3605
f 2555 	3605 	2529
f 3500 	2164 	3472
f 3362 	4976 	3459
f 2337 	3606 	3494
f 3645 	3402 	3501
f 3459 	4976 	4964
f 3607 	2338 	3496
f 3527 	3502 	3669
f 3501 	3649 	3645
f 3505 	3502 	3503
f 3500 	3472 	3331
f 3508 	3584 	3510
f 3484 	3481 	3477
f 3484 	3477 	3629
f 3511 	3509 	3514
f 4106 	3383 	3492
f 3508 	3488 	3507
f 3510 	3488 	3508
f 3498 	3507 	3488
f 3488 	3505 	3347
f 3520 	3424 	2774
f 3499 	3514 	3506
f 3506 	3496 	3499
f 3515 	3524 	4241
f 3518 	3522 	3497
f 3499 	3495 	3943
f 3939 	3943 	3495
f 3433 	3443 	3515
f 3510 	3505 	3488
f 3503 	3347 	3505
f 3618 	3513 	3512
f 3474 	3515 	3443
f 3392 	3467 	3526
f 3503 	3502 	3527
f 3563 	3653 	3509
f 3513 	3402 	3356
f 3563 	3509 	3567
f 3511 	3567 	3509
f 3356 	3512 	3513
f 3623 	3347 	3525
f 3493 	3518 	3497
f 3506 	2878 	3071
f 3520 	3523 	3425
f 3477 	3481 	3482
f 3525 	3347 	3528
f 3527 	3528 	3347
f 8384 	3519 	3356
f 3532 	3530 	3364
f 3503 	3527 	3347
f 2885 	2878 	3509
f 3506 	3509 	2878
f 1322 	3506 	1445
f 3533 	8384 	8379
f 3531 	3534 	3524
f 3518 	3538 	3517
f 3364 	3461 	3532
f 2554 	2531 	3606
f 3524 	3515 	3531
f 3538 	3521 	3517
f 3519 	8384 	3533
f 3743 	3445 	3447
f 3444 	3539 	3471
f 3939 	3495 	3605
f 3493 	4103 	3538
f 3530 	3532 	3539
f 3532 	3471 	3539
f 3518 	3493 	3538
f 3535 	3507 	3498
f 3535 	3541 	3536
f 3572 	3545 	3534
f 3543 	3541 	3542
f 3541 	3535 	3542
f 3498 	3542 	3535
f 3541 	3537 	3536
f 3513 	3540 	3402
f 3541 	3445 	3537
f 3392 	3448 	3467
f 3543 	3547 	3541
f 3547 	3548 	3541
f 3448 	3392 	3544
f 3476 	3541 	3548
f 3541 	3480 	3445
f 3533 	3504 	3608
f 3533 	3608 	3625
f 3519 	3533 	3625
f 3501 	3402 	3540
f 3501 	3540 	3553
f 3520 	3425 	3424
f 3542 	3488 	3543
f 2872 	3552 	3551
f 2074 	3555 	2853
f 3556 	2853 	3555
f 3547 	3427 	3548
f 3547 	3543 	3427
f 3558 	3559 	3560
f 3511 	4050 	4094
f 3559 	3561 	3560
f 3565 	3566 	3560
f 3567 	3574 	3563
f 2893 	3563 	2901
f 3574 	2901 	3563
f 3548 	3427 	3476
f 2877 	3564 	3562
f 3560 	3546 	3565
f 3331 	3425 	3500
f 3435 	3546 	3560
f 3562 	3596 	2848
f 3558 	3566 	3565
f 3558 	3565 	3568
f 3558 	3568 	3559
f 3523 	3500 	3425
f 2877 	3562 	2848
f 3546 	3571 	3565
f 3568 	3565 	3571
f 3568 	3571 	3573
f 3561 	3559 	3573
f 3568 	3573 	3559
f 3519 	3625 	3627
f 3560 	3716 	3698
f 4464 	3545 	3572
f 2074 	2818 	3555
f 3575 	3574 	3567
f 3570 	3575 	3567
f 3572 	3534 	4008
f 3571 	3576 	3566
f 3560 	3566 	3558
f 3558 	3560 	3561
f 3558 	3573 	3566
f 3561 	3573 	3558
f 3621 	3564 	2877
f 3572 	4008 	3569
f 4065 	3575 	3570
f 3561 	3560 	3580
f 3564 	3551 	3562
f 3557 	3549 	3554
f 1445 	3607 	1450
f 1443 	1450 	3607
f 3549 	3550 	3554
f 3651 	1445 	3506
f 3500 	3582 	3457
f 2943 	3621 	2877
f 3569 	3583 	3572
f 3556 	2825 	2853
f 3584 	3585 	3579
f 3551 	3552 	3562
f 3585 	3586 	3579
f 3556 	3562 	3552
f 2571 	2572 	3587
f 3578 	3582 	3594
f 3549 	3557 	3588
f 3579 	3586 	3581
f 3577 	3578 	3594
f 2440 	2571 	3587
f 3569 	4158 	3583
f 3589 	3588 	3590
f 2572 	3721 	3587
f 3589 	3591 	3593
f 3588 	3589 	3593
f 3500 	3523 	3582
f 3556 	3552 	2825
f 3587 	3023 	2440
f 3051 	2897 	3595
f 3591 	3589 	3590
f 4160 	3592 	3583
f 3535 	3584 	3507
f 3508 	3507 	3584
f 3504 	3599 	3608
f 3535 	3536 	3584
f 3587 	3026 	3023
f 3596 	3595 	2898
f 3536 	3537 	3584
f 3595 	2899 	2898
f 3587 	3063 	3026
f 3596 	2898 	2848
f 3505 	3510 	3584
f 3502 	3505 	3584
f 3687 	3063 	3587
f 3584 	3537 	3585
f 7241 	4456 	3598
f 3562 	3556 	3596
f 3537 	3586 	3585
f 3555 	2818 	3596
f 3504 	3603 	3599
f 2818 	3595 	3596
f 3537 	3743 	3586
f 3596 	3556 	3555
f 3582 	3523 	3594
f 3401 	3601 	3400
f 3593 	3591 	3590
f 3601 	3407 	3400
f 3600 	3079 	3069
f 3523 	8973 	8999
f 3590 	3588 	3602
f 2899 	3595 	2897
f 3600 	3347 	3620
f 3588 	3593 	3602
f 3587 	3721 	3722
f 3623 	3624 	3347
f 3591 	3588 	3593
f 3722 	3687 	3587
f 3600 	3604 	3079
f 3605 	2554 	3606
f 3620 	3604 	3600
f 3599 	3603 	3597
f 2818 	3705 	3595
f 3549 	3588 	3613
f 1445 	3651 	3607
f 3590 	3150 	3549
f 3605 	3606 	3607
f 3607 	3609 	3605
f 3607 	3654 	3609
f 3985 	3605 	3609
f 3590 	3549 	3613
f 2111 	3611 	2818
f 3560 	3558 	3580
f 3705 	2818 	3611
f 3566 	3580 	3558
f 3608 	3599 	3597
f 3590 	3613 	3593
f 3566 	3576 	3615
f 3566 	3615 	3580
f 3614 	3669 	3610
f 3560 	3561 	3716
f 3573 	3716 	3561
f 3595 	3705 	3704
f 3580 	3573 	3561
f 3551 	3621 	3616
f 3525 	3614 	3623
f 3516 	3519 	3627
f 3590 	3602 	3617
f 3590 	3617 	3963
f 3616 	2872 	3551
f 3609 	4075 	3499
f 3616 	3619 	2872
f 3614 	3525 	3669
f 3528 	3669 	3525
f 3540 	3513 	3618
f 3621 	3619 	3616
f 3571 	3546 	3576
f 3512 	3516 	3627
f 8999 	3594 	3523
f 3613 	3626 	3593
f 3627 	3618 	3512
f 3619 	3622 	2906
f 3602 	3593 	3626
f 3540 	3618 	3553
f 3614 	3624 	3623
f 3580 	3615 	3546
f 3617 	3602 	3626
f 3593 	3613 	3591
f 3576 	3546 	3615
f 3620 	3347 	3624
f 3551 	3564 	3621
f 3625 	3618 	3627
f 3608 	3618 	3625
f 3849 	3614 	3610
f 3613 	3588 	3591
f 3614 	3849 	3624
f 3626 	3613 	3588
f 3618 	3608 	3553
f 3593 	3588 	3613
f 3597 	3553 	3608
f 3849 	3620 	3624
f 3260 	5406 	3676
f 3621 	3657 	3619
f 3573 	3571 	3631
f 3629 	3557 	3484
f 3478 	3683 	3630
f 3629 	3588 	3557
f 3631 	3571 	3566
f 3601 	3410 	3634
f 3336 	3339 	3630
f 3629 	3477 	3638
f 3580 	4096 	3615
f 3615 	4096 	3576
f 3339 	3489 	3630
f 3002 	3636 	3637
f 3410 	3639 	3634
f 3460 	3638 	3477
f 3402 	3640 	3470
f 3671 	3662 	3634
f 3546 	3521 	3580
f 3640 	3642 	3470
f 3478 	3642 	3643
f 3842 	3862 	3620
f 3683 	3478 	3643
f 3571 	3631 	3576
f 3573 	3631 	3566
f 3640 	3645 	3661
f 3641 	3910 	3638
f 3699 	3637 	3636
f 3580 	3521 	3538
f 3661 	3642 	3640
f 4155 	3580 	3538
f 3646 	3647 	3644
f 3002 	3372 	3636
f 3609 	3499 	3985
f 3703 	3636 	3372
f 3154 	3189 	3650
f 3648 	3650 	3189
f 3646 	3669 	3647
f 3607 	3651 	3654
f 3649 	3501 	3553
f 3655 	3007 	3009
f 3609 	3654 	4075
f 3696 	3649 	3553
f 3634 	3656 	3601
f 3464 	3154 	3650
f 3657 	3621 	3007
f 3621 	2943 	3007
f 3651 	3071 	3653
f 3653 	3652 	3651
f 3652 	3654 	3651
f 4081 	4075 	3654
f 3657 	3007 	3655
f 3655 	3665 	3657
f 3651 	3506 	3071
f 3657 	3665 	3619
f 3664 	3656 	3662
f 3642 	3667 	3643
f 3002 	3655 	3009
f 3656 	3634 	3662
f 3875 	3511 	3652
f 3649 	3661 	3645
f 3655 	3666 	3665
f 3649 	3696 	3661
f 3514 	4081 	3654
f 3579 	3659 	3647
f 3696 	3724 	3661
f 3659 	3581 	3663
f 3631 	3716 	3573
f 3622 	3619 	3665
f 3579 	3581 	3659
f 3631 	3580 	3615
f 3664 	3466 	3658
f 3615 	3576 	3631
f 3664 	3658 	3656
f 3002 	3637 	3668
f 3658 	3601 	3656
f 3528 	3527 	3669
f 3573 	3580 	3631
f 3502 	3584 	3669
f 3002 	3668 	3655
f 3610 	3669 	3646
f 3639 	3671 	3634
f 3579 	3647 	3669
f 3999 	3994 	3673
f 3584 	3579 	3669
f 3674 	3675 	3660
f 3666 	3655 	3668
f 3466 	3679 	3486
f 3661 	3667 	3642
f 3395 	3439 	3700
f 3665 	3680 	3622
f 3486 	3679 	3474
f 3395 	3700 	3677
f 3716 	3672 	3677
f 3679 	3662 	4022
f 3666 	3680 	3665
f 3531 	3474 	3679
f 3679 	3664 	3662
f 3466 	3664 	3679
f 4013 	3673 	3994
f 3682 	3668 	3637
f 3249 	3628 	3670
f 3672 	3673 	3684
f 3682 	3685 	3668
f 3875 	3652 	3653
f 3684 	3419 	3672
f 3654 	3652 	4095
f 3419 	3677 	3672
f 3419 	3395 	3677
f 3686 	3720 	3671
f 3630 	3489 	3478
f 3567 	3511 	3875
f 3685 	3666 	3668
f 3643 	3667 	3683
f 3680 	3685 	3016
f 3610 	3646 	3681
f 3646 	3644 	3681
f 3682 	3016 	3685
f 3647 	3659 	3678
f 3639 	3686 	3671
f 3680 	3666 	3685
f 3639 	3633 	3686
f 3684 	3673 	4013
f 3672 	4412 	3673
f 3686 	3778 	3688
f 3675 	1092 	6272
f 3707 	3686 	3688
f 3682 	3391 	3016
f 3644 	3647 	3678
f 3650 	3690 	3464
f 8443 	3603 	3504
f 3695 	3696 	3553
f 3439 	3691 	3698
f 3692 	3699 	3636
f 3675 	6272 	3773
f 3690 	3660 	3675
f 3700 	3439 	3698
f 3773 	3690 	3675
f 3682 	3637 	3699
f 3553 	3597 	3695
f 3701 	3682 	3699
f 3650 	3660 	3690
f 3672 	3716 	3689
f 3603 	3695 	3597
f 3706 	3349 	3482
f 3700 	3716 	3677
f 3703 	3050 	3051
f 3698 	3716 	3700
f 3694 	3452 	3702
f 3595 	3703 	3051
f 3702 	4314 	3694
f 3595 	3704 	3703
f 3705 	3611 	3715
f 3560 	3698 	3691
f 3786 	3693 	3778
f 3707 	3693 	3712
f 3693 	3707 	3688
f 3690 	3460 	3464
f 3694 	4315 	3697
f 4316 	4320 	3697
f 3695 	3603 	3731
f 3703 	3692 	3636
f 3603 	8455 	3731
f 3372 	3050 	3703
f 3760 	3460 	3690
f 3704 	3713 	3703
f 3712 	3750 	3707
f 3064 	3066 	3715
f 3715 	3066 	3713
f 3715 	3704 	3705
f 3713 	3704 	3715
f 3720 	3686 	3707
f 3707 	3708 	3720
f 3713 	3692 	3703
f 3722 	3723 	3687
f 3714 	3696 	3717
f 3431 	3701 	3699
f 3762 	3724 	3714
f 3716 	4444 	4442
f 3632 	5506 	3725
f 3431 	3682 	3701
f 3469 	3728 	3452
f 3431 	3391 	3682
f 3714 	3724 	3696
f 3632 	3727 	3635
f 3692 	3713 	3389
f 3728 	3729 	3702
f 5427 	3670 	3628
f 3066 	3119 	3713
f 2605 	3722 	3721
f 3729 	3730 	3702
f 3731 	3717 	3696
f 3692 	3389 	3699
f 3702 	3730 	3733
f 2680 	3723 	3722
f 3611 	2656 	3715
f 3726 	3740 	3732
f 3738 	3740 	3726
f 3731 	3735 	3717
f 3695 	3731 	3696
f 3729 	3728 	3734
f 3653 	3870 	3875
f 1087 	162 	161
f 3728 	3469 	3734
f 3730 	3729 	3734
f 3733 	3730 	3734
f 163 	1424 	1087
f 1087 	161 	163
f 2885 	3509 	3653
f 3070 	3739 	3355
f 4141 	3815 	323
f 3731 	3737 	3735
f 3739 	3358 	3355
f 3648 	263 	3674
f 3674 	3660 	3648
f 3650 	3648 	3660
f 5427 	5433 	3632
f 3740 	3742 	3732
f 3632 	3670 	5427
f 8455 	3737 	3731
f 1488 	163 	3782
f 3156 	3349 	3706
f 3732 	3742 	3736
f 3743 	3581 	3586
f 3742 	3865 	3736
f 1488 	1424 	163
f 3197 	3156 	3706
f 3745 	3740 	3738
f 3694 	3697 	3746
f 1534 	191 	1437
f 3740 	3747 	3742
f 3325 	3748 	3925
f 3785 	5041 	3667
f 3745 	3747 	3740
f 3325 	3333 	3748
f 180 	3752 	181
f 3747 	3758 	3742
f 3741 	3358 	3739
f 3707 	3750 	3708
f 162 	1437 	191
f 3063 	3687 	3754
f 3708 	3750 	3718
f 3751 	3828 	3821
f 3070 	3063 	3754
f 3745 	3768 	3747
f 3754 	3739 	3070
f 3762 	3794 	3751
f 3754 	3757 	3739
f 3757 	3741 	3739
f 3925 	3760 	3690
f 3796 	3754 	3687
f 3796 	3757 	3754
f 3748 	3760 	3925
f 3902 	3753 	181
f 3761 	3762 	3763
f 3777 	3757 	3719
f 3760 	3473 	3460
f 3714 	3717 	3762
f 3894 	181 	3752
f 3473 	3408 	3394
f 3758 	3772 	3759
f 3760 	3408 	3473
f 3746 	3765 	3744
f 3473 	3394 	3641
f 180 	1551 	3749
f 3163 	3766 	3099
f 3764 	3767 	3895
f 3697 	3765 	3746
f 180 	3894 	3752
f 3745 	4508 	3768
f 3902 	181 	3894
f 3770 	3758 	3747
f 3766 	3174 	3855
f 3748 	3333 	3760
f 180 	3749 	3894
f 3855 	3174 	3857
f 3747 	3768 	3770
f 3760 	3333 	3408
f 3447 	3694 	3746
f 3770 	3772 	3758
f 3174 	3880 	3857
f 1534 	1551 	180
f 3163 	3174 	3766
f 3690 	3773 	3925
f 180 	191 	1534
f 319 	181 	3753
f 3746 	3743 	3447
f 3766 	3855 	3854
f 3717 	3761 	3763
f 3757 	3777 	3741
f 3743 	3746 	3744
f 3717 	3763 	3762
f 3777 	3764 	3741
f 3693 	3779 	8116
f 3537 	3445 	3743
f 3777 	3780 	3764
f 3780 	3767 	3764
f 3776 	3196 	3206
f 3735 	3761 	3717
f 3761 	3735 	3737
f 3785 	3667 	3661
f 8118 	3693 	8116
f 2983 	3116 	3776
f 3864 	3780 	3777
f 3779 	3693 	3786
f 3776 	2975 	2983
f 3785 	3724 	3751
f 3688 	3778 	3693
f 3791 	3783 	3817
f 3751 	3724 	3762
f 163 	3784 	3781
f 3787 	3783 	3791
f 3776 	3520 	2774
f 8149 	3779 	3786
f 163 	3781 	3782
f 3806 	3769 	3767
f 8149 	8116 	3779
f 3787 	3795 	3783
f 3751 	3789 	3828
f 4094 	4095 	3652
f 4095 	4051 	3654
f 3817 	3581 	3791
f 4094 	3652 	3511
f 3788 	2537 	3249
f 3759 	3772 	3775
f 3782 	3792 	1488
f 3249 	3670 	3788
f 3793 	3838 	1488
f 3796 	3719 	3757
f 3762 	3761 	3794
f 3723 	3796 	3687
f 3751 	3794 	3789
f 3790 	4167 	3718
f 3750 	3790 	3718
f 3743 	3791 	3581
f 3768 	3797 	3770
f 3722 	2605 	2680
f 3743 	3744 	3791
f 2680 	3799 	3723
f 3787 	3791 	3744
f 3788 	3823 	3798
f 3799 	3796 	3723
f 3795 	3787 	3744
f 3724 	3785 	3661
f 3798 	3198 	3788
f 3799 	3816 	3796
f 3103 	3198 	3798
f 3744 	4366 	3795
f 3798 	3174 	3103
f 3861 	3206 	3202
f 2680 	2711 	3799
f 3789 	3794 	5112
f 3693 	3832 	3712
f 3202 	3809 	3861
f 3788 	3670 	3632
f 5112 	3794 	3800
f 163 	204 	3805
f 204 	323 	3805
f 3815 	3805 	323
f 3784 	163 	3805
f 3802 	3678 	3807
f 3807 	3803 	3802
f 3808 	3809 	3202
f 3807 	3801 	3803
f 3796 	3811 	3719
f 3804 	3936 	3948
f 3807 	3813 	3801
f 3811 	3864 	3719
f 3808 	3202 	3185
f 3678 	3659 	3807
f 3794 	3761 	3737
f 3659 	3663 	3807
f 3804 	3912 	3936
f 3800 	3794 	3737
f 3817 	3807 	3663
f 3796 	3816 	3811
f 3783 	3807 	3817
f 3816 	3819 	3811
f 3819 	3814 	3811
f 3663 	3581 	3817
f 3770 	3820 	3772
f 3819 	3806 	3814
f 3185 	3766 	3808
f 3807 	3783 	3813
f 3770 	3797 	3820
f 3820 	3822 	3772
f 2711 	2712 	3799
f 3813 	4361 	4554
f 3620 	3825 	3604
f 2712 	3816 	3799
f 3804 	8297 	3818
f 3604 	3827 	3089
f 3804 	3818 	3912
f 3825 	3827 	3604
f 3174 	3798 	3880
f 3827 	3251 	3089
f 3829 	3484 	3856
f 3825 	3833 	3827
f 3816 	2790 	3819
f 8292 	8297 	3804
f 3827 	3257 	3251
f 3948 	3790 	3832
f 3845 	3482 	3481
f 3832 	3790 	3750
f 3487 	3829 	3845
f 3712 	3832 	3750
f 3810 	3838 	3824
f 3812 	4168 	3810
f 3806 	3834 	3769
f 3804 	3948 	3832
f 3833 	3279 	3257
f 3772 	3822 	3775
f 3840 	3838 	3836
f 3824 	3838 	3826
f 3840 	1488 	3838
f 3632 	3635 	3823
f 3487 	3845 	3481
f 3834 	3850 	3837
f 3850 	3841 	3837
f 3829 	3856 	3845
f 3843 	3844 	3842
f 3841 	7695 	3837
f 3484 	3829 	3487
f 3823 	3788 	3632
f 3806 	3850 	3834
f 3635 	3711 	3823
f 3843 	3846 	3844
f 3831 	3830 	3835
f 3706 	3482 	3845
f 3844 	3846 	3610
f 3847 	3610 	3846
f 3849 	3610 	3847
f 3693 	3804 	3832
f 3850 	3806 	3819
f 3706 	3851 	3296
f 8501 	3830 	3789
f 3850 	2787 	2788
f 3296 	3197 	3706
f 2788 	3841 	3850
f 3842 	3620 	3843
f 216 	3736 	3858
f 3828 	3848 	3869
f 3843 	3620 	3846
f 3828 	3831 	3848
f 3846 	3620 	3847
f 3620 	3849 	3847
f 2811 	2787 	3850
f 3819 	2811 	3850
f 219 	3858 	3859
f 3828 	3830 	3831
f 3857 	3854 	3855
f 3774 	3769 	3834
f 3859 	3860 	239
f 3844 	3839 	3862
f 3789 	3830 	3828
f 3834 	7677 	3774
f 3844 	3862 	3842
f 3792 	3793 	1488
f 3826 	3838 	3793
f 4418 	1487 	3840
f 3864 	3777 	3719
f 3861 	3776 	3206
f 3864 	3767 	3780
f 3864 	3806 	3767
f 3825 	3620 	3862
f 3867 	3839 	3961
f 3861 	3520 	3776
f 3736 	3865 	3858
f 3834 	3837 	7677
f 3872 	3862 	3839
f 3851 	3706 	3856
f 3865 	3866 	3858
f 3811 	3814 	3864
f 3856 	3706 	3845
f 3814 	3806 	3864
f 3550 	3874 	3856
f 3853 	3941 	3852
f 3856 	3874 	3851
f 3870 	3369 	3871
f 3550 	3856 	3554
f 3946 	3941 	3853
f 3872 	3839 	3873
f 3867 	3873 	3839
f 3550 	3549 	3874
f 3369 	3426 	3871
f 3891 	3871 	3426
f 3563 	2893 	3870
f 3369 	3870 	2893
f 3872 	3825 	3862
f 3554 	3856 	3557
f 3877 	3809 	3808
f 3150 	3874 	3549
f 3877 	3903 	3809
f 3824 	3826 	4077
f 3878 	3853 	3852
f 3327 	3296 	3851
f 3808 	3854 	3877
f 3808 	3766 	3854
f 3872 	3873 	3825
f 3830 	8501 	3876
f 3851 	3874 	3327
f 3557 	3856 	3484
f 3876 	3835 	3830
f 3878 	7509 	3853
f 3873 	3867 	3879
f 1566 	4031 	1568
f 3880 	3918 	3857
f 3859 	3858 	3866
f 3873 	3879 	3825
f 3884 	1568 	3883
f 3859 	3885 	3860
f 3588 	3881 	3626
f 3866 	3885 	3859
f 3875 	3870 	3871
f 3863 	3876 	8508
f 3426 	2901 	3891
f 1568 	4031 	3883
f 3886 	3893 	3884
f 3638 	3887 	3629
f 3883 	3793 	3792
f 3863 	8508 	8509
f 3629 	3881 	3588
f 3653 	3563 	3870
f 3883 	3792 	3884
f 4023 	3793 	3883
f 3887 	3881 	3629
f 3871 	3932 	3875
f 2901 	3574 	3891
f 3884 	3782 	3781
f 3889 	3888 	3839
f 3886 	3884 	3781
f 3885 	7701 	3860
f 3570 	3567 	3875
f 3884 	3792 	3782
f 3885 	7712 	7701
f 3784 	3886 	3781
f 3893 	3894 	1568
f 3394 	3398 	3641
f 3821 	3869 	3868
f 3758 	3865 	3742
f 6148 	3821 	3868
f 3741 	3359 	3358
f 3869 	3821 	3828
f 1568 	3884 	3893
f 3893 	3886 	3755
f 3902 	3893 	3753
f 3865 	3759 	3866
f 3887 	3638 	3904
f 3892 	3678 	4000
f 3753 	3893 	3755
f 3758 	3759 	3865
f 3896 	3866 	3759
f 3638 	3910 	3904
f 3759 	3775 	3896
f 1594 	1566 	3894
f 1594 	3894 	1575
f 3681 	3889 	3898
f 3398 	3416 	3641
f 1566 	4026 	4031
f 1566 	1579 	4026
f 3681 	3890 	3889
f 3892 	3890 	3681
f 3893 	3902 	3894
f 3894 	1566 	1568
f 3898 	3889 	3839
f 3818 	8297 	3901
f 3681 	3644 	3892
f 3644 	3678 	3892
f 3897 	5146 	3899
f 3844 	3898 	3839
f 3899 	5146 	3905
f 1551 	1575 	3894
f 3905 	3900 	3899
f 3844 	3610 	3898
f 3610 	3681 	3898
f 3861 	3809 	3903
f 3904 	3994 	3887
f 3907 	3908 	3909
f 3906 	3878 	3852
f 3882 	3878 	3906
f 3910 	3419 	3904
f 3901 	3913 	3818
f 3913 	3912 	3818
f 3910 	3416 	3419
f 3906 	3901 	3882
f 3866 	3896 	3885
f 3918 	3854 	3857
f 3150 	3590 	3919
f 3914 	3916 	8071
f 3151 	3924 	3269
f 3896 	7712 	3885
f 3911 	3923 	3915
f 3962 	3880 	3798
f 3919 	3917 	3924
f 3359 	3741 	3764
f 3880 	3962 	3918
f 3359 	3764 	3920
f 3764 	3895 	3920
f 3767 	3923 	3911
f 3861 	3903 	4091
f 3905 	3929 	3900
f 3923 	3769 	3774
f 3929 	3914 	3900
f 3929 	3930 	3914
f 3767 	3769 	3923
f 3924 	3927 	3269
f 3935 	3269 	3927
f 3930 	3916 	3914
f 3911 	3895 	3767
f 3931 	3710 	4069
f 3823 	3710 	3931
f 3933 	3383 	3989
f 3497 	3989 	3493
f 3928 	3935 	3927
f 3932 	3570 	3875
f 3962 	3823 	3934
f 3383 	3493 	3989
f 3823 	3931 	3934
f 4069 	3934 	3931
f 3891 	3937 	3871
f 3906 	3913 	3901
f 3932 	4097 	3570
f 3903 	3877 	4091
f 3891 	3575 	3937
f 3574 	3575 	3891
f 3912 	3913 	3906
f 1636 	1630 	3926
f 3932 	3871 	3937
f 3936 	3912 	3906
f 3823 	3711 	3710
f 3939 	3940 	3942
f 3935 	3928 	3938
f 1551 	3894 	3749
f 3906 	3852 	3941
f 3940 	2526 	3942
f 2528 	3942 	2526
f 3942 	3944 	3939
f 3944 	3970 	3943
f 3943 	3939 	3944
f 3945 	3947 	3930
f 3982 	3942 	2528
f 3930 	3947 	3916
f 3963 	3927 	3924
f 3949 	3954 	7359
f 3947 	3921 	3916
f 3950 	4030 	3951
f 3941 	3936 	3906
f 3952 	3922 	3947
f 3926 	3922 	3952
f 3947 	3958 	3952
f 3941 	3948 	3936
f 3941 	3790 	3948
f 3947 	3922 	3921
f 3711 	3949 	3710
f 3933 	3374 	3318
f 3952 	1636 	3926
f 3492 	3381 	3955
f 3928 	3950 	3938
f 6391 	3938 	3951
f 3951 	3938 	3950
f 5264 	3956 	3929
f 3956 	3930 	3929
f 3318 	3383 	3933
f 3381 	2340 	3955
f 3956 	3945 	3930
f 6902 	3954 	3949
f 3952 	5268 	1636
f 3590 	3917 	3591
f 3917 	3919 	3591
f 3635 	3949 	3711
f 3918 	3962 	3960
f 3854 	3918 	3960
f 3617 	3626 	3963
f 5575 	3947 	3945
f 3907 	4060 	3971
f 5575 	3958 	3947
f 3908 	3907 	3974
f 3590 	3591 	3919
f 3867 	3908 	3976
f 3976 	3908 	3974
f 3963 	3917 	3590
f 3755 	3959 	3753
f 4134 	3959 	3964
f 3908 	3867 	3909
f 3339 	3336 	3965
f 3336 	4078 	3965
f 3756 	3964 	3959
f 3839 	3888 	3961
f 3409 	3333 	3933
f 3339 	3965 	3343
f 3970 	3967 	3968
f 3966 	3968 	3967
f 3867 	3961 	3909
f 3968 	3943 	3970
f 3879 	3867 	3976
f 3980 	3993 	3963
f 3962 	3798 	3823
f 2340 	4006 	3955
f 3626 	3881 	3963
f 3881 	3972 	3963
f 3980 	3963 	3972
f 3927 	3963 	3928
f 3993 	3928 	3963
f 3756 	3959 	3755
f 3907 	3971 	3974
f 3969 	3973 	3975
f 4029 	3950 	3993
f 3924 	3917 	3963
f 3333 	3374 	3933
f 4002 	3960 	3962
f 3972 	3881 	3977
f 3962 	4172 	4074
f 3980 	6597 	3993
f 3679 	4022 	3531
f 3861 	4091 	4084
f 3977 	3980 	3972
f 3987 	3985 	3986
f 3977 	3887 	3994
f 3986 	3990 	3987
f 3887 	3977 	3881
f 3991 	3975 	3965
f 3979 	3978 	4132
f 3979 	4132 	3983
f 3343 	3965 	3975
f 3982 	3990 	3981
f 3990 	3986 	3981
f 3976 	3974 	3825
f 4134 	3964 	3983
f 3988 	3983 	3964
f 3964 	3756 	3988
f 3940 	3990 	2551
f 3971 	4060 	3825
f 3976 	3825 	3879
f 3975 	3991 	3992
f 3756 	3755 	3988
f 3886 	3988 	3755
f 3974 	3971 	3825
f 2558 	2551 	3982
f 4073 	3978 	3810
f 3978 	3979 	3812
f 3944 	3982 	3981
f 4073 	3810 	3824
f 4078 	3991 	3965
f 3810 	3978 	3812
f 3993 	6597 	4029
f 3990 	3940 	3987
f 3939 	3987 	3940
f 3998 	3343 	3975
f 3812 	3979 	3983
f 3977 	3999 	3980
f 4000 	4654 	3997
f 3983 	3988 	3815
f 3977 	3994 	3999
f 3988 	3805 	3815
f 3671 	3720 	3996
f 3812 	3983 	3815
f 4006 	3492 	3955
f 3886 	3784 	3988
f 3996 	3720 	3708
f 2340 	2347 	4006
f 3973 	3998 	3975
f 3784 	3805 	3988
f 2528 	2558 	3982
f 3933 	3989 	4066
f 3960 	4002 	3854
f 3996 	3662 	3671
f 4083 	3877 	4002
f 4007 	3985 	3968
f 3943 	3968 	3985
f 3981 	3970 	3944
f 3996 	3708 	4003
f 3942 	3982 	3944
f 3981 	4018 	3970
f 3889 	3890 	4037
f 4037 	3888 	3889
f 4006 	2347 	4011
f 3995 	4037 	3890
f 3997 	3995 	3890
f 4007 	3986 	3985
f 3890 	3892 	3997
f 4007 	4018 	3986
f 3981 	3986 	4018
f 3892 	4000 	3997
f 3904 	4013 	3994
f 4122 	4006 	4011
f 3684 	4013 	3419
f 3904 	3419 	4013
f 4012 	4019 	4007
f 4019 	4018 	4007
f 4016 	4020 	4017
f 3605 	3985 	3987
f 4022 	4024 	3984
f 4003 	3708 	3718
f 3605 	3987 	3939
f 4016 	3995 	4020
f 4077 	3826 	4023
f 3995 	3997 	4020
f 4003 	4024 	4022
f 3793 	4023 	3826
f 3996 	4003 	4022
f 4026 	4027 	4028
f 4021 	4015 	4025
f 4030 	4029 	6597
f 4001 	4027 	4026
f 3928 	3993 	3950
f 3966 	4012 	3968
f 4007 	3968 	4012
f 4029 	4030 	3950
f 3970 	4018 	3967
f 4019 	3967 	4018
f 4026 	4028 	4031
f 4022 	3662 	3996
f 4001 	4026 	4005
f 3718 	4167 	4003
f 4033 	3966 	3967
f 4025 	3992 	3991
f 4016 	4087 	4090
f 4030 	6616 	3951
f 4025 	4015 	3992
f 1579 	4005 	4026
f 4090 	4036 	4016
f 4016 	4036 	4037
f 4040 	4032 	4038
f 4035 	4038 	4032
f 4067 	4048 	4032
f 4037 	3995 	4016
f 4068 	4050 	4051
f 4003 	4034 	4024
f 3499 	4033 	3514
f 4038 	3514 	4033
f 4040 	4038 	4033
f 4040 	4033 	3967
f 3909 	4036 	4090
f 4034 	4053 	3984
f 4033 	4075 	3966
f 4072 	3546 	3435
f 4024 	4034 	3984
f 4027 	4023 	4028
f 4031 	4028 	4023
f 4077 	4023 	4027
f 4023 	3883 	4031
f 4043 	4045 	4015
f 4038 	4035 	4081
f 3909 	4037 	4036
f 1914 	4044 	4039
f 1914 	1944 	4044
f 4038 	4081 	3514
f 4047 	3969 	3975
f 4035 	4032 	4048
f 4045 	4047 	3975
f 4037 	3909 	3961
f 4049 	4072 	3435
f 3514 	4051 	3511
f 3511 	4051 	4050
f 3961 	3888 	4037
f 4034 	4167 	4053
f 4045 	4043 	4004
f 4049 	3435 	3439
f 1946 	4044 	1944
f 3992 	4015 	4045
f 4045 	3975 	3992
f 1946 	4052 	4044
f 4055 	3907 	3909
f 4056 	4052 	1946
f 3907 	4055 	4060
f 4015 	4111 	4043
f 1946 	1952 	4056
f 4505 	3984 	4503
f 4042 	4618 	4054
f 4057 	4055 	4058
f 4503 	3984 	4053
f 4060 	4055 	4059
f 4057 	4059 	4055
f 2718 	4056 	1952
f 4001 	4005 	4042
f 3531 	3984 	4505
f 4063 	4065 	3570
f 3949 	4069 	3710
f 4503 	4053 	4008
f 4058 	4062 	4057
f 4062 	4059 	4057
f 4094 	4050 	4063
f 4008 	3534 	4503
f 3534 	4505 	4503
f 4063 	4050 	4065
f 4068 	4065 	4050
f 3409 	3933 	4066
f 4158 	3569 	4008
f 4069 	4070 	3962
f 4062 	3825 	4060
f 4059 	4062 	4060
f 4048 	4067 	4051
f 4067 	4068 	4051
f 3962 	4070 	4157
f 4008 	4053 	4009
f 4053 	4041 	4009
f 3825 	4062 	3833
f 3531 	4505 	3534
f 4071 	4067 	4032
f 3934 	4069 	3962
f 4082 	4128 	4073
f 4022 	3984 	3531
f 5118 	3833 	4062
f 4012 	3966 	4075
f 4093 	4040 	4019
f 4058 	4055 	4076
f 4058 	4076 	4062
f 4075 	4033 	3499
f 4078 	4064 	4061
f 3336 	4064 	4078
f 3824 	4077 	4073
f 4071 	4079 	4114
f 4002 	3962 	4074
f 4080 	4075 	4081
f 4081 	4079 	4080
f 3989 	4138 	4142
f 3854 	4002 	3877
f 4027 	4001 	4082
f 3989 	4142 	4046
f 5118 	4062 	4253
f 4078 	4061 	3991
f 4083 	4084 	3877
f 4032 	4093 	4071
f 3978 	4073 	4128
f 4132 	3978 	4128
f 4073 	4077 	4082
f 4027 	4082 	4077
f 4093 	4080 	4079
f 4093 	4079 	4071
f 4083 	4086 	4084
f 4482 	3339 	3998
f 4046 	4146 	4072
f 4035 	4048 	4079
f 4081 	4035 	4079
f 3989 	4046 	4066
f 4001 	4088 	4082
f 4091 	3877 	4084
f 4128 	4082 	4088
f 3631 	3571 	4096
f 4075 	4080 	4012
f 3967 	4019 	4040
f 4167 	4041 	4053
f 4093 	4032 	4040
f 4096 	3716 	3631
f 4080 	4093 	4012
f 4019 	4012 	4093
f 4088 	4001 	4042
f 4049 	4046 	4072
f 3514 	3654 	4051
f 3838 	3810 	4168
f 3812 	3815 	4168
f 4092 	4087 	4085
f 4086 	4083 	4153
f 3571 	3576 	4096
f 3937 	4100 	3932
f 2766 	4089 	4156
f 4063 	3570 	4097
f 4008 	4109 	4158
f 4097 	3932 	4100
f 4044 	4099 	4039
f 4063 	4097 	4094
f 4044 	4052 	4099
f 4065 	4100 	3937
f 3937 	3575 	4065
f 4039 	4099 	4089
f 4099 	4101 	4089
f 4100 	4112 	4097
f 4068 	4112 	4065
f 4087 	4092 	4098
f 4025 	3991 	4061
f 4107 	4103 	4102
f 4061 	4123 	4025
f 4042 	4054 	4104
f 4097 	4108 	4094
f 4097 	4112 	4108
f 4099 	4052 	4110
f 4108 	4095 	4094
f 4067 	4115 	4068
f 4099 	4110 	4101
f 4100 	4065 	4112
f 4110 	4113 	4101
f 4137 	3861 	4084
f 4115 	4108 	4112
f 4098 	4090 	4087
f 4114 	4079 	4048
f 4098 	3909 	4090
f 4051 	4095 	4048
f 4114 	4048 	4095
f 4095 	4108 	4114
f 4067 	4071 	4115
f 4055 	3909 	4098
f 4112 	4068 	4115
f 4108 	4115 	4114
f 4071 	4114 	4115
f 4157 	4070 	3949
f 4135 	3989 	3497
f 4198 	4102 	4121
f 3949 	4070 	4069
f 4119 	4118 	2241
f 4111 	4061 	4064
f 4103 	4122 	4102
f 4106 	4122 	4103
f 4064 	4116 	4111
f 4122 	4106 	3492
f 4102 	4122 	4121
f 4110 	4052 	4056
f 4016 	4014 	4127
f 4110 	4056 	4129
f 4126 	4016 	4127
f 4110 	4129 	4113
f 4125 	4530 	4111
f 4011 	4121 	4122
f 3492 	4006 	4122
f 4085 	4087 	4126
f 4016 	4126 	4087
f 4130 	4128 	4088
f 4128 	4130 	4132
f 4132 	4130 	4117
f 4126 	4696 	4124
f 8342 	8345 	4129
f 3546 	4072 	4146
f 4172 	4133 	4074
f 4120 	4126 	4124
f 4134 	4117 	3959
f 4135 	3521 	4138
f 4043 	4111 	4116
f 4132 	4117 	4134
f 3518 	3517 	4135
f 3962 	4189 	4172
f 4015 	4021 	4125
f 4021 	4025 	4125
f 3124 	3738 	3726
f 4015 	4125 	4111
f 3546 	4146 	3521
f 3738 	3124 	4136
f 4139 	3136 	2766
f 3136 	4139 	4136
f 4134 	3983 	4132
f 4139 	4140 	4136
f 3306 	2268 	2262
f 4009 	4109 	4008
f 4135 	3497 	3522
f 4083 	4152 	4153
f 3738 	4136 	4140
f 3306 	4119 	2268
f 4140 	3745 	3738
f 3449 	3446 	4118
f 4138 	3989 	4135
f 2766 	4156 	4139
f 4119 	3449 	4118
f 4086 	4153 	4137
f 4143 	4109 	4009
f 4138 	4146 	4142
f 4145 	4148 	5
f 4148 	4149 	5
f 4146 	4138 	3521
f 4143 	4184 	4144
f 4162 	4096 	3580
f 4025 	4123 	4528
f 4143 	4144 	4109
f 6 	5 	4149
f 4145 	4499 	4148
f 3771 	4109 	4144
f 4084 	4086 	4137
f 4164 	6 	4149
f 4146 	4046 	4142
f 4041 	4184 	4143
f 4143 	4009 	4041
f 4116 	4552 	4043
f 4154 	4131 	4105
f 4109 	4160 	4158
f 3518 	4135 	3522
f 3753 	3959 	319
f 4187 	4154 	4109
f 4153 	4152 	7365
f 4160 	4109 	4154
f 3517 	3521 	4135
f 3538 	4103 	4155
f 4083 	4002 	4152
f 4204 	319 	3959
f 4117 	4130 	4204
f 4130 	4088 	4204
f 3580 	4155 	4162
f 4159 	4126 	4120
f 4159 	4085 	4126
f 3583 	4158 	4160
f 4105 	4160 	4154
f 4444 	4096 	4162
f 3962 	4157 	4189
f 4147 	4149 	4148
f 4167 	4034 	4003
f 4185 	4150 	4165
f 3790 	4184 	4041
f 4193 	4137 	4153
f 3790 	4041 	4167
f 7359 	4157 	3949
f 4301 	4212 	4211
f 9047 	4002 	4074
f 4173 	4174 	4175
f 4912 	4176 	4159
f 4133 	9047 	4074
f 4174 	4178 	4175
f 4101 	4156 	4089
f 4175 	4179 	4173
f 4147 	4164 	4149
f 4147 	4510 	4164
f 4213 	8783 	4004
f 4185 	4165 	4183
f 7365 	4152 	9047
f 4109 	4181 	4187
f 4182 	4109 	3771
f 4188 	4202 	4186
f 4109 	4171 	4177
f 4109 	4182 	4171
f 4176 	4190 	4159
f 4109 	4177 	4181
f 4189 	229 	4172
f 4191 	4168 	4169
f 4103 	4179 	4155
f 4144 	4182 	3771
f 4170 	4171 	4182
f 4179 	4107 	4173
f 4185 	4183 	4163
f 4103 	4107 	4179
f 4144 	4170 	4182
f 4155 	4179 	4372
f 4153 	7365 	4193
f 4162 	4155 	4372
f 4194 	4264 	4151
f 4170 	4144 	4184
f 4085 	4159 	4190
f 4195 	4092 	4085
f 4092 	4195 	4196
f 4372 	4166 	4162
f 4197 	4462 	4191
f 4327 	4329 	4194
f 4212 	4301 	4206
f 4161 	4206 	4301
f 4187 	4131 	4154
f 4198 	4228 	4102
f 4218 	4226 	4186
f 4197 	4191 	4169
f 115 	106 	4230
f 3790 	4171 	4170
f 4186 	4203 	4217
f 4202 	4203 	4186
f 3790 	4170 	4184
f 4177 	4187 	4181
f 4201 	4205 	4203
f 4201 	4203 	4202
f 4186 	4217 	4218
f 4177 	4171 	4207
f 4194 	4151 	4150
f 4222 	4294 	4210
f 4234 	4235 	2513
f 4098 	4092 	4196
f 4340 	4163 	8783
f 4185 	4327 	4194
f 4190 	4195 	4085
f 4150 	4185 	4194
f 4210 	4209 	4156
f 4207 	4187 	4177
f 4192 	4195 	4190
f 8783 	4213 	4340
f 4214 	4196 	4221
f 4004 	4043 	4213
f 4235 	5706 	2513
f 4088 	4042 	4204
f 4243 	4409 	4206
f 4098 	4196 	4055
f 3790 	4207 	4171
f 4156 	4211 	4212
f 3959 	4117 	4204
f 4212 	4206 	4156
f 3455 	3084 	3086
f 3455 	4215 	4216
f 4196 	4214 	4076
f 4216 	3076 	3084
f 4188 	4276 	4202
f 4196 	4076 	4055
f 4216 	3084 	3455
f 4010 	2486 	4011
f 4011 	2486 	4121
f 4226 	4229 	4186
f 4209 	4211 	4156
f 4192 	4263 	4195
f 4121 	2486 	4198
f 4203 	4205 	4217
f 4216 	4215 	3076
f 4196 	4195 	4221
f 4220 	4221 	4195
f 4239 	4220 	4195
f 4218 	4217 	4205
f 4280 	4198 	2486
f 4213 	4043 	4340
f 4215 	3433 	4237
f 4229 	4230 	4186
f 4226 	4218 	4227
f 4205 	4227 	4218
f 4107 	4102 	4238
f 106 	4186 	4230
f 4222 	4156 	4223
f 4227 	4229 	4226
f 4210 	4156 	4222
f 4230 	4229 	4231
f 4227 	4231 	4229
f 115 	4230 	4231
f 4221 	4253 	4214
f 4200 	5706 	4235
f 5457 	4225 	4236
f 4214 	4062 	4076
f 4220 	4253 	4221
f 4101 	4322 	4156
f 4225 	4597 	4236
f 4150 	4151 	8837
f 4238 	4102 	4228
f 3515 	4241 	4237
f 4220 	4239 	4253
f 4151 	4264 	4240
f 4156 	4232 	4223
f 4381 	4396 	4227
f 4231 	4227 	4396
f 4206 	4161 	4243
f 4161 	4244 	4243
f 4247 	4244 	4246
f 4246 	4244 	4161
f 4246 	4420 	4248
f 4246 	4248 	4247
f 4249 	4250 	4186
f 4250 	4277 	4186
f 4277 	4188 	4186
f 4186 	4252 	4249
f 4309 	4250 	4249
f 8854 	4245 	8852
f 4266 	4267 	4186
f 4252 	4186 	4254
f 4247 	4409 	4244
f 4244 	4409 	4243
f 4197 	4169 	4236
f 4251 	4257 	4458
f 4274 	4192 	4190
f 4251 	5011 	4257
f 4062 	4214 	4253
f 4261 	4258 	4237
f 4263 	4192 	4262
f 4104 	4204 	4042
f 4239 	4195 	4263
f 4254 	4186 	4255
f 4237 	4241 	4261
f 4262 	4253 	4263
f 3515 	4237 	3433
f 4255 	4186 	4267
f 4281 	4253 	4262
f 4239 	4263 	4253
f 4265 	4240 	4264
f 4266 	106 	159
f 4291 	4300 	4281
f 4168 	3815 	4141
f 4272 	4274 	4176
f 4274 	4190 	4176
f 5011 	4251 	5008
f 4282 	4273 	4279
f 4282 	4258 	4273
f 4228 	5625 	4242
f 4268 	8389 	4270
f 4273 	4258 	4261
f 4269 	4261 	4241
f 4234 	4233 	5062
f 4269 	4273 	4261
f 2516 	4275 	4228
f 4272 	5090 	4285
f 4233 	5060 	5062
f 4272 	4285 	4286
f 4191 	4462 	3836
f 4168 	4191 	3836
f 3284 	3281 	4279
f 4234 	5062 	4235
f 4272 	4286 	4289
f 3836 	3838 	4168
f 4274 	4272 	4291
f 4289 	4291 	4272
f 4280 	4228 	4198
f 4262 	4192 	4281
f 4274 	4281 	4192
f 4291 	4281 	4274
f 3181 	3077 	4279
f 4276 	4277 	4309
f 4250 	4309 	4277
f 4228 	4280 	2516
f 4276 	4188 	4277
f 4284 	5090 	4283
f 4280 	2486 	2516
f 4233 	4234 	2513
f 4278 	8387 	4268
f 3077 	4282 	4279
f 8387 	8389 	4268
f 4201 	4202 	4276
f 3077 	4215 	4282
f 4297 	4273 	4408
f 4384 	4287 	4242
f 4290 	4242 	4287
f 4265 	4271 	4293
f 4283 	4300 	4284
f 4284 	4300 	4285
f 4291 	4289 	4300
f 4285 	4300 	4286
f 4225 	4219 	4104
f 4286 	4300 	4289
f 4054 	4225 	4104
f 4245 	4265 	4293
f 4270 	4294 	4268
f 4253 	4281 	4300
f 4245 	4240 	4265
f 4222 	4223 	4294
f 4223 	4268 	4294
f 4209 	4210 	4294
f 4293 	4296 	4299
f 4298 	4301 	4294
f 4293 	4271 	4296
f 4298 	4304 	4301
f 4197 	4236 	4597
f 4273 	4297 	4279
f 4211 	4209 	4301
f 4294 	4301 	4209
f 4282 	4237 	4258
f 4304 	4512 	4301
f 4297 	4306 	4279
f 4512 	4517 	4301
f 4293 	4299 	4256
f 4303 	4266 	159
f 4305 	7613 	5127
f 4293 	4256 	4245
f 4316 	4315 	3734
f 4301 	4517 	4246
f 3957 	4304 	4298
f 4306 	3284 	4279
f 3734 	143 	4332
f 4301 	4246 	4161
f 4307 	4297 	4408
f 4294 	4270 	4298
f 4306 	4297 	4307
f 4228 	4242 	4290
f 4306 	4307 	3284
f 4357 	4339 	4287
f 4311 	4298 	4270
f 4288 	4309 	4292
f 4237 	4282 	4215
f 4311 	3957 	4298
f 4310 	4328 	4393
f 4252 	4292 	4249
f 4309 	4249 	4292
f 4292 	4252 	4302
f 4254 	4302 	4252
f 4254 	4255 	4302
f 4315 	3694 	4314
f 3702 	3733 	4314
f 4267 	4266 	4303
f 4295 	4308 	4313
f 4316 	3697 	4315
f 7361 	4295 	4313
f 4318 	4319 	4317
f 4310 	3697 	4320
f 4303 	4302 	4267
f 4255 	4267 	4302
f 4317 	4322 	4318
f 4323 	4310 	4320
f 8752 	4256 	4299
f 4232 	4322 	4268
f 4317 	4268 	4322
f 4321 	4251 	4458
f 159 	175 	4303
f 4232 	4268 	4223
f 4321 	5008 	4251
f 4352 	4276 	4309
f 4316 	3734 	4320
f 4173 	4107 	4290
f 4219 	4204 	4104
f 4314 	3734 	4315
f 3733 	3734 	4314
f 4054 	4597 	4225
f 4317 	4342 	4278
f 4278 	4268 	4317
f 4324 	6689 	4365
f 4107 	4238 	4290
f 4335 	4393 	4328
f 4319 	4318 	4101
f 4310 	4323 	4328
f 4174 	4173 	4290
f 4330 	4328 	4323
f 4320 	3734 	4323
f 4330 	4323 	3734
f 4330 	3734 	4332
f 4290 	4238 	4228
f 4371 	4325 	4326
f 4326 	4325 	4329
f 4194 	4329 	4325
f 4328 	4330 	4335
f 4357 	4287 	4384
f 4335 	4330 	4336
f 5457 	4236 	4169
f 4288 	4334 	4309
f 4290 	4287 	4339
f 4101 	4318 	4322
f 4334 	4352 	4309
f 4232 	4156 	4322
f 4204 	4337 	319
f 4290 	4339 	4174
f 4340 	4185 	4163
f 4342 	4317 	4319
f 4341 	4343 	4331
f 4338 	4324 	4333
f 4373 	4388 	4345
f 4333 	4394 	4346
f 4333 	4346 	4338
f 352 	4349 	4350
f 3208 	4312 	4333
f 4349 	4390 	4350
f 356 	352 	4350
f 4523 	4332 	174
f 4343 	4334 	4331
f 143 	174 	4332
f 4351 	4278 	4342
f 4334 	4343 	4352
f 4178 	4174 	4339
f 4224 	4355 	4356
f 4359 	4321 	4458
f 4356 	4327 	4185
f 4360 	4175 	4357
f 4185 	4224 	4356
f 4224 	4185 	4340
f 5458 	5474 	319
f 403 	356 	4350
f 3813 	3783 	4361
f 4295 	4354 	4308
f 3783 	3795 	4361
f 4355 	4224 	4340
f 4354 	4295 	6855
f 4369 	403 	4350
f 4354 	4359 	4308
f 4321 	4359 	4354
f 319 	4337 	5458
f 4358 	4364 	4343
f 4357 	4382 	4360
f 3208 	4365 	3203
f 3795 	4366 	4361
f 4365 	3227 	3203
f 4366 	4363 	4361
f 4344 	4348 	4101
f 4339 	4357 	4175
f 4312 	3190 	4307
f 4358 	4343 	4341
f 4339 	4175 	4178
f 4312 	3208 	3190
f 4343 	4364 	4352
f 4101 	4113 	4344
f 4367 	4352 	4364
f 4324 	4338 	4375
f 4357 	4384 	4382
f 4367 	4276 	4352
f 4390 	4349 	6369
f 352 	385 	4349
f 4276 	4367 	4201
f 4347 	4101 	4348
f 4319 	4101 	4342
f 4350 	4390 	4369
f 4324 	4374 	4385
f 4326 	4329 	4362
f 4345 	4344 	4113
f 4324 	4375 	4374
f 4370 	4362 	4395
f 4324 	4365 	3208
f 4347 	4351 	4101
f 4365 	6689 	3227
f 4426 	4205 	4201
f 4324 	4385 	6689
f 4360 	4389 	4368
f 4351 	4342 	4101
f 4360 	4382 	4389
f 4360 	4179 	4175
f 4333 	4324 	3208
f 4359 	4313 	4308
f 4372 	4179 	4360
f 4372 	4360 	4368
f 2 	4399 	5
f 4379 	5 	4381
f 4372 	4368 	4166
f 4205 	4426 	4378
f 5 	4379 	4380
f 4369 	6392 	403
f 4113 	4373 	4345
f 4312 	4307 	4377
f 4362 	4376 	4646
f 5269 	5291 	4313
f 4359 	4491 	4386
f 4383 	4387 	4405
f 4387 	4373 	4402
f 4362 	4327 	4356
f 4344 	4345 	4388
f 4387 	4388 	4373
f 4327 	4362 	4329
f 4347 	4348 	4391
f 4388 	4391 	4348
f 3744 	3765 	4398
f 4359 	4386 	4392
f 4392 	4313 	4359
f 4398 	3765 	4393
f 3697 	4310 	4393
f 4388 	4348 	4344
f 4376 	4362 	4370
f 4362 	4356 	4355
f 4351 	4347 	4278
f 4391 	4278 	4347
f 3765 	3697 	4393
f 4378 	4380 	4379
f 4378 	4379 	4227
f 4227 	4379 	4381
f 4398 	4366 	3744
f 4338 	4346 	4394
f 4336 	4393 	4335
f 4395 	4362 	4355
f 4375 	4338 	4394
f 4390 	6369 	6426
f 4205 	4378 	4227
f 6481 	4390 	6426
f 4388 	8383 	4391
f 4377 	4333 	4312
f 4381 	5 	4396
f 4395 	4355 	4340
f 4394 	4333 	4397
f 4377 	4397 	4333
f 4396 	5 	4399
f 8383 	4278 	4391
f 4231 	4396 	4399
f 4387 	4402 	4403
f 4405 	4387 	4403
f 4427 	4392 	4386
f 4394 	4397 	4375
f 4398 	4400 	4366
f 4403 	4402 	4113
f 4492 	4374 	4375
f 4399 	2 	269
f 4113 	4402 	4373
f 4296 	4271 	4404
f 269 	4231 	4399
f 4380 	4410 	5
f 4404 	4271 	4401
f 4408 	4273 	4269
f 4398 	4393 	4414
f 4405 	4113 	4640
f 4129 	4640 	4113
f 4113 	4405 	4403
f 4401 	4271 	4265
f 4336 	4414 	4393
f 4363 	4366 	4447
f 4246 	4517 	4420
f 4139 	4156 	4409
f 4427 	5274 	4313
f 4156 	4206 	4409
f 4380 	4378 	4410
f 4407 	4410 	4378
f 4409 	4140 	4139
f 4401 	4264 	4194
f 4410 	4411 	5
f 4145 	5 	4417
f 4401 	4265 	4264
f 4410 	4407 	4411
f 4325 	4401 	4194
f 4411 	4417 	5
f 5457 	5458 	4337
f 4398 	4414 	4400
f 4248 	4409 	4247
f 4414 	4415 	4416
f 4269 	4406 	4408
f 4296 	4404 	4413
f 4416 	4419 	4400
f 4414 	4416 	4400
f 4259 	4248 	4420
f 4260 	4420 	4446
f 4421 	4446 	4420
f 4407 	4499 	4417
f 4407 	4417 	4411
f 4377 	4307 	4408
f 4423 	4415 	4414
f 4296 	4413 	4506
f 4424 	4426 	4201
f 4406 	4377 	4408
f 4406 	4397 	4377
f 4392 	4427 	4313
f 5269 	4313 	5274
f 5305 	5274 	4427
f 4241 	3524 	3534
f 4412 	3672 	3689
f 4260 	4259 	4420
f 4336 	4423 	4414
f 4538 	4452 	4425
f 4648 	4623 	4429
f 4330 	4419 	4416
f 4330 	4416 	4415
f 4406 	4269 	4437
f 4371 	4428 	4325
f 4404 	4401 	4432
f 4415 	4423 	4330
f 4423 	4336 	4330
f 4430 	4427 	4386
f 5312 	5313 	4430
f 3529 	4241 	3534
f 4400 	4419 	4439
f 4241 	3529 	4269
f 4428 	4433 	4432
f 5312 	4430 	5310
f 3529 	4437 	4269
f 4440 	4455 	4439
f 4446 	4421 	4448
f 4425 	4448 	4421
f 4437 	3545 	4406
f 4453 	4425 	4452
f 4425 	4453 	4449
f 4330 	4481 	4439
f 4419 	4330 	4439
f 4704 	4438 	4444
f 4096 	4444 	3716
f 4494 	4455 	4440
f 4428 	4432 	4401
f 4445 	4413 	4404
f 4437 	3529 	3534
f 4438 	3716 	4442
f 4425 	4449 	4448
f 3545 	4437 	3534
f 4445 	4506 	4413
f 4447 	4366 	4455
f 4444 	4438 	4442
f 4432 	4445 	4404
f 4455 	4457 	4447
f 4459 	4422 	4511
f 4433 	4445 	4432
f 4433 	4450 	4445
f 4456 	4477 	4478
f 4366 	4400 	4455
f 4401 	4325 	4428
f 4446 	4448 	4409
f 4446 	4409 	4260
f 4259 	4260 	4409
f 4248 	4259 	4409
f 4448 	4449 	4409
f 4459 	4511 	4418
f 4459 	4434 	4422
f 3260 	4443 	5406
f 4418 	4431 	4459
f 4435 	4434 	4459
f 4458 	4257 	4233
f 4431 	4435 	4459
f 4436 	4461 	4424
f 4447 	4457 	4451
f 4233 	2513 	4458
f 4418 	3840 	4431
f 2515 	4458 	2513
f 4451 	4457 	4475
f 3598 	4463 	3592
f 2489 	4458 	2515
f 4457 	4495 	4475
f 4458 	2489 	5355
f 4451 	4475 	4454
f 4465 	9063 	4460
f 4495 	4457 	4494
f 4540 	4422 	4434
f 4498 	4475 	4495
f 3572 	4500 	4464
f 4400 	4439 	4455
f 4540 	4434 	4468
f 4500 	3572 	3583
f 3583 	3592 	4501
f 4470 	4412 	4556
f 4468 	4434 	4467
f 4449 	4453 	4409
f 4452 	4409 	4453
f 4501 	3592 	4463
f 4469 	4471 	4466
f 4406 	4476 	4477
f 3348 	4483 	4474
f 4474 	4460 	3348
f 4474 	4465 	4460
f 4455 	4494 	4457
f 4474 	3973 	3969
f 4478 	4476 	4464
f 4474 	3969 	4465
f 3545 	4464 	4476
f 4498 	4493 	4475
f 4482 	3998 	3973
f 4463 	4478 	4464
f 4480 	5550 	4471
f 3490 	3489 	4482
f 4406 	3545 	4476
f 4484 	4473 	4532
f 4482 	4483 	3463
f 4480 	4472 	5534
f 3973 	4474 	4482
f 4462 	4479 	4467
f 4456 	4478 	4463
f 3348 	3463 	4483
f 3836 	4431 	3840
f 4483 	4482 	4474
f 4461 	4426 	4424
f 4440 	4439 	4481
f 4426 	4461 	4485
f 4485 	4407 	4378
f 4458 	4472 	4469
f 3490 	4482 	3463
f 4456 	4463 	3598
f 4469 	4472 	4480
f 7951 	4477 	4456
f 4481 	4330 	4524
f 4485 	4378 	4426
f 4478 	4477 	4476
f 4458 	4469 	4359
f 4469 	4480 	4471
f 4477 	4492 	4406
f 4462 	4197 	4597
f 4466 	4496 	4469
f 7951 	4492 	4477
f 4526 	4461 	4436
f 4429 	4386 	4491
f 4359 	4469 	4497
f 4487 	4490 	4488
f 4487 	4493 	4490
f 4406 	4492 	4397
f 4497 	4469 	4496
f 4529 	4496 	4515
f 4375 	4397 	4492
f 4256 	8752 	8754
f 4529 	4533 	4496
f 4531 	4407 	4485
f 4491 	4359 	4497
f 9095 	4256 	8754
f 8027 	4374 	4492
f 4508 	4409 	4452
f 4487 	4475 	4493
f 4716 	4491 	4533
f 4497 	4533 	4491
f 4481 	4489 	4486
f 4481 	4486 	4488
f 4501 	4464 	4500
f 4431 	3836 	4467
f 4417 	4499 	4145
f 4501 	4463 	4464
f 4488 	4490 	4481
f 4490 	4493 	4481
f 4514 	4515 	4502
f 3836 	4462 	4467
f 4467 	4434 	4435
f 4498 	4495 	4481
f 4495 	4494 	4481
f 4499 	4536 	4147
f 4435 	4431 	4467
f 4568 	4949 	4508
f 4147 	4148 	4499
f 4440 	4481 	4494
f 4445 	4450 	4507
f 4493 	4498 	4481
f 4508 	4140 	4409
f 3745 	4140 	4508
f 3583 	4501 	4500
f 4466 	4502 	4515
f 4496 	4466 	4515
f 8928 	4445 	4507
f 4524 	4980 	4481
f 4061 	4528 	4123
f 4180 	4164 	4510
f 4530 	4061 	4111
f 4441 	4443 	4504
f 4512 	4518 	4517
f 4441 	4504 	4502
f 4471 	4502 	4466
f 4530 	4528 	4061
f 4520 	4441 	4502
f 4570 	5076 	4516
f 4570 	4516 	4510
f 4471 	5550 	4520
f 4519 	4513 	4509
f 4520 	4502 	4471
f 4524 	4332 	4523
f 4510 	5079 	4522
f 4525 	4548 	4517
f 4511 	4422 	4519
f 4510 	4522 	4180
f 4521 	4064 	3336
f 4332 	4524 	4330
f 4521 	3336 	3630
f 3630 	5021 	4521
f 4518 	4525 	4517
f 4526 	4527 	4461
f 4527 	4485 	4461
f 4515 	4514 	4529
f 4523 	4978 	4524
f 4532 	4473 	4569
f 4527 	4531 	4485
f 4497 	4496 	4533
f 4519 	4422 	4540
f 4525 	4518 	8459
f 4531 	4499 	4407
f 8459 	8452 	4525
f 4523 	174 	232
f 4504 	6356 	4502
f 4534 	4527 	4526
f 4534 	4535 	4527
f 4535 	4536 	4531
f 6390 	4533 	4529
f 4452 	4538 	4539
f 4538 	4566 	4541
f 4538 	4541 	4539
f 4574 	4568 	4537
f 4538 	4537 	4568
f 4537 	4584 	4585
f 4578 	4556 	4473
f 4899 	3169 	2771
f 4556 	4578 	4546
f 4530 	4125 	4025
f 4530 	4025 	4528
f 4517 	4421 	4420
f 4116 	4064 	4547
f 4561 	4545 	4543
f 4064 	4521 	4547
f 4543 	4545 	4549
f 4542 	4540 	4661
f 3801 	4550 	4565
f 4517 	4548 	4425
f 4470 	4546 	6667
f 4525 	8452 	4548
f 4555 	4551 	4550
f 4603 	4661 	4540
f 4425 	4421 	4517
f 882 	849 	2545
f 4554 	4555 	4550
f 4593 	4425 	4548
f 882 	2545 	2736
f 4593 	4538 	4425
f 4535 	4531 	4527
f 2503 	2543 	836
f 4499 	4531 	4536
f 4552 	4116 	4553
f 849 	836 	2545
f 4553 	4116 	4547
f 4361 	4363 	4555
f 4363 	4447 	4555
f 4555 	4554 	4361
f 4534 	4560 	4535
f 4556 	4546 	4470
f 3801 	3813 	4550
f 3813 	4554 	4550
f 4537 	4538 	4593
f 4412 	3709 	4556
f 4556 	4569 	4473
f 4452 	4539 	4508
f 4508 	4539 	4541
f 3689 	3709 	4412
f 4566 	4538 	4568
f 4534 	4559 	4560
f 4535 	4560 	4570
f 4541 	4566 	4508
f 4568 	4508 	4566
f 4573 	4583 	4549
f 4532 	4569 	4571
f 4550 	4551 	4567
f 4630 	4532 	4571
f 4535 	4570 	4536
f 4565 	4550 	4567
f 4553 	4572 	4552
f 4147 	4536 	4510
f 4536 	4570 	4510
f 4559 	5170 	4560
f 4575 	4654 	4000
f 4569 	4556 	4668
f 4042 	4005 	4557
f 5178 	4570 	4560
f 4675 	4571 	4569
f 4000 	3678 	4575
f 4579 	4580 	4581
f 3678 	3802 	4576
f 4557 	4577 	4607
f 3802 	3803 	4576
f 4557 	4558 	4577
f 5178 	5182 	4570
f 3678 	4576 	4575
f 4616 	4581 	4580
f 4549 	4662 	4573
f 4576 	3801 	4563
f 4568 	4574 	4949
f 4358 	4613 	4582
f 3801 	4565 	4563
f 4364 	4358 	4582
f 4586 	4591 	4590
f 4589 	4587 	4662
f 4662 	6971 	4589
f 4586 	4590 	6702
f 4582 	4592 	4364
f 4573 	4587 	5755
f 5754 	5755 	4587
f 4592 	4367 	4364
f 4584 	4537 	4593
f 5787 	5786 	4588
f 4592 	4424 	4367
f 4484 	4630 	4586
f 4584 	8478 	4585
f 4557 	4618 	4042
f 4484 	4532 	4630
f 4521 	4596 	4547
f 4521 	5021 	4596
f 3024 	4594 	4598
f 5755 	5764 	4573
f 3024 	4598 	4600
f 8452 	8487 	4593
f 4578 	4473 	4599
f 4054 	4618 	4597
f 4548 	8452 	4593
f 4618 	4601 	4597
f 8479 	4584 	4593
f 8487 	8479 	4593
f 4201 	4367 	4424
f 4462 	4597 	4601
f 3801 	4576 	3803
f 4580 	4602 	4616
f 4582 	4604 	4592
f 4594 	4595 	4691
f 4604 	4436 	4592
f 4436 	4424 	4592
f 4586 	4619 	4591
f 4602 	4629 	6093
f 4636 	4526 	4436
f 4467 	4479 	4607
f 4636 	4643 	4526
f 4607 	4603 	4467
f 4603 	4540 	4468
f 4602 	4631 	4608
f 4436 	4604 	4636
f 4603 	4468 	4467
f 4608 	4609 	4564
f 4608 	4564 	4602
f 4546 	4578 	4599
f 4601 	4607 	4479
f 4563 	4565 	4610
f 4565 	4567 	4610
f 4564 	4826 	4572
f 4577 	4605 	4603
f 4613 	4615 	4582
f 4624 	4610 	4567
f 4564 	4609 	4826
f 4577 	4603 	4607
f 4610 	4624 	4611
f 4606 	4624 	4612
f 4622 	4607 	4601
f 4602 	4564 	4617
f 4618 	4557 	4607
f 4462 	4601 	4479
f 4602 	4617 	4616
f 4606 	4611 	4624
f 4604 	4582 	4615
f 4734 	4606 	4612
f 4619 	4590 	4591
f 4625 	4581 	4616
f 5758 	4583 	5766
f 4596 	4617 	4547
f 4618 	4607 	4622
f 4564 	4572 	4617
f 4553 	4617 	4572
f 4638 	4636 	4620
f 4553 	4547 	4617
f 4386 	4429 	4623
f 4618 	4622 	4601
f 4596 	4616 	4617
f 4620 	4604 	4615
f 4651 	5310 	4430
f 4594 	4691 	4694
f 4625 	4616 	4596
f 4612 	4624 	4628
f 4594 	4694 	4598
f 4558 	4627 	4577
f 4580 	4629 	4602
f 4612 	4628 	4738
f 4629 	4580 	4579
f 4551 	4624 	4567
f 4624 	4626 	4628
f 4698 	4699 	8544
f 4693 	8544 	4699
f 4698 	8544 	4700
f 8547 	4700 	8544
f 4619 	4586 	4630
f 4555 	4624 	4551
f 4633 	4910 	4632
f 4600 	4632 	4910
f 4620 	4636 	4604
f 5779 	5069 	4634
f 4634 	5069 	4633
f 4637 	4555 	4447
f 4447 	4451 	4637
f 4600 	4910 	3024
f 4952 	4638 	4620
f 4631 	4609 	4608
f 4626 	4555 	4637
f 4638 	4643 	4636
f 4700 	8547 	4702
f 4600 	4741 	4632
f 4451 	4454 	4637
f 4639 	4650 	4630
f 4623 	4430 	4386
f 8549 	4383 	4641
f 8549 	4641 	4720
f 4639 	4571 	4675
f 4383 	4405 	4640
f 4623 	4549 	4545
f 4630 	4571 	4639
f 4664 	4549 	4623
f 4626 	4624 	4555
f 4628 	4626 	4637
f 4429 	4491 	4716
f 4648 	4657 	4623
f 4664 	4623 	4657
f 4645 	4646 	4376
f 4638 	4656 	4643
f 4646 	4649 	4362
f 4627 	4558 	4635
f 4430 	4623 	4651
f 4545 	4651 	4623
f 4326 	4649 	4371
f 4526 	4643 	4534
f 4326 	4362 	4649
f 4635 	4558 	4557
f 4716 	4648 	4429
f 4638 	4653 	4656
f 4005 	4635 	4557
f 4657 	4659 	4664
f 4635 	4005 	1579
f 4630 	4650 	4621
f 4635 	1579 	2973
f 4534 	4643 	4559
f 4657 	4716 	4659
f 4656 	4559 	4643
f 4676 	4664 	4659
f 4621 	4619 	4630
f 4587 	4573 	4662
f 4549 	4664 	4662
f 4667 	4668 	4669
f 3709 	4669 	4668
f 4665 	4645 	4376
f 4663 	4644 	4642
f 4669 	3689 	3716
f 4370 	4665 	4376
f 4669 	3709 	3689
f 4647 	3120 	3140
f 4370 	4395 	4665
f 4340 	4665 	4395
f 4671 	4673 	4666
f 4438 	4669 	3716
f 4043 	4552 	4665
f 4647 	3140 	4644
f 4664 	4676 	4672
f 4685 	4665 	4552
f 4340 	4043 	4665
f 3012 	4674 	2973
f 4674 	4635 	2973
f 4678 	4764 	4646
f 4673 	4682 	4666
f 4681 	4674 	4679
f 4766 	4660 	4649
f 4666 	4682 	477
f 4672 	5798 	4664
f 4680 	4694 	4663
f 4771 	4687 	4679
f 4556 	3709 	4668
f 4683 	4679 	4674
f 4642 	4680 	4663
f 4678 	4646 	4645
f 4562 	3140 	3169
f 4569 	4668 	4675
f 175 	477 	4682
f 4668 	4667 	4675
f 4562 	3169 	4944
f 4678 	4645 	4665
f 4944 	3169 	4544
f 4666 	477 	475
f 4684 	4162 	4166
f 4741 	4600 	4680
f 4627 	4674 	4681
f 4733 	4670 	4839
f 4600 	4598 	4680
f 4552 	4572 	4685
f 4675 	4667 	4701
f 4627 	4635 	4674
f 4701 	4667 	4669
f 3169 	4899 	4544
f 4679 	4687 	4681
f 4710 	4677 	4713
f 4166 	4730 	4684
f 4647 	4686 	3120
f 4681 	4687 	4627
f 4129 	4641 	4640
f 4658 	4714 	4563
f 4563 	4610 	4658
f 5798 	4662 	4664
f 4627 	4688 	4605
f 4690 	4689 	4686
f 4690 	4686 	4647
f 4725 	4672 	4676
f 4654 	4563 	4655
f 4644 	4690 	4647
f 4687 	4688 	4627
f 4644 	4663 	4690
f 6895 	6942 	6971
f 4692 	4689 	4691
f 4575 	4576 	4654
f 4588 	4589 	6971
f 4576 	4563 	4654
f 4444 	4684 	4704
f 3997 	4654 	4020
f 4688 	4661 	4605
f 4689 	4690 	4691
f 4691 	4690 	4694
f 4663 	4694 	4690
f 4162 	4684 	4444
f 4780 	4783 	4692
f 4696 	4695 	4697
f 4691 	4595 	4692
f 4861 	4866 	4696
f 4577 	4627 	4605
f 4868 	4869 	4696
f 4438 	4701 	4669
f 4694 	4680 	4598
f 4677 	6973 	6971
f 4702 	8547 	4715
f 3012 	3391 	4674
f 4677 	4834 	6973
f 4603 	4605 	4661
f 4715 	8547 	4717
f 4874 	4120 	4696
f 4767 	4661 	4688
f 4701 	4704 	4719
f 4866 	4868 	4696
f 4302 	4303 	4682
f 4705 	4706 	4709
f 4662 	4677 	6971
f 6728 	4708 	4707
f 4672 	4703 	5798
f 4302 	4682 	4673
f 4708 	4513 	4707
f 175 	4682 	4303
f 4705 	4709 	4642
f 4127 	4014 	4696
f 4642 	4644 	4705
f 4016 	4017 	4696
f 4020 	4654 	4696
f 4509 	4513 	4708
f 4654 	4655 	4696
f 4744 	4704 	4684
f 4017 	4020 	4696
f 4699 	4698 	4712
f 4698 	4700 	4712
f 4726 	5124 	4507
f 4644 	4562 	4705
f 4655 	4563 	4696
f 4712 	4700 	4702
f 4014 	4016 	4696
f 4371 	4736 	4428
f 4644 	3140 	4562
f 4696 	4563 	4714
f 4706 	4741 	4709
f 4642 	4709 	4680
f 4741 	4680 	4709
f 8549 	4717 	8547
f 4438 	4704 	4701
f 4371 	4649 	4745
f 4658 	4718 	4696
f 4716 	4657 	4648
f 4717 	8549 	4720
f 4705 	4721 	4706
f 4718 	4695 	4696
f 4722 	4659 	4716
f 4706 	4721 	4737
f 4736 	4371 	4745
f 4745 	4649 	4660
f 4671 	4711 	4288
f 4722 	4676 	4659
f 4711 	4671 	4670
f 4672 	4725 	4728
f 4728 	4729 	4672
f 4513 	4519 	4707
f 4292 	4671 	4288
f 4658 	4696 	4714
f 4673 	4671 	4292
f 4722 	4725 	4676
f 4292 	4302 	4673
f 4727 	6728 	4707
f 4606 	4718 	4658
f 4433 	4428 	4723
f 4611 	4606 	4658
f 4533 	4739 	4716
f 4896 	4695 	4606
f 4739 	4722 	4716
f 4519 	4540 	4707
f 4718 	4606 	4695
f 4729 	4732 	4672
f 4334 	4288 	4711
f 4433 	4726 	4450
f 4724 	4684 	4730
f 4610 	4611 	4658
f 4540 	4542 	4707
f 4507 	4450 	4726
f 4727 	4707 	4542
f 4733 	4735 	4670
f 4166 	4368 	4730
f 5692 	4724 	4368
f 4733 	4765 	4735
f 4722 	4739 	4725
f 4715 	4717 	4712
f 4734 	4612 	4738
f 4129 	4712 	4717
f 4368 	4724 	4730
f 4706 	4737 	4741
f 4738 	4740 	4734
f 4743 	4741 	4737
f 4717 	4720 	4129
f 4728 	4739 	4729
f 6468 	4729 	4739
f 4737 	4843 	4743
f 4729 	6468 	4732
f 6471 	4732 	6468
f 4704 	4744 	4746
f 4747 	4723 	4736
f 4641 	4129 	4720
f 4433 	4723 	4747
f 4743 	4742 	4634
f 4738 	4748 	4740
f 4741 	4743 	4633
f 4633 	4743 	4634
f 4738 	4775 	4748
f 4632 	4741 	4633
f 4719 	4704 	4746
f 4702 	4715 	4712
f 4747 	4801 	4805
f 4728 	4725 	4739
f 4805 	4726 	4747
f 4744 	4684 	4724
f 4726 	4433 	4747
f 6482 	4739 	4533
f 4736 	4723 	4428
f 4746 	5367 	4719
f 4693 	4752 	4750
f 5779 	4755 	3220
f 4757 	4756 	4652
f 4711 	4670 	4735
f 4749 	4760 	4751
f 4766 	4745 	4660
f 4760 	4761 	4751
f 4763 	4752 	4693
f 3242 	5805 	4758
f 4770 	4765 	4759
f 4693 	4699 	4763
f 4542 	4661 	4727
f 4712 	4750 	4752
f 4752 	4763 	4712
f 4765 	4733 	4759
f 4634 	4755 	5779
f 4767 	4727 	4661
f 5368 	5175 	4509
f 4712 	4763 	4699
f 4708 	5368 	4509
f 5805 	3242 	3311
f 4764 	4649 	4646
f 4759 	4733 	4731
f 4819 	4810 	4857
f 4764 	4766 	4649
f 4129 	8345 	4712
f 4735 	4765 	4331
f 4758 	3220 	3242
f 8345 	8348 	4712
f 4331 	4334 	4711
f 4711 	4735 	4331
f 4769 	4770 	4759
f 4740 	4748 	4999
f 4749 	6107 	4760
f 3311 	3530 	5797
f 4634 	4858 	4755
f 4755 	4858 	4779
f 4753 	4779 	4780
f 4628 	4772 	4738
f 4687 	4771 	4767
f 4780 	4595 	4753
f 4770 	4341 	4765
f 4755 	4779 	4753
f 4341 	4331 	4765
f 4775 	4776 	4778
f 4779 	4788 	4780
f 4679 	4768 	4771
f 4781 	4358 	4341
f 4775 	4778 	4748
f 4778 	4999 	4748
f 4770 	4781 	4341
f 4823 	4824 	4775
f 4768 	6794 	4771
f 4776 	4775 	4827
f 4780 	4692 	4595
f 4776 	4838 	4778
f 4782 	4773 	4751
f 4745 	4766 	4880
f 2612 	4784 	2606
f 4784 	2609 	2606
f 4772 	4775 	4738
f 4689 	4692 	4783
f 4703 	4773 	4782
f 4772 	4628 	4775
f 4784 	4785 	2609
f 4819 	4777 	4810
f 4787 	8030 	4785
f 8030 	4787 	4789
f 4736 	4745 	4791
f 4773 	4703 	4672
f 4628 	4637 	4775
f 4486 	4489 	4786
f 4762 	4757 	4652
f 4786 	4775 	4454
f 4783 	4780 	4790
f 4790 	4780 	4788
f 4847 	4788 	4779
f 4487 	4488 	4786
f 4486 	4786 	4488
f 3120 	4686 	4793
f 4454 	4475 	4786
f 4792 	4749 	4751
f 4793 	3438 	3120
f 4454 	4775 	4637
f 4774 	4679 	4683
f 4675 	4795 	4639
f 8566 	4809 	4808
f 4475 	4487 	4786
f 4773 	4792 	4751
f 4675 	4701 	4795
f 4774 	4768 	4679
f 4777 	4819 	4817
f 4792 	4773 	4672
f 4693 	4750 	4777
f 4793 	4790 	4796
f 4823 	4786 	4489
f 4797 	4795 	4701
f 4775 	4786 	4823
f 4732 	6471 	4833
f 4824 	4827 	4775
f 4672 	4732 	4798
f 4797 	4701 	4719
f 4788 	4796 	4790
f 4719 	5367 	4797
f 4687 	4767 	4688
f 4962 	4747 	4736
f 4798 	4803 	4802
f 4803 	4804 	4802
f 4639 	5394 	5414
f 4639 	4797 	5394
f 4798 	4802 	4799
f 2645 	4806 	4784
f 4797 	4639 	4795
f 8566 	4816 	4809
f 4818 	4777 	4817
f 4674 	4774 	4683
f 4837 	4839 	4806
f 2645 	4784 	2612
f 4777 	4818 	4822
f 4812 	4785 	4806
f 8566 	4840 	4816
f 4810 	4777 	4750
f 4783 	4790 	4793
f 4962 	4791 	4745
f 4841 	8570 	4842
f 4806 	4785 	4784
f 5252 	4811 	4800
f 4808 	4922 	4807
f 4812 	4814 	4787
f 4922 	4808 	4809
f 4799 	4792 	4798
f 4995 	5285 	4674
f 4789 	4787 	4814
f 4810 	4750 	4712
f 5285 	4800 	4774
f 4670 	4671 	4814
f 4674 	5285 	4774
f 6112 	6117 	4799
f 4799 	6117 	6115
f 4792 	4672 	4798
f 4793 	4796 	4794
f 5819 	3444 	4794
f 4804 	4803 	4821
f 4820 	4800 	4811
f 4825 	4802 	4804
f 4825 	4829 	4802
f 4830 	4838 	4776
f 4827 	4830 	4776
f 4609 	4631 	4826
f 4829 	4831 	4802
f 4793 	4686 	4689
f 5075 	4815 	5064
f 4828 	4820 	4811
f 6112 	4799 	4802
f 4821 	4832 	4825
f 4804 	4821 	4825
f 4793 	4689 	4783
f 4827 	4824 	5061
f 4825 	4832 	4829
f 4481 	5061 	4823
f 4489 	4481 	4823
f 4824 	4823 	5061
f 4671 	4666 	4814
f 4815 	5081 	2828
f 4812 	4787 	4785
f 4572 	4860 	4685
f 4832 	4831 	4829
f 4860 	4844 	4685
f 4789 	4814 	4666
f 6923 	4815 	2596
f 4820 	4774 	4800
f 4815 	6923 	4834
f 4833 	4798 	4732
f 4803 	4798 	4833
f 6790 	4768 	4774
f 4789 	4666 	475
f 4602 	4835 	4631
f 4778 	4838 	4836
f 2651 	4837 	2645
f 4778 	4836 	5065
f 4811 	5301 	4828
f 4837 	4806 	2645
f 4631 	6122 	4826
f 4803 	4833 	4821
f 4768 	6790 	6794
f 4835 	6122 	4631
f 4812 	4806 	4839
f 4842 	8572 	4822
f 4670 	4812 	4839
f 4721 	4848 	4843
f 4519 	4509 	3207
f 4816 	4922 	4809
f 4670 	4814 	4812
f 6120 	4835 	4602
f 4737 	4721 	4843
f 6471 	4821 	4833
f 4843 	4846 	4847
f 4843 	4848 	4846
f 4911 	3207 	4845
f 4840 	4857 	4816
f 4841 	4857 	4840
f 4721 	4886 	4848
f 3207 	4509 	4845
f 4847 	4846 	4788
f 4837 	2651 	2657
f 4819 	4857 	4817
f 4817 	4857 	4818
f 4922 	4816 	4857
f 4822 	4818 	4857
f 2657 	4851 	4837
f 4712 	4857 	4810
f 6518 	7434 	4849
f 4849 	4832 	4821
f 4851 	4839 	4837
f 4796 	4788 	4846
f 4850 	4865 	4867
f 4832 	4849 	6124
f 4851 	4731 	4839
f 4731 	4733 	4839
f 4842 	4857 	4841
f 4509 	5137 	5138
f 2731 	4852 	2657
f 4852 	4853 	4851
f 4848 	4886 	4846
f 4845 	5158 	5141
f 4854 	4754 	4792
f 5138 	5158 	4845
f 4852 	4851 	2657
f 4853 	4856 	4851
f 4845 	4509 	5138
f 4822 	4857 	4842
f 4856 	4759 	4731
f 4922 	4857 	4954
f 4742 	4743 	4843
f 4856 	4731 	4851
f 4519 	3207 	4511
f 4847 	4858 	4843
f 4779 	4858 	4847
f 4858 	4742 	4843
f 2731 	2735 	4852
f 4857 	5793 	4954
f 2735 	4872 	4852
f 4830 	5061 	4838
f 4838 	5061 	4836
f 4712 	8348 	4857
f 4858 	4634 	4742
f 4872 	4853 	4852
f 4949 	3768 	4508
f 4769 	4759 	4856
f 4696 	4896 	4861
f 4862 	4863 	4864
f 4799 	4855 	4792
f 4863 	4862 	4537
f 4574 	4537 	4862
f 4863 	4870 	4864
f 4537 	4585 	4863
f 4873 	4874 	4696
f 4799 	9119 	4855
f 4872 	4875 	4853
f 4769 	4856 	4875
f 4875 	4856 	4853
f 4120 	4124 	4696
f 4892 	4893 	4764
f 4792 	4754 	4749
f 4878 	4911 	4845
f 4159 	4874 	4873
f 4897 	4898 	4199
f 5779 	3220 	4758
f 4159 	4120 	4874
f 4871 	4873 	4696
f 5066 	4200 	4235
f 4871 	4909 	4873
f 5077 	4633 	5069
f 4862 	4864 	4949
f 4864 	4870 	4949
f 4766 	4879 	4880
f 4574 	4862 	4949
f 4890 	4894 	4199
f 4890 	4199 	4881
f 4882 	4883 	4884
f 4884 	4870 	4882
f 4863 	4882 	4870
f 4893 	4879 	4766
f 4882 	4885 	4883
f 4200 	4936 	4938
f 4909 	4871 	4696
f 4696 	4869 	4909
f 4882 	4904 	4885
f 4893 	4766 	4764
f 4896 	4866 	4861
f 4886 	4721 	4951
f 4896 	4868 	4866
f 4883 	4949 	4884
f 4883 	4885 	4949
f 4870 	4884 	4949
f 4962 	4745 	4880
f 4888 	4922 	4885
f 4902 	4921 	4868
f 4897 	4199 	4894
f 4887 	4890 	4881
f 4696 	4697 	4896
f 4354 	4199 	4898
f 4126 	4127 	4696
f 4887 	4894 	4890
f 4585 	4895 	4882
f 4895 	4904 	4882
f 4877 	4900 	4875
f 4868 	4896 	4734
f 8611 	4904 	4895
f 4898 	4894 	5259
f 4897 	4894 	4898
f 4887 	5259 	4894
f 4902 	4868 	4734
f 4882 	4863 	4585
f 4899 	2771 	4901
f 2560 	4901 	2771
f 4764 	4678 	4892
f 5001 	4879 	4893
f 4877 	4875 	4872
f 4888 	4885 	4904
f 4900 	4905 	4769
f 5002 	5001 	4893
f 4697 	4695 	4896
f 4770 	4769 	4905
f 4931 	1667 	4901
f 4606 	4734 	4896
f 4933 	4903 	4935
f 3040 	4931 	4901
f 4903 	4946 	4935
f 4878 	4859 	4911
f 4900 	4769 	4875
f 4902 	4734 	4740
f 1667 	1668 	4899
f 4905 	4781 	4770
f 4970 	4900 	4877
f 4904 	4906 	4888
f 4909 	4912 	4873
f 4904 	4913 	4906
f 5077 	2039 	4910
f 4892 	4907 	4893
f 4975 	4905 	4900
f 8481 	4895 	4585
f 4912 	4159 	4873
f 3040 	3024 	4931
f 4895 	8481 	8611
f 4931 	3024 	4910
f 4905 	4920 	4781
f 4913 	4904 	4914
f 4912 	4272 	4176
f 4914 	8621 	4916
f 7401 	4923 	4917
f 7399 	7401 	4918
f 4917 	4918 	7401
f 4915 	7399 	4918
f 4613 	4358 	4781
f 4859 	3213 	3207
f 4926 	4923 	7401
f 4911 	4859 	3207
f 4920 	4613 	4781
f 4544 	4899 	4944
f 4868 	4909 	4869
f 4917 	7433 	4918
f 4918 	7433 	4915
f 4921 	4919 	4909
f 4949 	4885 	4922
f 4906 	4922 	4888
f 4705 	4951 	4721
f 4922 	4906 	4913
f 4924 	4929 	4920
f 4922 	4913 	4914
f 4922 	4914 	4916
f 4705 	4562 	4944
f 4923 	4926 	7433
f 4917 	4923 	7433
f 4940 	8622 	4937
f 4920 	4975 	4924
f 7433 	4926 	4925
f 4921 	4909 	4868
f 4615 	4613 	4929
f 4740 	4930 	4902
f 4929 	4613 	4920
f 4930 	4921 	4902
f 4931 	4910 	1667
f 4916 	4940 	4922
f 4949 	4922 	3797
f 4932 	4965 	4935
f 4916 	8621 	4940
f 4935 	4967 	4938
f 4935 	4938 	4936
f 4936 	5066 	4933
f 4935 	4936 	4933
f 4807 	4922 	4937
f 4945 	4615 	4929
f 4941 	4928 	4942
f 4943 	4929 	4924
f 4919 	4934 	4948
f 4937 	4922 	4940
f 4943 	4945 	4929
f 4615 	4945 	4620
f 4942 	4939 	4941
f 4945 	4952 	4620
f 4946 	7399 	4915
f 4932 	4946 	4915
f 4919 	4948 	4909
f 3797 	3768 	4949
f 4947 	4960 	4952
f 4948 	4950 	4912
f 4950 	4272 	4912
f 4947 	4945 	4943
f 4935 	4946 	4932
f 4947 	4952 	4945
f 4907 	4892 	4891
f 3797 	4954 	3820
f 4678 	4891 	4892
f 4952 	4653 	4638
f 3797 	4922 	4954
f 4957 	4938 	4967
f 4705 	4944 	4951
f 4665 	4891 	4678
f 4956 	4881 	4957
f 4199 	4957 	4881
f 4665 	4685 	4891
f 3820 	4959 	3822
f 4685 	4844 	4891
f 4859 	4953 	4961
f 4948 	4912 	4909
f 4954 	4959 	3820
f 4953 	4958 	4961
f 4960 	4947 	4955
f 4740 	4999 	4930
f 4952 	4960 	4653
f 3822 	4959 	5814
f 4878 	4953 	4859
f 4208 	4200 	4957
f 4953 	4878 	4927
f 4200 	4938 	4957
f 4957 	4199 	4208
f 4963 	4876 	4867
f 4972 	4935 	4966
f 4935 	4965 	4966
f 1107 	5005 	1104
f 4961 	4958 	4964
f 4935 	4972 	4967
f 4956 	4957 	4967
f 4955 	6099 	4960
f 5121 	4941 	4939
f 1107 	5006 	5005
f 4954 	5793 	4959
f 4859 	4961 	4964
f 5793 	5814 	4959
f 4845 	5141 	5501
f 4845 	5519 	4927
f 4850 	7946 	4968
f 5501 	5519 	4845
f 4967 	4965 	4956
f 4966 	4965 	4967
f 5122 	4956 	4965
f 4969 	2837 	2832
f 4877 	2777 	4970
f 4881 	4956 	4887
f 5122 	4887 	4956
f 4878 	4845 	4927
f 5039 	5040 	5049
f 4967 	4972 	4966
f 5049 	7971 	5039
f 2781 	4998 	4970
f 4932 	4915 	5122
f 2777 	2781 	4970
f 4974 	1107 	1112
f 5355 	2489 	2810
f 4877 	2743 	2777
f 4900 	4970 	4975
f 4973 	309 	5186
f 4964 	4976 	4859
f 4879 	4977 	4880
f 2810 	2797 	5359
f 4523 	4979 	4978
f 4978 	4980 	4524
f 4791 	4962 	4736
f 4962 	4880 	4981
f 5086 	5078 	4958
f 4865 	4963 	4867
f 4968 	4963 	4865
f 4986 	5006 	1107
f 4523 	232 	4979
f 3362 	3213 	4976
f 4979 	4982 	4984
f 238 	4982 	4979
f 4865 	4850 	4968
f 4983 	5006 	4986
f 4979 	4984 	4978
f 4978 	4985 	4980
f 4984 	4985 	4978
f 5448 	4801 	4747
f 3213 	4859 	4976
f 4986 	1107 	4974
f 4974 	4988 	4986
f 4977 	4981 	4880
f 232 	238 	4979
f 4988 	4974 	4983
f 4989 	4990 	4991
f 4992 	4993 	4984
f 4986 	4988 	4983
f 4991 	4994 	4989
f 4982 	4992 	4984
f 4993 	4985 	4984
f 4991 	4990 	4996
f 5270 	1104 	5031
f 4985 	4993 	4997
f 1104 	5005 	5031
f 4970 	4998 	4975
f 4995 	3391 	3397
f 238 	240 	4992
f 4920 	4905 	4975
f 4992 	4982 	238
f 4995 	4674 	3391
f 4951 	4944 	5237
f 2781 	2796 	4998
f 2796 	5018 	4998
f 4924 	4975 	4998
f 5110 	4996 	4990
f 5001 	4977 	4879
f 5001 	5002 	4977
f 5009 	5004 	4257
f 4257 	5011 	5009
f 5002 	4893 	4907
f 5010 	5005 	5006
f 5063 	5013 	4999
f 2923 	5003 	2920
f 5025 	5000 	5022
f 4999 	5022 	5000
f 2923 	3080 	5003
f 5122 	5195 	4887
f 3080 	5314 	5003
f 5005 	5010 	5098
f 5007 	5012 	3392
f 5022 	4999 	5013
f 5003 	4987 	5033
f 5025 	5026 	5000
f 5257 	5259 	5008
f 5259 	4887 	5008
f 5009 	5011 	4887
f 5004 	5009 	4887
f 5008 	4887 	5011
f 5027 	5000 	5026
f 5017 	5002 	4907
f 5012 	5050 	5020
f 5018 	4943 	4924
f 4891 	6764 	5017
f 5018 	4924 	4998
f 5014 	5006 	4983
f 5010 	5006 	5014
f 2796 	2806 	5018
f 4907 	4891 	5017
f 5000 	5038 	5084
f 5020 	4995 	3379
f 4983 	1070 	5014
f 2806 	5024 	5018
f 5024 	4947 	4943
f 3379 	3392 	5020
f 3667 	5082 	5023
f 3392 	5012 	5020
f 5024 	4943 	5018
f 4968 	5121 	5185
f 2830 	5049 	5040
f 5043 	5038 	5029
f 5000 	5027 	5029
f 5021 	3683 	5023
f 5030 	5024 	2806
f 3683 	3667 	5023
f 5021 	3630 	3683
f 5057 	5034 	5028
f 5025 	5022 	5051
f 5027 	5026 	5051
f 2806 	2821 	5030
f 5022 	5013 	5061
f 5061 	5051 	5022
f 5016 	5033 	5036
f 5024 	5030 	4955
f 5035 	4596 	5021
f 5025 	5051 	5026
f 5021 	5023 	5035
f 5051 	5029 	5027
f 4955 	4947 	5024
f 5031 	5278 	5270
f 4995 	5032 	5285
f 5039 	6172 	5030
f 4995 	5050 	5032
f 5151 	5016 	5036
f 2821 	5040 	5039
f 2821 	5039 	5030
f 5000 	5029 	5038
f 6174 	5030 	6172
f 2821 	2830 	5040
f 5292 	5033 	5016
f 5045 	5042 	5038
f 5043 	5045 	5038
f 5042 	5045 	5051
f 4300 	4283 	5051
f 5029 	5051 	5043
f 5043 	5051 	5045
f 4995 	5020 	5050
f 5050 	5012 	5044
f 4903 	4933 	5019
f 5210 	1070 	1131
f 2842 	4903 	5067
f 4164 	4180 	6
f 4180 	4522 	6
f 3785 	3751 	5041
f 2842 	5067 	2840
f 5047 	5046 	5053
f 5044 	5321 	5050
f 5065 	5063 	4778
f 5041 	5082 	3667
f 5056 	1975 	5053
f 5032 	5057 	5058
f 5032 	5034 	5057
f 5154 	5363 	2804
f 4996 	5059 	4991
f 5082 	5035 	5023
f 5028 	5034 	5050
f 1982 	1977 	5056
f 5055 	5048 	5225
f 1131 	5055 	5225
f 4830 	4827 	5061
f 5210 	1131 	5225
f 4481 	4980 	5061
f 5217 	5214 	5057
f 4999 	4778 	5063
f 4951 	5073 	4886
f 4886 	5073 	5824
f 5050 	5321 	5028
f 5061 	5013 	5063
f 5061 	5063 	5065
f 5061 	5065 	4836
f 5066 	4235 	5062
f 5068 	5061 	4980
f 5034 	5032 	5050
f 5053 	1975 	5662
f 5035 	5072 	4596
f 5053 	5071 	5056
f 5067 	4903 	5019
f 5116 	6 	5106
f 4951 	5282 	5073
f 5072 	4625 	4596
f 4516 	5076 	5224
f 5068 	4980 	4985
f 4815 	4834 	5064
f 3459 	4964 	5078
f 5069 	2039 	5077
f 4516 	5224 	5079
f 5079 	5224 	5088
f 5071 	5053 	5046
f 5051 	5061 	5068
f 5107 	5051 	5068
f 4991 	5059 	5087
f 5059 	5056 	5087
f 4997 	5107 	5068
f 5070 	5019 	5062
f 5062 	5060 	5070
f 5083 	309 	4973
f 5078 	5080 	3459
f 4973 	4971 	5083
f 3467 	5080 	3526
f 5070 	5067 	5019
f 4930 	5084 	4921
f 3526 	5080 	5007
f 4516 	5079 	4510
f 3821 	5085 	3751
f 4934 	4919 	5084
f 4953 	5074 	4958
f 5074 	5086 	4958
f 5046 	5047 	5083
f 5084 	4919 	4921
f 4991 	5087 	5162
f 4999 	5000 	5084
f 5182 	5076 	4570
f 5084 	4930 	4999
f 5088 	5223 	5089
f 5549 	5548 	5074
f 5087 	5056 	5071
f 5223 	5088 	5224
f 5162 	5087 	5083
f 5087 	5071 	5083
f 5091 	6 	4522
f 5083 	5071 	5046
f 5116 	5117 	6
f 5092 	5093 	5160
f 5094 	309 	5083
f 5093 	5161 	5160
f 309 	5094 	312
f 5089 	5091 	5088
f 4522 	5088 	5091
f 4284 	4285 	5090
f 5079 	5088 	4522
f 5005 	5099 	5092
f 5047 	5094 	5083
f 4934 	5038 	4948
f 5090 	4950 	4948
f 5221 	5149 	5162
f 5038 	5042 	5090
f 5092 	5134 	5031
f 5005 	5092 	5031
f 4934 	5084 	5038
f 5019 	4933 	5066
f 5066 	5062 	5019
f 3751 	5085 	5041
f 4936 	4200 	5066
f 4964 	4958 	5078
f 5090 	4272 	4950
f 5041 	5085 	5082
f 528 	312 	5047
f 5038 	5090 	4948
f 5047 	312 	5094
f 5082 	5072 	5035
f 5223 	5096 	5097
f 4283 	5090 	5102
f 6145 	5072 	5082
f 5090 	5042 	5102
f 5100 	5054 	5052
f 5123 	5097 	5096
f 5005 	5098 	5099
f 5056 	5103 	1982
f 5097 	5104 	5223
f 5089 	5223 	5104
f 5042 	5051 	5102
f 5102 	5051 	4283
f 5100 	5052 	5037
f 5105 	6 	5091
f 5056 	5059 	5103
f 5103 	5059 	4996
f 6165 	4581 	4625
f 4997 	5068 	4985
f 5105 	5106 	6
f 5014 	5099 	5098
f 6165 	4625 	5072
f 4996 	5110 	5103
f 5105 	5109 	5106
f 5051 	5107 	5111
f 5044 	5101 	5095
f 4876 	5100 	4908
f 4300 	5051 	5111
f 5109 	5105 	5104
f 5089 	5104 	5105
f 5091 	5089 	5105
f 5110 	5113 	5103
f 5074 	5095 	5086
f 5108 	5106 	5109
f 1982 	5103 	5113
f 5086 	5095 	5101
f 5093 	5092 	5099
f 5114 	5100 	5131
f 5086 	5101 	5078
f 5014 	5208 	5099
f 4300 	5111 	4305
f 5128 	5115 	5123
f 5097 	5123 	5115
f 5109 	5104 	5115
f 5097 	5115 	5104
f 5054 	5100 	5114
f 4 	6 	5117
f 5078 	5101 	5080
f 4915 	7433 	5122
f 5130 	5116 	5108
f 5106 	5108 	5116
f 5116 	5130 	5117
f 3827 	3833 	3257
f 5195 	4257 	5004
f 5044 	5095 	5543
f 5129 	5132 	5117
f 5044 	5012 	5101
f 5004 	4887 	5195
f 204 	4805 	4801
f 3833 	5118 	3279
f 4965 	4932 	5122
f 5119 	5118 	4253
f 5115 	5128 	5226
f 204 	4801 	5135
f 5080 	5101 	5007
f 5226 	5108 	5109
f 5226 	5109 	5115
f 5110 	4990 	5177
f 5119 	4253 	4300
f 3288 	5118 	5119
f 4928 	4941 	5121
f 5101 	5012 	5007
f 204 	163 	4805
f 5128 	5140 	5226
f 5120 	5280 	5121
f 5010 	5014 	5098
f 4305 	5119 	4300
f 867 	5132 	903
f 4305 	5127 	5119
f 5140 	5156 	5226
f 5125 	5067 	5070
f 5126 	5113 	5110
f 5124 	4726 	4805
f 5067 	5152 	2840
f 5129 	5130 	5226
f 5124 	162 	191
f 5153 	5154 	2840
f 5244 	5282 	4951
f 5129 	5117 	5130
f 5124 	4805 	163
f 5124 	163 	161
f 162 	5124 	161
f 5125 	5070 	5060
f 5007 	3392 	3526
f 863 	5117 	5132
f 5031 	5134 	5136
f 5450 	5135 	4801
f 5201 	5145 	5123
f 5150 	5152 	5067
f 5123 	5145 	5140
f 4876 	4963 	5131
f 5123 	5140 	5128
f 467 	465 	5143
f 5100 	4876 	5131
f 5145 	5201 	5218
f 467 	5143 	5146
f 4989 	4994 	5139
f 5148 	5125 	5147
f 5125 	5193 	5147
f 5125 	5148 	5150
f 5125 	5150 	5067
f 5189 	5196 	4963
f 5139 	5016 	5151
f 2804 	2840 	5154
f 5139 	5015 	5016
f 5152 	5153 	2840
f 5149 	5015 	5139
f 5221 	5015 	5149
f 5060 	5155 	5125
f 5193 	5125 	5155
f 5217 	5142 	5141
f 5036 	5171 	5151
f 5146 	5143 	5215
f 5220 	5216 	5137
f 5218 	5207 	5145
f 3905 	5146 	5219
f 5137 	5216 	5138
f 5156 	5140 	5145
f 4989 	5139 	5151
f 5360 	5229 	5144
f 5157 	5159 	47
f 5151 	4990 	4989
f 5231 	5230 	5144
f 5160 	5161 	5867
f 5162 	5149 	5139
f 5145 	5164 	5156
f 5157 	5163 	5159
f 5134 	5092 	5160
f 5143 	5159 	5163
f 5867 	5879 	5160
f 5162 	5139 	4994
f 5162 	4994 	4991
f 5165 	5133 	5168
f 5121 	4939 	5120
f 5217 	5141 	5158
f 5114 	5271 	5081
f 5081 	4815 	5114
f 5151 	5171 	5177
f 5151 	5177 	4990
f 5217 	5158 	5138
f 5199 	5206 	5224
f 5869 	5867 	5161
f 5054 	5114 	5075
f 5168 	5133 	5167
f 4815 	5075 	5114
f 5168 	6088 	5165
f 5173 	6803 	5172
f 5114 	5131 	5271
f 5137 	4509 	5175
f 5170 	4559 	5166
f 5110 	5177 	5171
f 5368 	5174 	5175
f 5191 	5192 	5224
f 5134 	5160 	5176
f 5365 	5356 	5171
f 5356 	5126 	5171
f 5202 	5191 	5224
f 5271 	5267 	5081
f 5126 	5110 	5171
f 4560 	5170 	5178
f 5036 	5033 	5171
f 5180 	5157 	594
f 5076 	5182 	5224
f 5202 	5224 	5182
f 5171 	5033 	4987
f 5180 	5183 	5157
f 5183 	5163 	5157
f 2844 	2837 	4969
f 5280 	5185 	5121
f 5155 	4233 	4257
f 2844 	4969 	5186
f 5194 	5197 	5184
f 5060 	4233 	5155
f 5185 	5189 	4968
f 2844 	5186 	5187
f 5147 	5150 	5148
f 5122 	5150 	5147
f 5166 	5188 	5170
f 5122 	5398 	5150
f 5189 	4963 	4968
f 5096 	5223 	5201
f 4973 	5186 	4971
f 5197 	5133 	5184
f 5153 	5152 	5398
f 5154 	5153 	5398
f 5152 	5150 	5398
f 4971 	5186 	4969
f 5178 	5170 	5191
f 5193 	5155 	5195
f 5192 	5191 	5170
f 5187 	5186 	333
f 5155 	4257 	5195
f 5198 	5224 	5192
f 5147 	5193 	5195
f 5147 	5195 	5122
f 5198 	5199 	5224
f 5133 	5197 	5167
f 5188 	5199 	5198
f 5192 	5170 	5198
f 5188 	5198 	5170
f 2832 	2833 	5203
f 5137 	5175 	5301
f 5499 	5167 	5197
f 5096 	5201 	5123
f 5178 	5191 	5202
f 5169 	5172 	5496
f 5205 	7369 	5204
f 5178 	5202 	5182
f 5183 	5245 	5163
f 5309 	5319 	5188
f 5236 	5239 	7971
f 2832 	5203 	5200
f 5206 	5207 	5223
f 2832 	5200 	4969
f 5519 	5520 	4953
f 5223 	5224 	5206
f 5519 	4953 	4927
f 7473 	5205 	5204
f 5144 	5188 	5319
f 5210 	5208 	1070
f 5144 	5207 	5206
f 5163 	5211 	5143
f 7369 	7367 	5213
f 5212 	5213 	7367
f 5188 	5144 	5199
f 5213 	5204 	7369
f 5211 	5215 	5143
f 5093 	5208 	5161
f 5206 	5199 	5144
f 5218 	5223 	5207
f 5201 	5223 	5218
f 5187 	333 	5209
f 5215 	5219 	5146
f 5208 	5890 	5869
f 5209 	2844 	5187
f 5212 	7478 	5213
f 5208 	5869 	5161
f 4811 	5252 	5220
f 5144 	5145 	5207
f 7473 	5204 	7478
f 5213 	7478 	5204
f 5214 	5138 	5216
f 5200 	5254 	5221
f 5212 	7367 	5222
f 5093 	5099 	5208
f 5264 	3929 	3905
f 5221 	4971 	4969
f 5221 	5162 	5083
f 5221 	5083 	4971
f 5156 	5164 	5226
f 5229 	5233 	5226
f 5200 	5221 	4969
f 5108 	5226 	5130
f 903 	5129 	5226
f 5227 	5219 	5215
f 5220 	5137 	5301
f 5235 	5209 	394
f 5209 	333 	394
f 5164 	5230 	5226
f 5231 	5226 	5230
f 5229 	5226 	5231
f 5190 	4963 	5196
f 5233 	5234 	5226
f 5234 	5256 	5226
f 5231 	5144 	5229
f 5233 	5229 	5238
f 5237 	1211 	5251
f 5246 	7478 	5222
f 2876 	5232 	5235
f 1668 	1211 	5237
f 5145 	5144 	5230
f 5240 	2876 	5235
f 5185 	5196 	5189
f 5238 	5234 	5233
f 5244 	4951 	5237
f 5235 	5232 	5209
f 5131 	4963 	5190
f 5276 	5275 	5242
f 4899 	1668 	5237
f 4944 	4899 	5237
f 4313 	5291 	5242
f 5240 	5235 	5249
f 5243 	5183 	5180
f 5241 	5222 	7367
f 5250 	5222 	5241
f 2874 	2876 	5240
f 5243 	5245 	5183
f 5211 	5163 	5248
f 5235 	394 	5249
f 5248 	5163 	5245
f 5251 	5244 	5262
f 5252 	5058 	5216
f 5216 	5220 	5252
f 5248 	5215 	5211
f 5256 	5279 	5226
f 5248 	5227 	5215
f 5250 	5246 	5222
f 2890 	2924 	5254
f 5230 	5164 	5145
f 5238 	5256 	5234
f 5243 	5255 	5423
f 5303 	5313 	5246
f 5247 	5272 	5277
f 5260 	5203 	2833
f 5236 	5247 	5258
f 5243 	5423 	5245
f 5257 	5008 	4321
f 5226 	5284 	903
f 5423 	5425 	5248
f 5203 	5254 	5200
f 5257 	4321 	5259
f 4321 	4354 	5259
f 5265 	5259 	4354
f 5248 	5425 	5227
f 5245 	5423 	5248
f 5203 	5260 	5254
f 5262 	5244 	5237
f 5261 	2892 	2905
f 4898 	5265 	4354
f 5251 	5262 	5237
f 5261 	5254 	5260
f 5236 	5258 	5239
f 5263 	5264 	5219
f 5081 	5267 	2828
f 5217 	5138 	5214
f 5219 	5264 	3905
f 5057 	5028 	5266
f 5265 	4898 	5259
f 2905 	2890 	5254
f 5239 	5258 	6217
f 3958 	5268 	3952
f 5261 	2905 	5254
f 5313 	5303 	4427
f 1232 	5251 	1233
f 5219 	5227 	5263
f 2911 	2892 	5260
f 5538 	5264 	5263
f 2892 	5261 	5273
f 5251 	1104 	5270
f 5058 	5057 	5214
f 5058 	5214 	5216
f 5260 	2892 	5273
f 5261 	5260 	5273
f 5217 	5057 	5266
f 5217 	5266 	5326
f 5251 	1232 	1247
f 5260 	2833 	2911
f 5278 	5253 	5270
f 5559 	3945 	3956
f 5253 	5251 	5270
f 5258 	5247 	5277
f 5279 	5283 	5226
f 5280 	5343 	5185
f 5277 	6071 	5258
f 5256 	5366 	5279
f 5281 	5254 	2924
f 5184 	5133 	5272
f 5238 	5366 	5256
f 2920 	5003 	5292
f 5357 	5280 	5179
f 5284 	5226 	5283
f 5120 	5179 	5280
f 5281 	2924 	2920
f 5366 	5283 	5279
f 5133 	5165 	5272
f 5244 	5289 	5282
f 5277 	5272 	5165
f 5165 	6071 	5277
f 916 	903 	5284
f 5281 	2920 	5292
f 5244 	5295 	5289
f 5280 	5357 	5343
f 5285 	5032 	5058
f 5337 	5185 	5343
f 5285 	5058 	5252
f 5049 	2895 	7971
f 5290 	7971 	2895
f 3093 	2964 	5288
f 4656 	5286 	5166
f 4800 	5285 	5252
f 5286 	5309 	5166
f 5267 	6743 	2949
f 5241 	5242 	5275
f 5333 	7971 	5290
f 2828 	5267 	2949
f 4656 	5166 	4559
f 2895 	6822 	5290
f 5350 	5351 	7971
f 5276 	5242 	5291
f 5294 	5196 	5185
f 5295 	5253 	5287
f 5393 	4828 	5383
f 5275 	5250 	5241
f 5190 	5196 	5294
f 5296 	5294 	5185
f 5332 	5295 	5287
f 5251 	5253 	5295
f 5276 	5291 	5246
f 5275 	5276 	5246
f 5250 	5275 	5246
f 5288 	2954 	5308
f 5274 	5246 	5269
f 5190 	5294 	8512
f 5326 	5340 	5299
f 5299 	5340 	5298
f 5269 	5246 	5291
f 5254 	5016 	5015
f 5297 	5298 	5384
f 5384 	5383 	5297
f 5254 	5015 	5221
f 5185 	5337 	5296
f 5295 	5244 	5251
f 5326 	5299 	5217
f 5287 	5253 	5278
f 5563 	5263 	5227
f 5281 	5016 	5254
f 5033 	5292 	5003
f 5287 	5278 	5031
f 5300 	4828 	5301
f 4811 	5220 	5301
f 5281 	5292 	5016
f 5304 	4427 	5303
f 5263 	5564 	5538
f 5300 	5297 	5383
f 5305 	4427 	5304
f 5172 	5298 	5297
f 5173 	5172 	5297
f 5169 	5142 	5298
f 5142 	5299 	5298
f 5298 	5172 	5169
f 5303 	5246 	5304
f 5297 	5300 	5173
f 5309 	5286 	5293
f 5304 	5246 	5305
f 5274 	5305 	5246
f 5300 	5174 	5173
f 5289 	5332 	5330
f 5309 	5188 	5166
f 5308 	5455 	5288
f 5175 	5300 	5301
f 5217 	5299 	5142
f 5287 	5031 	5136
f 5136 	5307 	5287
f 4427 	4430 	5313
f 5315 	5316 	5306
f 5315 	5325 	5316
f 5003 	5314 	5317
f 5300 	5175 	5174
f 4987 	5003 	5317
f 5310 	5246 	5312
f 5330 	5282 	5289
f 5302 	8497 	5357
f 5293 	5318 	5309
f 5794 	5246 	5310
f 5311 	5318 	5293
f 5302 	8504 	8497
f 5302 	5357 	5179
f 4828 	5393 	4820
f 5306 	5316 	629
f 5302 	5179 	5120
f 5302 	5120 	4939
f 5316 	594 	629
f 3093 	5317 	5314
f 5316 	5180 	594
f 5136 	5134 	5307
f 5282 	5323 	5073
f 4942 	4928 	5302
f 3093 	5320 	5317
f 5302 	4939 	4942
f 5282 	5330 	5323
f 4614 	5446 	5302
f 5326 	5321 	5328
f 5073 	5323 	6156
f 5325 	5180 	5316
f 5325 	5243 	5180
f 8512 	5271 	5131
f 5327 	5324 	5322
f 5334 	7971 	5333
f 5331 	5334 	5333
f 5190 	8512 	5131
f 5295 	5332 	5289
f 5336 	5332 	5307
f 5315 	5338 	5325
f 5334 	5352 	7971
f 5328 	5339 	5340
f 5243 	5325 	5338
f 6166 	5330 	5332
f 5243 	5338 	5255
f 8561 	5337 	5343
f 5340 	5339 	5341
f 5318 	5319 	5309
f 5326 	5328 	5340
f 5329 	5374 	5320
f 5353 	5342 	732
f 5336 	6205 	5332
f 5332 	6162 	6173
f 716 	5342 	5344
f 6850 	5345 	5331
f 5327 	5346 	5324
f 5346 	5347 	5324
f 5384 	5341 	5339
f 5332 	5287 	5307
f 8562 	8561 	5343
f 5330 	6166 	5323
f 5176 	5336 	5307
f 5134 	5176 	5307
f 2010 	5349 	729
f 5879 	6205 	5336
f 5327 	5641 	5346
f 732 	5349 	5353
f 5176 	5879 	5336
f 5346 	5650 	5347
f 5348 	5757 	2519
f 5354 	716 	5344
f 5354 	627 	716
f 5028 	5321 	5266
f 5354 	5306 	627
f 5321 	5326 	5266
f 7971 	5352 	5350
f 5345 	5350 	5352
f 5236 	7971 	5351
f 5311 	5482 	5318
f 5318 	5489 	5319
f 5341 	5298 	5340
f 5384 	5298 	5341
f 5727 	5356 	5358
f 5319 	5360 	5144
f 5238 	5229 	5360
f 5095 	5361 	5543
f 5355 	2810 	5359
f 5334 	5331 	5352
f 5345 	5352 	5331
f 2797 	2804 	5359
f 5725 	5356 	5727
f 5362 	5238 	5360
f 5364 	5375 	2804
f 5364 	2804 	5363
f 5725 	5113 	5356
f 5113 	5126 	5356
f 5362 	5360 	5465
f 5364 	5363 	5398
f 5238 	5362 	5366
f 5283 	5366 	5369
f 5173 	5174 	5368
f 5356 	5365 	5377
f 5362 	5392 	5366
f 5371 	5372 	5351
f 5320 	5365 	5171
f 5283 	5369 	5284
f 5351 	5350 	5371
f 5345 	5371 	5350
f 5369 	991 	916
f 5542 	5533 	5385
f 4746 	5699 	5370
f 5369 	916 	5284
f 5171 	5317 	5320
f 5370 	5367 	4746
f 5372 	5236 	5351
f 4727 	6760 	6728
f 5171 	4987 	5317
f 5373 	5359 	2804
f 5389 	5359 	5373
f 5375 	5376 	2804
f 5376 	5378 	2804
f 5377 	5320 	5374
f 5320 	5377 	5365
f 4774 	4820 	6790
f 5247 	5236 	5372
f 5141 	5142 	5501
f 5430 	5500 	4652
f 5181 	5372 	5371
f 5181 	5380 	5372
f 5373 	2804 	5378
f 4652 	4756 	5430
f 5381 	5441 	5379
f 5380 	5272 	5247
f 5380 	5247 	5372
f 5181 	5184 	5380
f 5380 	5184 	5272
f 5354 	5344 	5390
f 5385 	5359 	5387
f 5358 	5377 	5374
f 5388 	5387 	5359
f 5359 	5389 	5388
f 5381 	5379 	5611
f 5358 	5374 	5382
f 1222 	1072 	5381
f 5583 	5385 	5387
f 5389 	5373 	5387
f 5390 	5391 	5354
f 5377 	5358 	5356
f 5391 	5306 	5354
f 5400 	5393 	5383
f 5315 	5306 	5391
f 5388 	5389 	5387
f 5373 	5562 	5387
f 5395 	5391 	5390
f 5395 	5399 	5391
f 5315 	5391 	5399
f 5398 	5122 	5347
f 5339 	5400 	5384
f 6540 	5386 	5401
f 5760 	5399 	5395
f 4796 	5819 	4794
f 5154 	5398 	5363
f 5315 	5399 	5762
f 5438 	5439 	5379
f 4796 	4846 	5819
f 5452 	5442 	5381
f 5403 	2010 	2030
f 2671 	6550 	5402
f 5398 	5475 	5364
f 5381 	1072 	1095
f 5403 	5349 	2010
f 5419 	5328 	5321
f 5397 	5757 	5348
f 5403 	5405 	5349
f 5405 	5353 	5349
f 5366 	5392 	5407
f 5353 	5408 	5342
f 5757 	5397 	5396
f 5353 	5405 	5408
f 5408 	5344 	5342
f 6550 	2671 	6582
f 5438 	5379 	5441
f 5408 	5390 	5344
f 5384 	5400 	5383
f 2030 	2034 	5403
f 5441 	5381 	5442
f 5411 	5386 	5434
f 3676 	5406 	3628
f 5595 	5404 	4441
f 5412 	5416 	5411
f 5415 	5390 	5408
f 5403 	5413 	5405
f 5413 	5408 	5405
f 5413 	5415 	5408
f 5415 	5395 	5390
f 5404 	5406 	4443
f 5386 	5411 	5418
f 5406 	5404 	5421
f 5366 	5407 	5369
f 5416 	5418 	5411
f 5531 	5417 	5382
f 4443 	4441 	5404
f 5386 	5418 	5420
f 5420 	5401 	5386
f 5395 	5415 	5811
f 1083 	991 	5407
f 5421 	3628 	5406
f 5797 	3530 	5849
f 5328 	5419 	5554
f 5422 	5416 	5412
f 5407 	991 	5369
f 5422 	5418 	5416
f 5422 	5420 	5418
f 5379 	5426 	5604
f 5920 	5604 	5426
f 5422 	5401 	5420
f 2128 	5424 	2124
f 5379 	5428 	5426
f 5422 	5402 	5401
f 5427 	3628 	5421
f 2671 	5402 	5422
f 5506 	3632 	5433
f 6046 	5424 	2128
f 5422 	2677 	2671
f 5424 	2744 	2124
f 5422 	2694 	2677
f 5429 	5425 	5423
f 5422 	2696 	2694
f 4828 	5300 	5383
f 5422 	2698 	2696
f 5422 	2730 	2698
f 5496 	5172 	6803
f 5430 	4756 	4757
f 5432 	5427 	5431
f 5444 	5431 	5427
f 5426 	5428 	5472
f 5432 	5433 	5427
f 5430 	4757 	5469
f 5434 	5167 	5499
f 5435 	5168 	5167
f 5429 	5594 	5227
f 4762 	4652 	5436
f 5434 	5435 	5167
f 5998 	5943 	5472
f 5320 	3093 	5329
f 3095 	5329 	3093
f 5428 	5379 	5439
f 5435 	5437 	5168
f 5429 	5227 	5425
f 5381 	1095 	5454
f 5288 	5455 	5440
f 5455 	5460 	5440
f 5386 	5435 	5434
f 5392 	5428 	5439
f 5439 	5438 	5392
f 5437 	5435 	5386
f 5436 	4650 	4639
f 5432 	5431 	5375
f 5376 	5375 	5431
f 4650 	5436 	4614
f 5444 	5427 	5617
f 5436 	5446 	4614
f 5440 	3093 	5288
f 4981 	5443 	4962
f 5617 	5378 	5444
f 5431 	5444 	5376
f 5414 	4762 	5436
f 5447 	5449 	5445
f 4639 	5414 	5436
f 3096 	5335 	3095
f 5448 	4962 	5443
f 5448 	4747 	4962
f 5438 	5441 	5392
f 5440 	3095 	3093
f 5400 	6784 	5393
f 5407 	5392 	5442
f 5441 	5442 	5392
f 5381 	5454 	5452
f 5414 	5453 	4813
f 5424 	6046 	6037
f 4813 	4762 	5414
f 4813 	5453 	5477
f 5458 	5457 	5456
f 5477 	5483 	4813
f 5454 	1095 	5407
f 5450 	4801 	5448
f 5442 	5452 	5407
f 5461 	6849 	5486
f 3097 	5455 	5308
f 5452 	5454 	5407
f 5462 	5463 	5443
f 4337 	4204 	5457
f 4813 	5483 	4762
f 5414 	5467 	5453
f 4757 	5468 	5469
f 3095 	5466 	3096
f 5443 	5463 	5464
f 5466 	3095 	5440
f 5495 	5470 	5465
f 5472 	5362 	5465
f 5480 	5443 	5464
f 5465 	5470 	5472
f 7643 	5447 	5445
f 5466 	3101 	3096
f 5460 	5466 	5440
f 5473 	5497 	5449
f 4762 	5468 	4757
f 3097 	5460 	5455
f 5443 	4981 	5462
f 5743 	5453 	5370
f 5449 	5497 	5445
f 5467 	5370 	5453
f 5392 	5362 	5472
f 5501 	5142 	5169
f 5335 	5476 	5516
f 5473 	5411 	5499
f 5428 	5392 	5472
f 5411 	5434 	5499
f 5419 	5321 	5539
f 5457 	4204 	4219
f 5478 	5481 	5447
f 5464 	5491 	5480
f 5457 	4219 	4225
f 5443 	5480 	5448
f 5422 	5484 	5481
f 4977 	6747 	5462
f 5481 	5449 	5447
f 5449 	5481 	5484
f 5539 	5321 	5044
f 5473 	5449 	5484
f 5516 	5329 	5335
f 5484 	5485 	5473
f 4977 	5462 	4981
f 5485 	5412 	5411
f 5329 	3095 	5335
f 5422 	5412 	5485
f 5743 	5477 	5453
f 5311 	5479 	5482
f 6747 	5002 	6756
f 5468 	4762 	5483
f 5473 	5485 	5411
f 5527 	5549 	5074
f 2726 	2734 	5478
f 5479 	5493 	5482
f 5488 	5529 	6849
f 2734 	5422 	5478
f 3096 	5476 	5335
f 5487 	5490 	3101
f 5318 	5482 	5489
f 4977 	5002 	6747
f 3096 	3101 	5490
f 5422 	5481 	5478
f 5360 	5319 	5489
f 5484 	5422 	5485
f 5491 	5450 	5480
f 5467 	4797 	5367
f 5479 	6044 	5493
f 2734 	2732 	5422
f 5367 	5370 	5467
f 5494 	3096 	5490
f 5482 	5495 	5489
f 5394 	5467 	5414
f 5482 	5493 	5495
f 5503 	5494 	5490
f 5394 	4797 	5467
f 5480 	5450 	5448
f 5489 	5465 	5360
f 5497 	5194 	5445
f 5497 	5197 	5194
f 5489 	5495 	5465
f 5197 	5497 	5499
f 5500 	5430 	5498
f 5430 	5469 	5498
f 5501 	5169 	5496
f 5473 	5499 	5497
f 3725 	5506 	5507
f 5504 	4653 	4960
f 6896 	5461 	5508
f 5458 	5456 	5528
f 4653 	5286 	4656
f 6891 	6884 	6896
f 5490 	5487 	5503
f 5508 	5461 	5486
f 4653 	5504 	5286
f 6849 	5509 	5488
f 3725 	5507 	5511
f 5466 	5512 	5487
f 5074 	4953 	5520
f 531 	319 	5474
f 5504 	5293 	5286
f 5504 	5510 	5293
f 5487 	3101 	5466
f 527 	5474 	5458
f 5510 	5311 	5293
f 5507 	5506 	5375
f 5433 	5432 	5506
f 5475 	5507 	5375
f 5375 	5506 	5432
f 5501 	2201 	5492
f 7058 	6897 	5486
f 5509 	5511 	5475
f 5488 	5509 	5475
f 5466 	6286 	5512
f 5475 	5511 	5507
f 5469 	5500 	5498
f 5530 	5302 	5446
f 5375 	5364 	5475
f 5714 	5889 	5535
f 5714 	5536 	5518
f 5501 	5492 	5519
f 5516 	5374 	5329
f 5436 	4652 	5502
f 5889 	5521 	5535
f 5516 	5382 	5374
f 5517 	5521 	5522
f 5519 	5492 	5520
f 4652 	5500 	5502
f 4169 	4168 	5525
f 5531 	5382 	5516
f 5517 	5522 	5518
f 5436 	5502 	5532
f 5515 	5513 	5514
f 5527 	5492 	5549
f 6090 	5549 	5492
f 5527 	5568 	5492
f 5410 	5476 	5494
f 6849 	5529 	5526
f 5528 	6989 	5451
f 5531 	5516 	5476
f 5520 	5492 	5568
f 527 	5458 	5528
f 5475 	5526 	5529
f 5529 	5488 	5475
f 5527 	5074 	5520
f 5520 	5568 	5527
f 5525 	5491 	5524
f 5410 	5494 	5503
f 5501 	5496 	2201
f 5535 	5536 	5714
f 5536 	5535 	6643
f 5517 	5518 	5536
f 6643 	6639 	5536
f 5503 	5523 	5410
f 5521 	6738 	5535
f 789 	750 	5537
f 5542 	5583 	5533
f 527 	5528 	5451
f 8815 	5530 	5532
f 5534 	5355 	5533
f 5530 	8815 	9014
f 5476 	5555 	5531
f 739 	5537 	744
f 807 	5541 	739
f 4458 	5534 	4472
f 739 	5541 	5537
f 4458 	5355 	5534
f 5359 	5533 	5355
f 5436 	5532 	5530
f 789 	5537 	5505
f 5436 	5530 	5446
f 5359 	5385 	5533
f 5500 	5468 	5502
f 5410 	5555 	5476
f 5543 	5547 	6090
f 5468 	5532 	5502
f 90 	5540 	89
f 5500 	5469 	5468
f 5537 	5541 	1677
f 5545 	90 	108
f 5548 	5549 	5547
f 6090 	5547 	5549
f 5095 	5548 	5361
f 5547 	5361 	5548
f 89 	5540 	5553
f 807 	893 	5541
f 5547 	5543 	5361
f 5523 	5409 	5410
f 5095 	5074 	5548
f 5550 	5546 	5597
f 5545 	5540 	90
f 8501 	5112 	84
f 5553 	84 	89
f 5555 	5410 	5409
f 1116 	6645 	2422
f 5546 	5550 	5567
f 9051 	9050 	3360
f 5538 	3956 	5264
f 5550 	5558 	5567
f 5555 	5409 	5952
f 5550 	4480 	5558
f 5559 	3956 	5538
f 3373 	3360 	9050
f 5546 	5578 	5597
f 5563 	5564 	5263
f 5565 	5417 	5531
f 5533 	5558 	5534
f 5564 	5566 	5538
f 5566 	5559 	5538
f 1415 	1149 	5560
f 5513 	5515 	5561
f 5531 	5555 	5565
f 5599 	5564 	5563
f 5571 	5523 	5570
f 5409 	5523 	5571
f 5539 	5044 	5543
f 5557 	1415 	5560
f 3945 	5559 	5575
f 5539 	5554 	5419
f 5562 	5597 	5578
f 3958 	5575 	5581
f 5574 	5586 	5611
f 5567 	5582 	5546
f 5578 	5546 	5582
f 5581 	5268 	3958
f 5583 	5567 	5533
f 5582 	5567 	5583
f 5581 	2054 	5268
f 2054 	1681 	5268
f 5533 	5567 	5558
f 5566 	5585 	5559
f 5575 	5559 	5585
f 5585 	5587 	5575
f 5587 	5581 	5575
f 4480 	5534 	5558
f 5587 	5589 	5581
f 5588 	1225 	1222
f 5589 	2054 	5581
f 1144 	1225 	5588
f 5589 	2062 	2054
f 1144 	5588 	5644
f 5582 	5562 	5578
f 5583 	5562 	5582
f 5588 	1222 	5584
f 5583 	5387 	5562
f 5638 	5586 	5574
f 5385 	5583 	5542
f 5597 	5562 	5592
f 5503 	5570 	5523
f 5629 	5627 	5373
f 5378 	5618 	5373
f 5618 	5629 	5373
f 5227 	5594 	5563
f 5550 	5597 	5595
f 5600 	5421 	5404
f 5571 	5606 	5596
f 5642 	5588 	5586
f 5630 	5599 	5594
f 5594 	5599 	5563
f 5577 	5697 	5576
f 5597 	5600 	5595
f 5599 	5566 	5564
f 5427 	5421 	5600
f 5600 	5597 	5627
f 5600 	5627 	5629
f 5629 	5618 	5600
f 5618 	5617 	5600
f 5589 	5659 	2062
f 5920 	5602 	5604
f 5597 	5592 	5627
f 4520 	5550 	5595
f 5595 	5600 	5404
f 5607 	5602 	5601
f 5540 	5603 	5553
f 5602 	5607 	5574
f 5605 	5598 	5608
f 5540 	5545 	5603
f 5656 	5686 	5609
f 5609 	5566 	5599
f 5571 	5804 	5409
f 5602 	5574 	5604
f 5532 	5551 	8815
f 5609 	5585 	5566
f 5609 	5587 	5585
f 5379 	5574 	5611
f 5686 	5659 	5609
f 5659 	5587 	5609
f 5595 	4441 	4520
f 5659 	5589 	5587
f 5586 	5588 	5611
f 5427 	5600 	5617
f 5612 	5613 	5599
f 5379 	5604 	5574
f 5615 	5616 	5580
f 5615 	5681 	5616
f 5468 	5551 	5532
f 104 	5614 	5809
f 5584 	5381 	5611
f 1222 	5381 	5584
f 5619 	5613 	5612
f 6072 	2744 	5424
f 5570 	5606 	5571
f 5620 	5615 	5580
f 5468 	5483 	5551
f 5621 	5622 	5623
f 5668 	5614 	5643
f 5611 	5588 	5584
f 5618 	5378 	5617
f 5376 	5444 	5378
f 104 	5655 	5614
f 5625 	5658 	5633
f 104 	109 	5655
f 6959 	5621 	5623
f 5607 	5601 	5652
f 5630 	5429 	5626
f 4275 	5658 	5625
f 5630 	5594 	5429
f 5599 	5630 	5632
f 5663 	5631 	5607
f 5562 	5373 	5592
f 5592 	5373 	5627
f 6959 	5623 	5622
f 5631 	5574 	5607
f 4242 	5633 	5861
f 5635 	5636 	5471
f 5637 	5636 	5639
f 6161 	129 	130
f 4242 	5625 	5633
f 5631 	5638 	5574
f 6556 	5610 	5606
f 5632 	5612 	5599
f 5638 	5642 	5586
f 5640 	5641 	5327
f 5588 	5642 	5644
f 5639 	6959 	5637
f 5645 	5636 	5635
f 5645 	5639 	5636
f 9050 	5590 	3373
f 5646 	5632 	5630
f 5556 	5638 	5670
f 5640 	7199 	5641
f 5556 	5642 	5638
f 5642 	5556 	5557
f 5645 	5962 	5639
f 5621 	5648 	5622
f 5630 	5626 	5857
f 5642 	5557 	5560
f 7199 	5650 	5641
f 5649 	5648 	5621
f 5700 	5649 	5621
f 5642 	5560 	5644
f 5619 	5612 	5632
f 5647 	2026 	2024
f 5640 	5327 	5634
f 5644 	5560 	1149
f 5644 	1149 	1144
f 5647 	2016 	2026
f 5346 	5641 	5650
f 3375 	3373 	5580
f 5647 	2317 	2032
f 5651 	5652 	6334
f 5651 	5654 	5652
f 5398 	5347 	5650
f 5647 	2032 	2016
f 5655 	5628 	5643
f 129 	5628 	5655
f 5475 	5650 	5459
f 5625 	4228 	4275
f 5655 	5643 	5614
f 5475 	5398 	5650
f 528 	5660 	5657
f 3253 	5658 	4275
f 5651 	6334 	5827
f 5590 	5661 	3373
f 5654 	5663 	5652
f 4275 	2516 	3253
f 5053 	5662 	5660
f 5663 	5607 	5652
f 5662 	5657 	5660
f 5660 	5047 	5053
f 5648 	5649 	6959
f 5622 	5648 	6959
f 5660 	528 	5047
f 5661 	5580 	3373
f 5657 	5662 	252
f 5661 	5590 	5669
f 5662 	2014 	252
f 5662 	2015 	2014
f 5643 	5667 	5668
f 5666 	5631 	5663
f 5667 	5643 	5875
f 5666 	5638 	5631
f 5661 	5620 	5580
f 5667 	5664 	5668
f 4368 	4389 	5624
f 5670 	5638 	5666
f 5689 	2155 	2062
f 5689 	5707 	2155
f 5671 	1998 	5685
f 5672 	5673 	6170
f 1977 	1998 	5671
f 5669 	5620 	5661
f 5613 	5677 	5609
f 5636 	5674 	5763
f 1977 	5671 	2024
f 6182 	5673 	5672
f 5675 	5680 	5670
f 5678 	5615 	5676
f 5636 	5637 	5674
f 5679 	5674 	5637
f 5615 	5620 	5676
f 5619 	5677 	5613
f 5556 	5670 	5680
f 5649 	5700 	5674
f 5649 	5674 	5679
f 5678 	5681 	5615
f 5613 	5609 	5599
f 5682 	5556 	5680
f 5649 	5679 	6959
f 6959 	5679 	5637
f 5673 	6221 	5672
f 5556 	5682 	5684
f 5685 	1998 	5694
f 4384 	5933 	4382
f 5687 	5688 	6892
f 5656 	5609 	5677
f 5687 	6892 	5690
f 5683 	2317 	5671
f 5682 	5691 	5684
f 5688 	5687 	5228
f 5683 	2326 	2317
f 5684 	5557 	5556
f 5683 	1997 	1995
f 5665 	5624 	4389
f 5686 	5689 	5659
f 1415 	5557 	5684
f 3375 	5616 	3378
f 3375 	5580 	5616
f 5685 	5683 	5671
f 5691 	1415 	5684
f 5691 	1419 	1415
f 2272 	6072 	6090
f 2317 	5647 	5671
f 5689 	2062 	5659
f 5591 	5681 	5678
f 5690 	5228 	5687
f 5692 	4746 	4744
f 5685 	5694 	5683
f 5683 	1995 	2309
f 5678 	5590 	5591
f 5683 	2309 	2326
f 4651 	4545 	5723
f 5619 	5695 	5677
f 5695 	5696 	5656
f 5691 	5682 	5698
f 5692 	4744 	4724
f 5669 	5676 	5620
f 4368 	5693 	5692
f 5590 	5678 	5669
f 5539 	6090 	5554
f 4368 	5624 	5693
f 5701 	5681 	5591
f 5669 	5678 	5676
f 5698 	1556 	5691
f 1556 	1419 	5691
f 4561 	5726 	4545
f 5697 	5702 	5703
f 5703 	5704 	5705
f 5656 	5677 	5695
f 5696 	5686 	5656
f 5707 	5689 	5696
f 6930 	5731 	4561
f 5701 	5616 	5681
f 5731 	6930 	5733
f 6892 	5688 	5733
f 5706 	915 	930
f 5701 	3378 	5616
f 5706 	930 	5708
f 3378 	5701 	3396
f 5696 	5689 	5686
f 5728 	4561 	5729
f 930 	965 	5708
f 2155 	5707 	5711
f 5710 	5704 	5702
f 5703 	5702 	5704
f 2512 	2513 	5706
f 5699 	4746 	5692
f 5809 	5702 	5603
f 5706 	5708 	2512
f 5313 	5312 	5246
f 5228 	5246 	5794
f 5712 	5713 	5709
f 2162 	5711 	2225
f 5717 	5821 	5889
f 5700 	5621 	5653
f 5809 	5710 	5702
f 2502 	5718 	5727
f 5711 	2162 	2155
f 5720 	5665 	5719
f 5714 	5518 	5716
f 5732 	5714 	5716
f 5619 	5721 	5695
f 5715 	5817 	5722
f 5695 	7261 	5696
f 4651 	5723 	5724
f 2335 	5725 	5718
f 5665 	5720 	5624
f 5723 	4545 	5726
f 5728 	5726 	4561
f 5732 	5716 	5730
f 5729 	4561 	5731
f 5693 	5624 	5720
f 6892 	5733 	6930
f 6963 	5735 	5722
f 5693 	5734 	5692
f 5794 	5724 	5726
f 5794 	5726 	5228
f 5719 	5734 	5720
f 5945 	2225 	5711
f 5723 	5726 	5724
f 5734 	5693 	5720
f 5735 	6963 	6965
f 5722 	5735 	5730
f 5722 	5730 	5715
f 5737 	6170 	5673
f 5726 	5728 	5228
f 5228 	5731 	5733
f 5674 	5700 	5738
f 5737 	5719 	5665
f 5728 	5729 	5228
f 5731 	5228 	5729
f 5730 	5735 	5732
f 5228 	5733 	5688
f 6182 	5737 	5673
f 5735 	5747 	5732
f 5717 	5732 	5747
f 5735 	5698 	5682
f 4141 	323 	5450
f 5450 	5491 	5739
f 5593 	6925 	5738
f 5181 	5371 	5736
f 5739 	4141 	5450
f 5738 	5700 	5593
f 5699 	5692 	5734
f 5135 	5450 	323
f 5740 	5741 	5712
f 5778 	4587 	4589
f 5725 	5727 	5718
f 5525 	5739 	5491
f 2335 	5113 	5725
f 6182 	6221 	5737
f 5698 	5735 	6965
f 5525 	4168 	5739
f 5713 	5741 	5742
f 5348 	5727 	5744
f 5698 	6965 	6645
f 6221 	5673 	5737
f 5697 	5603 	5702
f 6645 	1556 	5698
f 5741 	5713 	5712
f 5370 	5699 	5743
f 5713 	5742 	5736
f 5742 	5184 	5181
f 1556 	6645 	1116
f 4583 	5764 	5766
f 5710 	5753 	5704
f 5727 	5358 	5744
f 5759 	5753 	5710
f 5742 	5181 	5736
f 5747 	5680 	5675
f 6925 	6979 	5738
f 4141 	5739 	4168
f 5682 	5747 	5735
f 5747 	5682 	5680
f 5704 	5753 	5705
f 5748 	5749 	5740
f 5765 	5750 	5338
f 5751 	5744 	5358
f 5255 	5338 	5750
f 5752 	5423 	5255
f 5255 	5750 	5752
f 5751 	5800 	5396
f 5752 	5429 	5423
f 5348 	5751 	5397
f 5348 	5744 	5751
f 5715 	5730 	5894
f 5800 	5751 	5382
f 5593 	5700 	5653
f 5749 	5741 	5740
f 5750 	5840 	5752
f 5358 	5382 	5751
f 5741 	5749 	5742
f 5745 	5705 	5753
f 5754 	4587 	5756
f 5749 	5194 	5742
f 5397 	5751 	5396
f 5194 	5184 	5742
f 5746 	5658 	3253
f 5786 	5776 	4589
f 4589 	4588 	5786
f 5749 	5748 	7643
f 5738 	5763 	5674
f 4587 	5778 	5780
f 5760 	5762 	5399
f 5757 	2565 	2519
f 7643 	5445 	5749
f 4583 	4573 	5764
f 5315 	5762 	5765
f 5749 	5445 	5194
f 5765 	5338 	5315
f 5760 	5769 	5762
f 5710 	5784 	5759
f 5787 	4588 	5785
f 6942 	5785 	4588
f 5770 	5773 	6975
f 5769 	5771 	5762
f 5762 	5771 	5774
f 5759 	5772 	5753
f 5766 	5764 	8146
f 5754 	5756 	8146
f 5755 	5754 	8146
f 5758 	5766 	8146
f 8153 	8146 	5756
f 5762 	5774 	5765
f 5764 	5755 	8146
f 5774 	5775 	5750
f 5777 	4589 	5776
f 5789 	5803 	5899
f 4589 	5777 	5778
f 5774 	5750 	5765
f 5772 	5759 	5951
f 5750 	5775 	5840
f 5756 	4587 	5780
f 5805 	2784 	5790
f 5776 	8153 	5777
f 5778 	5777 	8153
f 5756 	5780 	8153
f 5778 	8153 	5780
f 5768 	5880 	5781
f 4910 	4633 	5077
f 5954 	5784 	5782
f 5760 	5845 	5769
f 5782 	5668 	5664
f 5784 	5710 	5782
f 5771 	5769 	5845
f 5789 	5899 	5788
f 5784 	5951 	5759
f 5787 	5785 	5786
f 5785 	8153 	5786
f 5776 	5786 	8153
f 5781 	5789 	5768
f 5805 	5790 	4758
f 6006 	5863 	5783
f 5788 	5768 	5789
f 5310 	4651 	5794
f 5716 	5894 	5730
f 5779 	4758 	5790
f 5732 	5717 	5889
f 5788 	5899 	5796
f 4651 	5724 	5794
f 3311 	5797 	5805
f 5795 	5748 	5783
f 5796 	5675 	5788
f 5788 	5675 	5768
f 7641 	5748 	5795
f 5795 	5783 	5842
f 2784 	5779 	5790
f 5812 	5898 	5791
f 5988 	5783 	5748
f 5796 	5899 	5799
f 5791 	5396 	5812
f 5798 	4677 	4662
f 5812 	5396 	5800
f 5798 	4713 	4677
f 5675 	5796 	5747
f 5799 	5747 	5796
f 5771 	5850 	5774
f 5849 	2128 	5797
f 5761 	3253 	5835
f 5798 	5942 	5897
f 2034 	2592 	5802
f 5888 	5798 	5897
f 2034 	5802 	5403
f 7384 	5899 	5801
f 5805 	5797 	2128
f 5801 	5803 	5781
f 5806 	5403 	5802
f 5403 	5806 	5413
f 2128 	2784 	5805
f 5953 	5753 	5772
f 5808 	5413 	5806
f 5808 	5415 	5413
f 5417 	5800 	5382
f 5746 	3253 	5761
f 5808 	5811 	5415
f 3444 	5810 	3539
f 5803 	5789 	5781
f 5760 	5395 	5811
f 5715 	5894 	5817
f 2592 	5816 	5802
f 5614 	5668 	5809
f 5417 	5565 	5812
f 5809 	5782 	5710
f 5817 	5891 	5820
f 5899 	5889 	5821
f 5746 	5633 	5658
f 5799 	5899 	5821
f 5668 	5782 	5809
f 5895 	5898 	5812
f 5820 	5722 	5817
f 5717 	5747 	5821
f 5821 	5747 	5799
f 5633 	5885 	5861
f 5813 	5822 	5891
f 5820 	5891 	5822
f 5812 	5800 	5417
f 5885 	5633 	5746
f 5813 	7017 	5822
f 5814 	5793 	5815
f 5802 	5818 	5806
f 5933 	4384 	4242
f 5802 	5816 	5818
f 5793 	5836 	5815
f 5792 	4242 	5861
f 4886 	5824 	5819
f 5822 	6961 	5820
f 5826 	5811 	5808
f 5793 	5795 	5836
f 5933 	4242 	5792
f 5825 	5823 	2579
f 2592 	6040 	5816
f 5816 	6040 	6051
f 4846 	4886 	5819
f 5816 	6051 	5818
f 5862 	5823 	5825
f 5810 	3444 	5819
f 5855 	5849 	5810
f 5870 	5052 	5829
f 6322 	5833 	5761
f 5832 	5834 	5827
f 5830 	5991 	5829
f 5761 	5835 	6322
f 5835 	6320 	6322
f 6055 	5811 	5826
f 5835 	3108 	6320
f 5830 	5831 	5991
f 5834 	5651 	5827
f 5875 	5844 	5667
f 5806 	5818 	6051
f 5651 	5834 	5837
f 5651 	5837 	5838
f 2565 	5825 	2519
f 2607 	5909 	5846
f 5833 	5746 	5761
f 5834 	5839 	5837
f 5775 	5856 	5840
f 5839 	5838 	5837
f 6661 	5864 	5828
f 6679 	5865 	5847
f 5840 	5626 	5429
f 2541 	5823 	5862
f 5840 	5429 	5752
f 5838 	5654 	5651
f 5858 	5843 	8221
f 5841 	8221 	5843
f 2565 	2607 	5825
f 5875 	5643 	5628
f 5838 	5663 	5654
f 8221 	5874 	5858
f 5838 	5666 	5663
f 5877 	5052 	5870
f 6046 	5849 	5855
f 5810 	3530 	3539
f 5871 	5834 	5832
f 5843 	5852 	5841
f 6046 	2128 	5849
f 3530 	5810 	5849
f 5771 	5845 	5850
f 5783 	6759 	5842
f 5839 	5768 	5853
f 5854 	5775 	5774
f 5839 	5853 	5838
f 5774 	5850 	5854
f 5853 	5666 	5838
f 5856 	5775 	5854
f 5856 	5626 	5840
f 5670 	5666 	5853
f 5073 	5855 	5824
f 5847 	5865 	5863
f 5856 	5857 	5626
f 5819 	5824 	5855
f 5810 	5819 	5855
f 5768 	5675 	5853
f 3253 	3108 	5835
f 5675 	5670 	5853
f 5073 	6156 	5855
f 5845 	5903 	5850
f 5846 	2602 	2541
f 5851 	5792 	5861
f 5859 	5851 	5861
f 5984 	5667 	5844
f 6759 	7667 	5842
f 5846 	2541 	5862
f 5858 	5874 	5852
f 5843 	5858 	5852
f 5825 	2607 	5862
f 5866 	2544 	5909
f 5863 	5865 	5783
f 5867 	5905 	5893
f 2607 	5866 	5909
f 5868 	5860 	7194
f 5857 	5646 	5630
f 6660 	5864 	5865
f 5783 	5865 	5864
f 6759 	5783 	6661
f 5871 	5860 	5868
f 5872 	5856 	5854
f 5864 	6661 	5783
f 5872 	5873 	5857
f 5870 	5829 	5991
f 5628 	5972 	5875
f 5795 	5842 	5836
f 5860 	5871 	5832
f 5871 	5878 	5834
f 5848 	5876 	5875
f 5839 	5834 	5878
f 5874 	5877 	5852
f 5991 	5852 	5870
f 2607 	5396 	5791
f 5176 	5160 	5879
f 5877 	5870 	5852
f 2607 	5757 	5396
f 5866 	2607 	5791
f 5871 	5880 	5878
f 5872 	5857 	5856
f 5880 	5839 	5878
f 5866 	5791 	5898
f 5646 	5857 	5873
f 5898 	2544 	5866
f 5873 	5882 	5646
f 5880 	5768 	5839
f 5882 	5883 	5632
f 5798 	5947 	5942
f 5883 	5619 	5632
f 7300 	5871 	7301
f 5721 	5619 	5883
f 5208 	5210 	5962
f 5880 	5871 	7300
f 5798 	5888 	5887
f 5882 	5632 	5646
f 2594 	5884 	5886
f 5891 	5521 	5889
f 5521 	5891 	5894
f 5895 	5884 	5898
f 5896 	5522 	5521
f 5833 	6358 	5885
f 5895 	5886 	5884
f 5746 	5833 	5885
f 5896 	5521 	5894
f 5893 	5879 	5867
f 5892 	5895 	5812
f 5897 	5887 	5888
f 5889 	5899 	5891
f 5894 	7755 	5896
f 5879 	5893 	5901
f 5875 	5876 	5844
f 5891 	5817 	5894
f 5900 	5845 	5760
f 5900 	5902 	5845
f 337 	5876 	338
f 5902 	5903 	5845
f 5712 	5709 	5881
f 5892 	2621 	2547
f 5890 	5867 	5869
f 5890 	5905 	5867
f 5905 	5471 	5636
f 5890 	5471 	5905
f 258 	5876 	337
f 5904 	5927 	5906
f 5906 	5927 	5907
f 5848 	6158 	338
f 5714 	5732 	5889
f 5471 	5890 	5208
f 338 	5876 	5848
f 5906 	5907 	5773
f 5904 	5906 	5773
f 6464 	5904 	5773
f 2593 	5898 	5884
f 5908 	5311 	5510
f 5635 	5471 	5208
f 5881 	5773 	5907
f 5763 	5963 	5636
f 5909 	5916 	5846
f 5910 	5887 	5923
f 5911 	5887 	5910
f 5908 	5479 	5311
f 6234 	5941 	5940
f 5881 	5907 	5913
f 5851 	5859 	6039
f 5941 	6234 	5943
f 5798 	5887 	4713
f 5907 	5927 	5913
f 4710 	4713 	5887
f 2544 	2621 	5916
f 5916 	2621 	2623
f 5917 	5918 	5602
f 5911 	5910 	5919
f 5602 	5920 	5917
f 5964 	5966 	5881
f 5913 	5964 	5881
f 5914 	5602 	5918
f 5916 	2602 	5846
f 5921 	5922 	5996
f 5909 	2544 	5916
f 5923 	5897 	5924
f 5926 	5924 	5897
f 5924 	5919 	5923
f 5910 	5923 	5919
f 2593 	5884 	2594
f 5974 	5973 	5926
f 5930 	5831 	5887
f 5929 	5930 	5887
f 5929 	5887 	5911
f 8211 	5887 	5831
f 5913 	5927 	5931
f 5897 	5923 	5887
f 5911 	5919 	5929
f 5930 	5929 	5919
f 5850 	5932 	5854
f 5850 	5903 	5932
f 5982 	5984 	5844
f 5831 	5930 	5991
f 5895 	5892 	2547
f 5872 	5854 	5932
f 5955 	5922 	5921
f 5895 	2594 	5886
f 5991 	5930 	5919
f 2594 	5895 	2547
f 5876 	6022 	5844
f 5915 	5914 	5472
f 5914 	5918 	5472
f 5917 	5472 	5918
f 5876 	403 	5939
f 258 	403 	5876
f 5902 	5935 	5903
f 5917 	5920 	5472
f 5935 	5932 	5903
f 5876 	5939 	5938
f 7375 	5932 	5935
f 403 	6657 	5939
f 5932 	7375 	5872
f 4382 	5933 	5937
f 2646 	2692 	6038
f 6022 	5876 	5938
f 5426 	5472 	5920
f 5983 	5934 	5985
f 2592 	2646 	6038
f 5942 	5936 	5973
f 5943 	6236 	5944
f 5812 	5565 	5555
f 6236 	5915 	5944
f 6595 	6018 	5938
f 5947 	5946 	5936
f 5941 	5998 	5940
f 5804 	5949 	5409
f 5948 	2225 	5945
f 5941 	5943 	5998
f 5792 	5851 	5933
f 5571 	5596 	5804
f 5946 	5947 	4703
f 5851 	5999 	5933
f 5807 	5804 	5596
f 5798 	4703 	5947
f 5949 	5952 	5409
f 5944 	5472 	5943
f 5942 	5947 	5936
f 5665 	4389 	5950
f 5807 	5949 	5804
f 5807 	5596 	5949
f 5944 	5915 	5472
f 7406 	5695 	5721
f 5606 	5949 	5596
f 5784 	5954 	5951
f 5949 	5610 	5952
f 4382 	5950 	4389
f 5606 	5610 	5949
f 5931 	5927 	6251
f 5951 	5953 	5772
f 5931 	6253 	6255
f 5955 	5921 	5912
f 6191 	6192 	5961
f 5959 	5812 	5555
f 5555 	5952 	5960
f 5940 	5998 	5956
f 5937 	5957 	5950
f 4382 	5937 	5950
f 5931 	6255 	5968
f 5981 	5977 	5936
f 5969 	6255 	5971
f 5954 	6227 	5951
f 5948 	7481 	2715
f 2715 	7481 	7502
f 5913 	5931 	5964
f 5931 	5966 	5964
f 5636 	5963 	5905
f 5893 	5905 	5963
f 5942 	5973 	5974
f 5931 	5968 	5966
f 5897 	5974 	5926
f 5974 	5897 	5942
f 5936 	5934 	5983
f 5972 	5628 	129
f 5983 	5994 	5936
f 5555 	5960 	5959
f 5965 	6158 	5848
f 5965 	5848 	5875
f 5973 	5936 	5977
f 5972 	5965 	5875
f 5975 	5902 	5900
f 5635 	5208 	5962
f 5935 	5902 	5975
f 5919 	5924 	5973
f 5924 	5926 	5973
f 5973 	5977 	5919
f 5978 	6004 	5976
f 5966 	5968 	5881
f 5979 	5782 	5664
f 5968 	5969 	5881
f 5971 	5881 	5969
f 5919 	5977 	5991
f 7575 	7577 	5970
f 5958 	5998 	5967
f 5977 	5981 	5991
f 5645 	5635 	5962
f 5984 	5979 	5664
f 5782 	5979 	5954
f 5979 	5984 	5997
f 6000 	5994 	5983
f 6959 	5639 	5962
f 5984 	5664 	5667
f 5988 	5748 	5740
f 5992 	5993 	6265
f 5982 	5844 	6022
f 5990 	5470 	5495
f 5991 	6019 	5852
f 6022 	5980 	5982
f 5989 	5962 	5986
f 5981 	5936 	5994
f 5990 	6007 	5998
f 5983 	6059 	6002
f 5995 	5997 	5980
f 5933 	5987 	5937
f 5991 	5981 	5994
f 5812 	5959 	5978
f 5983 	6002 	6000
f 5990 	5998 	5470
f 6003 	5993 	5992
f 5998 	5472 	5470
f 6000 	6002 	5991
f 5994 	6000 	5991
f 5971 	6265 	5993
f 5210 	5225 	5962
f 6002 	6059 	5991
f 6057 	5991 	6059
f 7579 	5975 	5970
f 5225 	5912 	5962
f 5956 	5998 	5958
f 5970 	7577 	7579
f 5881 	5971 	6003
f 5993 	6003 	5971
f 5912 	5921 	5962
f 8422 	5985 	5934
f 6004 	5959 	5960
f 6556 	5960 	5952
f 5975 	7518 	5935
f 6556 	6004 	5960
f 5978 	5959 	6004
f 2729 	6012 	6008
f 5980 	5997 	5982
f 5921 	5996 	5986
f 6010 	5986 	5996
f 5999 	6001 	5987
f 5997 	5954 	5979
f 5999 	5987 	5933
f 5997 	5984 	5982
f 6011 	6012 	2729
f 6012 	6009 	6008
f 6022 	6018 	6017
f 6022 	6017 	5995
f 6009 	6012 	6023
f 5995 	5980 	6022
f 6021 	5479 	5908
f 6042 	6021 	6016
f 6014 	6167 	6015
f 2729 	2720 	6011
f 8268 	5852 	6025
f 6021 	6042 	6044
f 6022 	5938 	6018
f 5962 	5921 	5986
f 6190 	6224 	6028
f 6011 	7627 	6012
f 5987 	5957 	5937
f 7627 	7630 	6012
f 7328 	7507 	6020
f 6012 	7632 	6023
f 6012 	7630 	7632
f 6023 	7575 	5970
f 6031 	6608 	5961
f 6271 	8227 	6024
f 5783 	5988 	6034
f 6027 	6033 	5988
f 6019 	6025 	5852
f 6038 	6040 	2592
f 5783 	6029 	6030
f 6038 	6009 	6076
f 6041 	6043 	4751
f 6032 	5783 	6030
f 6044 	5479 	6021
f 5934 	5936 	6041
f 6034 	6029 	5783
f 5946 	6043 	5936
f 5424 	6037 	6072
f 6041 	5936 	6043
f 6043 	5946 	4782
f 6043 	4782 	4751
f 6042 	6048 	6049
f 5855 	6153 	6046
f 4782 	5946 	4703
f 6045 	6050 	6047
f 6075 	6153 	6173
f 6040 	6076 	6083
f 5983 	5985 	6056
f 6040 	6083 	6051
f 6042 	6049 	6044
f 6054 	5493 	6044
f 6055 	5826 	5808
f 6056 	6057 	5983
f 5985 	8422 	6066
f 5985 	6066 	6058
f 5985 	6058 	6056
f 6044 	6049 	6054
f 5983 	6057 	6059
f 7379 	7401 	6052
f 5990 	5493 	6054
f 6057 	6056 	5991
f 6067 	2842 	6197
f 6058 	5991 	6056
f 2842 	6212 	6197
f 5493 	5990 	5495
f 6075 	6060 	6037
f 6062 	5808 	5806
f 6037 	6046 	6075
f 6062 	6055 	5808
f 6046 	6153 	6075
f 6052 	2842 	6067
f 6062 	6069 	6055
f 6061 	6019 	6063
f 6069 	5900 	6055
f 6054 	6049 	6007
f 6064 	5991 	6065
f 6058 	6066 	5991
f 6007 	5990 	6054
f 6066 	6065 	5991
f 6037 	6060 	6072
f 4754 	6105 	4749
f 6090 	6072 	6060
f 5806 	6051 	6062
f 4749 	6105 	6107
f 5811 	6055 	5900
f 6062 	5970 	6069
f 6064 	8409 	6063
f 6065 	8409 	6064
f 6098 	5976 	6004
f 5811 	5900 	5760
f 2692 	6009 	6038
f 5978 	2621 	5892
f 6074 	6042 	6016
f 6040 	6038 	6076
f 5976 	2623 	5978
f 6064 	6019 	5991
f 5978 	2623 	2621
f 5812 	5978 	5892
f 6071 	5165 	6078
f 5165 	6088 	6078
f 6081 	6082 	2857
f 6237 	2863 	2864
f 6100 	6102 	6080
f 6078 	6073 	6071
f 6083 	6062 	6051
f 6078 	6074 	6073
f 6084 	6080 	6079
f 6009 	6023 	6076
f 6074 	6078 	6048
f 6083 	6076 	6023
f 2863 	6237 	6081
f 6083 	5970 	6062
f 6081 	6085 	6082
f 6023 	5970 	6083
f 6074 	6048 	6042
f 6085 	6086 	6082
f 6107 	6104 	6084
f 5975 	5900 	6069
f 6107 	6084 	6087
f 6087 	6079 	8599
f 6079 	6087 	6084
f 6069 	5970 	5975
f 6078 	6089 	6048
f 4761 	4760 	6087
f 6078 	6088 	6089
f 4581 	6144 	6091
f 6089 	6049 	6048
f 6089 	6007 	6049
f 5437 	6088 	5168
f 6088 	6526 	6089
f 6075 	6090 	6060
f 6088 	5437 	6526
f 6102 	6095 	6080
f 6095 	6094 	6080
f 6070 	6085 	6081
f 6093 	4629 	6092
f 6061 	6094 	6019
f 6064 	6063 	6019
f 4602 	6093 	6120
f 6090 	7316 	6053
f 6086 	6085 	6070
f 6094 	6095 	6019
f 6096 	4955 	5030
f 6080 	6097 	6100
f 6098 	2975 	3776
f 6102 	6100 	6019
f 6090 	6075 	6077
f 6100 	6206 	6019
f 6090 	6077 	7321
f 6090 	7321 	7316
f 2864 	2975 	6098
f 5928 	6098 	3776
f 6095 	6102 	6019
f 6097 	6187 	6100
f 6104 	6110 	6097
f 6080 	6104 	6097
f 6080 	6084 	6104
f 6106 	6103 	6105
f 6103 	6104 	6105
f 6107 	6105 	6104
f 6105 	4754 	6106
f 5928 	2623 	5976
f 6092 	6116 	6093
f 6090 	6053 	5554
f 5928 	5976 	6098
f 6087 	4760 	6107
f 6103 	6109 	6104
f 6104 	6109 	6110
f 6090 	5539 	5543
f 6097 	6110 	6187
f 6206 	6100 	6187
f 6114 	6077 	6075
f 6109 	6187 	6110
f 6111 	6112 	4831
f 4802 	4831 	6112
f 6111 	6113 	6112
f 6113 	6118 	6112
f 6112 	6119 	6117
f 6114 	5767 	6979
f 4832 	6124 	4831
f 6111 	4831 	6124
f 6092 	4629 	4579
f 6111 	6124 	6113
f 6091 	4579 	4581
f 6114 	6979 	6077
f 6091 	6092 	4579
f 6119 	6112 	6118
f 6091 	6101 	6116
f 5767 	6114 	6068
f 6116 	6092 	6091
f 6119 	6115 	6117
f 6068 	5763 	5767
f 6119 	6154 	6115
f 6125 	6119 	6123
f 6118 	6123 	6119
f 6122 	4860 	4572
f 6122 	4572 	4826
f 4835 	6120 	6122
f 6122 	6116 	4860
f 6123 	6118 	6124
f 6120 	6093 	6122
f 6113 	6124 	6118
f 6125 	6126 	6119
f 6127 	6128 	6121
f 6121 	6116 	6101
f 6116 	6121 	6128
f 6116 	6122 	6093
f 4860 	6116 	6128
f 6127 	4860 	6128
f 4860 	6127 	6130
f 6130 	4844 	4860
f 6130 	6127 	6121
f 6130 	6129 	4844
f 6134 	6135 	6133
f 6135 	6136 	6133
f 6131 	6130 	6137
f 6135 	6134 	6137
f 6135 	6137 	6136
f 6137 	6130 	6121
f 6137 	6138 	6139
f 6138 	6402 	6139
f 6138 	6137 	6121
f 6121 	6101 	6138
f 6133 	6140 	6134
f 6134 	6131 	6137
f 6134 	6140 	6141
f 6141 	6142 	6134
f 6132 	6131 	6134
f 6134 	6142 	6132
f 6143 	6136 	6137
f 6139 	6143 	6137
f 5082 	6146 	6145
f 6144 	6145 	6146
f 6144 	4581 	6165
f 6146 	5082 	5085
f 6145 	6144 	6165
f 6165 	5072 	6145
f 6149 	5085 	3821
f 3821 	6148 	6149
f 6148 	6150 	6149
f 6099 	4955 	6096
f 5504 	4960 	6099
f 6159 	6115 	6154
f 6075 	6068 	6114
f 6151 	6014 	6015
f 6123 	6124 	6125
f 6126 	6125 	6124
f 6015 	6020 	6151
f 6154 	6119 	6126
f 6261 	5987 	6036
f 6152 	6099 	6096
f 6264 	6036 	6035
f 6285 	6144 	6150
f 6099 	6152 	5510
f 6018 	7066 	7064
f 6144 	6149 	6150
f 6081 	6237 	6070
f 5965 	6047 	6158
f 6146 	6149 	6144
f 6153 	5855 	6156
f 6050 	6158 	6047
f 6149 	6146 	5085
f 5665 	5950 	6157
f 130 	414 	6161
f 6124 	7442 	6154
f 5972 	129 	6161
f 6151 	6163 	6014
f 6173 	6162 	6160
f 6154 	6126 	6124
f 5908 	5510 	6152
f 6099 	5510 	5504
f 6163 	6070 	6014
f 6163 	6086 	6070
f 6157 	5950 	5957
f 6171 	9097 	6159
f 5908 	6152 	6164
f 6021 	5908 	6164
f 414 	6047 	5965
f 6016 	6021 	6164
f 6098 	7150 	6211
f 414 	5965 	6161
f 6098 	6004 	7150
f 5972 	6161 	5965
f 6158 	6045 	522
f 6032 	6006 	5783
f 6158 	6050 	6045
f 7353 	7354 	6168
f 6155 	6168 	6167
f 6298 	3863 	5576
f 6170 	5737 	6157
f 6157 	5737 	5665
f 7971 	6172 	5039
f 6203 	6193 	7971
f 6169 	6347 	6311
f 6014 	6070 	6167
f 6181 	9100 	6176
f 6202 	6203 	7971
f 6172 	7971 	6178
f 6200 	6259 	6169
f 6175 	6177 	7442
f 6159 	6154 	7442
f 6172 	6178 	6174
f 6176 	6175 	7442
f 6096 	5030 	6174
f 6169 	7366 	6353
f 6177 	6171 	7442
f 3835 	3876 	6201
f 6171 	6159 	7442
f 6180 	5672 	6170
f 6230 	6201 	3876
f 7971 	5239 	6202
f 6180 	6170 	6182
f 6151 	6020 	6163
f 3863 	6230 	3876
f 5992 	6265 	6183
f 6181 	7442 	6256
f 6173 	6153 	6166
f 6222 	6184 	6185
f 6181 	6176 	7442
f 6166 	5332 	6173
f 6265 	6185 	6183
f 6187 	6186 	6188
f 5951 	6179 	5953
f 6221 	6192 	6157
f 6191 	6157 	6192
f 6193 	6194 	7971
f 6178 	7971 	6194
f 6194 	6193 	6195
f 5997 	6259 	6200
f 6203 	6195 	6193
f 6194 	6195 	6174
f 6227 	6179 	5951
f 6186 	6187 	6103
f 6109 	6103 	6187
f 6197 	6052 	6067
f 6178 	6194 	6174
f 6174 	6195 	6199
f 6233 	6230 	3863
f 6182 	6191 	6192
f 6195 	6208 	6199
f 6186 	6103 	6198
f 6170 	6157 	6191
f 6174 	6199 	6096
f 6186 	6214 	6215
f 6152 	6096 	6199
f 6183 	6185 	6003
f 6186 	6215 	6210
f 6203 	6202 	6204
f 6103 	6106 	6198
f 6202 	5239 	6217
f 6187 	6188 	6206
f 6086 	6020 	6218
f 6204 	6195 	6203
f 6208 	6195 	6204
f 6204 	6202 	6217
f 6170 	6191 	6182
f 6188 	6186 	6209
f 6020 	6086 	6163
f 6170 	6191 	5961
f 6186 	6210 	6209
f 6155 	6167 	6211
f 6180 	6170 	5961
f 6196 	6201 	6230
f 5745 	6233 	6298
f 6164 	6152 	6199
f 6208 	6164 	6199
f 6189 	5988 	6184
f 6221 	5961 	6192
f 2971 	2873 	6212
f 6028 	5988 	6190
f 6189 	6190 	5988
f 6210 	6206 	6209
f 6210 	6215 	6206
f 6188 	6209 	6206
f 6212 	2873 	6086
f 5961 	6221 	6220
f 6214 	6206 	6215
f 6214 	6216 	6206
f 6218 	6213 	6212
f 6204 	6217 	6219
f 6086 	6218 	6212
f 5988 	6003 	6185
f 5992 	6183 	6003
f 6191 	6170 	6180
f 6192 	6191 	6180
f 6218 	6020 	6213
f 6185 	6184 	5988
f 6204 	6219 	6208
f 6180 	6182 	5672
f 6208 	6219 	6016
f 3831 	3835 	6201
f 5997 	6200 	5954
f 5988 	5740 	6003
f 6244 	6200 	6169
f 6201 	6223 	3831
f 6219 	6074 	6016
f 6164 	6208 	6016
f 6189 	6184 	6222
f 6223 	6247 	3848
f 6071 	6217 	5258
f 5673 	5672 	6573
f 6247 	6223 	6201
f 6222 	6224 	6189
f 6190 	6189 	6224
f 6219 	6217 	6073
f 6027 	6028 	6224
f 6227 	6244 	6169
f 6029 	6229 	6030
f 6068 	6160 	6207
f 6217 	6071 	6073
f 6032 	6030 	6229
f 6162 	6207 	6160
f 6225 	8668 	6228
f 6073 	6074 	6219
f 5893 	6207 	6162
f 6225 	6228 	4854
f 5901 	6162 	6205
f 6106 	4754 	6228
f 4854 	6228 	4754
f 5332 	6205 	6162
f 5940 	5956 	6232
f 3863 	6298 	6233
f 6232 	6234 	5940
f 6235 	6214 	6186
f 6153 	6156 	6166
f 6156 	5323 	6166
f 5943 	6234 	6236
f 6167 	6070 	6237
f 6211 	6167 	6237
f 7669 	6224 	6222
f 5893 	5963 	6207
f 6238 	6235 	6186
f 6196 	6230 	6233
f 7669 	7675 	6224
f 5601 	5602 	6236
f 6212 	6213 	6197
f 6207 	5963 	6250
f 6027 	6224 	6033
f 7675 	6033 	6224
f 6233 	6314 	6196
f 6236 	5602 	5914
f 5914 	5915 	6236
f 7675 	7676 	6033
f 6162 	5901 	5893
f 6029 	6034 	6229
f 6238 	6186 	6198
f 6213 	6020 	7496
f 6147 	6254 	6196
f 6235 	6216 	6214
f 6227 	6169 	6231
f 6211 	6237 	2864
f 6232 	6294 	6234
f 6157 	6220 	6221
f 5745 	6314 	6233
f 6106 	6228 	6198
f 6238 	6198 	6228
f 3869 	6226 	3868
f 6206 	6270 	6019
f 6227 	6231 	6179
f 6205 	5879 	5901
f 6226 	6254 	3868
f 6270 	6206 	6239
f 6028 	6027 	5988
f 6242 	6243 	6241
f 3848 	3831 	6223
f 6033 	6034 	5988
f 6241 	6268 	6240
f 6200 	6244 	6227
f 3869 	3848 	6226
f 6241 	6245 	6246
f 6241 	6246 	6242
f 6247 	6196 	6226
f 6227 	5954 	6200
f 6245 	6248 	6246
f 6201 	6196 	6247
f 6052 	6213 	6108
f 6250 	5963 	5763
f 6213 	7496 	6108
f 6247 	6226 	3848
f 2864 	6098 	6211
f 6148 	3868 	6147
f 6226 	6196 	6254
f 6213 	6052 	6197
f 6192 	6221 	6182
f 5931 	6251 	6253
f 6240 	6252 	6241
f 3868 	6254 	6147
f 6252 	6245 	6241
f 6252 	5967 	6248
f 6252 	6248 	6245
f 6180 	6221 	6192
f 6180 	6573 	5672
f 6310 	6307 	6147
f 6252 	6232 	5956
f 6196 	6310 	6147
f 6180 	5672 	6221
f 996 	5240 	5249
f 6253 	6269 	6273
f 6252 	5956 	5958
f 6252 	5958 	5967
f 6261 	6157 	5957
f 6253 	6273 	6255
f 996 	6262 	5240
f 6216 	6257 	6206
f 7442 	6206 	6257
f 5969 	5968 	6255
f 6256 	7442 	6257
f 5240 	6262 	3180
f 6243 	6242 	6416
f 5998 	6416 	6242
f 6265 	5971 	6255
f 5240 	3180 	2874
f 6242 	6246 	5998
f 6266 	6147 	6263
f 6185 	6265 	6222
f 7442 	7450 	6206
f 6246 	6248 	5998
f 6068 	6250 	5763
f 7450 	6239 	6206
f 6147 	6307 	6263
f 6160 	6068 	6075
f 7450 	7449 	6239
f 6253 	6251 	6267
f 5967 	5998 	6248
f 6268 	6241 	6243
f 6258 	6259 	6260
f 1092 	3675 	3674
f 5997 	5995 	6260
f 6267 	6269 	6253
f 5957 	5987 	6261
f 6243 	6416 	6268
f 6024 	6270 	6271
f 5997 	6260 	6259
f 6068 	6207 	6250
f 6147 	6266 	6275
f 1088 	1117 	6272
f 6271 	7595 	8307
f 6075 	6173 	6160
f 6010 	5996 	6277
f 6273 	6265 	6255
f 263 	1092 	3674
f 6274 	7595 	6271
f 6277 	6848 	6278
f 6273 	6279 	6265
f 5995 	6258 	6260
f 6222 	6265 	6279
f 6280 	6278 	6848
f 6281 	6258 	6282
f 6847 	6280 	6848
f 1124 	2287 	3925
f 6239 	6284 	6270
f 3773 	6272 	1124
f 6283 	6258 	5995
f 6272 	1117 	1124
f 6148 	6147 	6275
f 6258 	6283 	6282
f 6270 	6025 	6019
f 6036 	6264 	6261
f 6270 	6026 	6025
f 1124 	3925 	3773
f 6270 	6024 	6026
f 6264 	6220 	6261
f 6275 	6150 	6148
f 3935 	5460 	3097
f 6270 	6284 	6271
f 6284 	6274 	6271
f 6275 	6285 	6150
f 6278 	6280 	6277
f 5466 	5460 	3935
f 6277 	7135 	6010
f 6285 	6287 	6144
f 6220 	6157 	6261
f 6286 	5466 	3935
f 6031 	5961 	6220
f 6091 	6144 	6287
f 6277 	6280 	6013
f 3935 	3938 	6286
f 6280 	6847 	6013
f 6313 	6252 	6288
f 3938 	6391 	6286
f 6277 	6013 	7135
f 6285 	6266 	6287
f 7449 	6284 	6239
f 6288 	6252 	6240
f 6306 	6288 	6276
f 6266 	6285 	6275
f 5712 	5881 	6003
f 6287 	6402 	6101
f 6305 	6306 	6276
f 2912 	1517 	126
f 6288 	6306 	6313
f 5712 	6003 	5740
f 6291 	6252 	6313
f 6263 	6409 	6289
f 6300 	6332 	6290
f 6291 	6232 	6252
f 6289 	6409 	6407
f 6266 	6289 	6287
f 6281 	6282 	7254
f 6286 	6391 	6293
f 6263 	6289 	6266
f 6259 	6281 	6363
f 6457 	6321 	6293
f 6017 	6283 	5995
f 6402 	6287 	6289
f 6234 	6295 	6236
f 6234 	6294 	6295
f 6295 	5601 	6236
f 6287 	6101 	6091
f 7246 	6283 	6017
f 5652 	6295 	6294
f 5601 	6295 	5652
f 5576 	5697 	6298
f 6220 	6264 	6031
f 6281 	6259 	6258
f 4311 	8389 	6300
f 6387 	5998 	6389
f 6007 	6389 	5998
f 6036 	5987 	6035
f 6301 	6300 	6290
f 6298 	5705 	5745
f 6299 	6296 	3260
f 6039 	6035 	6001
f 5697 	5703 	6298
f 6300 	6301 	4311
f 6297 	3260 	6296
f 5703 	5705 	6298
f 6039 	6001 	5999
f 6276 	6303 	6305
f 5999 	5851 	6039
f 6001 	6035 	5987
f 6353 	6347 	6169
f 6297 	4504 	3260
f 6311 	6312 	6302
f 6297 	6308 	4504
f 6196 	6314 	6310
f 6308 	6309 	4504
f 6264 	6035 	6358
f 6286 	6293 	5512
f 1517 	2912 	2919
f 6315 	6312 	6311
f 6312 	6726 	6311
f 6264 	6414 	6031
f 6303 	6467 	6305
f 6729 	6315 	6311
f 6306 	6305 	6467
f 6306 	6319 	6313
f 6319 	6291 	6313
f 6316 	6342 	6318
f 6317 	6342 	6316
f 6319 	6324 	6291
f 6232 	6291 	6324
f 1620 	5055 	6316
f 6708 	6710 	6304
f 6311 	6347 	6312
f 6311 	6302 	6325
f 5055 	1620 	5048
f 6324 	6294 	6232
f 6315 	6231 	6325
f 6323 	6299 	3260
f 6320 	6346 	6322
f 6476 	6478 	6328
f 6497 	5487 	5512
f 6328 	6319 	6476
f 6169 	6325 	6231
f 6359 	6364 	6290
f 6311 	6325 	6169
f 6316 	1590 	6317
f 6337 	6358 	5833
f 6332 	6333 	6290
f 6333 	6376 	6290
f 6331 	6290 	6376
f 6231 	6302 	6179
f 5055 	1590 	6316
f 6231 	6315 	6302
f 6325 	6302 	6315
f 6328 	6324 	6319
f 6328 	6334 	6324
f 6292 	6304 	6710
f 6302 	6312 	6335
f 6334 	6294 	6324
f 3307 	6346 	6320
f 6335 	6312 	6315
f 6329 	6330 	6424
f 5652 	6294 	6334
f 6317 	1600 	1573
f 6323 	6912 	6299
f 6349 	6351 	6317
f 6323 	3260 	3308
f 5827 	6334 	6328
f 5833 	6322 	6337
f 5055 	1137 	1590
f 6323 	3319 	6330
f 3320 	6330 	3319
f 3308 	3319 	6323
f 1595 	6349 	6317
f 6317 	1573 	1595
f 5745 	6326 	6314
f 6350 	3293 	6381
f 6302 	6335 	6315
f 6240 	6427 	6343
f 6312 	6347 	6335
f 6351 	1522 	6442
f 6350 	3317 	3293
f 2073 	6303 	6341
f 6303 	6276 	6341
f 2071 	2168 	2073
f 3317 	6350 	6346
f 6377 	6368 	6331
f 6424 	6355 	6327
f 6329 	6424 	6327
f 6343 	6341 	6276
f 6376 	6377 	6331
f 6350 	6322 	6346
f 6331 	6362 	6290
f 6361 	6362 	6331
f 6347 	6338 	6335
f 6350 	6381 	6322
f 6347 	6353 	6338
f 6317 	6351 	6342
f 6342 	6351 	6352
f 6412 	6411 	6596
f 6398 	6292 	6411
f 6398 	6399 	6292
f 6332 	8389 	6333
f 6442 	6352 	6351
f 6354 	6357 	6355
f 6357 	6372 	6355
f 6340 	6355 	6345
f 6356 	4504 	6355
f 6385 	6356 	6383
f 6169 	7368 	7366
f 6359 	6290 	6362
f 6358 	5861 	5885
f 6364 	6378 	6290
f 6342 	6352 	6430
f 6259 	6363 	6169
f 6342 	6430 	6650
f 6397 	6396 	6304
f 6345 	6355 	6309
f 6309 	6355 	4504
f 6385 	4502 	6356
f 5861 	6358 	5859
f 6358 	6039 	5859
f 6344 	6307 	6348
f 6358 	6035 	6039
f 6361 	6365 	6362
f 6368 	6365 	6331
f 6361 	6331 	6365
f 6358 	6337 	6403
f 6307 	6344 	6263
f 6395 	6394 	6360
f 385 	538 	6369
f 6345 	6309 	7026
f 7025 	7026 	6309
f 544 	6369 	538
f 6362 	6365 	8400
f 6368 	8403 	6365
f 6370 	6263 	6344
f 6403 	6367 	6358
f 6356 	6355 	6372
f 6383 	6356 	6372
f 6357 	6404 	6372
f 5451 	6420 	6369
f 6371 	6375 	6373
f 544 	5451 	6369
f 6371 	6366 	6375
f 6420 	6426 	6369
f 6314 	6374 	6310
f 6307 	6310 	6374
f 6378 	6379 	6290
f 6374 	6348 	6307
f 6377 	6376 	8403
f 6382 	6380 	6381
f 4514 	4502 	6385
f 6343 	6288 	6240
f 6326 	6374 	6314
f 403 	6392 	6401
f 6288 	6343 	6276
f 6376 	6333 	8403
f 6368 	6377 	8403
f 6527 	6007 	6089
f 4514 	6385 	4529
f 6364 	6533 	6378
f 6409 	6263 	6370
f 6386 	6440 	6326
f 6290 	6379 	6388
f 6387 	6389 	6339
f 6383 	6372 	6404
f 4529 	6385 	6404
f 5451 	6988 	6420
f 6425 	6421 	6343
f 6326 	5753 	6386
f 6404 	6385 	6383
f 6326 	5745 	5753
f 6390 	4529 	6404
f 4390 	6392 	4369
f 6536 	6576 	6339
f 6339 	6389 	6393
f 6293 	6391 	6457
f 6396 	6395 	6360
f 6007 	6527 	6393
f 6536 	6393 	6527
f 6389 	6007 	6393
f 6360 	6304 	6396
f 6304 	6292 	6399
f 6399 	6397 	6304
f 6408 	6289 	6407
f 6616 	6415 	3953
f 6366 	6544 	6384
f 6322 	6381 	6337
f 6337 	6381 	6403
f 6381 	9644 	6403
f 6339 	2163 	6432
f 6387 	6339 	6400
f 6402 	6289 	6408
f 6340 	6327 	6355
f 6395 	6396 	6759
f 6421 	6422 	6341
f 6341 	6343 	6421
f 9644 	6381 	6380
f 6425 	6343 	6427
f 6240 	6268 	6427
f 6397 	6399 	6336
f 6138 	6101 	6402
f 2060 	2073 	6341
f 7050 	6405 	7045
f 6336 	6759 	6396
f 6452 	6449 	6616
f 6404 	6405 	6445
f 6370 	6450 	6409
f 6398 	6336 	6399
f 6394 	6395 	6759
f 6371 	6406 	6554
f 3957 	6410 	4304
f 6609 	6390 	6404
f 6403 	6453 	6367
f 6371 	6373 	6406
f 6416 	5998 	6400
f 6387 	6400 	5998
f 93 	119 	6424
f 6400 	6339 	6432
f 6418 	6490 	6401
f 6408 	6143 	6139
f 6139 	6402 	6408
f 6401 	6392 	6418
f 6367 	6423 	6358
f 6143 	6408 	6525
f 6367 	6453 	6455
f 6422 	6421 	6416
f 6421 	6425 	6416
f 6425 	6427 	6416
f 5753 	5953 	6386
f 6988 	6426 	6420
f 6268 	6416 	6427
f 6179 	6386 	5953
f 2060 	6341 	6422
f 119 	6428 	6424
f 6342 	6650 	6419
f 6543 	6136 	6143
f 6423 	6535 	6264
f 6415 	6290 	3953
f 6437 	6301 	6415
f 6400 	6432 	6416
f 6419 	6318 	6342
f 6431 	6136 	6543
f 2160 	6432 	2163
f 6318 	6417 	1578
f 6431 	6133 	6136
f 2149 	6416 	2160
f 6432 	2160 	6416
f 6434 	6435 	6436
f 6417 	6318 	6419
f 6290 	6415 	6301
f 6435 	6439 	6436
f 6436 	6440 	6434
f 6433 	6424 	6428
f 6440 	6441 	6434
f 6434 	6344 	6435
f 6352 	6442 	6430
f 6301 	6437 	4311
f 6344 	6348 	6435
f 6264 	6358 	6423
f 6348 	6439 	6435
f 6423 	6367 	6429
f 6413 	6336 	6412
f 6411 	6412 	6336
f 6398 	6411 	6336
f 6437 	6415 	6443
f 6443 	6415 	6448
f 6348 	6374 	6436
f 1618 	6442 	1522
f 6446 	1617 	1616
f 6414 	6264 	6535
f 6436 	6439 	6348
f 3957 	4311 	6443
f 6447 	1616 	1517
f 6616 	6448 	6415
f 6447 	6446 	1616
f 6436 	6374 	6326
f 6414 	6535 	6444
f 2919 	3018 	6447
f 6443 	6448 	3957
f 6326 	6440 	6436
f 6616 	6449 	6448
f 1517 	2919 	6447
f 6448 	6449 	3957
f 6440 	6450 	6441
f 6459 	6460 	6516
f 6453 	9652 	6451
f 6449 	6452 	6410
f 6449 	6410 	3957
f 9652 	6453 	9644
f 6403 	9644 	6453
f 6451 	6455 	6453
f 6441 	6450 	6370
f 5927 	5904 	6520
f 6442 	1618 	6466
f 6441 	6344 	6434
f 6441 	6370 	6344
f 6456 	6516 	6460
f 6461 	6463 	6462
f 2198 	6438 	2012
f 2012 	6438 	6303
f 6474 	6475 	6457
f 6482 	4533 	6390
f 6438 	6467 	6303
f 6440 	6613 	6450
f 6457 	6477 	6321
f 6613 	6440 	6386
f 6470 	6467 	6438
f 3951 	3953 	6457
f 6482 	6468 	4739
f 6373 	6375 	6466
f 6366 	6466 	6375
f 6466 	6465 	6373
f 1617 	6466 	1618
f 6457 	6391 	3951
f 6483 	6321 	6485
f 2198 	2216 	6438
f 2216 	6470 	6438
f 6464 	6520 	5904
f 4169 	7352 	7004
f 6462 	6455 	6461
f 6470 	6473 	6467
f 6473 	6306 	6467
f 1617 	6446 	6466
f 6473 	6476 	6306
f 6477 	6457 	6475
f 6476 	6319 	6306
f 6469 	6321 	6477
f 6464 	5773 	6459
f 6475 	6474 	6477
f 6474 	6491 	6477
f 6447 	3018 	6479
f 6480 	6465 	6479
f 6551 	6515 	6426
f 6290 	6491 	6457
f 6479 	3018 	6480
f 6290 	6457 	3953
f 6457 	6491 	6474
f 6460 	5773 	6456
f 6482 	6390 	6484
f 3021 	6480 	3018
f 6483 	6485 	6388
f 6490 	6392 	4390
f 6486 	3021 	3020
f 6290 	6388 	6491
f 6505 	6473 	6470
f 6490 	6418 	6392
f 4390 	6481 	6490
f 6480 	3021 	6486
f 6492 	6476 	6473
f 6409 	6450 	6493
f 6491 	6388 	6469
f 6469 	6388 	6485
f 6468 	6494 	6471
f 6479 	6446 	6447
f 6492 	6478 	6476
f 6450 	6495 	6493
f 6480 	6486 	6373
f 6508 	6496 	6489
f 6488 	6489 	6496
f 6328 	6478 	5827
f 6486 	6501 	6373
f 6469 	6477 	6491
f 6488 	6500 	6489
f 5512 	6293 	6497
f 6321 	6497 	6293
f 6367 	6455 	6462
f 6367 	6462 	6429
f 7194 	5860 	6478
f 6463 	6455 	6451
f 6478 	5860 	5832
f 6469 	6485 	6321
f 6463 	6461 	6455
f 6373 	6465 	6480
f 6493 	6495 	6498
f 6478 	6492 	7194
f 6479 	6465 	6466
f 6508 	6489 	6509
f 5832 	5827 	6478
f 6466 	6446 	6479
f 6468 	6482 	6563
f 6501 	3020 	3038
f 6502 	2216 	2241
f 4821 	6471 	4849
f 6407 	6409 	6493
f 6502 	6470 	2216
f 6407 	6528 	6408
f 6502 	6504 	6505
f 7004 	7352 	6718
f 6503 	6504 	6502
f 6407 	6493 	6528
f 6494 	6506 	6471
f 6466 	6366 	6828
f 6501 	6406 	6373
f 6499 	5770 	6487
f 6496 	5770 	6488
f 6501 	3248 	6406
f 6580 	6494 	6468
f 6502 	6505 	6470
f 6580 	6584 	6506
f 6499 	6500 	5770
f 6488 	5770 	6500
f 6505 	6492 	6473
f 6507 	6462 	6463
f 6580 	6506 	6494
f 2241 	4118 	6502
f 6493 	6534 	6528
f 4118 	6503 	6502
f 6504 	6510 	6505
f 6508 	6509 	5770
f 6510 	6492 	6505
f 6496 	6508 	5770
f 6509 	6472 	5770
f 5773 	5770 	6458
f 5503 	5487 	6497
f 6512 	4849 	6471
f 6458 	5770 	6472
f 6537 	6768 	6517
f 6458 	6516 	6456
f 6490 	6515 	6547
f 6442 	6828 	6430
f 6497 	6321 	6519
f 6515 	6490 	6481
f 6459 	6516 	6520
f 6481 	6426 	6515
f 6521 	5225 	1620
f 6585 	6556 	6588
f 6483 	6548 	6519
f 6393 	6536 	6339
f 6143 	6525 	6543
f 6539 	6401 	6490
f 5503 	6497 	5570
f 6459 	6520 	6464
f 6497 	5606 	5570
f 6590 	6339 	6578
f 6523 	6521 	1620
f 6458 	6472 	6516
f 6472 	6566 	6516
f 9654 	9656 	6524
f 6512 	6517 	6514
f 6512 	6514 	6513
f 6512 	6513 	4849
f 5048 	1620 	5225
f 6530 	6519 	6529
f 6538 	6529 	6519
f 6524 	6522 	9654
f 4849 	6513 	6518
f 1620 	1624 	6523
f 6509 	6565 	6472
f 6588 	6519 	6530
f 6462 	6507 	6522
f 6523 	6532 	6531
f 6566 	6572 	6516
f 6089 	6526 	6527
f 1624 	1626 	6523
f 7435 	6124 	7434
f 6408 	6528 	6525
f 6533 	8400 	6529
f 1626 	6532 	6523
f 6546 	6339 	6576
f 6523 	6531 	6521
f 6529 	8400 	6530
f 6528 	6534 	6525
f 6512 	6537 	6517
f 6538 	6519 	6552
f 6531 	6532 	6521
f 6417 	6521 	6532
f 6471 	6506 	6512
f 6591 	6339 	6590
f 6529 	6538 	6533
f 6543 	6525 	6534
f 5437 	5386 	6540
f 6532 	1578 	6417
f 1626 	1578 	6532
f 6362 	8400 	6359
f 6533 	6359 	8400
f 6534 	6542 	6543
f 6537 	6512 	6541
f 6359 	6533 	6364
f 6540 	6526 	5437
f 6519 	6321 	6483
f 6545 	6339 	6546
f 6379 	6378 	6533
f 6542 	6534 	6498
f 6384 	6544 	6646
f 6552 	6519 	6548
f 6545 	6549 	6339
f 6549 	6577 	6339
f 6578 	6339 	6577
f 6534 	6493 	6498
f 6547 	6511 	6539
f 6539 	6490 	6547
f 6542 	6564 	6543
f 6550 	6526 	6540
f 6483 	6388 	6548
f 6388 	6379 	6548
f 6533 	6548 	6379
f 6540 	5402 	6550
f 6542 	6498 	6564
f 6535 	6423 	6429
f 6460 	6459 	5773
f 6538 	6552 	6533
f 5773 	6458 	6456
f 6552 	6548 	6533
f 6541 	6512 	6553
f 6522 	6429 	6462
f 6500 	6499 	6557
f 6366 	6554 	6544
f 6535 	6429 	6522
f 5952 	5610 	6556
f 6366 	6371 	6554
f 6500 	6557 	6489
f 6556 	6497 	6519
f 6558 	6390 	6609
f 6585 	6586 	6556
f 6558 	6484 	6390
f 6557 	6559 	6489
f 6519 	6588 	6556
f 6527 	6526 	6546
f 6558 	6482 	6484
f 6562 	6004 	6561
f 6526 	6550 	6545
f 6549 	6545 	6550
f 5606 	6497 	6556
f 6526 	6545 	6546
f 6558 	6563 	6482
f 6524 	6444 	6535
f 6562 	7182 	6004
f 6489 	6565 	6509
f 6426 	6560 	6551
f 6489 	6559 	6565
f 6566 	6472 	6565
f 6567 	6563 	6558
f 6535 	6522 	6524
f 6563 	6567 	6653
f 5737 	5673 	6573
f 6575 	6570 	6571
f 8437 	8356 	6561
f 5737 	6573 	5719
f 6527 	6546 	6576
f 6579 	6583 	6573
f 5925 	6516 	6572
f 6561 	6004 	6581
f 6571 	6568 	6575
f 6468 	6563 	6580
f 6550 	6582 	6549
f 6577 	6549 	6582
f 6575 	6544 	6554
f 6575 	6554 	6406
f 5925 	6520 	6516
f 6561 	6581 	8437
f 6577 	6582 	6578
f 5925 	5927 	6520
f 6004 	6556 	6586
f 6527 	6576 	6536
f 6587 	6575 	6406
f 6586 	6581 	6004
f 6587 	6406 	3168
f 6582 	6592 	6578
f 6590 	6578 	6592
f 6581 	6586 	8400
f 6585 	8400 	6586
f 6588 	8400 	6585
f 6592 	6591 	6590
f 6861 	6401 	6539
f 2295 	2163 	6593
f 6861 	6539 	6511
f 6559 	7014 	6565
f 6592 	2297 	6593
f 6592 	6593 	6591
f 6530 	8400 	6588
f 3168 	3173 	6587
f 6512 	6506 	6584
f 6292 	6596 	6411
f 6540 	5401 	5402
f 6018 	6595 	7066
f 6412 	6596 	6413
f 6574 	6594 	6589
f 6592 	6582 	2671
f 6658 	4030 	6597
f 6656 	6595 	5938
f 3999 	6597 	3980
f 2297 	6592 	2671
f 6544 	6575 	6568
f 6599 	6597 	3673
f 3999 	3673 	6597
f 6606 	6607 	6602
f 6604 	6608 	6605
f 5996 	5922 	6845
f 6608 	6604 	5961
f 6633 	6413 	6602
f 6596 	6602 	6413
f 6609 	6567 	6558
f 6445 	6609 	6404
f 6606 	6602 	6487
f 6574 	6691 	6676
f 6610 	6417 	6419
f 6610 	5225 	6521
f 6574 	6676 	6594
f 6599 	3673 	4412
f 6610 	6521 	6417
f 4470 	6599 	4412
f 6610 	6419 	6650
f 6614 	6602 	6596
f 6450 	6613 	6615
f 6610 	5912 	5225
f 3953 	3951 	6616
f 6180 	5961 	6573
f 6602 	6617 	6499
f 6487 	6602 	6499
f 6602 	6614 	6617
f 6610 	5955 	5912
f 6617 	6557 	6499
f 6610 	6650 	6619
f 5961 	6604 	6573
f 6632 	6629 	6616
f 6573 	5734 	5719
f 6619 	6634 	6610
f 6573 	5699 	5734
f 6620 	6720 	6636
f 6624 	6622 	6598
f 6579 	6573 	6625
f 6621 	6627 	6618
f 6454 	6609 	6445
f 6619 	6650 	6626
f 6634 	6619 	6626
f 6696 	6580 	6563
f 6606 	5770 	6607
f 6336 	6607 	5770
f 6615 	6622 	6624
f 6600 	6627 	6621
f 6601 	6635 	6600
f 6623 	6618 	6627
f 6487 	5770 	6606
f 6005 	6628 	6630
f 6452 	6616 	6629
f 6452 	6629 	6410
f 6574 	6622 	6729
f 6607 	6633 	6602
f 7344 	6631 	6454
f 6622 	6574 	6589
f 6005 	6630 	5955
f 6625 	6573 	6604
f 6622 	6589 	6598
f 5699 	6573 	6583
f 6631 	6609 	6454
f 6711 	5699 	6583
f 8456 	6410 	6629
f 6633 	6607 	6336
f 6632 	8456 	6629
f 6633 	6336 	6413
f 6386 	6179 	6613
f 6711 	5743 	5699
f 5743 	6711 	5477
f 6179 	6302 	6613
f 6643 	6712 	6635
f 6605 	6625 	6604
f 6639 	6643 	6601
f 6627 	6600 	6635
f 6625 	6649 	6579
f 6636 	6637 	6620
f 6638 	6616 	6641
f 6632 	6616 	6638
f 6620 	6637 	6598
f 6632 	6638 	8456
f 6031 	6414 	6640
f 6636 	6624 	6598
f 5922 	5955 	6630
f 6636 	6615 	6624
f 6414 	6444 	6640
f 6641 	6668 	6642
f 6636 	6598 	6637
f 5996 	6845 	6277
f 8456 	6641 	6644
f 5517 	5536 	6639
f 6635 	6601 	6643
f 6630 	6845 	5922
f 6638 	6641 	8456
f 6013 	6630 	6628
f 6644 	6641 	6642
f 6679 	5828 	6660
f 6631 	6567 	6609
f 6847 	6845 	6630
f 5828 	6682 	6661
f 6662 	6661 	6682
f 6640 	6608 	6031
f 6613 	6302 	6615
f 6615 	6302 	6622
f 6646 	6650 	6651
f 6691 	6574 	6729
f 6642 	6652 	6644
f 6650 	6430 	6651
f 6631 	6653 	6567
f 6652 	6739 	6644
f 6612 	6603 	6611
f 6626 	6650 	6646
f 6696 	6563 	6653
f 6646 	6654 	6634
f 6603 	7322 	7289
f 6682 	6665 	6662
f 6645 	6965 	2422
f 4484 	6655 	4473
f 5847 	6006 	6229
f 6032 	6229 	6006
f 5938 	6657 	6656
f 5847 	5863 	6006
f 6658 	6597 	6599
f 6672 	6598 	6589
f 5828 	5864 	6660
f 6668 	6658 	6659
f 6701 	6711 	6649
f 6649 	6711 	6713
f 6657 	6861 	6958
f 6864 	6601 	6600
f 6861 	6657 	403
f 6950 	6864 	6600
f 6605 	6649 	6625
f 6626 	6646 	6634
f 6659 	6658 	6599
f 6605 	6648 	6649
f 6599 	4470 	6659
f 6648 	6608 	6640
f 6654 	6646 	6544
f 4470 	6667 	6659
f 6605 	6608 	6648
f 6654 	6544 	6568
f 5938 	5939 	6657
f 6571 	6654 	6568
f 5865 	6679 	6660
f 6965 	6669 	6670
f 6965 	6670 	2422
f 6670 	2423 	2422
f 6668 	6616 	4030
f 4030 	6658 	6668
f 6672 	6720 	6620
f 6662 	6665 	6759
f 6661 	6662 	6759
f 6666 	6759 	6665
f 6690 	6687 	9609
f 9609 	6687 	9614
f 9614 	6674 	6675
f 6598 	6672 	6620
f 9609 	6692 	6690
f 6676 	6677 	6672
f 6663 	6759 	6666
f 6649 	6648 	6673
f 91 	141 	6680
f 6675 	6681 	9614
f 6589 	6594 	6672
f 6673 	6680 	94
f 6678 	6683 	6684
f 6648 	6680 	6673
f 6672 	6594 	6676
f 6678 	6786 	6683
f 6640 	6688 	6680
f 6555 	6672 	6677
f 6648 	6640 	6680
f 6674 	6653 	6675
f 6681 	6675 	6653
f 6653 	6631 	6681
f 7710 	7711 	6631
f 6338 	6249 	6695
f 6640 	6444 	6524
f 6684 	6669 	6647
f 6681 	6631 	7711
f 6575 	6671 	6570
f 6684 	6685 	6669
f 6674 	9614 	6687
f 6569 	6723 	6524
f 6524 	6723 	6686
f 6680 	6688 	6686
f 6524 	6686 	6688
f 6685 	6670 	6669
f 6587 	6671 	6575
f 6686 	91 	6680
f 6692 	9609 	6744
f 2467 	6670 	6685
f 245 	91 	6686
f 6653 	6674 	6687
f 6839 	6671 	6689
f 6640 	6524 	6688
f 6684 	6771 	6685
f 4353 	6839 	6689
f 6689 	6671 	6587
f 7819 	6666 	6665
f 2618 	2467 	6685
f 6649 	6713 	6579
f 6689 	6587 	3173
f 5608 	5598 	6693
f 6692 	6653 	6690
f 6687 	6690 	6653
f 5847 	6229 	6679
f 6659 	6667 	6668
f 6679 	6229 	7716
f 6706 	6673 	207
f 7716 	7847 	6679
f 3173 	3227 	6689
f 207 	5579 	6706
f 6692 	6744 	6653
f 6725 	6653 	6744
f 6663 	6666 	6694
f 6771 	2618 	6685
f 6697 	6664 	6694
f 6696 	6698 	6584
f 207 	5573 	5579
f 6394 	6761 	6360
f 6691 	6695 	6676
f 6701 	5573 	5551
f 6702 	6703 	6699
f 6696 	6725 	6698
f 6249 	7957 	6676
f 6701 	5579 	5573
f 6696 	6584 	6580
f 6695 	6249 	6676
f 6705 	6950 	6600
f 6699 	6655 	6702
f 6706 	6649 	6673
f 6700 	6708 	6360
f 6702 	4590 	6703
f 6730 	6712 	6722
f 6706 	5579 	6701
f 6704 	6705 	6709
f 4484 	4586 	6655
f 6706 	6701 	6649
f 4586 	6702 	6655
f 6720 	6707 	6495
f 6655 	6699 	6783
f 7314 	6656 	6657
f 6720 	6495 	6450
f 6704 	6709 	6738
f 6738 	6639 	6704
f 6601 	6704 	6639
f 6612 	7322 	6603
f 6498 	6495 	6707
f 6730 	6635 	6712
f 6713 	6711 	6583
f 7871 	7876 	6564
f 6709 	6722 	6712
f 6656 	6612 	7303
f 6699 	6703 	4590
f 5477 	6711 	6701
f 6707 	7871 	6564
f 6701 	5483 	5477
f 6618 	6932 	6715
f 4599 	4473 	6655
f 6005 	6714 	6819
f 6707 	6564 	6498
f 6708 	6304 	6360
f 6583 	6579 	6713
f 6555 	6707 	6672
f 6717 	6719 	6798
f 6701 	5551 	5483
f 6610 	6714 	5955
f 211 	267 	6693
f 6668 	6641 	6616
f 6615 	6720 	6450
f 6615 	6636 	6720
f 6621 	6618 	6715
f 6723 	6569 	286
f 245 	6686 	6723
f 6725 	6696 	6653
f 6338 	6695 	6726
f 6724 	6730 	6715
f 6705 	6722 	6709
f 6621 	6715 	6722
f 6795 	6292 	6710
f 6695 	6691 	6726
f 6642 	6668 	6652
f 6730 	6724 	6627
f 6697 	6694 	6776
f 6726 	6691 	6729
f 6621 	6722 	6705
f 6600 	6621 	6705
f 6623 	6627 	6724
f 6312 	6335 	6726
f 6635 	6730 	6627
f 2931 	2935 	6727
f 6722 	6715 	6730
f 6335 	6338 	6726
f 6739 	6652 	6668
f 6698 	6725 	6717
f 6950 	6705 	6704
f 6783 	6732 	6733
f 6720 	6672 	6707
f 6760 	6716 	6728
f 6731 	6727 	2935
f 6725 	6735 	6734
f 6725 	6734 	6717
f 6742 	6737 	6736
f 2936 	6731 	2935
f 6776 	6700 	6697
f 2936 	2861 	6731
f 6668 	6737 	6739
f 6726 	6729 	6311
f 6734 	6719 	6717
f 6729 	6302 	6315
f 5517 	6639 	5521
f 6743 	6741 	6731
f 9609 	9608 	6754
f 6744 	9609 	6754
f 6729 	6622 	6302
f 6738 	5521 	6639
f 6745 	6737 	6746
f 5535 	6748 	6643
f 6749 	6746 	6737
f 6712 	6643 	6748
f 6745 	6739 	6737
f 6721 	6714 	6610
f 6749 	6737 	6742
f 6712 	6748 	6709
f 6738 	6709 	6748
f 5535 	6738 	6748
f 6634 	6721 	6610
f 6751 	6750 	6752
f 6733 	6644 	6736
f 6732 	6644 	6733
f 6739 	6745 	6644
f 6714 	6005 	5955
f 6746 	6742 	6745
f 6742 	6736 	6745
f 2949 	6743 	6731
f 6744 	6754 	6725
f 6745 	6736 	6644
f 4708 	6740 	5368
f 6932 	6753 	6864
f 6728 	6716 	6740
f 6932 	6618 	6753
f 6731 	2861 	2949
f 4708 	6728 	6740
f 6634 	6757 	6721
f 6634 	6654 	6757
f 6663 	6694 	6664
f 6758 	6751 	6752
f 6758 	6752 	6753
f 6618 	6623 	6753
f 6758 	6753 	6623
f 6756 	6812 	6747
f 6794 	6716 	6779
f 6947 	6751 	6758
f 6755 	6714 	6721
f 6700 	6773 	6697
f 6697 	6773 	6664
f 6654 	6571 	6757
f 4844 	6129 	6825
f 6571 	6770 	6757
f 6700 	6360 	6761
f 6773 	6700 	6761
f 6863 	6864 	6752
f 6753 	6752 	6864
f 4891 	4844 	6825
f 6762 	6763 	2985
f 6761 	6394 	6759
f 6396 	6397 	6336
f 6764 	6756 	5002
f 6716 	6760 	6779
f 2961 	6762 	2985
f 6754 	6766 	6725
f 6630 	6013 	6847
f 6786 	6767 	6683
f 6005 	6819 	6628
f 6786 	6765 	6767
f 6766 	6735 	6725
f 17 	8 	6768
f 6767 	6684 	6683
f 6817 	6818 	6770
f 6746 	6749 	6742
f 6553 	6787 	6768
f 6732 	6783 	6772
f 6769 	5368 	6740
f 6771 	6684 	6767
f 6513 	6514 	9068
f 6768 	9068 	6514
f 6772 	8467 	6732
f 9068 	9261 	6513
f 6716 	6769 	6740
f 6514 	6517 	6768
f 6537 	6541 	6768
f 6762 	6727 	6797
f 6772 	6783 	6774
f 2961 	6727 	6762
f 6767 	2662 	6771
f 6773 	6759 	6664
f 6663 	6664 	6759
f 6761 	6759 	6773
f 6666 	7819 	6694
f 6771 	2634 	2618
f 6804 	6803 	5368
f 6769 	6804 	5368
f 6775 	6797 	6727
f 6771 	2662 	2634
f 6731 	6775 	6727
f 6584 	6777 	6512
f 6764 	6811 	6756
f 6776 	6778 	6708
f 6741 	6800 	6775
f 6756 	6811 	6812
f 6770 	6819 	6755
f 6775 	6731 	6741
f 6776 	6708 	6700
f 3008 	6858 	2966
f 5017 	6764 	5002
f 6780 	6710 	6708
f 6778 	6780 	6708
f 6714 	6755 	6819
f 6716 	7007 	6718
f 6760 	4727 	6779
f 6872 	3008 	2985
f 6825 	6764 	4891
f 6768 	6719 	17
f 6779 	4727 	4767
f 6768 	6541 	6553
f 6717 	6798 	6777
f 8341 	6741 	8350
f 6776 	6694 	7833
f 6584 	6698 	6777
f 4619 	6699 	4590
f 6698 	6717 	6777
f 6782 	6785 	6678
f 6783 	6699 	4621
f 6785 	6786 	6678
f 6788 	6768 	6787
f 6784 	4820 	5393
f 4619 	4621 	6699
f 4621 	4650 	6783
f 6787 	6777 	6788
f 6780 	7859 	8143
f 6788 	6798 	6768
f 6512 	6777 	6553
f 6787 	6553 	6777
f 6827 	6833 	6783
f 6783 	4650 	6827
f 6736 	6791 	6733
f 6783 	6733 	6791
f 6792 	6596 	6292
f 6292 	6795 	6792
f 5462 	6793 	6789
f 6782 	6765 	6785
f 6765 	6786 	6785
f 4599 	6783 	6791
f 5462 	6747 	6793
f 4767 	4771 	6794
f 6614 	6596 	6792
f 4599 	6655 	6783
f 6796 	6792 	6795
f 6812 	6793 	6747
f 6798 	6719 	6768
f 4767 	6794 	6779
f 6812 	6815 	6793
f 6737 	6791 	6736
f 6795 	6799 	6796
f 6790 	4820 	6784
f 6737 	6668 	6791
f 6796 	6614 	6792
f 6668 	6667 	6791
f 5462 	6856 	5463
f 6667 	4599 	6791
f 6667 	4546 	4599
f 6571 	6817 	6770
f 6614 	6796 	6801
f 6820 	6775 	6800
f 5462 	6789 	6856
f 6800 	6741 	8341
f 6831 	8467 	6774
f 6801 	7060 	6614
f 6793 	6805 	6789
f 6797 	6970 	6762
f 6793 	6815 	6805
f 5173 	5368 	6803
f 6802 	6807 	6765
f 6797 	6820 	6970
f 7060 	6617 	6614
f 6802 	6806 	6807
f 6765 	6807 	6810
f 6808 	5400 	5339
f 6765 	6810 	6767
f 6795 	6780 	6799
f 5339 	5328 	6808
f 6770 	6755 	6721
f 5400 	6808 	6784
f 2662 	6767 	6810
f 6757 	6770 	6721
f 6788 	6777 	6798
f 6780 	6795 	6710
f 6800 	6813 	6820
f 6818 	6819 	6770
f 6820 	6813 	6814
f 6807 	6806 	2737
f 6816 	6820 	6814
f 2737 	6810 	6807
f 6920 	6815 	6943
f 6820 	6797 	6775
f 6764 	6825 	6811
f 7052 	7070 	6922
f 6817 	8106 	6818
f 6821 	6822 	3222
f 8106 	6819 	6818
f 6329 	6327 	6922
f 6515 	6551 	6826
f 7719 	6838 	6809
f 6816 	6824 	6820
f 6824 	6816 	6841
f 6827 	6809 	6837
f 6784 	7107 	7007
f 6828 	6366 	6384
f 7025 	6309 	6897
f 6812 	6935 	6815
f 6827 	4614 	6809
f 6570 	6829 	6571
f 6820 	6824 	6970
f 6827 	4650 	4614
f 6826 	6511 	6547
f 6829 	6671 	6830
f 6826 	6547 	6515
f 6570 	6671 	6829
f 6671 	6832 	6830
f 6774 	6783 	6833
f 6827 	6835 	6833
f 6833 	6835 	6831
f 6774 	6833 	6831
f 6891 	6897 	6309
f 7058 	7026 	6897
f 6825 	6935 	6811
f 6837 	6809 	6838
f 6835 	6827 	6837
f 6817 	6571 	6829
f 6838 	6831 	6837
f 6835 	6837 	6831
f 6839 	6832 	6671
f 6816 	6814 	6843
f 6823 	6129 	6130
f 7719 	6831 	6838
f 6816 	6843 	6840
f 7035 	6825 	6823
f 6854 	6836 	3635
f 6823 	6825 	6129
f 6830 	6832 	6839
f 6962 	6823 	6964
f 7007 	6790 	6784
f 6830 	8010 	6829
f 6794 	6790 	7007
f 6784 	7140 	7107
f 3632 	6849 	3727
f 6823 	6131 	6132
f 6794 	7007 	6716
f 6849 	3632 	3725
f 3168 	6406 	3248
f 6816 	6840 	6841
f 6834 	5331 	6822
f 6646 	6828 	6384
f 5331 	5333 	6822
f 6551 	6871 	6826
f 6430 	6828 	6651
f 7103 	7075 	1540
f 6834 	6850 	5331
f 6646 	6651 	6828
f 6834 	6822 	6821
f 6442 	6466 	6828
f 5290 	6822 	5333
f 6870 	6844 	6826
f 6823 	6130 	6131
f 6845 	6847 	6848
f 6814 	8388 	6843
f 6299 	6842 	6296
f 6840 	6843 	7131
f 6848 	6277 	6845
f 6511 	6826 	6844
f 7361 	7367 	1359
f 6851 	6902 	6836
f 6846 	6850 	6834
f 1359 	915 	6866
f 6853 	6854 	6849
f 5491 	5464 	6856
f 5526 	5486 	6849
f 5464 	5463 	6856
f 4295 	7361 	6855
f 6841 	6852 	6824
f 6846 	5881 	5709
f 6853 	6849 	5461
f 6856 	5524 	5491
f 5709 	6850 	6846
f 6812 	6811 	6935
f 6862 	5371 	5345
f 6551 	6857 	6871
f 6850 	6862 	5345
f 6850 	5709 	6862
f 6859 	5525 	5524
f 6863 	6865 	6864
f 6601 	6864 	6865
f 6861 	403 	6401
f 6866 	4199 	4354
f 6886 	6861 	6844
f 6865 	6863 	6867
f 4200 	4208 	6866
f 6933 	6863 	6752
f 4208 	4199 	6866
f 7650 	5496 	6803
f 6844 	6861 	6511
f 6866 	915 	5706
f 2985 	6763 	6872
f 6856 	6882 	6868
f 5706 	4200 	6866
f 6866 	4354 	6855
f 5328 	5554 	6869
f 3194 	2966 	6858
f 6858 	6860 	3194
f 6808 	5328 	6869
f 3195 	3194 	6879
f 5713 	5736 	6862
f 6782 	6781 	6802
f 6885 	6802 	6781
f 6870 	6826 	6871
f 6879 	3224 	3195
f 6802 	6765 	6782
f 5709 	5713 	6862
f 5511 	5509 	6849
f 6862 	5736 	5371
f 6789 	6882 	6856
f 5461 	6884 	6853
f 6853 	6842 	6851
f 6882 	6789 	6805
f 7115 	6871 	6857
f 6836 	6854 	6853
f 6805 	6914 	6882
f 1666 	1539 	7075
f 6872 	6980 	6981
f 6704 	6601 	6865
f 5518 	5522 	6865
f 6874 	6875 	6873
f 6762 	6970 	6872
f 6868 	6859 	6856
f 6872 	6763 	6762
f 7845 	7798 	6867
f 6853 	6851 	6836
f 5524 	6856 	6859
f 6981 	6967 	6872
f 3727 	6849 	3635
f 6880 	6860 	6858
f 5525 	6859 	7356
f 6880 	6883 	6860
f 6858 	3008 	6880
f 3635 	6849 	6854
f 5511 	6849 	3725
f 3008 	6872 	6880
f 7075 	7562 	1666
f 6870 	6905 	6844
f 6880 	6890 	6883
f 6842 	6853 	6884
f 6884 	6891 	6308
f 6884 	6297 	6296
f 6884 	6296 	6842
f 6884 	6308 	6297
f 1807 	1791 	6923
f 6883 	3194 	6860
f 1807 	6923 	2596
f 6882 	7096 	6888
f 6887 	6889 	6881
f 6889 	6885 	6881
f 5461 	6896 	6884
f 6891 	6309 	6308
f 6888 	6868 	6882
f 5475 	6944 	5526
f 6887 	6881 	7715
f 6895 	6921 	1690
f 5526 	6944 	5486
f 6885 	6806 	6802
f 6897 	6891 	6896
f 2788 	2814 	6887
f 2814 	2783 	6887
f 6888 	6859 	6868
f 6889 	6887 	2783
f 6896 	5508 	6897
f 5508 	5486 	6897
f 7140 	6784 	6898
f 7562 	6892 	1666
f 2783 	6899 	6889
f 6808 	6898 	6784
f 6885 	6889 	6899
f 6900 	6873 	6875
f 6899 	6806 	6885
f 6806 	6899 	2737
f 6907 	6997 	6902
f 6905 	6870 	6904
f 6901 	6906 	6903
f 6904 	6908 	6905
f 6909 	6907 	6902
f 1666 	6892 	6893
f 6904 	6876 	6908
f 6909 	6902 	6851
f 3307 	3243 	6910
f 6902 	6986 	3954
f 6895 	1666 	6893
f 6871 	6929 	6870
f 6859 	6894 	7356
f 6912 	6911 	6907
f 6912 	6851 	6842
f 6907 	6909 	6912
f 2783 	2767 	6899
f 6913 	6882 	6914
f 6909 	6851 	6912
f 6899 	2767 	2745
f 6911 	6912 	6330
f 983 	1431 	6903
f 6914 	6917 	6913
f 6912 	6323 	6330
f 6329 	6911 	6330
f 6914 	6805 	6918
f 6842 	6299 	6912
f 6918 	6920 	6917
f 7138 	6869 	5554
f 6918 	6917 	6914
f 6895 	1690 	1666
f 6869 	7138 	6808
f 977 	983 	6903
f 6923 	1791 	6921
f 6815 	6920 	6918
f 6971 	6923 	6895
f 6903 	961 	977
f 6877 	6925 	5593
f 6877 	6876 	6925
f 6971 	6973 	6923
f 6805 	6815 	6918
f 6895 	6923 	6921
f 6906 	6901 	8564
f 6908 	6876 	6877
f 7124 	6913 	6917
f 6923 	6973 	4834
f 2745 	2737 	6899
f 6825 	7035 	7147
f 6926 	3224 	6879
f 957 	6903 	6906
f 957 	961 	6903
f 6922 	6994 	6924
f 7841 	7835 	6928
f 6892 	6930 	6893
f 6931 	6932 	6933
f 6933 	6928 	6931
f 6876 	6904 	6929
f 6949 	6876 	6929
f 6904 	6870 	6929
f 6906 	8542 	6934
f 6922 	6924 	6329
f 4561 	4543 	6930
f 6906 	8564 	8542
f 6911 	6329 	6924
f 6926 	6915 	6927
f 6936 	6929 	6871
f 6926 	3243 	3224
f 4588 	6971 	6942
f 6926 	6910 	3243
f 6943 	6815 	6935
f 6928 	6939 	6931
f 6947 	6931 	6939
f 5459 	7006 	6944
f 6942 	6895 	6938
f 6750 	7789 	6928
f 6926 	6927 	6910
f 6928 	6933 	6750
f 6752 	6750 	6933
f 6946 	6941 	6940
f 6915 	7764 	6927
f 6751 	6947 	6939
f 6327 	7052 	6922
f 6944 	5475 	5459
f 6938 	6895 	6937
f 6932 	6931 	6715
f 6893 	4583 	6945
f 6945 	6937 	6893
f 4543 	4549 	6893
f 6758 	6623 	6947
f 6947 	6623 	6724
f 6844 	6905 	6886
f 6715 	6931 	6724
f 6931 	6947 	6724
f 4543 	6893 	6930
f 6951 	6933 	6950
f 6932 	6950 	6933
f 7755 	6957 	6953
f 6704 	6953 	6950
f 6950 	6953 	6951
f 7755 	6953 	5522
f 6956 	6955 	6944
f 6951 	6953 	6957
f 6863 	6933 	6951
f 6950 	6932 	6864
f 6925 	6876 	6949
f 6979 	6925 	6949
f 6945 	8166 	6937
f 6956 	6944 	6954
f 7006 	6954 	6944
f 6906 	6934 	6941
f 6704 	6865 	6953
f 8165 	6945 	5758
f 6949 	6952 	6979
f 6978 	6948 	6960
f 5522 	6953 	6865
f 6946 	6900 	6875
f 7839 	7788 	6863
f 6875 	6941 	6946
f 6957 	7845 	6867
f 7147 	6943 	6935
f 6906 	6941 	1067
f 957 	6906 	1067
f 6935 	6825 	7147
f 6875 	1067 	6941
f 6877 	5593 	6959
f 1067 	6875 	7197
f 5653 	5621 	6959
f 5593 	5653 	6959
f 7314 	6657 	6960
f 5820 	6961 	5722
f 6969 	6958 	6861
f 6961 	6963 	5722
f 6964 	6823 	6132
f 1067 	7336 	1470
f 6657 	6958 	6960
f 6908 	6877 	6959
f 6927 	7740 	6910
f 6959 	6905 	6908
f 3301 	6966 	6968
f 6861 	6886 	6959
f 6886 	6905 	6959
f 6893 	4549 	4583
f 7092 	7260 	7091
f 7039 	7043 	6961
f 6963 	6961 	7043
f 3949 	3635 	6836
f 3301 	6968 	3221
f 7043 	6647 	6963
f 6821 	3221 	6968
f 6836 	6902 	3949
f 6893 	6937 	6895
f 6647 	6965 	6963
f 6647 	6669 	6965
f 6929 	6972 	6949
f 7629 	6975 	6966
f 6975 	6976 	6968
f 6976 	6834 	6821
f 6999 	6962 	6964
f 7391 	6974 	7453
f 6958 	6969 	6974
f 6974 	6960 	6958
f 6975 	6968 	6966
f 6132 	6985 	6964
f 6969 	6861 	6959
f 6846 	6834 	6976
f 6978 	7391 	6948
f 6968 	6976 	6821
f 6970 	6980 	6872
f 5763 	5738 	6979
f 6954 	7019 	6992
f 6979 	5767 	5763
f 6974 	7391 	6978
f 6976 	5773 	6846
f 6846 	5773 	5881
f 6975 	5773 	6976
f 5801 	7003 	7384
f 6974 	6978 	6960
f 6984 	6985 	6132
f 6984 	6964 	6985
f 6142 	6984 	6132
f 6986 	6902 	6997
f 6989 	5528 	5456
f 7000 	7001 	7378
f 7023 	6990 	6991
f 7378 	6982 	6993
f 7000 	7378 	6993
f 7002 	6995 	7384
f 6994 	6992 	6986
f 5925 	7023 	6991
f 6983 	6964 	6984
f 6880 	6872 	6967
f 6967 	6890 	6880
f 6987 	6993 	6982
f 7019 	7152 	6992
f 5456 	5457 	6989
f 7021 	6890 	6967
f 5880 	7300 	6995
f 6962 	6996 	7035
f 6994 	6986 	6997
f 7001 	7012 	7378
f 7012 	7015 	5891
f 5925 	6991 	5927
f 6991 	6251 	5927
f 7002 	7384 	7003
f 6991 	6267 	6251
f 7030 	3194 	6883
f 6988 	6989 	6426
f 7030 	6879 	3194
f 6987 	7001 	7000
f 6987 	7000 	6993
f 5451 	6989 	6988
f 7036 	9103 	6990
f 6995 	7002 	5880
f 9103 	6991 	6990
f 5880 	7002 	7003
f 5880 	7003 	5781
f 6907 	6911 	6997
f 6994 	6997 	6911
f 6911 	6924 	6994
f 6959 	5962 	5989
f 6718 	7007 	7004
f 9105 	6267 	6991
f 6962 	6999 	6996
f 6998 	6996 	6999
f 6954 	6992 	6956
f 6998 	7040 	6996
f 5457 	4169 	7004
f 7008 	7103 	1540
f 6994 	7186 	6992
f 6566 	6565 	7014
f 6969 	6959 	7010
f 6572 	6566 	7014
f 6999 	6964 	6983
f 7186 	7079 	6992
f 6955 	6956 	6992
f 5925 	6572 	7023
f 7047 	6967 	7011
f 7005 	7012 	7001
f 7005 	7001 	6987
f 6983 	6141 	6140
f 7003 	5801 	5781
f 6970 	7011 	6980
f 7153 	3954 	7152
f 6959 	5989 	7010
f 7015 	5813 	5891
f 6967 	6981 	7011
f 6994 	6922 	7186
f 7119 	7101 	7010
f 7013 	7016 	7014
f 6981 	6980 	7011
f 6983 	6984 	6142
f 7010 	5989 	7119
f 7005 	7017 	7015
f 7005 	7015 	7012
f 6983 	6142 	6141
f 6970 	6824 	6852
f 7017 	5813 	7015
f 7011 	6970 	7048
f 7020 	7017 	7005
f 6852 	7048 	6970
f 6989 	5457 	7004
f 5822 	7017 	6961
f 7004 	7007 	7046
f 7017 	7020 	6961
f 6969 	7010 	7018
f 7016 	9298 	7034
f 6954 	7006 	7019
f 7280 	7019 	7006
f 7101 	7018 	7010
f 7016 	7024 	7014
f 7024 	7023 	7014
f 7453 	6974 	7444
f 7023 	6572 	7014
f 7025 	6897 	7026
f 6890 	7021 	7030
f 6883 	6890 	7030
f 7707 	7028 	7027
f 6340 	7055 	6327
f 7023 	7024 	6990
f 7027 	7028 	7333
f 7033 	7018 	7022
f 7016 	7034 	7024
f 6962 	7035 	6823
f 6974 	6969 	7033
f 7034 	7036 	7024
f 7033 	6969 	7018
f 7033 	7444 	6974
f 7036 	6990 	7024
f 7033 	7022 	7454
f 7035 	6996 	7037
f 7454 	7444 	7033
f 6424 	7042 	6355
f 7037 	7040 	7027
f 7040 	7037 	6996
f 7126 	7050 	6433
f 6989 	7046 	7032
f 6433 	7041 	6424
f 6865 	7547 	5518
f 6354 	6355 	7042
f 7063 	7054 	7030
f 7045 	7041 	6433
f 6961 	7020 	7039
f 7063 	7030 	7021
f 7046 	7007 	7102
f 7042 	6424 	7041
f 7699 	7707 	7040
f 7022 	7456 	7454
f 7522 	6926 	7030
f 7030 	6926 	6879
f 7031 	7489 	7029
f 7699 	7040 	6998
f 7045 	6404 	7041
f 6357 	6354 	6404
f 7029 	7489 	7038
f 7489 	7512 	7038
f 7041 	6404 	7042
f 7042 	6404 	6354
f 7011 	7048 	7047
f 6989 	7004 	7046
f 7038 	7470 	6678
f 6967 	7047 	7063
f 7022 	7049 	7471
f 6989 	7032 	7051
f 7039 	7038 	6678
f 7045 	6433 	7050
f 7022 	7018 	7372
f 7043 	7039 	6678
f 7141 	7048 	6852
f 6684 	7043 	6678
f 6684 	6647 	7043
f 7022 	7372 	7049
f 7032 	6551 	7051
f 7052 	6327 	7055
f 6345 	7061 	6340
f 6989 	7051 	6560
f 7051 	6551 	6560
f 7062 	7058 	6340
f 7055 	6340 	7058
f 6560 	6426 	6989
f 7057 	7059 	7053
f 7055 	5486 	7052
f 7058 	5486 	7055
f 7044 	7060 	6801
f 7062 	6340 	7061
f 7044 	7088 	7060
f 7061 	6345 	7026
f 7021 	6967 	7063
f 6018 	7064 	7065
f 7047 	7054 	7063
f 7066 	7067 	7064
f 7061 	7026 	7062
f 7026 	7058 	7062
f 7526 	7493 	7054
f 7053 	7059 	7068
f 7072 	7008 	7069
f 7070 	7071 	6922
f 7186 	6922 	7076
f 7071 	7070 	6944
f 7068 	7059 	6894
f 7064 	7067 	7080
f 7070 	5486 	6944
f 7052 	5486 	7070
f 5986 	7135 	7119
f 6955 	6992 	7079
f 7128 	7056 	7078
f 7443 	7078 	7056
f 6944 	7079 	7071
f 7076 	7071 	7077
f 7077 	7071 	7079
f 5986 	6010 	7135
f 6955 	7079 	6944
f 6977 	7190 	7081
f 6595 	7082 	7066
f 6595 	6656 	7082
f 7082 	7080 	7066
f 7113 	6433 	7260
f 6656 	7303 	7082
f 9289 	7044 	6801
f 7092 	7116 	7260
f 7074 	7053 	7068
f 7086 	7085 	7089
f 7066 	7080 	7067
f 6859 	7068 	6894
f 7075 	7103 	7104
f 7065 	7246 	6018
f 7093 	7092 	7091
f 7093 	7091 	7090
f 7065 	7064 	7303
f 7089 	7123 	7095
f 6888 	7068 	6859
f 6882 	7074 	7096
f 7095 	7098 	7089
f 7099 	7103 	7008
f 7060 	6557 	6617
f 7060 	6559 	6557
f 7032 	7046 	7097
f 7088 	7013 	7060
f 7146 	7075 	7105
f 7104 	7105 	7075
f 7013 	7014 	7060
f 7073 	7106 	6916
f 9294 	7013 	7088
f 6916 	7106 	6919
f 7060 	7014 	6559
f 7081 	7177 	7084
f 7084 	7177 	7083
f 7107 	7097 	7102
f 7083 	7093 	7090
f 7078 	7757 	7128
f 7109 	7112 	7111
f 6433 	7113 	7114
f 7096 	7074 	7068
f 6915 	7073 	6916
f 7096 	7068 	6888
f 7098 	7005 	7089
f 6882 	7117 	7074
f 7097 	6871 	7115
f 7463 	7104 	7103
f 7463 	7103 	7099
f 7260 	7116 	7113
f 7098 	7020 	7005
f 7094 	7101 	7298
f 7114 	7113 	7118
f 7113 	7116 	7118
f 7032 	7097 	7115
f 7093 	7118 	7116
f 7119 	7298 	7101
f 7110 	7755 	7120
f 7106 	7108 	6919
f 6433 	7114 	7126
f 7095 	7110 	7120
f 7046 	7102 	7097
f 7117 	7166 	7074
f 7095 	7029 	7098
f 7118 	6405 	7114
f 5989 	5986 	7119
f 6857 	6551 	7032
f 7095 	7120 	7029
f 7119 	7100 	7298
f 6857 	7032 	7115
f 7007 	7107 	7102
f 7122 	7278 	7121
f 7089 	7005 	6987
f 6882 	6913 	7117
f 7116 	7092 	7093
f 7112 	7109 	9313
f 7402 	7755 	7123
f 7085 	7086 	7402
f 7128 	7757 	7125
f 7085 	7123 	7089
f 7122 	7121 	7124
f 7097 	7127 	6871
f 7075 	7139 	7137
f 7087 	7340 	7125
f 7056 	7125 	7340
f 7050 	7126 	6405
f 7114 	6405 	7126
f 7018 	7094 	7009
f 7132 	7075 	7146
f 6913 	7124 	7117
f 7018 	7101 	7094
f 7009 	7094 	7396
f 7139 	7075 	7132
f 7134 	6840 	7131
f 7135 	7100 	7119
f 7145 	7130 	7097
f 6917 	6920 	7124
f 6404 	7045 	6405
f 7139 	7132 	7468
f 7134 	6841 	6840
f 7140 	7097 	7107
f 7141 	6841 	7134
f 7141 	6852 	6841
f 7008 	7072 	7142
f 7148 	7122 	7124
f 7136 	7144 	9558
f 7110 	7095 	7123
f 7056 	7128 	7125
f 7142 	7143 	7008
f 7099 	7008 	7143
f 7072 	7458 	7142
f 7133 	7145 	7138
f 7166 	7117 	7124
f 7099 	7143 	7463
f 7140 	7138 	7145
f 7130 	7316 	7317
f 7140 	7145 	7097
f 7468 	7146 	7105
f 6943 	7148 	6920
f 7120 	7031 	7029
f 7146 	7468 	7132
f 7038 	7098 	7029
f 7124 	6920 	7148
f 7038 	7020 	7098
f 7020 	7038 	7039
f 7127 	7130 	6936
f 7127 	7097 	7130
f 7148 	7149 	7122
f 7150 	7237 	6168
f 7150 	7169 	7170
f 6898 	6808 	7138
f 7150 	7170 	7237
f 7175 	7169 	7150
f 7138 	7140 	6898
f 7190 	6977 	7184
f 7131 	7151 	7157
f 7150 	6168 	6155
f 3954 	7153 	7185
f 6871 	7127 	6936
f 6211 	7150 	6155
f 7184 	6977 	7185
f 3954 	7185 	6977
f 7150 	7182 	7181
f 7130 	6929 	6936
f 7144 	7220 	6875
f 7326 	7155 	7154
f 7154 	7217 	7326
f 7130 	7317 	6929
f 6875 	8491 	7144
f 7158 	7148 	6943
f 7149 	7148 	7158
f 6013 	8098 	7135
f 7159 	7171 	7160
f 7149 	7158 	7147
f 6943 	7147 	7158
f 6948 	7391 	7159
f 7157 	7134 	7131
f 7168 	7174 	7150
f 7150 	7174 	7175
f 7100 	7135 	7172
f 7173 	7166 	7167
f 7071 	7076 	6922
f 7181 	7168 	7150
f 7278 	7166 	7121
f 7280 	7152 	7019
f 7152 	7280 	7153
f 7153 	7280 	7177
f 7167 	7183 	7053
f 7150 	6004 	7182
f 7513 	7164 	7129
f 7183 	7057 	7053
f 7181 	7182 	8356
f 7162 	7170 	8356
f 7168 	7181 	8356
f 7163 	7162 	8356
f 7176 	7141 	7157
f 7157 	7141 	7134
f 7077 	7079 	7186
f 7168 	8356 	7174
f 7175 	8356 	7169
f 7174 	8356 	7175
f 7164 	7165 	7187
f 6562 	8356 	7182
f 7093 	7083 	7177
f 7081 	7190 	7177
f 7136 	9558 	7165
f 7177 	7184 	7185
f 7177 	7185 	7153
f 7187 	7129 	7164
f 7165 	9558 	9570
f 7166 	7173 	7074
f 7293 	7093 	7177
f 7053 	7173 	7167
f 7165 	9570 	7161
f 7165 	7161 	7189
f 7187 	7165 	7189
f 7167 	7231 	7183
f 7217 	7156 	7228
f 7217 	7154 	7156
f 7076 	7077 	7186
f 7267 	7266 	7326
f 7135 	8086 	7172
f 7184 	7177 	7190
f 7219 	7221 	7379
f 9565 	7109 	7161
f 6510 	7194 	6492
f 7367 	7205 	1359
f 7196 	7197 	7200
f 1359 	7205 	7008
f 7200 	7201 	7196
f 8086 	7135 	8098
f 7192 	7131 	6843
f 7201 	7202 	7196
f 7198 	7199 	5640
f 4118 	3446 	7203
f 7202 	7257 	7196
f 7199 	5459 	5650
f 4118 	7203 	7204
f 7172 	8086 	7206
f 7151 	7131 	7192
f 7188 	7206 	7191
f 7172 	7206 	7188
f 7207 	7193 	8351
f 7173 	7053 	7074
f 7310 	7172 	7188
f 7203 	7210 	7204
f 7210 	7208 	7204
f 7166 	7124 	7121
f 7100 	7172 	7310
f 7207 	7213 	7193
f 7151 	7211 	7212
f 7197 	7195 	7200
f 6503 	7208 	6504
f 7214 	3298 	3297
f 7199 	7198 	7215
f 7208 	6510 	6504
f 7166 	7214 	7167
f 7197 	6875 	7195
f 7208 	7194 	6510
f 7215 	7006 	7199
f 5459 	7199 	7006
f 3297 	7230 	7216
f 7205 	7223 	7224
f 7210 	7217 	7208
f 7225 	7205 	7224
f 7217 	7194 	7208
f 7207 	7405 	7415
f 3297 	7216 	7214
f 7217 	7228 	7194
f 7215 	7213 	7417
f 7008 	7205 	7226
f 7225 	7226 	7205
f 7218 	7236 	7209
f 7221 	7223 	7379
f 7280 	7006 	7215
f 7220 	7165 	7164
f 7205 	7379 	7223
f 7214 	7216 	7167
f 7236 	7176 	7209
f 7136 	7165 	7220
f 7220 	7195 	6875
f 7144 	7136 	7220
f 7157 	7151 	7212
f 7220 	7164 	7227
f 7394 	7223 	7544
f 7226 	7225 	7394
f 7225 	7224 	7394
f 7224 	7223 	7394
f 7221 	7544 	7223
f 7252 	7425 	7264
f 7212 	7209 	7157
f 7236 	7141 	7176
f 7069 	7008 	7226
f 7308 	7188 	7222
f 7394 	7069 	7226
f 7222 	7188 	7969
f 7178 	7141 	7236
f 7278 	7214 	7166
f 7240 	7377 	7180
f 7232 	7233 	6015
f 7162 	6015 	7233
f 6015 	7162 	7245
f 7163 	7245 	7162
f 7176 	7157 	7209
f 3954 	6992 	7152
f 7234 	7235 	6168
f 7228 	5868 	7194
f 7234 	7233 	7232
f 6982 	7378 	7294
f 7218 	7440 	7236
f 7235 	7234 	7232
f 7234 	6168 	7237
f 6986 	6992 	3954
f 7234 	7237 	7233
f 7266 	7267 	7403
f 7273 	7266 	7403
f 7240 	7180 	7332
f 7169 	8356 	7170
f 7170 	7162 	7237
f 7233 	7237 	7162
f 7228 	7242 	5868
f 3289 	3298 	7214
f 7526 	7236 	7239
f 7230 	7167 	7216
f 6977 	7243 	3954
f 6018 	7246 	6017
f 7230 	7231 	7167
f 6282 	7248 	6611
f 7242 	5871 	5868
f 7241 	3598 	3592
f 7259 	7262 	7245
f 7243 	6977 	7247
f 7248 	6612 	6611
f 7230 	2201 	5496
f 7262 	7251 	6020
f 6977 	7081 	7247
f 7065 	7303 	7248
f 7245 	6020 	6015
f 7385 	7247 	7250
f 7220 	7227 	7195
f 7248 	7246 	7065
f 7200 	7227 	7201
f 6603 	6282 	6611
f 7200 	7195 	7227
f 7248 	6283 	7246
f 7360 	7201 	7227
f 7248 	6282 	6283
f 7251 	8356 	7244
f 8356 	8374 	7244
f 7202 	7201 	7360
f 7688 	7249 	7241
f 7254 	6363 	6281
f 7083 	7250 	7084
f 7247 	7084 	7250
f 7259 	7245 	7258
f 7163 	7258 	7245
f 7156 	7252 	7228
f 6020 	7245 	7262
f 7263 	7403 	7155
f 7156 	7425 	7252
f 7253 	7222 	7969
f 7304 	7403 	7267
f 7268 	5707 	7261
f 7250 	7083 	7260
f 7263 	7155 	7266
f 7155 	7326 	7266
f 7252 	7264 	7228
f 7360 	7257 	7202
f 5707 	7268 	5711
f 7269 	7270 	7402
f 7270 	7283 	7402
f 7179 	7265 	7049
f 7091 	7260 	7090
f 7090 	7260 	7083
f 7261 	5707 	5696
f 7269 	7402 	7272
f 7263 	7273 	7403
f 7264 	7425 	7274
f 7081 	7084 	7247
f 7413 	7271 	7274
f 7260 	6433 	6428
f 7270 	7269 	7272
f 7179 	7298 	7265
f 1067 	7197 	7336
f 7266 	7273 	7263
f 7260 	6428 	7250
f 7264 	7274 	7228
f 7242 	7228 	7274
f 7271 	7242 	7274
f 7277 	7196 	7257
f 7276 	7215 	7417
f 7279 	7197 	7196
f 7294 	7402 	7283
f 7281 	7282 	7302
f 7271 	7413 	7284
f 7122 	7282 	7278
f 7308 	7229 	7275
f 7272 	7402 	7285
f 7278 	3289 	7214
f 7215 	7276 	7280
f 7277 	7290 	7196
f 7270 	7272 	7283
f 8356 	7251 	7262
f 7259 	8356 	7262
f 3338 	7281 	3337
f 3340 	7281 	3338
f 7278 	3340 	3289
f 7281 	3340 	7278
f 7332 	7180 	7254
f 7357 	7353 	6168
f 7281 	7278 	7282
f 6167 	7354 	6015
f 7282 	7149 	7302
f 7276 	7291 	7280
f 7244 	7292 	6020
f 7292 	7328 	6020
f 7272 	7285 	7286
f 7286 	7283 	7272
f 7122 	7149 	7282
f 7276 	7288 	7291
f 6020 	7251 	7244
f 7271 	7284 	7242
f 7291 	7177 	7280
f 7254 	6282 	7289
f 7291 	7293 	7177
f 7287 	7295 	7310
f 7296 	7256 	7255
f 7293 	7297 	7093
f 7289 	7332 	7254
f 7281 	7302 	7299
f 7300 	7301 	7413
f 7284 	7413 	7301
f 7147 	7299 	7149
f 7179 	7094 	7298
f 7296 	7255 	7305
f 7283 	7286 	7294
f 7294 	7286 	6987
f 7242 	7284 	7301
f 6603 	7289 	6282
f 7302 	7149 	7299
f 7089 	7286 	7086
f 7295 	7287 	7298
f 7089 	6987 	7286
f 7305 	7309 	7296
f 7295 	7100 	7310
f 6982 	7294 	6987
f 7297 	7118 	7093
f 3337 	7281 	7299
f 7314 	7441 	7409
f 7242 	7301 	5871
f 3337 	7299 	3390
f 7118 	7297 	6445
f 7413 	7384 	7300
f 7100 	7295 	7298
f 6445 	6405 	7118
f 896 	7311 	6768
f 7330 	3390 	7299
f 7306 	7307 	7028
f 7267 	7326 	7304
f 6612 	7248 	7303
f 7310 	7275 	7287
f 7329 	7331 	7293
f 7275 	7310 	7308
f 7309 	7305 	7323
f 7305 	7311 	7323
f 7285 	7086 	7286
f 7222 	7229 	7308
f 7291 	7329 	7293
f 7311 	7305 	7255
f 7188 	7308 	7310
f 7293 	7331 	7297
f 7409 	7315 	7314
f 7314 	7315 	7312
f 7319 	7210 	7313
f 7403 	7421 	7155
f 7312 	7322 	7314
f 7147 	7035 	7330
f 7217 	7319 	7324
f 7133 	7316 	7145
f 7314 	6612 	6656
f 7318 	7325 	7320
f 7334 	7027 	7333
f 7326 	7217 	7324
f 7334 	7037 	7027
f 7324 	7340 	7326
f 7327 	7288 	7320
f 7322 	6612 	7314
f 7133 	6053 	7316
f 7232 	6015 	7354
f 7320 	7325 	7327
f 7322 	7312 	7289
f 7196 	7290 	7279
f 7288 	7327 	7329
f 7290 	7342 	7279
f 7299 	7147 	7330
f 7145 	7316 	7130
f 7288 	7329 	7291
f 3406 	3390 	7330
f 6167 	6168 	7354
f 7289 	7312 	7332
f 7337 	7297 	7331
f 7313 	3915 	7335
f 7315 	7409 	7339
f 7337 	6454 	6445
f 7335 	7319 	7313
f 7335 	7324 	7319
f 6949 	7316 	7338
f 7337 	6445 	7297
f 7312 	7315 	7339
f 7338 	6077 	6952
f 7306 	7341 	7307
f 7340 	7304 	7326
f 7343 	7307 	7341
f 7312 	7339 	7332
f 7343 	7028 	7307
f 7028 	7343 	7333
f 7323 	7311 	921
f 7343 	7341 	7333
f 7596 	7599 	7324
f 7728 	7770 	7333
f 7342 	7197 	7279
f 7333 	7341 	7728
f 7316 	7321 	7338
f 7321 	6077 	7338
f 7596 	7324 	7335
f 7342 	7336 	7197
f 7037 	7334 	7035
f 7325 	7344 	7327
f 7344 	7329 	7327
f 7334 	7330 	7035
f 1096 	1470 	7336
f 7344 	7331 	7329
f 7344 	7337 	7331
f 7133 	7138 	6053
f 7345 	3406 	7330
f 7311 	9068 	6768
f 7334 	7345 	7330
f 7138 	5554 	6053
f 659 	7670 	7344
f 3612 	7334 	7770
f 6454 	7337 	7344
f 6972 	6929 	7317
f 3612 	7345 	7334
f 7357 	6168 	7235
f 7348 	7346 	7350
f 7738 	7350 	7730
f 7296 	7309 	7349
f 7323 	7349 	7309
f 3446 	7355 	7203
f 7385 	7243 	7247
f 7356 	7352 	4169
f 7421 	7423 	7358
f 7351 	7227 	7347
f 5525 	7356 	4169
f 7250 	6428 	7385
f 7154 	7358 	7156
f 7346 	7348 	7358
f 7355 	7210 	7203
f 7352 	7356 	6894
f 7232 	7354 	7353
f 7353 	7357 	7232
f 3446 	3462 	7355
f 7235 	7232 	7357
f 3462 	7313 	7355
f 7348 	7156 	7358
f 7057 	7183 	7362
f 7360 	7227 	7351
f 7183 	6716 	7362
f 7313 	7210 	7355
f 7351 	7257 	7360
f 7361 	6866 	6855
f 6249 	7363 	7364
f 6949 	7338 	6952
f 7351 	7277 	7257
f 6338 	7363 	6249
f 6972 	7316 	6949
f 7210 	7319 	7217
f 7164 	7347 	7227
f 7366 	7363 	6353
f 7369 	7205 	7367
f 7164 	7513 	7347
f 7059 	7057 	7362
f 7085 	7402 	7123
f 6353 	7363 	6338
f 1093 	7588 	1085
f 7290 	7277 	7351
f 7154 	7155 	7421
f 7358 	7154 	7421
f 5241 	7367 	7361
f 7346 	7358 	7423
f 1093 	7290 	7351
f 7348 	7425 	7156
f 7413 	7274 	7425
f 7351 	7588 	1093
f 7364 	7366 	7368
f 7364 	7363 	7366
f 7317 	7316 	6972
f 6718 	7059 	7362
f 6077 	6979 	6952
f 6169 	6363 	7368
f 7087 	7403 	7304
f 6363 	7254 	7368
f 5872 	7375 	5873
f 1359 	6866 	7361
f 7254 	7180 	7368
f 7372 	7018 	7009
f 7372 	7373 	7374
f 7414 	7370 	7371
f 7370 	7129 	7371
f 4193 	7365 	215
f 7364 	8024 	8026
f 7340 	7087 	7304
f 9067 	7311 	7376
f 320 	215 	7365
f 7285 	7402 	7086
f 7377 	7368 	7180
f 4002 	9047 	4152
f 7384 	7378 	5899
f 1085 	7380 	1178
f 7311 	7255 	7376
f 5891 	5899 	7378
f 7377 	8024 	7364
f 7383 	229 	4189
f 7447 	7379 	7369
f 7584 	7381 	7380
f 7240 	7392 	7377
f 7368 	7377 	7364
f 7049 	7372 	7374
f 7383 	4189 	4157
f 7373 	7398 	7374
f 7209 	7387 	7386
f 7386 	7218 	7209
f 7049 	7374 	7395
f 7385 	7383 	4157
f 7211 	7389 	7212
f 7205 	7369 	7379
f 7372 	7396 	7373
f 7385 	3954 	7243
f 7395 	7374 	7398
f 7359 	3954 	7385
f 7389 	7387 	7212
f 7379 	6108 	7496
f 7377 	7392 	8024
f 7387 	7209 	7212
f 7255 	7389 	7445
f 7379 	6052 	6108
f 7391 	7171 	7159
f 7375 	5882 	5873
f 7391 	7390 	7171
f 7394 	7458 	7069
f 215 	4137 	4193
f 7375 	5883 	5882
f 6428 	271 	7385
f 7179 	7049 	7395
f 5522 	5896 	7755
f 7396 	7179 	7395
f 7403 	7757 	7402
f 7395 	7398 	7396
f 7378 	7012 	5891
f 7388 	7380 	7382
f 4946 	4903 	7399
f 7009 	7396 	7372
f 7349 	7400 	7296
f 7399 	6052 	7401
f 7380 	7381 	7382
f 7398 	7373 	7396
f 7380 	7388 	1177
f 7349 	7397 	7400
f 5803 	5801 	5899
f 7396 	7094 	7179
f 7392 	7240 	7393
f 7397 	7386 	7400
f 7378 	7412 	7402
f 7385 	4157 	7359
f 7386 	7387 	7400
f 7361 	5242 	5241
f 1191 	1178 	7380
f 7400 	7256 	7296
f 7378 	7384 	7412
f 7413 	7412 	7384
f 1191 	7380 	1177
f 7332 	7339 	7393
f 7256 	7400 	7387
f 7387 	7389 	7256
f 7207 	8029 	7404
f 7375 	7406 	5721
f 7404 	7405 	7207
f 7255 	7256 	7389
f 7332 	7393 	7240
f 7410 	7339 	7409
f 7411 	7339 	7410
f 7402 	7412 	7403
f 6995 	7300 	7384
f 7550 	7370 	7408
f 7414 	7408 	7370
f 7416 	7339 	7411
f 7402 	7294 	7378
f 7207 	7415 	7417
f 7375 	5721 	5883
f 7420 	7388 	7597
f 7415 	7318 	7320
f 7422 	7424 	7407
f 7207 	7417 	7213
f 1176 	1177 	7388
f 7261 	5695 	7406
f 7403 	7412 	7421
f 7397 	7218 	7386
f 7412 	7413 	7421
f 7415 	7405 	7318
f 4926 	7401 	4925
f 7379 	4925 	7401
f 7417 	7415 	7320
f 7466 	7261 	7406
f 7421 	7425 	7423
f 7413 	7425 	7421
f 7428 	7423 	7425
f 7288 	7276 	7417
f 7320 	7288 	7417
f 7399 	2842 	6052
f 7405 	7742 	7318
f 7238 	7239 	7429
f 4849 	7434 	6124
f 7424 	7430 	7426
f 7239 	7431 	7429
f 7435 	7459 	6124
f 7110 	7123 	7755
f 7397 	7432 	7236
f 7430 	7422 	7542
f 7425 	7348 	7350
f 7434 	9261 	7435
f 7730 	7346 	7767
f 7406 	7427 	7437
f 7397 	7431 	7432
f 7428 	7425 	7350
f 7125 	7403 	7087
f 7314 	6960 	7441
f 7239 	7236 	7432
f 7466 	7406 	7437
f 7397 	7236 	7440
f 7239 	7432 	7431
f 7448 	4925 	7379
f 7433 	7473 	7394
f 7218 	7397 	7440
f 7458 	7394 	7473
f 6960 	6948 	7441
f 7439 	7441 	6948
f 6124 	7484 	7442
f 7568 	7409 	7441
f 7422 	7430 	7424
f 7433 	7556 	5122
f 7420 	7436 	7418
f 7389 	7211 	7445
f 7379 	7447 	7448
f 7420 	7418 	7414
f 9135 	7445 	7211
f 1176 	7420 	7414
f 7431 	7451 	7429
f 7446 	7473 	7447
f 7448 	7447 	7473
f 7448 	7473 	7433
f 7451 	7452 	7429
f 7471 	7469 	7022
f 4925 	7448 	7433
f 7388 	7420 	1176
f 7452 	7967 	7429
f 7566 	7441 	7453
f 7452 	7953 	7967
f 7397 	7451 	7431
f 7451 	7397 	7452
f 7461 	7456 	7455
f 7490 	7757 	7460
f 5242 	7361 	4313
f 7457 	7953 	7397
f 7414 	7419 	7408
f 7953 	7452 	7397
f 7414 	7418 	7419
f 7457 	7349 	7953
f 7455 	7407 	7462
f 7397 	7349 	7457
f 7072 	7069 	7458
f 7143 	7142 	7458
f 7461 	7455 	7462
f 7268 	5945 	5711
f 7458 	7463 	7143
f 7105 	7104 	7464
f 7463 	7464 	7104
f 7993 	7429 	7967
f 7444 	7454 	7456
f 7465 	1176 	7414
f 7444 	7566 	7453
f 7468 	7105 	7464
f 7461 	7444 	7456
f 7453 	7441 	7439
f 7078 	7443 	7460
f 7490 	7491 	7549
f 7461 	7462 	7566
f 7444 	7461 	7566
f 7486 	7416 	7472
f 7446 	7447 	7369
f 7466 	7268 	7261
f 7459 	9261 	7475
f 7500 	7474 	7476
f 7526 	7054 	7047
f 9261 	7459 	7435
f 7472 	7476 	7494
f 7473 	7478 	7458
f 7474 	7494 	7476
f 7478 	7463 	7458
f 7048 	7141 	7178
f 7494 	7474 	7480
f 7530 	7479 	9262
f 7475 	9262 	7479
f 7478 	7464 	7463
f 7466 	7481 	5945
f 7048 	7526 	7047
f 7469 	7482 	7483
f 5246 	5228 	7478
f 7479 	7484 	7475
f 7484 	6124 	7475
f 7471 	7482 	7469
f 7478 	5228 	7464
f 7471 	7049 	7265
f 5945 	7481 	5948
f 7161 	7477 	7485
f 7048 	7178 	7526
f 7468 	7464 	5228
f 7411 	7521 	7416
f 7477 	7487 	7485
f 7187 	7189 	7485
f 7446 	7369 	5205
f 7031 	7120 	7755
f 7485 	7488 	7129
f 7187 	7485 	7129
f 7189 	7161 	7485
f 7483 	7482 	7529
f 7485 	7487 	7488
f 7466 	7508 	7481
f 7393 	7486 	7480
f 7508 	7510 	7481
f 7446 	5205 	7473
f 7486 	7472 	7494
f 7494 	7480 	7486
f 5212 	5222 	7478
f 7371 	7129 	7488
f 7488 	7487 	7503
f 7477 	7504 	7487
f 7466 	5945 	7268
f 7339 	7416 	7393
f 7586 	7492 	7467
f 7521 	7472 	7416
f 7495 	7483 	7529
f 7517 	7528 	7496
f 7129 	7370 	7513
f 7393 	7416 	7486
f 7230 	5496 	7650
f 7495 	7469 	7483
f 7586 	7497 	7492
f 7459 	7475 	6124
f 7422 	7495 	7542
f 7499 	7455 	7456
f 7456 	7022 	7499
f 7495 	7455 	7499
f 7549 	7491 	7512
f 7407 	7455 	7495
f 7460 	7443 	7490
f 7470 	7490 	7443
f 7161 	7109 	7477
f 7491 	7490 	7470
f 7022 	7469 	7499
f 7499 	7469 	7495
f 7504 	7505 	7503
f 7407 	7495 	7422
f 7437 	7438 	7466
f 5716 	5518 	7547
f 7438 	7508 	7466
f 7501 	7552 	7557
f 9262 	7535 	7530
f 7407 	7424 	7509
f 3853 	7509 	3946
f 7503 	7487 	7504
f 7472 	7521 	7476
f 7509 	7424 	3946
f 7637 	7481 	7510
f 7424 	7426 	3946
f 7484 	7511 	7442
f 7502 	7481 	7637
f 7553 	7554 	7501
f 7496 	6020 	7507
f 7470 	6781 	6782
f 7509 	7515 	7516
f 7407 	7509 	7514
f 7516 	7514 	7509
f 7507 	7517 	7496
f 7476 	7506 	7500
f 7470 	7038 	7512
f 7511 	7450 	7442
f 7474 	7500 	7498
f 7512 	7491 	7470
f 7509 	7548 	7515
f 5975 	7581 	7518
f 7515 	7519 	7516
f 7477 	9 	7504
f 7477 	7109 	7111
f 7520 	7558 	7506
f 7470 	6782 	6678
f 7371 	7488 	7523
f 7558 	7520 	7521
f 7552 	7501 	7554
f 7328 	8374 	7507
f 12 	7525 	7505
f 7467 	7492 	7526
f 7517 	7507 	5324
f 5324 	7507 	8374
f 7492 	7497 	7526
f 7540 	7219 	7379
f 7523 	7503 	7505
f 7449 	7450 	7511
f 7526 	7527 	7467
f 7532 	7379 	7528
f 7496 	7528 	7379
f 7525 	7523 	7505
f 7528 	7517 	7531
f 7531 	7517 	5324
f 7484 	7479 	7530
f 7503 	7523 	7488
f 7537 	7379 	7532
f 7531 	7532 	7528
f 7529 	7533 	7495
f 7518 	7534 	7375
f 7541 	7542 	7533
f 7536 	9262 	7546
f 7535 	9262 	7536
f 7506 	7476 	7520
f 7533 	7542 	7495
f 7540 	7379 	7537
f 7530 	7535 	7484
f 7531 	7538 	7537
f 7531 	7537 	7532
f 7539 	7470 	7576
f 7375 	5935 	7518
f 7536 	7511 	7535
f 7539 	6781 	7470
f 7538 	7219 	7540
f 7538 	7540 	7537
f 7511 	7484 	7535
f 7534 	7543 	7375
f 7221 	7219 	7544
f 7538 	7544 	7219
f 7546 	9283 	7545
f 9262 	9292 	7546
f 7539 	6885 	6781
f 7520 	7476 	7521
f 7543 	7427 	7406
f 7382 	7597 	7388
f 7546 	7511 	7536
f 7545 	7511 	7546
f 7584 	7380 	1085
f 7512 	7489 	7755
f 7543 	7560 	7427
f 7543 	7406 	7375
f 7541 	7731 	7761
f 7408 	7419 	7550
f 7549 	7547 	7551
f 7551 	7547 	7555
f 7526 	7497 	7493
f 5324 	7556 	7531
f 7556 	7538 	7531
f 7556 	7544 	7538
f 7559 	7550 	7569
f 7513 	7370 	7550
f 7558 	7519 	7548
f 7519 	7515 	7548
f 7544 	7556 	7433
f 7559 	7513 	7550
f 7553 	7564 	7554
f 7433 	7394 	7544
f 5324 	5347 	7556
f 6867 	7555 	6865
f 6865 	7555 	7547
f 7512 	7547 	7549
f 7527 	7238 	7467
f 5347 	5122 	7556
f 7585 	7564 	7553
f 7178 	7236 	7526
f 7513 	7559 	7347
f 7554 	7511 	7552
f 7516 	7521 	7514
f 7552 	7511 	7557
f 7557 	7511 	7545
f 7516 	7519 	7521
f 7625 	7560 	7627
f 7521 	7519 	7558
f 7565 	7514 	7521
f 7347 	7559 	7563
f 7562 	8075 	8094
f 7715 	7561 	7703
f 7560 	7575 	7574
f 7560 	7577 	7575
f 7407 	7514 	7565
f 7560 	7579 	7577
f 7462 	7407 	7565
f 7351 	7347 	7563
f 7560 	7581 	7579
f 7137 	7562 	7075
f 7611 	7562 	7137
f 7560 	7518 	7581
f 7229 	7779 	7275
f 7560 	7534 	7518
f 7462 	7565 	7567
f 7462 	7567 	7566
f 7560 	7543 	7534
f 7568 	7567 	7411
f 7561 	6881 	7539
f 7565 	7411 	7567
f 6885 	7539 	6881
f 7560 	7437 	7427
f 7565 	7521 	7411
f 7568 	7566 	7567
f 7560 	7438 	7437
f 7583 	8039 	7562
f 7560 	7508 	7438
f 7441 	7566 	7568
f 7410 	7568 	7411
f 7510 	7508 	7560
f 7410 	7409 	7568
f 7511 	7564 	7449
f 7560 	7625 	7637
f 7570 	7064 	7080
f 7137 	7139 	7468
f 7616 	7524 	7571
f 7573 	7570 	7080
f 7303 	7570 	7082
f 1085 	7588 	7584
f 7575 	6023 	7574
f 7570 	7303 	7064
f 7439 	7159 	7580
f 7160 	7580 	7159
f 7579 	7581 	5975
f 7443 	7576 	7470
f 7633 	7564 	7898
f 7527 	7239 	7238
f 6948 	7159 	7439
f 7572 	7583 	7591
f 7526 	7239 	7527
f 7703 	7561 	7571
f 7453 	7439 	7848
f 7576 	7571 	7561
f 7561 	7539 	7576
f 7586 	7238 	7429
f 7591 	7583 	7587
f 7562 	7628 	7583
f 7171 	7848 	7580
f 7511 	7554 	7564
f 7580 	7160 	7171
f 7580 	7848 	7439
f 7588 	7563 	7559
f 7582 	7564 	7585
f 7080 	7082 	7573
f 7588 	7351 	7563
f 7467 	7238 	7586
f 7573 	7082 	7570
f 7659 	7636 	7590
f 7586 	7030 	7054
f 7588 	7559 	7569
f 7590 	7572 	7592
f 7592 	7572 	7591
f 7497 	7586 	7493
f 7584 	7588 	7569
f 7586 	7054 	7493
f 7586 	7522 	7030
f 7587 	7578 	7591
f 7662 	7592 	7578
f 7592 	7662 	7590
f 7381 	7597 	7382
f 7730 	7549 	7551
f 7381 	7584 	7597
f 7598 	7522 	7586
f 7420 	7597 	7601
f 6284 	7449 	7600
f 7593 	7652 	7594
f 7324 	7599 	7605
f 7600 	6274 	6284
f 7631 	7436 	7601
f 7634 	7594 	7653
f 7602 	7595 	6274
f 7600 	7602 	6274
f 7602 	7604 	7595
f 7597 	7569 	7550
f 8357 	7595 	7604
f 7612 	7562 	7611
f 7597 	7631 	7601
f 4305 	7603 	7613
f 7183 	7650 	6804
f 7614 	5127 	7613
f 7611 	7468 	8051
f 7599 	7616 	7605
f 7597 	7550 	7631
f 7605 	7340 	7324
f 7621 	7583 	7620
f 7605 	7056 	7340
f 7569 	7597 	7584
f 7609 	7073 	6915
f 3923 	3774 	7589
f 7420 	7601 	7436
f 7624 	7583 	7621
f 3774 	7615 	7589
f 7612 	7628 	7562
f 7615 	7596 	7589
f 6011 	2720 	7502
f 7615 	7616 	7596
f 7231 	7230 	7650
f 7616 	7599 	7596
f 7607 	7828 	7606
f 7617 	7619 	7613
f 7829 	7607 	7606
f 1285 	1176 	7465
f 7571 	7576 	7605
f 7572 	7620 	7583
f 7623 	7572 	7578
f 1285 	7465 	7622
f 7605 	7616 	7571
f 7605 	7576 	7443
f 7623 	7620 	7572
f 1285 	7622 	1287
f 7617 	7613 	7603
f 7605 	7443 	7056
f 7625 	7627 	6011
f 7619 	7614 	7613
f 7073 	7609 	7626
f 7619 	7629 	7614
f 7626 	7106 	7073
f 7587 	7583 	7628
f 3774 	7677 	7615
f 7612 	7624 	7621
f 7587 	7628 	7620
f 7620 	7623 	7587
f 7621 	7620 	7612
f 7612 	7620 	7628
f 7419 	7418 	7631
f 7587 	7623 	7578
f 7564 	7600 	7449
f 7418 	7436 	7631
f 7574 	6023 	7632
f 7634 	7617 	7594
f 7609 	7874 	7106
f 7564 	7633 	7600
f 7634 	7619 	7617
f 7633 	7635 	7600
f 7106 	7626 	7609
f 7550 	7419 	7631
f 7607 	4187 	7606
f 7616 	7615 	7524
f 7650 	7183 	7231
f 7522 	7618 	7608
f 7502 	7637 	7625
f 7755 	5894 	7547
f 5716 	7547 	5894
f 7522 	7598 	7618
f 7634 	7638 	7619
f 7547 	7512 	7755
f 7489 	7031 	7755
f 7625 	6011 	7502
f 7639 	7640 	5793
f 7638 	7629 	7619
f 7609 	6915 	7608
f 7642 	7636 	7656
f 7638 	5770 	7629
f 7654 	7656 	7636
f 7630 	7627 	7560
f 7522 	7608 	6926
f 5770 	6975 	7629
f 7659 	7654 	7636
f 6926 	7608 	6915
f 7632 	7630 	7560
f 7572 	7590 	7636
f 7560 	7574 	7632
f 7648 	7578 	7636
f 7641 	7643 	5748
f 7600 	7635 	7602
f 7560 	7637 	7510
f 7635 	7604 	7602
f 7682 	8182 	7642
f 7636 	7647 	7648
f 7636 	7649 	7647
f 7646 	7652 	7593
f 7652 	7653 	7594
f 7636 	7651 	7649
f 7608 	7858 	7609
f 7639 	7655 	7640
f 7656 	7666 	7642
f 7810 	7797 	7674
f 7655 	7658 	7641
f 5478 	5447 	7658
f 7572 	7636 	7578
f 7636 	7660 	7651
f 7686 	7634 	7653
f 7655 	7641 	7640
f 7636 	7642 	7660
f 7661 	7660 	7642
f 7542 	7541 	7674
f 7643 	7658 	5447
f 3896 	3775 	7644
f 7647 	7662 	7648
f 7649 	7662 	7647
f 7578 	7648 	7662
f 7592 	7591 	7578
f 7344 	7325 	918
f 7658 	7643 	7641
f 7663 	7664 	7646
f 6894 	7059 	6718
f 7651 	7660 	7662
f 7649 	7651 	7662
f 7661 	7662 	7660
f 6894 	6718 	7352
f 6716 	6718 	7362
f 5478 	7658 	7655
f 7644 	7663 	7646
f 7993 	7586 	7429
f 7652 	7664 	7665
f 7993 	7598 	7586
f 683 	691 	918
f 7640 	5795 	5793
f 7671 	7672 	749
f 6769 	6716 	7183
f 7665 	7664 	5815
f 7656 	7654 	7662
f 7654 	7659 	7662
f 7659 	7590 	7662
f 7640 	7641 	5795
f 659 	740 	7670
f 6804 	7650 	6803
f 7664 	7652 	7646
f 7662 	7666 	7656
f 7665 	7653 	7652
f 6222 	6279 	7668
f 7665 	7667 	7653
f 7344 	688 	659
f 7667 	7686 	7653
f 7668 	7669 	6222
f 7672 	7670 	749
f 740 	749 	7670
f 7667 	6759 	7686
f 7549 	7757 	7490
f 7460 	7757 	7078
f 7673 	7642 	7666
f 3775 	3822 	7663
f 6034 	6033 	7676
f 7663 	7644 	3775
f 7676 	6229 	6034
f 7662 	7860 	7673
f 7662 	7673 	7666
f 5814 	5815 	7664
f 7430 	7542 	7674
f 7674 	7426 	7430
f 5814 	7664 	7663
f 6769 	7183 	6804
f 5836 	7665 	5815
f 7691 	7618 	7678
f 7679 	6983 	6140
f 7618 	7598 	7678
f 6140 	6133 	7679
f 7667 	7665 	5836
f 7681 	6998 	6999
f 5100 	7680 	4908
f 5836 	5842 	7667
f 7902 	7551 	7555
f 8163 	7678 	7598
f 4908 	7680 	7682
f 5814 	7663 	3822
f 4160 	4105 	7688
f 7689 	7685 	749
f 7671 	749 	7685
f 7684 	7675 	7669
f 8184 	8180 	7249
f 7684 	7687 	7675
f 7687 	7676 	7675
f 7686 	7638 	7634
f 749 	7711 	7710
f 7249 	7688 	8184
f 7686 	6336 	7638
f 7680 	8240 	7682
f 7685 	6631 	7671
f 6631 	7672 	7671
f 7688 	7754 	8184
f 6336 	5770 	7638
f 7680 	5100 	5037
f 6759 	6336 	7686
f 7724 	7687 	7684
f 4992 	7690 	4993
f 7708 	7691 	7683
f 6631 	7685 	7689
f 7692 	4993 	7690
f 6431 	7681 	6999
f 7692 	7693 	4997
f 7555 	7759 	7902
f 6269 	7694 	6273
f 7759 	7555 	7927
f 7677 	7524 	7615
f 7692 	4997 	4993
f 7694 	6269 	9106
f 7679 	6431 	6999
f 4997 	7693 	5107
f 3837 	7695 	7677
f 6133 	6431 	7679
f 7691 	7645 	7618
f 7679 	6999 	6983
f 7693 	7733 	5107
f 7694 	7696 	6273
f 7691 	7697 	7645
f 7696 	6279 	6273
f 6998 	7698 	7699
f 4992 	240 	7690
f 7695 	7524 	7677
f 7696 	7700 	6279
f 240 	3860 	7690
f 6867 	7798 	7555
f 7889 	7555 	7798
f 7681 	7698 	6998
f 7701 	7702 	7692
f 7719 	6809 	7720
f 7681 	7824 	7698
f 7700 	7668 	6279
f 7700 	7704 	7668
f 6631 	7344 	7672
f 7670 	7672 	7344
f 7704 	7669 	7668
f 7704 	7684 	7669
f 7690 	7701 	7692
f 7707 	7699 	7705
f 7027 	7040 	7707
f 7705 	7699 	7718
f 7702 	7693 	7692
f 7696 	7694 	7706
f 7683 	7657 	7708
f 7720 	6809 	7721
f 7709 	7693 	7702
f 7689 	749 	7710
f 7726 	7708 	7657
f 7945 	7768 	6809
f 7700 	7696 	7746
f 7689 	7710 	6631
f 7746 	7704 	7700
f 7705 	7732 	7707
f 3860 	7701 	7690
f 7701 	7712 	7702
f 7695 	7703 	7524
f 7697 	7691 	7708
f 7712 	7713 	7702
f 7703 	7571 	7524
f 7699 	7748 	7718
f 7709 	7713 	7593
f 7699 	7698 	7748
f 7695 	3841 	7714
f 7702 	7713 	7709
f 7714 	7703 	7695
f 7714 	7715 	7703
f 7676 	7716 	6229
f 7688 	7241 	3592
f 7678 	7683 	7691
f 6881 	7561 	7715
f 3841 	2788 	7714
f 2788 	6887 	7714
f 6887 	7715 	7714
f 7676 	7687 	7716
f 8172 	7229 	7222
f 7722 	7879 	7697
f 7708 	7722 	7697
f 7707 	7306 	7028
f 6809 	7723 	7725
f 7940 	7756 	7901
f 7721 	6809 	7725
f 7889 	7927 	7555
f 7724 	7729 	7687
f 8172 	7253 	7249
f 7423 	7767 	7346
f 7249 	8180 	8172
f 7725 	7723 	7717
f 7726 	8138 	7708
f 7713 	7646 	7593
f 7734 	7738 	7730
f 7346 	7730 	7350
f 7720 	7721 	6831
f 7717 	6831 	7721
f 7725 	7717 	7721
f 7727 	7732 	7728
f 7757 	7549 	7767
f 7707 	7732 	7727
f 7730 	7551 	7734
f 7733 	5111 	5107
f 7733 	7603 	5111
f 7729 	7716 	7687
f 7603 	4305 	5111
f 7733 	7709 	7739
f 4160 	7688 	3592
f 7709 	7593 	7739
f 7589 	3915 	3923
f 7717 	7804 	7743
f 7709 	7733 	7693
f 7729 	7724 	7937
f 7335 	3915 	7589
f 7718 	7732 	7705
f 7804 	7745 	7744
f 7804 	7744 	7743
f 7739 	7603 	7733
f 7596 	7335 	7589
f 7727 	7728 	7306
f 7617 	7603 	7739
f 7743 	6831 	7717
f 7719 	7720 	6831
f 6831 	7743 	7744
f 7739 	7593 	7594
f 7728 	7341 	7306
f 7594 	7617 	7739
f 7706 	7746 	7696
f 6831 	7744 	8521
f 7712 	7644 	7713
f 7727 	7306 	7707
f 7745 	8521 	7744
f 7713 	7644 	7646
f 830 	7736 	8072
f 7747 	7750 	7746
f 7749 	7753 	7734
f 7712 	3896 	7644
f 830 	861 	7736
f 3778 	3686 	7751
f 7742 	7736 	861
f 5127 	7614 	3295
f 7751 	7770 	7728
f 6966 	3295 	7614
f 7738 	7734 	7753
f 861 	918 	7742
f 7614 	7629 	6966
f 7754 	4105 	4131
f 4187 	7754 	4131
f 7780 	7737 	7741
f 7371 	7523 	7758
f 7759 	7755 	7756
f 7757 	7756 	7755
f 7728 	7732 	7751
f 7750 	7760 	7746
f 4105 	7754 	7688
f 7758 	7414 	7371
f 7755 	7759 	6957
f 7927 	6957 	7759
f 7755 	7402 	7757
f 7737 	7818 	7741
f 7758 	7465 	7414
f 7754 	7761 	7731
f 9658 	6382 	3293
f 8521 	7745 	7752
f 7523 	7777 	7758
f 9658 	3293 	7741
f 7718 	7751 	7732
f 918 	7318 	7742
f 7785 	4850 	7763
f 7551 	7901 	7756
f 7735 	7737 	7740
f 6927 	7764 	7740
f 7735 	7740 	7764
f 7828 	7607 	7765
f 7403 	7125 	7757
f 7325 	7318 	918
f 7850 	7766 	7762
f 7765 	7607 	7829
f 7423 	7769 	7767
f 7758 	7777 	7762
f 7828 	7765 	7829
f 7765 	4187 	7607
f 7754 	7765 	7761
f 7772 	7756 	7767
f 7757 	7767 	7756
f 7754 	4187 	7765
f 7334 	7333 	7770
f 7758 	7762 	7465
f 6916 	7764 	6915
f 7607 	7606 	7761
f 7765 	7607 	7761
f 7465 	7762 	7766
f 7730 	7767 	7549
f 6916 	6919 	7764
f 7772 	7551 	7756
f 7734 	7551 	7772
f 7772 	7767 	7769
f 7774 	7471 	7265
f 7770 	3686 	3633
f 7350 	7738 	7428
f 3633 	3612 	7770
f 7769 	7423 	7428
f 7482 	7471 	7774
f 3410 	7345 	3612
f 7774 	7265 	7298
f 7772 	7769 	7778
f 7740 	7737 	7780
f 7803 	7777 	7776
f 7748 	7837 	8045
f 7428 	7782 	7769
f 7275 	7779 	7781
f 7734 	7772 	7749
f 7778 	7749 	7772
f 7768 	7723 	6809
f 7741 	3293 	3317
f 7784 	7782 	7738
f 7768 	7763 	7723
f 7782 	7428 	7738
f 6910 	7740 	7780
f 7778 	7769 	7784
f 7784 	7769 	7782
f 7717 	7723 	7763
f 7781 	7774 	7275
f 7780 	7741 	3317
f 7908 	7784 	7753
f 7738 	7753 	7784
f 7529 	7781 	7533
f 7786 	7945 	7787
f 7788 	7789 	7791
f 7780 	3307 	6910
f 7789 	6750 	7791
f 6751 	7791 	6750
f 7287 	7774 	7298
f 7287 	7275 	7774
f 7791 	7793 	7788
f 7763 	7768 	7785
f 7774 	7781 	7529
f 7793 	7822 	7792
f 7792 	7788 	7793
f 7774 	7529 	7482
f 7781 	7779 	7533
f 7785 	7786 	7787
f 7779 	7541 	7533
f 7786 	7785 	7768
f 7835 	7791 	6751
f 7836 	6957 	7792
f 7796 	3941 	3946
f 7948 	7954 	7750
f 7799 	7801 	7798
f 7426 	7674 	7797
f 7771 	955 	7773
f 956 	7773 	955
f 7760 	7704 	7746
f 7760 	7684 	7704
f 7832 	7541 	7761
f 6555 	7802 	7800
f 7760 	7724 	7684
f 7795 	7942 	7787
f 7426 	7797 	7796
f 7796 	3946 	7426
f 7750 	7806 	7760
f 7807 	7797 	7808
f 7717 	4850 	7804
f 7776 	7775 	7803
f 7806 	7724 	7760
f 7809 	7810 	7797
f 7809 	7797 	7807
f 7812 	7797 	7807
f 7804 	7811 	7752
f 7804 	7752 	7745
f 7802 	7805 	7800
f 7812 	7813 	7797
f 7825 	7803 	7775
f 7752 	7811 	7814
f 7813 	7807 	7797
f 7809 	7815 	7797
f 7809 	7797 	7810
f 7811 	7989 	7816
f 7811 	7816 	7814
f 7805 	7802 	7913
f 7809 	7810 	7829
f 7809 	7829 	7817
f 7865 	7737 	7735
f 7717 	7763 	4850
f 7796 	7797 	4187
f 4187 	7797 	7829
f 7810 	7829 	7797
f 4207 	7796 	4187
f 7890 	7798 	7801
f 7820 	7801 	7799
f 7788 	7792 	6863
f 6867 	6863 	7792
f 7810 	7809 	7829
f 7801 	7820 	7822
f 7820 	7792 	7822
f 6951 	7839 	6863
f 7805 	7913 	7783
f 7796 	3790 	3941
f 7796 	4207 	3790
f 7989 	7823 	7816
f 7885 	7783 	7891
f 7812 	7674 	7541
f 7786 	7768 	7945
f 7807 	7808 	7812
f 7794 	7818 	7862
f 7813 	7812 	7807
f 6919 	7108 	7764
f 6809 	5302 	4928
f 7817 	7815 	7809
f 7828 	7829 	7827
f 7826 	7827 	7829
f 7557 	7545 	9283
f 7818 	7830 	7741
f 7797 	7828 	7827
f 7797 	7827 	7826
f 7797 	7826 	7808
f 6809 	4614 	5302
f 7832 	7827 	7826
f 7840 	7833 	6694
f 7828 	7827 	7832
f 7606 	7828 	7832
f 7831 	7818 	7794
f 7793 	7835 	7834
f 7831 	9659 	7830
f 7827 	7812 	7826
f 7828 	7812 	7827
f 7831 	7830 	7818
f 7832 	7812 	7541
f 7761 	7606 	7832
f 6682 	7819 	6665
f 7698 	7837 	7748
f 7839 	7836 	7838
f 7829 	7606 	7832
f 7108 	7106 	7764
f 7824 	7837 	7698
f 7606 	4187 	7832
f 7838 	7841 	7839
f 7840 	6694 	7819
f 7797 	7815 	7829
f 7797 	7829 	7828
f 7835 	7841 	7834
f 7841 	7838 	7834
f 7854 	7834 	7838
f 7841 	6928 	7789
f 7824 	7783 	7885
f 7828 	7674 	7812
f 7674 	7828 	7829
f 7825 	7775 	7821
f 6939 	6928 	7835
f 7824 	7851 	7783
f 7775 	7843 	7821
f 7816 	8521 	7814
f 7752 	7814 	8521
f 7793 	7791 	7835
f 7808 	7826 	7812
f 7826 	7812 	7832
f 7843 	7775 	7790
f 7829 	7815 	7817
f 7790 	7844 	7843
f 7841 	7789 	7839
f 7788 	7839 	7789
f 7826 	7829 	7809
f 7826 	7809 	7807
f 7936 	6555 	6677
f 7812 	7826 	7807
f 7946 	4850 	7950
f 7785 	7950 	4850
f 6751 	6939 	7835
f 7832 	4187 	7829
f 7936 	7802 	6555
f 7795 	7787 	7945
f 7821 	7843 	7844
f 6957 	6867 	7792
f 7829 	7810 	7674
f 7836 	7792 	7820
f 7822 	7793 	7854
f 7834 	7854 	7793
f 7787 	7942 	7785
f 6682 	5828 	7819
f 7836 	7820 	7846
f 7846 	7838 	7836
f 7453 	7848 	7391
f 7390 	7391 	7848
f 7846 	7854 	7838
f 7848 	7171 	7390
f 7847 	5828 	6679
f 7926 	7935 	7849
f 7847 	7852 	5828
f 7642 	7673 	7853
f 7819 	5828 	7852
f 7842 	327 	326
f 6431 	6543 	7851
f 7856 	7682 	7853
f 7642 	7853 	7682
f 7856 	7863 	7682
f 7852 	7840 	7819
f 7766 	7850 	7857
f 7878 	296 	7794
f 6543 	6564 	7851
f 7794 	7858 	7878
f 7849 	7855 	7846
f 7855 	7854 	7846
f 7877 	7803 	7958
f 7878 	7858 	7645
f 7645 	7697 	7878
f 7860 	7856 	7853
f 7673 	7860 	7853
f 6780 	6778 	7859
f 7863 	7868 	7682
f 7794 	7862 	7858
f 7681 	6431 	7851
f 7864 	7866 	9267
f 7860 	7863 	7856
f 7824 	7681 	7851
f 7845 	6957 	7927
f 7867 	7865 	7735
f 7892 	7893 	7682
f 7839 	6951 	7836
f 6957 	7836 	6951
f 7868 	7869 	7682
f 7865 	7818 	7737
f 7869 	7868 	7870
f 7860 	7870 	7868
f 7818 	7865 	7862
f 7849 	7799 	7845
f 7798 	7845 	7799
f 7919 	7840 	7852
f 7735 	7764 	7867
f 7892 	7682 	7869
f 7800 	7805 	7871
f 7764 	7106 	7867
f 7874 	7867 	7106
f 7805 	7876 	7871
f 7799 	7849 	7846
f 7799 	7846 	7820
f 7871 	6555 	7800
f 7854 	7855 	7822
f 7801 	7822 	7855
f 8140 	7875 	6796
f 7862 	7865 	7858
f 7867 	7858 	7865
f 7874 	7858 	7867
f 7608 	7618 	7858
f 7858 	7618 	7645
f 7551 	7902 	7901
f 7873 	7934 	7872
f 7874 	7609 	7858
f 8140 	6796 	6799
f 7850 	7762 	7877
f 7842 	296 	7878
f 7585 	9278 	7582
f 9289 	6801 	6796
f 7876 	7851 	6564
f 7777 	7877 	7762
f 9267 	7873 	7864
f 7850 	7880 	7857
f 6796 	7875 	9289
f 7880 	7882 	7857
f 7564 	7866 	7864
f 7881 	327 	7842
f 6555 	7871 	6707
f 7860 	8204 	7870
f 7805 	7783 	7851
f 6799 	6780 	8143
f 7881 	7842 	7883
f 7851 	7876 	7805
f 7860 	7868 	7863
f 7886 	7887 	7884
f 7890 	7884 	7889
f 7887 	7889 	7884
f 7878 	7883 	7842
f 7889 	7798 	7890
f 336 	327 	7881
f 7801 	7855 	7890
f 7881 	495 	336
f 8156 	8143 	7859
f 7879 	7883 	7878
f 7847 	7716 	7895
f 7935 	7884 	7890
f 7850 	7877 	7880
f 495 	7881 	2284
f 7897 	7847 	7895
f 7881 	7883 	2284
f 7564 	7864 	7898
f 7897 	7852 	7847
f 8334 	2284 	7883
f 7919 	7852 	7897
f 7729 	7900 	7716
f 7894 	7959 	7861
f 7902 	7886 	7899
f 7884 	7899 	7886
f 7895 	7716 	7900
f 7896 	8065 	7891
f 7777 	7803 	7877
f 7888 	7959 	7894
f 7900 	7903 	7895
f 7903 	7897 	7895
f 7697 	7879 	7878
f 7904 	7882 	7880
f 7906 	7908 	7749
f 7907 	7919 	7897
f 7940 	7901 	7906
f 7898 	7873 	7872
f 7729 	7939 	7900
f 7753 	7749 	7908
f 7906 	7901 	7908
f 7902 	7910 	7901
f 7837 	7824 	7885
f 7864 	7873 	7898
f 7766 	7857 	7916
f 906 	7909 	921
f 7902 	7899 	7910
f 7908 	7901 	7910
f 7940 	7941 	7756
f 7633 	7898 	8104
f 7909 	7323 	921
f 9267 	7866 	7911
f 7880 	7877 	7904
f 7833 	7912 	6776
f 906 	908 	7909
f 7904 	7877 	7958
f 7759 	7941 	7902
f 7911 	7582 	9267
f 7866 	7564 	7911
f 7582 	7911 	7564
f 7896 	7891 	7915
f 7916 	7857 	7914
f 7912 	6778 	6776
f 7857 	7882 	7914
f 7783 	7913 	7915
f 7917 	7934 	7918
f 7912 	7859 	6778
f 7872 	7934 	7917
f 7783 	7915 	7891
f 7919 	7922 	7840
f 7921 	7938 	7884
f 7870 	7893 	7892
f 7870 	7892 	7869
f 7922 	7833 	7840
f 7915 	7913 	7802
f 7872 	7917 	7898
f 7923 	7931 	7920
f 7922 	7912 	7833
f 7917 	7918 	7898
f 7891 	8096 	7885
f 7924 	7921 	7925
f 7845 	7927 	7926
f 7918 	7934 	7928
f 7907 	7929 	7919
f 7927 	7925 	7926
f 7886 	7924 	7925
f 7929 	7922 	7919
f 7929 	7930 	7922
f 7930 	7912 	7922
f 7884 	7935 	7921
f 7935 	7926 	7925
f 7935 	7925 	7921
f 7918 	7928 	7898
f 7882 	7904 	7914
f 7887 	7886 	7925
f 7987 	7898 	7928
f 7925 	7927 	7887
f 7889 	7887 	7927
f 988 	7931 	979
f 7766 	7932 	7465
f 7622 	7465 	7932
f 7845 	7926 	7849
f 7933 	7931 	988
f 7935 	7890 	7855
f 7933 	7920 	7931
f 7855 	7849 	7935
f 7933 	7949 	7920
f 7932 	173 	7622
f 7902 	7941 	7886
f 908 	7931 	7923
f 7724 	7806 	7937
f 198 	173 	7916
f 7899 	7884 	7938
f 7938 	7965 	7899
f 7795 	7945 	7942
f 7923 	7909 	908
f 7729 	7937 	7939
f 7924 	7961 	7938
f 7921 	7924 	7938
f 7759 	7756 	7941
f 7888 	7905 	7959
f 7942 	7945 	7946
f 7750 	35 	7948
f 7778 	7906 	7749
f 7950 	7942 	7946
f 35 	47 	7948
f 7906 	7778 	7947
f 7784 	7952 	7778
f 4928 	5121 	7946
f 7963 	7949 	7993
f 7906 	7947 	7940
f 173 	7932 	7916
f 7952 	7784 	7908
f 7910 	7952 	7908
f 35 	7750 	7747
f 7947 	7778 	7952
f 7766 	7916 	7932
f 7954 	7806 	7750
f 7953 	7349 	7323
f 7954 	7955 	7806
f 7944 	7936 	7943
f 7955 	7956 	7937
f 7957 	6677 	6676
f 7909 	7953 	7323
f 7924 	7886 	7941
f 7947 	7961 	7940
f 7952 	7965 	7947
f 7920 	7953 	7923
f 7961 	7924 	7941
f 7963 	7977 	7953
f 7955 	7937 	7806
f 7910 	7899 	7965
f 7904 	7958 	7962
f 7953 	7920 	7949
f 7956 	7964 	7937
f 7965 	7938 	7961
f 7964 	7939 	7937
f 7961 	7941 	7940
f 7963 	7953 	7949
f 7965 	7952 	7910
f 7928 	7934 	995
f 7977 	7966 	7953
f 7961 	7947 	7965
f 7943 	7957 	7960
f 7968 	995 	7994
f 7928 	995 	7968
f 997 	7997 	995
f 5121 	4968 	7946
f 4118 	7204 	6503
f 7957 	7936 	6677
f 7974 	7955 	7954
f 7966 	7967 	7953
f 7909 	7923 	7953
f 7936 	7957 	7943
f 7204 	7208 	6503
f 4889 	7946 	7945
f 4889 	4928 	7946
f 7957 	7970 	7960
f 4889 	7945 	6809
f 6809 	4928 	4889
f 7188 	7191 	7969
f 458 	7954 	7948
f 7944 	7802 	7936
f 458 	7974 	7954
f 7974 	7975 	7956
f 7191 	7861 	7969
f 7975 	7964 	7956
f 8012 	4908 	7893
f 8129 	7861 	7959
f 7993 	7949 	7933
f 6249 	7970 	7957
f 7364 	7970 	6249
f 7916 	7914 	7962
f 7974 	7956 	7955
f 8129 	7969 	7861
f 7914 	7904 	7962
f 7970 	7364 	8026
f 7970 	7979 	7960
f 7959 	7905 	7951
f 7991 	7982 	7978
f 7979 	7980 	7981
f 7975 	8068 	7964
f 7980 	7944 	7943
f 8027 	7951 	7905
f 7943 	7981 	7980
f 7981 	7960 	7979
f 7943 	7960 	7981
f 7974 	467 	3897
f 7979 	7984 	7980
f 3897 	3899 	7975
f 7979 	7970 	7985
f 7975 	7974 	3897
f 462 	469 	7986
f 7933 	988 	7983
f 7975 	3899 	3900
f 7873 	9267 	7934
f 7888 	7894 	8053
f 8269 	7893 	7870
f 462 	7986 	7973
f 7888 	8053 	7905
f 7950 	7785 	7942
f 7986 	7988 	7973
f 7987 	7928 	7968
f 7984 	7944 	7980
f 7986 	8207 	7988
f 7985 	7990 	7984
f 7984 	7979 	7985
f 7989 	4850 	4867
f 8008 	8007 	997
f 7973 	7988 	7976
f 7988 	7991 	7978
f 4850 	7989 	7804
f 7804 	7989 	7811
f 8060 	201 	8520
f 997 	8007 	8006
f 8520 	201 	198
f 4876 	7995 	7989
f 7968 	7994 	7987
f 4353 	6689 	4385
f 7988 	7978 	7976
f 7966 	7993 	7967
f 7996 	7982 	7991
f 7944 	7984 	7990
f 7915 	7944 	7990
f 7994 	995 	7997
f 7997 	997 	7998
f 7966 	7977 	7993
f 4867 	4876 	7989
f 8004 	7995 	8001
f 7993 	7977 	7963
f 7995 	4908 	7999
f 7995 	7999 	8000
f 7915 	7990 	7896
f 7916 	7962 	198
f 8001 	7995 	8000
f 7994 	7997 	7987
f 8004 	7823 	7995
f 7989 	7995 	7823
f 8002 	7844 	8003
f 3900 	8068 	7975
f 7998 	7987 	7997
f 7844 	8536 	8003
f 7998 	997 	8006
f 467 	5146 	3897
f 8005 	7896 	7990
f 8001 	8000 	8715
f 7999 	8715 	8000
f 8004 	8001 	8715
f 8002 	8003 	8582
f 7903 	8009 	7897
f 8009 	7907 	7897
f 8008 	7771 	8007
f 7771 	7987 	8007
f 8006 	8007 	7987
f 7998 	8006 	7987
f 7900 	7939 	8011
f 8207 	7991 	7988
f 8011 	7903 	7900
f 7990 	7985 	8005
f 8011 	8009 	7903
f 4908 	7682 	7893
f 7771 	8008 	955
f 7993 	7933 	7983
f 7991 	8293 	7996
f 7985 	7970 	8005
f 8003 	8536 	8553
f 8009 	8013 	7907
f 8016 	4353 	4385
f 7970 	8026 	8005
f 8013 	7929 	7907
f 7844 	8002 	7821
f 8013 	8017 	7929
f 8017 	7930 	7929
f 7995 	4876 	4908
f 8069 	573 	8018
f 8016 	8057 	8010
f 7987 	7771 	7992
f 8012 	7893 	8269
f 7964 	8019 	7939
f 8012 	8020 	4908
f 8021 	4908 	8020
f 8018 	8099 	8015
f 8016 	8010 	6830
f 7771 	7773 	7992
f 8019 	8011 	7939
f 8008 	997 	955
f 8022 	4908 	8021
f 8019 	8037 	8011
f 7999 	4908 	8022
f 7944 	7915 	7802
f 8020 	8269 	8021
f 8016 	8142 	4353
f 8005 	8026 	8024
f 8775 	8715 	8021
f 8049 	8017 	8013
f 2608 	8028 	7972
f 8028 	8032 	7972
f 8025 	8056 	8029
f 8024 	7474 	7498
f 8028 	2608 	8030
f 2609 	8030 	2608
f 7498 	8005 	8024
f 8031 	8029 	8056
f 8032 	8036 	7972
f 8032 	8028 	8033
f 8030 	8033 	8028
f 8027 	4385 	4374
f 8034 	8027 	8035
f 7972 	8036 	8052
f 8038 	8027 	8034
f 8033 	8036 	8032
f 8037 	8041 	8009
f 8027 	8038 	8043
f 8042 	8043 	8038
f 7392 	7393 	8024
f 7393 	7480 	8024
f 8027 	8043 	8035
f 8042 	8035 	8043
f 4789 	533 	8030
f 7480 	7474 	8024
f 533 	534 	8030
f 534 	535 	8030
f 8037 	8009 	8011
f 8031 	8044 	8029
f 8046 	8009 	8041
f 8046 	8013 	8009
f 8042 	4385 	8043
f 8027 	8043 	4385
f 8046 	8047 	8013
f 8029 	8044 	7404
f 8042 	8043 	7905
f 8043 	8027 	7905
f 8047 	8049 	8013
f 535 	8048 	8030
f 8038 	8034 	7905
f 7837 	8091 	8045
f 7885 	8091 	7837
f 8034 	8035 	7905
f 8040 	7562 	8039
f 8040 	8077 	7562
f 8031 	7736 	8044
f 8030 	8048 	8033
f 7583 	8051 	8039
f 8042 	7905 	8035
f 8044 	7405 	7404
f 8039 	8051 	7468
f 8048 	8054 	8033
f 8040 	8039 	7468
f 564 	8069 	8048
f 8048 	8069 	8054
f 7610 	8055 	8025
f 8076 	8052 	8054
f 7905 	8053 	8057
f 8056 	8025 	8055
f 8036 	8033 	8052
f 8054 	8052 	8033
f 8045 	8091 	8050
f 8058 	8002 	8582
f 7751 	3686 	7770
f 7751 	7718 	8063
f 8048 	535 	564
f 8624 	8061 	8060
f 8085 	8062 	8066
f 8065 	8070 	8096
f 8019 	7964 	8068
f 8069 	8015 	8054
f 3914 	8071 	8068
f 8060 	254 	201
f 8067 	8072 	8055
f 564 	573 	8069
f 8019 	8068 	8071
f 7905 	8057 	8038
f 8069 	8018 	8015
f 8071 	8037 	8019
f 8075 	7562 	8077
f 8014 	1015 	8066
f 8060 	276 	254
f 8064 	8107 	8066
f 8066 	8062 	8064
f 8052 	8076 	7972
f 3916 	8074 	8071
f 7611 	7137 	7468
f 8045 	8050 	8063
f 8063 	8050 	8073
f 8071 	8074 	8041
f 8055 	8072 	8056
f 8074 	8046 	8041
f 8078 	7972 	8076
f 8072 	8031 	8056
f 8060 	8061 	276
f 5228 	8075 	8077
f 8031 	8072 	7736
f 8078 	8079 	7972
f 8149 	8073 	8070
f 8076 	8054 	8078
f 7468 	5228 	8077
f 8080 	7972 	8079
f 8040 	7468 	8077
f 8038 	8057 	8082
f 8054 	8111 	8079
f 7736 	7742 	7405
f 8082 	8057 	8016
f 7612 	7611 	8051
f 1023 	1015 	8014
f 8010 	8057 	8053
f 8044 	7736 	7405
f 1023 	7983 	1017
f 8053 	6817 	8010
f 7583 	7624 	8051
f 1023 	8014 	8023
f 7773 	8059 	7992
f 4385 	8042 	8084
f 8023 	7983 	1023
f 8051 	7624 	7612
f 948 	8059 	7773
f 281 	278 	8061
f 8062 	8085 	8064
f 8042 	8038 	8082
f 8054 	8079 	8078
f 8115 	7972 	8080
f 8016 	8042 	8082
f 8067 	8059 	948
f 8061 	290 	281
f 8067 	948 	830
f 8084 	8042 	8016
f 8067 	830 	8072
f 4385 	8084 	8016
f 8111 	8054 	8015
f 8066 	8270 	8085
f 292 	8132 	8681
f 8087 	7191 	8086
f 8631 	8081 	8083
f 573 	8090 	8018
f 573 	578 	8090
f 7191 	7206 	8086
f 8074 	8047 	8046
f 8065 	8096 	7891
f 578 	589 	8092
f 7885 	8096 	8091
f 3916 	3921 	8074
f 7562 	5690 	6892
f 8092 	8090 	578
f 8071 	8041 	8037
f 8095 	7562 	8094
f 8092 	8093 	8090
f 8074 	8097 	8047
f 8070 	8073 	8096
f 8092 	589 	7973
f 7973 	7976 	8092
f 3921 	3922 	8097
f 8092 	7976 	8093
f 1219 	8282 	8088
f 1172 	1175 	8089
f 8088 	1217 	1219
f 8097 	8074 	3921
f 8096 	8050 	8091
f 8096 	8073 	8050
f 8097 	3922 	3926
f 8099 	8018 	8101
f 3926 	8103 	8097
f 6013 	6628 	8098
f 1175 	7934 	8089
f 8063 	7748 	8045
f 7635 	8102 	7604
f 8097 	8049 	8047
f 8102 	7610 	7604
f 6817 	8053 	8114
f 7718 	7748 	8063
f 8049 	8097 	8103
f 8106 	6817 	8114
f 8104 	7898 	7987
f 7987 	7992 	8104
f 8104 	7635 	7633
f 8114 	8087 	8106
f 8104 	8102 	7635
f 8014 	8107 	8100
f 8101 	8018 	8159
f 8010 	6817 	6829
f 8058 	8110 	8081
f 8014 	8066 	8107
f 8102 	8108 	7610
f 8105 	8101 	8159
f 8159 	8164 	8105
f 8064 	8085 	8107
f 8104 	8108 	8102
f 8055 	7610 	8108
f 8086 	6819 	8106
f 8100 	8107 	8085
f 8119 	8120 	7972
f 8120 	8124 	7972
f 8086 	8106 	8087
f 8108 	8067 	8055
f 8080 	8079 	8111
f 6819 	8086 	8098
f 8117 	8100 	8236
f 6628 	6819 	8098
f 8095 	8094 	5228
f 8083 	8081 	8110
f 5228 	8094 	8075
f 3778 	7751 	8063
f 8059 	8104 	7992
f 8119 	7972 	8115
f 8111 	8115 	8080
f 8166 	6945 	8165
f 8104 	8059 	8108
f 8116 	8158 	8118
f 6937 	8168 	6938
f 8059 	8067 	8108
f 8124 	8125 	7972
f 8147 	6938 	8146
f 8111 	8122 	8120
f 8111 	8120 	8119
f 3900 	3914 	8068
f 8125 	8128 	7972
f 8117 	8152 	8112
f 7191 	8087 	8114
f 4583 	5758 	6945
f 8114 	7894 	7861
f 5690 	7562 	8095
f 8053 	7894 	8114
f 5228 	5690 	8095
f 8114 	7861 	7191
f 3926 	1630 	8103
f 8111 	8119 	8115
f 1630 	8216 	8103
f 8128 	8150 	7972
f 8122 	8127 	8125
f 8124 	8122 	8125
f 8177 	5785 	6942
f 8113 	8132 	292
f 8127 	8128 	8125
f 292 	8061 	8113
f 7951 	8027 	4492
f 8129 	7249 	7253
f 7241 	7249 	8129
f 5322 	8126 	5327
f 8131 	7241 	8129
f 5634 	5327 	8126
f 8131 	4456 	7241
f 8122 	8124 	8120
f 8014 	8100 	8117
f 8110 	8132 	8109
f 7951 	8131 	8129
f 8014 	8117 	8023
f 8132 	8113 	8109
f 8111 	8015 	8099
f 7959 	7951 	8129
f 8112 	8023 	8117
f 8121 	8201 	8123
f 8111 	8099 	8134
f 8131 	7951 	4456
f 8134 	8122 	8111
f 7253 	7969 	8129
f 8132 	8110 	8058
f 8169 	8146 	6938
f 8134 	8137 	8122
f 8206 	5634 	8126
f 6938 	8160 	6942
f 8127 	8137 	8407
f 6839 	8142 	6830
f 8144 	8136 	8138
f 8141 	8145 	8139
f 8142 	8016 	6830
f 8141 	8183 	8145
f 6799 	8143 	8140
f 8147 	8155 	6938
f 8070 	8065 	8116
f 8162 	6942 	8160
f 8137 	8127 	8122
f 8148 	8144 	8138
f 6937 	8166 	8168
f 3786 	3778 	8149
f 8147 	8146 	8153
f 8150 	8128 	8407
f 8099 	8101 	8134
f 7912 	8154 	7859
f 8101 	8105 	8134
f 8070 	8116 	8149
f 6938 	8155 	8160
f 8154 	8156 	7859
f 8137 	8134 	8105
f 8177 	6942 	8162
f 8149 	3778 	8063
f 8136 	8163 	8152
f 8153 	8155 	8147
f 8063 	8073 	8149
f 8156 	8151 	8140
f 8090 	8159 	8018
f 8161 	8151 	8156
f 8116 	8065 	8158
f 8153 	8162 	8160
f 8153 	8160 	8155
f 8133 	8193 	8167
f 8169 	6938 	8168
f 8093 	8159 	8090
f 6839 	4353 	8142
f 8161 	8157 	8151
f 8170 	8159 	8093
f 7779 	7229 	8172
f 8170 	8173 	8164
f 8172 	7541 	7779
f 8173 	8466 	8164
f 7993 	7983 	8163
f 8135 	8133 	8167
f 7983 	8023 	8163
f 8168 	8166 	8169
f 8166 	8165 	8169
f 8146 	8169 	8165
f 8165 	5758 	8146
f 8156 	8140 	8143
f 8112 	8152 	8163
f 8023 	8112 	8163
f 8177 	8162 	5785
f 8153 	5785 	8162
f 7222 	7253 	8172
f 7661 	7642 	8182
f 8179 	7912 	7930
f 8183 	8171 	8145
f 8171 	8183 	8121
f 8179 	8154 	7912
f 8138 	7726 	8148
f 8174 	8171 	8121
f 8179 	8186 	8154
f 8186 	8156 	8154
f 8174 	8121 	8123
f 8186 	8161 	8156
f 8174 	8123 	8175
f 5052 	5054 	8211
f 8193 	8133 	8178
f 7683 	7678 	8163
f 5829 	5052 	8211
f 7683 	8163 	8136
f 8191 	8186 	8179
f 7657 	8144 	8148
f 7657 	7683 	8136
f 8197 	8121 	8183
f 8195 	8161 	8186
f 7657 	8136 	8144
f 8148 	7726 	7657
f 8184 	7731 	8180
f 8163 	7598 	7993
f 7731 	8184 	7754
f 8157 	8161 	8195
f 8180 	7541 	8172
f 8017 	8190 	7930
f 7731 	7541 	8180
f 8199 	8198 	8152
f 8190 	8179 	7930
f 8262 	8199 	8152
f 8190 	8191 	8179
f 8170 	8164 	8159
f 8192 	8141 	8189
f 8192 	8183 	8141
f 8191 	8195 	8186
f 7976 	7978 	8170
f 8136 	8196 	8138
f 8192 	8197 	8183
f 8136 	8152 	8196
f 8211 	5054 	5075
f 8170 	8093 	7976
f 8173 	8170 	7978
f 8200 	8201 	8197
f 7661 	8182 	7662
f 7982 	8173 	7978
f 7682 	8240 	8182
f 7982 	8466 	8173
f 8182 	7860 	7662
f 8215 	8190 	8017
f 8197 	8201 	8121
f 8215 	8203 	8190
f 8204 	7860 	8182
f 8203 	8191 	8190
f 7986 	469 	8202
f 8203 	8205 	8191
f 8201 	8206 	8123
f 8206 	8126 	8123
f 8202 	8207 	7986
f 8205 	8208 	8191
f 8208 	8195 	8191
f 8240 	8204 	8182
f 706 	748 	8210
f 748 	8232 	8210
f 8210 	8202 	706
f 8196 	8152 	8198
f 8193 	8209 	8167
f 5830 	5829 	8211
f 8210 	8212 	8202
f 8347 	8197 	8192
f 4710 	5887 	5064
f 8202 	8212 	8207
f 8214 	8198 	8217
f 8200 	8213 	8201
f 5064 	5887 	5075
f 8213 	8206 	8201
f 8214 	8196 	8198
f 8223 	8217 	8198
f 8212 	8293 	8207
f 5887 	8211 	5075
f 8219 	8208 	8205
f 8213 	5640 	8206
f 8749 	8188 	8209
f 5640 	5634 	8206
f 7708 	8214 	7722
f 8215 	8017 	8049
f 8196 	8214 	8138
f 8210 	8237 	8212
f 8193 	8749 	8209
f 5831 	5830 	8211
f 7708 	8138 	8214
f 8049 	8103 	8215
f 4677 	4710 	5064
f 8103 	8216 	8215
f 8214 	8217 	8218
f 8232 	8237 	8210
f 5064 	4834 	4677
f 8181 	8185 	8176
f 8216 	8203 	8215
f 8216 	8205 	8203
f 8214 	8218 	7722
f 8216 	8219 	8205
f 8251 	8252 	5037
f 8242 	8181 	8220
f 8221 	5037 	5052
f 8219 	8956 	8208
f 7193 	8213 	8200
f 8213 	7198 	5640
f 8220 	8292 	8118
f 8245 	8223 	8199
f 8221 	8251 	5037
f 7213 	8213 	7193
f 8220 	8181 	8292
f 7215 	7198 	8213
f 1630 	1632 	8216
f 8250 	8248 	5037
f 7213 	7215 	8213
f 1632 	8219 	8216
f 8176 	8231 	8222
f 8176 	8222 	8187
f 8226 	7875 	8140
f 8222 	8297 	8187
f 8167 	8209 	9130
f 5877 	8221 	5052
f 8221 	5877 	5874
f 8151 	8226 	8140
f 8198 	8199 	8223
f 8226 	9289 	7875
f 8135 	8167 	9130
f 2291 	8334 	8230
f 8228 	8225 	8224
f 8230 	8334 	8217
f 8230 	8217 	8223
f 8151 	8157 	8226
f 8281 	791 	99
f 8222 	8231 	8283
f 8230 	2302 	2291
f 837 	2302 	8230
f 8251 	8221 	5841
f 8234 	8231 	8176
f 8327 	8117 	8236
f 7680 	5037 	8248
f 8241 	8242 	8220
f 8240 	7680 	8243
f 8262 	8117 	8327
f 8220 	8118 	8241
f 8240 	8243 	8204
f 8235 	8239 	8301
f 8238 	8301 	8239
f 754 	8246 	8232
f 8227 	8228 	8224
f 8250 	5037 	8252
f 8243 	7680 	8248
f 8585 	8178 	8235
f 8118 	8158 	8241
f 8308 	1840 	8244
f 8235 	8178 	8133
f 8158 	8065 	8241
f 8254 	8255 	8256
f 8246 	8257 	8232
f 8245 	837 	8230
f 8181 	8242 	8259
f 8252 	5852 	8229
f 8252 	8251 	5852
f 8185 	8260 	8258
f 8223 	8245 	8230
f 5852 	8251 	5841
f 8181 	8259 	8260
f 8232 	8257 	8237
f 8204 	8243 	8229
f 7896 	8242 	8241
f 8262 	8244 	8245
f 7896 	8241 	8065
f 8288 	8285 	99
f 8258 	8260 	8259
f 8314 	8237 	8257
f 8256 	8263 	8254
f 8224 	6024 	8227
f 8256 	8255 	8264
f 8228 	8302 	8225
f 8258 	8234 	8176
f 769 	8246 	763
f 8117 	8262 	8152
f 8262 	8245 	8199
f 769 	8266 	8246
f 8248 	8250 	8229
f 8302 	8274 	8261
f 8252 	8229 	8250
f 8185 	8258 	8176
f 8266 	8267 	8257
f 8302 	8306 	8274
f 8248 	8229 	8243
f 5852 	8268 	8229
f 8353 	8257 	8267
f 7498 	7500 	8234
f 8245 	8244 	933
f 8269 	7870 	8268
f 837 	8245 	933
f 8258 	7498 	8234
f 8269 	8020 	8012
f 1015 	8270 	8066
f 8258 	8259 	7498
f 8227 	6271 	8228
f 8271 	8272 	8270
f 8266 	8257 	8246
f 8181 	8260 	8185
f 8270 	8088 	8271
f 8229 	7870 	8204
f 8229 	8268 	7870
f 8271 	8275 	8272
f 8268 	8277 	8269
f 8259 	8242 	7896
f 7896 	8005 	7498
f 769 	792 	8266
f 8259 	7896 	7498
f 6024 	8224 	8273
f 8281 	99 	8284
f 8088 	8282 	8271
f 791 	8281 	8266
f 6025 	8277 	8268
f 8445 	8264 	8255
f 8283 	7548 	8222
f 6025 	6026 	8273
f 8306 	8276 	8274
f 8445 	8255 	8449
f 8267 	8266 	8284
f 8281 	8284 	8266
f 6026 	6024 	8273
f 8234 	8283 	8231
f 8284 	99 	8285
f 8234 	7500 	8283
f 6025 	8273 	8277
f 8284 	8285 	8267
f 5544 	5552 	8287
f 8279 	8333 	8280
f 8282 	1218 	8303
f 4383 	8289 	4387
f 8285 	8288 	8267
f 1219 	1218 	8282
f 7506 	8283 	7500
f 1892 	1893 	796
f 8283 	7558 	7548
f 1015 	8088 	8270
f 7506 	7558 	8283
f 8291 	8290 	8289
f 8187 	8292 	8176
f 1893 	1889 	796
f 7991 	8207 	8293
f 8270 	8294 	8085
f 8270 	8272 	8294
f 8293 	8295 	7996
f 8085 	8294 	8100
f 8322 	8324 	8291
f 8312 	8247 	8253
f 5515 	5514 	8287
f 8176 	8292 	8181
f 8382 	7996 	8295
f 8310 	8272 	8275
f 8293 	8304 	8295
f 8292 	8187 	8297
f 8294 	8310 	8236
f 8310 	8294 	8272
f 8236 	8100 	8294
f 8265 	8299 	8296
f 8303 	8275 	8271
f 8225 	8302 	8261
f 8212 	8304 	8293
f 8302 	8305 	8306
f 8300 	8291 	8289
f 8265 	8296 	8278
f 8282 	8303 	8271
f 3693 	8118 	8292
f 8212 	8237 	8304
f 1218 	1446 	8303
f 8237 	8314 	8304
f 8292 	3804 	3693
f 6271 	8307 	8228
f 8307 	8302 	8228
f 8278 	8296 	8502
f 8235 	8301 	8309
f 3878 	3882 	8297
f 3882 	3901 	8297
f 8297 	7509 	3878
f 8305 	8311 	8306
f 8249 	8296 	8312
f 8327 	8310 	8275
f 7548 	7509 	8222
f 8299 	8312 	8296
f 8471 	8301 	8238
f 8308 	1453 	1830
f 8249 	8312 	8253
f 8222 	7509 	8297
f 8157 	8316 	8226
f 8307 	8357 	8302
f 8315 	8308 	8275
f 7595 	8357 	8307
f 8226 	8316 	8318
f 8357 	8305 	8302
f 8303 	1446 	8315
f 8308 	8315 	1453
f 8314 	8257 	8319
f 1677 	895 	8320
f 8360 	8311 	8305
f 8286 	8287 	8331
f 1677 	8320 	5701
f 8321 	8316 	8157
f 8321 	8318 	8316
f 8362 	8313 	8311
f 8298 	8322 	8300
f 8323 	8321 	8157
f 8321 	8326 	8318
f 8275 	8303 	8315
f 8326 	8233 	8318
f 8317 	8301 	8328
f 8327 	8236 	8310
f 8301 	8317 	8309
f 8322 	8291 	8300
f 8327 	8308 	8244
f 8275 	8308 	8327
f 8329 	8330 	8325
f 8244 	8262 	8327
f 8308 	1830 	1840
f 8157 	8195 	8323
f 8320 	8330 	8329
f 8306 	8332 	8276
f 8424 	8331 	8328
f 8320 	3396 	5701
f 8332 	8279 	8276
f 8317 	8328 	8331
f 8329 	3396 	8320
f 8333 	8279 	8332
f 895 	8330 	8320
f 8218 	7879 	7722
f 8354 	8322 	8298
f 7879 	8217 	7883
f 7879 	8218 	8217
f 8355 	8324 	8322
f 8333 	8139 	8280
f 8333 	8189 	8141
f 7883 	8217 	8334
f 954 	1683 	8330
f 8335 	8336 	8337
f 8334 	2288 	2284
f 8359 	8287 	8286
f 8333 	8141 	8139
f 8338 	8256 	8264
f 8306 	8311 	8332
f 8311 	8313 	8332
f 8313 	8333 	8332
f 8286 	8340 	8370
f 8330 	8609 	8339
f 4129 	4056 	8342
f 8340 	8286 	8338
f 8247 	8337 	8343
f 8342 	4056 	2718
f 8338 	8264 	8340
f 8344 	8192 	8189
f 4751 	8350 	6041
f 8344 	8347 	8192
f 4751 	8341 	8350
f 8337 	8346 	8343
f 8347 	8200 	8197
f 8445 	8340 	8264
f 8348 	7639 	5793
f 8337 	8391 	8346
f 8349 	8347 	8344
f 8348 	5793 	4857
f 8349 	8351 	8347
f 8351 	8200 	8347
f 2718 	2723 	8342
f 2723 	2726 	8342
f 8200 	8351 	7193
f 8423 	6041 	8350
f 8342 	2726 	8345
f 2726 	8352 	8345
f 8336 	8335 	8299
f 2726 	5478 	8352
f 8345 	8352 	8348
f 8352 	7655 	8348
f 8329 	8325 	8417
f 8288 	99 	8361
f 8325 	8330 	8339
f 7655 	7639 	8348
f 8265 	8336 	8299
f 8388 	6800 	8341
f 5478 	7655 	8352
f 8312 	8299 	8335
f 8354 	8355 	8322
f 8355 	8356 	8324
f 8267 	8288 	8353
f 8356 	8437 	8324
f 8257 	8353 	8319
f 7207 	8351 	8349
f 8329 	8384 	3378
f 8329 	3378 	3396
f 8358 	9033 	8371
f 8357 	8360 	8305
f 8337 	9094 	8391
f 8359 	5544 	8287
f 8420 	8384 	8329
f 8358 	4854 	4792
f 8360 	8362 	8311
f 8363 	8364 	8365
f 8313 	8368 	8333
f 8361 	8353 	8288
f 8341 	4761 	8366
f 8341 	8366 	8369
f 8362 	8368 	8313
f 8368 	8189 	8333
f 99 	796 	8375
f 9033 	8394 	8371
f 8369 	8371 	8394
f 8394 	8398 	8369
f 8368 	8344 	8189
f 7604 	7610 	8357
f 7610 	8360 	8357
f 99 	8375 	8361
f 8354 	8373 	8374
f 8364 	8367 	8365
f 7610 	8376 	8360
f 8326 	9485 	8233
f 8376 	8362 	8360
f 2747 	8353 	8375
f 8361 	8375 	8353
f 8376 	8377 	8362
f 8377 	8368 	8362
f 2747 	8375 	1889
f 8377 	8378 	8368
f 4761 	8341 	4751
f 8378 	8344 	8368
f 8359 	8370 	8372
f 8378 	8349 	8344
f 8354 	8374 	8355
f 8380 	8844 	8381
f 8374 	8356 	8355
f 7610 	8025 	8376
f 7292 	7244 	8374
f 8286 	8370 	8359
f 8376 	8025 	8377
f 8025 	8029 	8377
f 8445 	1327 	8340
f 8380 	8381 	8326
f 8326 	8381 	9485
f 8358 	8371 	8677
f 8379 	8384 	8420
f 8029 	8378 	8377
f 8370 	8340 	1327
f 8385 	8386 	8372
f 8349 	8378 	8029
f 7207 	8349 	8029
f 9534 	9485 	8381
f 8335 	8337 	8247
f 8383 	8387 	4278
f 7996 	8382 	8492
f 8394 	9033 	7192
f 8335 	8247 	8312
f 8388 	8341 	8398
f 4311 	4270 	8389
f 8974 	8386 	8983
f 8359 	8372 	8386
f 8341 	8369 	8398
f 8359 	8386 	8974
f 8492 	7982 	7996
f 6410 	4512 	4304
f 7192 	6843 	8394
f 8359 	8974 	5544
f 8291 	8396 	8383
f 8396 	8399 	8383
f 8343 	8346 	8391
f 5505 	8980 	8385
f 6843 	8388 	8394
f 8391 	8451 	8343
f 8372 	8370 	8385
f 8388 	8398 	8394
f 8343 	8451 	8453
f 8370 	5505 	8385
f 8290 	8291 	8383
f 8370 	789 	5505
f 8388 	6814 	6813
f 8370 	1327 	789
f 8388 	6813 	6800
f 8399 	8387 	8383
f 3504 	3533 	8379
f 8399 	8400 	8387
f 8401 	8263 	8428
f 8247 	8453 	8433
f 8400 	8403 	8387
f 8397 	8395 	8404
f 8402 	8404 	8395
f 8402 	8395 	8393
f 8403 	8389 	8387
f 8401 	8254 	8263
f 8247 	8343 	8453
f 6094 	6061 	8405
f 8403 	6333 	8389
f 8150 	8408 	7972
f 8397 	8404 	8367
f 6061 	6063 	8405
f 6332 	6300 	8389
f 8418 	8419 	7972
f 8390 	3504 	8393
f 8406 	8523 	8401
f 6437 	6443 	4311
f 3504 	8379 	8393
f 8418 	7972 	8408
f 8367 	8472 	8397
f 8407 	8410 	8408
f 8150 	8407 	8408
f 6065 	6066 	8422
f 8400 	8399 	8437
f 8419 	8432 	7972
f 8401 	8434 	8254
f 8410 	8418 	8408
f 6365 	8403 	8400
f 8367 	8404 	8412
f 8415 	2027 	8413
f 8414 	8256 	8338
f 6581 	8400 	8437
f 8428 	8263 	8256
f 133 	8415 	8413
f 8128 	8127 	8407
f 8338 	8286 	8414
f 8416 	8417 	8412
f 4640 	4641 	4383
f 8416 	8420 	8417
f 6065 	8422 	8409
f 133 	146 	8415
f 8414 	8286 	8424
f 8325 	8339 	8412
f 8444 	2921 	7972
f 8418 	8410 	8419
f 8421 	4383 	8549
f 8412 	8724 	8367
f 2922 	2600 	2921
f 5934 	8423 	8422
f 8421 	8289 	4383
f 8286 	8331 	8424
f 8415 	3233 	2027
f 8438 	7972 	8432
f 8414 	8424 	8301
f 8417 	8325 	8412
f 8289 	8290 	4388
f 8424 	8328 	8301
f 8517 	8432 	8410
f 3233 	8415 	146
f 8289 	4388 	4387
f 8426 	8411 	8249
f 2925 	2600 	2922
f 8249 	8253 	8426
f 8405 	6063 	8425
f 8290 	8383 	4388
f 8428 	8406 	8401
f 8438 	8441 	7972
f 8444 	7972 	8441
f 8428 	8256 	8414
f 8412 	8339 	8724
f 8105 	8429 	8137
f 8393 	8379 	8402
f 8431 	8300 	8421
f 8402 	8379 	8420
f 8429 	8407 	8137
f 8300 	8289 	8421
f 8414 	8301 	8428
f 8429 	8430 	8407
f 8430 	8410 	8407
f 8411 	8426 	8440
f 8301 	8471 	8428
f 8430 	8517 	8410
f 8446 	8534 	8411
f 6063 	8409 	8425
f 8420 	8329 	8417
f 8431 	8435 	8298
f 8412 	8404 	8416
f 8402 	8420 	8404
f 8298 	8300 	8431
f 8434 	8401 	8522
f 8416 	8404 	8420
f 8450 	8397 	8472
f 8427 	2170 	2175
f 8522 	1439 	8434
f 8425 	8409 	8422
f 6041 	8423 	5934
f 8247 	8433 	8253
f 8350 	6741 	8423
f 8433 	8426 	8253
f 8291 	8437 	8396
f 8419 	8410 	8432
f 8399 	8396 	8437
f 8364 	8363 	8474
f 8324 	8437 	8291
f 8517 	8438 	8432
f 8367 	8364 	8472
f 8518 	8441 	8438
f 8438 	8517 	8518
f 8390 	8442 	8443
f 8434 	8255 	8254
f 8390 	8393 	8442
f 8446 	8411 	8480
f 3504 	8390 	8443
f 8105 	8164 	8429
f 8442 	8447 	8443
f 8393 	8395 	8442
f 8397 	8442 	8395
f 8480 	8411 	8440
f 8477 	8446 	8480
f 8442 	8397 	8447
f 8449 	1335 	8445
f 8447 	8448 	8443
f 1335 	1372 	8445
f 6741 	8422 	8423
f 8397 	8450 	8447
f 6743 	8422 	6741
f 8434 	1335 	8449
f 8434 	8449 	8255
f 6743 	8473 	8422
f 2170 	8436 	2183
f 8454 	8426 	8433
f 8445 	1372 	1327
f 6743 	5267 	8473
f 8454 	8440 	8426
f 3603 	8443 	8448
f 6410 	8456 	4512
f 8457 	6874 	6873
f 8456 	4518 	4512
f 133 	2188 	2190
f 8457 	6878 	6874
f 8429 	8164 	8458
f 8425 	8422 	8473
f 8427 	8507 	8436
f 8456 	8459 	4518
f 6878 	8457 	8460
f 8458 	8461 	8429
f 8448 	8447 	8455
f 2170 	8427 	8436
f 8461 	8463 	8430
f 8454 	8433 	8453
f 6878 	8460 	8462
f 8507 	2175 	2252
f 3800 	3737 	8455
f 8238 	8239 	8460
f 2229 	8507 	2252
f 8455 	8447 	8450
f 8469 	8455 	8450
f 3603 	8448 	8455
f 8460 	8457 	8238
f 8461 	8430 	8429
f 8239 	8235 	8460
f 8459 	8456 	6644
f 8164 	8466 	8458
f 8454 	8451 	8465
f 8466 	8468 	8458
f 8391 	8465 	8451
f 8468 	8470 	8461
f 8454 	8453 	8451
f 8459 	6644 	8467
f 2229 	2270 	8507
f 8467 	8452 	8459
f 9093 	8469 	8450
f 2444 	2372 	8482
f 8464 	8452 	8500
f 9093 	8450 	8472
f 9120 	9110 	8474
f 8474 	9110 	8476
f 8364 	8476 	8472
f 8474 	8476 	8364
f 8238 	8457 	8471
f 8479 	8478 	4584
f 8454 	8480 	8440
f 8507 	8427 	2175
f 4585 	8478 	8481
f 8457 	8475 	8471
f 8475 	6873 	8555
f 8475 	8457 	6873
f 8480 	8454 	8486
f 8484 	108 	8485
f 8479 	8488 	8489
f 8235 	8133 	8490
f 8468 	8461 	8458
f 8490 	8462 	8460
f 8470 	8525 	8463
f 8460 	8235 	8490
f 8479 	8489 	8478
f 8455 	5112 	3800
f 8489 	8481 	8478
f 6874 	8491 	6875
f 8470 	8463 	8461
f 8489 	8483 	8481
f 8452 	8464 	8487
f 70 	5112 	8455
f 6874 	8499 	8491
f 8479 	8464 	8488
f 8455 	8469 	70
f 8499 	6874 	6878
f 8498 	8488 	8464
f 8296 	7790 	8502
f 8492 	8466 	7982
f 8494 	8502 	7790
f 104 	5809 	8495
f 8464 	8479 	8487
f 8492 	8496 	8468
f 8494 	7790 	7775
f 5809 	5603 	8495
f 7775 	7776 	8494
f 8497 	5343 	5357
f 7776 	7777 	8494
f 7144 	8491 	8493
f 8494 	7777 	7523
f 7525 	8494 	7523
f 8467 	8500 	8452
f 5603 	8484 	8495
f 8499 	8493 	8491
f 8492 	8468 	8466
f 5603 	5545 	8484
f 12 	8278 	8502
f 8464 	8500 	8503
f 8496 	8533 	8470
f 3789 	5112 	8501
f 8464 	8503 	8498
f 8482 	2082 	2138
f 8498 	8505 	8732
f 7525 	12 	8502
f 8502 	8494 	7525
f 5343 	8497 	8531
f 8497 	8506 	8531
f 6644 	6732 	8467
f 8462 	8490 	8499
f 8499 	6878 	8462
f 8496 	8470 	8468
f 8249 	8534 	7790
f 8506 	8497 	8504
f 8249 	7790 	8296
f 8470 	8533 	8525
f 8615 	8510 	8002
f 8511 	8493 	8499
f 8515 	2349 	2413
f 2413 	8636 	8515
f 8382 	8392 	8496
f 5553 	8509 	8508
f 8515 	2270 	2349
f 7821 	8002 	8510
f 8493 	8511 	8513
f 8496 	8492 	8382
f 7825 	7821 	8510
f 7825 	8510 	7803
f 8512 	8554 	8473
f 8392 	8550 	8533
f 8499 	8490 	8511
f 8515 	8507 	2270
f 8512 	8473 	5267
f 8512 	5267 	5271
f 6901 	1431 	8537
f 8512 	5296 	5337
f 8563 	8569 	8516
f 8510 	7958 	7803
f 8508 	3876 	8501
f 2999 	8444 	8518
f 8512 	5337 	8769
f 6772 	6774 	8467
f 1431 	6901 	6903
f 8512 	5294 	5296
f 8573 	8574 	8517
f 8500 	8467 	6831
f 8518 	8517 	8574
f 6873 	6900 	8555
f 6831 	8521 	8500
f 8521 	8503 	8500
f 8542 	8522 	8523
f 8524 	8436 	8535
f 8521 	8505 	8498
f 8512 	8548 	8554
f 8520 	198 	8519
f 8436 	8625 	8618
f 8525 	8571 	8463
f 8510 	8526 	7958
f 8436 	8524 	2183
f 8521 	8498 	8503
f 8510 	8615 	8526
f 2190 	8524 	8527
f 1439 	8522 	1434
f 8527 	133 	2190
f 8505 	8521 	8775
f 8527 	187 	133
f 8401 	8523 	8522
f 8715 	8775 	8521
f 8526 	8519 	7962
f 8473 	8554 	8548
f 8528 	8489 	8488
f 8471 	8406 	8428
f 8526 	7962 	7958
f 8538 	194 	187
f 8498 	8528 	8488
f 8406 	8471 	8523
f 8528 	8529 	8489
f 8525 	8530 	8571
f 8529 	8483 	8489
f 8514 	8509 	5553
f 8529 	8532 	8483
f 5343 	8531 	8562
f 8249 	8411 	8534
f 8542 	8564 	8522
f 84 	5553 	8508
f 8534 	7844 	7790
f 8508 	8501 	84
f 8528 	8498 	8732
f 8562 	8531 	8504
f 8564 	8537 	8522
f 8732 	8529 	8528
f 8509 	8514 	3863
f 1431 	1434 	8537
f 8537 	1434 	8522
f 8506 	8504 	8531
f 8533 	8540 	8525
f 8537 	8564 	6901
f 8540 	8541 	8530
f 8582 	8003 	8565
f 8540 	8530 	8525
f 8439 	8425 	8473
f 6940 	8558 	8583
f 8545 	3863 	8546
f 8545 	8546 	8543
f 8545 	8543 	8579
f 8392 	8533 	8496
f 8534 	8536 	7844
f 8546 	8545 	8559
f 8550 	8551 	8540
f 5576 	3863 	5577
f 8471 	8475 	8542
f 8552 	8547 	8544
f 8552 	8556 	8547
f 8555 	8542 	8475
f 8780 	8512 	8769
f 8536 	8534 	8553
f 8556 	8549 	8547
f 8717 	8548 	8718
f 8557 	8542 	8555
f 8556 	8421 	8549
f 8539 	5577 	3863
f 8558 	6940 	6941
f 8553 	8534 	8516
f 8550 	8540 	8533
f 8718 	8548 	8512
f 8516 	8534 	8446
f 8551 	8708 	8541
f 8583 	8558 	8557
f 8558 	8542 	8557
f 8557 	8555 	6900
f 8575 	8560 	8539
f 8559 	8539 	8560
f 8551 	8541 	8540
f 8431 	8421 	8556
f 8541 	8708 	8706
f 8523 	8471 	8542
f 8560 	5553 	8559
f 8516 	8446 	8563
f 8568 	8561 	8562
f 4807 	4937 	8566
f 8543 	8539 	8559
f 8003 	8553 	8565
f 8729 	8731 	8561
f 8566 	4808 	4807
f 8565 	8569 	8567
f 8463 	8571 	8430
f 4840 	8566 	4841
f 8570 	4841 	8566
f 8571 	8517 	8430
f 8569 	8565 	8553
f 8538 	8588 	8584
f 8572 	4842 	8570
f 8571 	8573 	8517
f 8538 	8584 	8604
f 8514 	5553 	8591
f 4777 	4822 	8572
f 8553 	8516 	8569
f 8574 	8577 	8518
f 6941 	6934 	8542
f 8575 	8543 	8560
f 8559 	8560 	8543
f 2999 	8577 	8578
f 8578 	3028 	2999
f 3863 	8579 	8575
f 8538 	8535 	8588
f 8542 	8558 	6941
f 6946 	6940 	8557
f 8581 	8132 	8058
f 8538 	8707 	194
f 8568 	8576 	8742
f 6940 	8583 	8557
f 8575 	8539 	3863
f 8575 	8579 	8543
f 8576 	8562 	8504
f 8590 	8572 	8570
f 8557 	6900 	6946
f 8575 	8579 	5553
f 8579 	8545 	5553
f 8585 	8317 	8964
f 8568 	8562 	8576
f 8575 	5553 	8560
f 8309 	8317 	8585
f 8530 	8586 	8573
f 8579 	8575 	8560
f 8585 	8235 	8309
f 8504 	5302 	8576
f 8545 	8579 	3863
f 8541 	8586 	8530
f 8587 	8589 	8572
f 8591 	5553 	8546
f 8545 	8546 	5553
f 8610 	8585 	8964
f 8579 	8559 	8545
f 8560 	8559 	8579
f 8585 	8610 	8688
f 8601 	8589 	8587
f 8571 	8530 	8573
f 8539 	8543 	5577
f 8572 	8589 	4777
f 8574 	8586 	8761
f 5576 	5577 	8543
f 8439 	8473 	8548
f 8589 	4693 	4777
f 8589 	8544 	4693
f 8586 	8574 	8573
f 4761 	8635 	8366
f 8436 	8588 	8535
f 8585 	8688 	8178
f 8577 	8574 	8761
f 8509 	8514 	8559
f 8591 	8559 	8514
f 8761 	8762 	8577
f 8590 	8587 	8572
f 8559 	8539 	8509
f 8589 	8552 	8544
f 5576 	8509 	5577
f 8539 	5577 	8509
f 8369 	8366 	8635
f 8763 	3028 	8578
f 8509 	5576 	8543
f 8687 	8130 	8592
f 8595 	8596 	8597
f 8546 	3863 	8591
f 8590 	8598 	8587
f 8595 	8597 	8599
f 8591 	3863 	8514
f 8543 	8546 	8591
f 8382 	8295 	8600
f 8598 	8601 	8587
f 8591 	8546 	8559
f 8594 	8584 	8588
f 8595 	8599 	6079
f 8509 	8543 	8514
f 8591 	8514 	8543
f 8601 	8602 	8589
f 6079 	6080 	8595
f 8535 	8538 	187
f 8539 	5697 	5577
f 8581 	8058 	8582
f 8602 	8552 	8589
f 187 	8527 	8535
f 8602 	8603 	8552
f 8539 	5603 	5697
f 8392 	8382 	8600
f 8603 	8556 	8552
f 8539 	8559 	5603
f 8581 	8681 	8132
f 8527 	8524 	8535
f 8600 	8649 	8392
f 8556 	8603 	8431
f 8559 	5553 	5603
f 8538 	8604 	8707
f 8592 	8130 	8605
f 8295 	8304 	8606
f 8582 	8565 	8581
f 8484 	8485 	8495
f 8606 	8607 	8600
f 8607 	8649 	8600
f 8567 	8701 	8580
f 8495 	8485 	104
f 8581 	8565 	8580
f 8580 	8565 	8567
f 8701 	8702 	8580
f 8620 	8609 	1683
f 8600 	8295 	8606
f 8609 	8330 	1683
f 8603 	8602 	8831
f 8964 	8130 	8610
f 8687 	8610 	8130
f 8831 	8435 	8603
f 8304 	8314 	8606
f 8435 	8431 	8603
f 8061 	8624 	8660
f 8483 	8611 	8481
f 8614 	8607 	8606
f 8113 	8061 	8660
f 9168 	9169 	8678
f 8620 	8339 	8609
f 8405 	8595 	6080
f 8314 	8614 	8606
f 8483 	8532 	8611
f 8607 	8614 	8616
f 8631 	8109 	8113
f 8619 	8613 	8612
f 4904 	8611 	8621
f 8405 	6080 	6094
f 2413 	8608 	8636
f 8621 	4914 	4904
f 8058 	8081 	8615
f 8615 	8002 	8058
f 8622 	4940 	8621
f 8670 	8619 	3969
f 8705 	8695 	8439
f 8623 	8597 	8596
f 8617 	1730 	1785
f 8566 	4937 	8622
f 8520 	8624 	8060
f 8319 	8614 	8314
f 1697 	1730 	8617
f 8622 	8570 	8566
f 8614 	8319 	8626
f 8611 	8627 	8621
f 8626 	8628 	8616
f 8627 	8622 	8621
f 8627 	8629 	8622
f 1683 	1697 	8620
f 8622 	8629 	8570
f 8439 	8596 	8595
f 8617 	8620 	1697
f 8629 	8590 	8570
f 1784 	1713 	8630
f 8425 	8439 	8595
f 8626 	8616 	8614
f 8405 	8425 	8595
f 8507 	8633 	8625
f 8113 	8654 	8631
f 8628 	8671 	8616
f 8110 	8109 	8631
f 8671 	8628 	8679
f 8634 	8626 	8319
f 8532 	8632 	8611
f 8635 	6087 	8599
f 8632 	8627 	8611
f 8632 	8639 	8627
f 8319 	8353 	8634
f 8638 	8635 	8623
f 1713 	1727 	8630
f 8639 	8629 	8627
f 3969 	8619 	4465
f 8678 	8686 	9168
f 8639 	8593 	8629
f 8634 	8640 	8626
f 8599 	8597 	8635
f 8623 	8635 	8597
f 8593 	8590 	8629
f 8641 	8642 	8617
f 8613 	8130 	8612
f 8623 	8662 	8638
f 8613 	8605 	8130
f 8617 	8642 	8620
f 8653 	8605 	8613
f 8620 	8642 	8339
f 8626 	8640 	8628
f 6087 	8635 	4761
f 8638 	8637 	8371
f 8641 	8617 	8644
f 8848 	8593 	8639
f 8635 	8638 	8369
f 8353 	2747 	8634
f 8369 	8638 	8371
f 8625 	8633 	8686
f 8363 	8365 	8642
f 8367 	8642 	8365
f 8656 	8686 	8633
f 2747 	2751 	8634
f 8515 	8633 	8507
f 8634 	2751 	8640
f 8436 	8507 	8625
f 8613 	8619 	8648
f 8363 	8642 	8641
f 2751 	3117 	8640
f 8641 	8644 	8363
f 8643 	8648 	8670
f 8392 	8649 	8550
f 8648 	8643 	8653
f 8649 	8607 	8651
f 8689 	8730 	8363
f 8633 	8515 	8636
f 8650 	8652 	8435
f 8358 	8677 	6225
f 8652 	8298 	8435
f 6225 	4854 	8358
f 8436 	8618 	8588
f 8652 	8354 	8298
f 8642 	8367 	8724
f 6175 	6176 	9100
f 8642 	8724 	8339
f 8613 	8648 	8653
f 8615 	8081 	8631
f 8643 	8592 	8653
f 8615 	8631 	8654
f 7258 	8356 	7259
f 8607 	8616 	8651
f 7258 	7163 	8356
f 8653 	8592 	8605
f 8615 	8654 	8657
f 6562 	6561 	8356
f 8615 	8657 	8519
f 8633 	8636 	8656
f 8660 	8654 	8113
f 9100 	9109 	6175
f 8699 	8649 	8651
f 8654 	8660 	8657
f 8647 	8696 	8650
f 8662 	8596 	8666
f 8660 	8519 	8657
f 8623 	8596 	8662
f 8519 	8660 	8624
f 8662 	8664 	8665
f 8630 	8663 	1742
f 8110 	8631 	8083
f 8673 	8354 	8652
f 8671 	8658 	8651
f 8662 	8666 	8664
f 8663 	8667 	1742
f 8526 	8615 	8519
f 8596 	8439 	8695
f 8665 	8664 	8668
f 8669 	8661 	8670
f 8520 	8519 	8624
f 8651 	8616 	8671
f 7292 	8374 	7328
f 8658 	8671 	8672
f 8667 	8655 	1742
f 8668 	8664 	6235
f 8659 	8645 	8643
f 8661 	8659 	8643
f 8580 	9329 	8581
f 8673 	8373 	8354
f 8175 	8674 	8696
f 8661 	8643 	8670
f 8674 	8673 	8696
f 8674 	8675 	8673
f 8675 	8373 	8673
f 8637 	8638 	8662
f 8670 	4004 	8669
f 1742 	1784 	8630
f 5324 	8373 	5322
f 8373 	5324 	8374
f 4045 	4004 	8670
f 8679 	8680 	8672
f 8667 	2028 	8692
f 3969 	4047 	8670
f 8175 	8123 	8674
f 8123 	8126 	8674
f 8126 	8675 	8674
f 8663 	9034 	2008
f 8693 	8680 	8679
f 9325 	8681 	8581
f 8126 	5322 	8373
f 4047 	4045 	8670
f 8676 	8618 	8678
f 8679 	8672 	8671
f 8126 	8373 	8675
f 8619 	8670 	8648
f 2008 	1826 	8663
f 8676 	8588 	8618
f 1824 	2028 	8667
f 8676 	8594 	8588
f 6225 	8677 	8665
f 8668 	6225 	8665
f 6238 	6228 	8668
f 8662 	8665 	8677
f 8677 	8637 	8662
f 8667 	1826 	1824
f 8667 	8663 	1826
f 8371 	8637 	8677
f 8689 	1742 	8655
f 8683 	8679 	8628
f 8800 	597 	558
f 8618 	8625 	8686
f 6238 	8668 	6235
f 8628 	8640 	8683
f 8678 	8618 	8686
f 8656 	9168 	8686
f 8683 	8693 	8679
f 8691 	8694 	8646
f 8666 	8695 	8664
f 8694 	8647 	8646
f 3117 	8683 	8640
f 8696 	8647 	8694
f 8696 	8652 	8650
f 8673 	8652 	8696
f 8139 	8685 	8682
f 8139 	8145 	8685
f 8145 	8691 	8685
f 8145 	8171 	8691
f 8171 	8694 	8691
f 3117 	3124 	8683
f 8171 	8174 	8694
f 8693 	8683 	3124
f 8694 	8175 	8696
f 8694 	8174 	8175
f 3124 	3726 	8693
f 8684 	8687 	8592
f 8649 	8699 	8550
f 8704 	8194 	8193
f 8651 	8658 	8699
f 8193 	8178 	8704
f 8656 	8698 	8697
f 8704 	8178 	8688
f 8699 	9001 	8551
f 8608 	8698 	8636
f 9001 	8699 	8658
f 8551 	8550 	8699
f 8698 	8656 	8636
f 8655 	8692 	8690
f 8698 	8703 	8697
f 8667 	8692 	8655
f 8712 	8684 	8592
f 8690 	8689 	8655
f 8689 	1785 	1742
f 8666 	8596 	8695
f 9127 	8695 	8705
f 8701 	8709 	8702
f 325 	8707 	350
f 325 	194 	8707
f 8604 	9212 	8707
f 8604 	9201 	9212
f 8704 	8684 	8719
f 8505 	8775 	8732
f 8704 	8688 	8687
f 2430 	2146 	8864
f 8710 	8439 	8548
f 8687 	8684 	8704
f 8617 	1785 	8689
f 8548 	8717 	8710
f 8644 	8617 	8689
f 8687 	8688 	8610
f 8363 	8644 	8689
f 8712 	8643 	8645
f 8713 	2444 	8482
f 7823 	8715 	7816
f 7816 	8715 	8521
f 2122 	2444 	8727
f 8714 	8716 	8711
f 8712 	8592 	8643
f 8716 	8755 	8711
f 8727 	3434 	2122
f 2430 	8864 	2444
f 8720 	8722 	8714
f 8719 	8712 	8721
f 8719 	8684 	8712
f 8884 	8717 	8718
f 8723 	9230 	8714
f 8712 	8728 	8721
f 8689 	8726 	8730
f 8729 	8561 	8742
f 7823 	8004 	8715
f 8561 	8731 	8773
f 8022 	8021 	8715
f 7999 	8022 	8715
f 8576 	8729 	8742
f 8731 	8733 	8757
f 8714 	9230 	8716
f 8477 	8725 	8446
f 8725 	8563 	8446
f 8363 	8730 	8474
f 8729 	8733 	8731
f 8569 	8563 	8725
f 8725 	8567 	8569
f 8757 	8859 	8731
f 8722 	8706 	8708
f 8713 	8482 	2138
f 8720 	8706 	8722
f 9025 	9026 	9024
f 8740 	8735 	8714
f 8734 	8714 	8735
f 8727 	8713 	3456
f 8732 	8736 	8529
f 8720 	8714 	8734
f 8736 	8532 	8529
f 8736 	8739 	8532
f 8739 	8632 	8532
f 8734 	8735 	8706
f 8720 	8734 	8706
f 8741 	9024 	8689
f 8742 	8561 	8568
f 8725 	8701 	8567
f 8701 	8725 	8709
f 8726 	8689 	9024
f 8690 	8741 	8689
f 9228 	9226 	8722
f 9228 	8722 	8708
f 8710 	8705 	8439
f 8194 	8704 	8737
f 8690 	9137 	8741
f 8717 	8747 	8710
f 8746 	8690 	8692
f 8737 	8704 	8719
f 8745 	8710 	8747
f 8746 	9137 	8690
f 8744 	8711 	8750
f 3457 	8803 	8962
f 8711 	8755 	8750
f 8732 	8700 	8736
f 8193 	8753 	8749
f 8796 	8711 	8744
f 8751 	8864 	2146
f 8717 	8884 	8747
f 554 	8754 	8752
f 8757 	8733 	8759
f 8753 	8193 	8194
f 8194 	8737 	8753
f 548 	8760 	2918
f 8738 	8864 	8751
f 8762 	8578 	8577
f 2900 	2918 	8760
f 8763 	8578 	8762
f 2900 	8760 	1993
f 8756 	8738 	8751
f 554 	834 	1981
f 8710 	8745 	8705
f 8760 	2081 	1993
f 223 	8811 	224
f 8700 	8766 	8736
f 8814 	8765 	3457
f 8754 	554 	1981
f 8765 	2164 	3457
f 8586 	8706 	8761
f 8817 	223 	222
f 8706 	8770 	8761
f 8765 	8756 	8751
f 8770 	8762 	8761
f 8817 	222 	8767
f 8765 	8751 	2146
f 9151 	8705 	8745
f 8781 	8763 	8762
f 8736 	8768 	8739
f 8938 	3334 	8763
f 8766 	8768 	8736
f 8765 	2146 	2164
f 9229 	8737 	8767
f 8706 	8586 	8541
f 8739 	8768 	8795
f 8728 	8712 	8645
f 8780 	8769 	8779
f 8748 	8764 	8702
f 8728 	8659 	8721
f 9365 	8771 	8748
f 5302 	5530 	9009
f 8770 	8706 	8735
f 8659 	8728 	8645
f 8721 	8659 	8719
f 8752 	555 	554
f 8737 	8719 	8661
f 8737 	8661 	8669
f 8762 	8770 	8781
f 5337 	8773 	8769
f 4299 	8788 	8752
f 8561 	8773 	5337
f 8859 	8773 	8731
f 8775 	8776 	8732
f 8752 	8788 	1133
f 8732 	8777 	8700
f 1255 	8788 	8778
f 8777 	8732 	8776
f 4150 	8837 	8790
f 8790 	4165 	4150
f 8773 	8779 	8769
f 8273 	8224 	8776
f 8758 	557 	8782
f 8224 	8777 	8776
f 8760 	557 	8758
f 1255 	1133 	8788
f 8777 	8224 	8786
f 8775 	8273 	8776
f 557 	1267 	8782
f 9329 	8580 	8764
f 8764 	8580 	8702
f 1255 	8778 	8782
f 8783 	8737 	8669
f 1255 	8782 	1277
f 8782 	1267 	1277
f 8777 	8786 	8700
f 8786 	8766 	8700
f 4296 	8788 	4299
f 4165 	8790 	4183
f 5302 	8927 	8576
f 8786 	8801 	8766
f 8788 	4296 	8778
f 8775 	8021 	8269
f 8786 	8224 	8225
f 8771 	9365 	8789
f 4163 	4183 	8834
f 8789 	9323 	8771
f 8786 	8225 	8261
f 8772 	8774 	8787
f 8786 	8261 	8801
f 8793 	3577 	3594
f 8269 	8277 	8775
f 8808 	8792 	8791
f 8659 	8661 	8719
f 8277 	8273 	8775
f 8792 	8785 	8784
f 8794 	9323 	8789
f 8792 	8796 	8785
f 8681 	9325 	8800
f 8669 	4004 	8783
f 520 	8681 	8800
f 8793 	3578 	3577
f 8792 	8711 	8796
f 8766 	8801 	8768
f 8740 	8714 	8809
f 8714 	8711 	8792
f 9325 	8794 	8800
f 8798 	224 	8811
f 8803 	3457 	3582
f 8801 	8795 	8768
f 8794 	597 	8800
f 8801 	8804 	8795
f 8813 	8806 	8791
f 8805 	8791 	8806
f 8804 	8797 	8795
f 8791 	8792 	8813
f 8805 	8808 	8791
f 8798 	487 	499
f 8804 	8807 	8797
f 291 	224 	8798
f 8808 	8809 	8792
f 5598 	8826 	8815
f 8830 	8792 	8784
f 8792 	8809 	8714
f 8807 	8280 	8682
f 3582 	3578 	8803
f 8811 	8817 	8810
f 8740 	8809 	8770
f 8735 	8740 	8770
f 9061 	8812 	8802
f 8808 	8805 	8770
f 8799 	8798 	8811
f 8806 	8770 	8805
f 8810 	8799 	8811
f 8279 	8280 	8807
f 8808 	8770 	8809
f 8815 	5551 	5573
f 8799 	8810 	8833
f 8942 	8888 	8812
f 8802 	8812 	8878
f 8261 	8274 	8801
f 8792 	8830 	8813
f 8801 	8274 	8804
f 8806 	8813 	8770
f 8942 	8812 	8943
f 8274 	8276 	8804
f 8813 	8830 	8770
f 8807 	8804 	8276
f 8814 	3457 	8962
f 8767 	8737 	8783
f 8276 	8279 	8807
f 8811 	223 	8817
f 8280 	8139 	8682
f 8692 	2028 	221
f 8817 	8833 	8810
f 8593 	8820 	8590
f 8765 	8814 	8756
f 8820 	8598 	8590
f 8822 	8824 	8821
f 8823 	8821 	8824
f 8817 	8834 	8833
f 8962 	8787 	8814
f 8821 	8925 	8822
f 8850 	8836 	8820
f 8816 	8963 	5598
f 8962 	8957 	8787
f 8820 	8827 	8598
f 4163 	8834 	8817
f 8823 	8828 	8821
f 8784 	8821 	8828
f 8827 	8601 	8598
f 8767 	4163 	8817
f 5605 	8816 	5598
f 8827 	8829 	8601
f 8794 	1284 	597
f 8829 	8602 	8601
f 8830 	8784 	8828
f 8767 	8783 	4163
f 8803 	3578 	8957
f 8819 	8781 	8818
f 8824 	8822 	8781
f 8829 	8831 	8602
f 558 	520 	8800
f 9364 	1284 	8794
f 8825 	8781 	8822
f 5605 	5608 	8816
f 8834 	8790 	8833
f 8818 	8781 	8825
f 8834 	4183 	8790
f 8774 	8738 	8756
f 8790 	8837 	8833
f 8756 	8787 	8774
f 8820 	8836 	8838
f 8756 	8814 	8787
f 8828 	8823 	8781
f 8830 	8828 	8770
f 4151 	4240 	8837
f 8836 	8685 	8838
f 8824 	8781 	8823
f 8781 	8770 	8828
f 8820 	8838 	8827
f 8837 	4240 	8832
f 8838 	8839 	8827
f 8839 	8829 	8827
f 8829 	8839 	8646
f 6693 	5598 	8840
f 8831 	8829 	8646
f 8840 	207 	213
f 8831 	8646 	8647
f 6693 	8840 	211
f 213 	211 	8840
f 8831 	8647 	8650
f 8841 	8842 	2099
f 5598 	8815 	8840
f 8650 	8435 	8831
f 8840 	8815 	5573
f 8682 	8685 	8836
f 2099 	2022 	8841
f 8839 	8838 	8685
f 8843 	8780 	8779
f 8685 	8691 	8839
f 8845 	8798 	8799
f 8691 	8646 	8839
f 8760 	2147 	2081
f 8739 	8846 	8632
f 487 	8798 	8845
f 8846 	8639 	8632
f 8846 	8848 	8639
f 8845 	8799 	8832
f 8718 	8780 	8843
f 8848 	8850 	8820
f 8884 	8718 	8843
f 8738 	8774 	8743
f 8845 	4240 	4245
f 8848 	8849 	8850
f 8890 	8326 	8321
f 8965 	8774 	8772
f 8780 	8718 	8512
f 8774 	8965 	8743
f 8849 	8807 	8682
f 2477 	8853 	2466
f 8852 	501 	8854
f 8849 	8682 	8850
f 8608 	8853 	8855
f 8380 	8870 	8844
f 8682 	8836 	8850
f 8853 	2413 	2466
f 8937 	8381 	8844
f 2413 	8853 	8608
f 8848 	8820 	8593
f 8785 	8796 	8861
f 8739 	8795 	8846
f 8795 	8797 	8846
f 8852 	4245 	8860
f 8857 	8855 	2477
f 8890 	8858 	8326
f 8846 	8797 	8848
f 8853 	2477 	8855
f 8861 	8863 	8851
f 8849 	8848 	8797
f 8863 	8865 	8851
f 8797 	8807 	8849
f 8773 	8859 	8866
f 8867 	8868 	8844
f 8843 	8779 	8773
f 8862 	8867 	8844
f 4256 	8860 	4245
f 8866 	8843 	8773
f 4245 	8854 	8845
f 8866 	8856 	8843
f 8859 	8856 	8866
f 8862 	8844 	8870
f 8843 	8856 	8884
f 8744 	8863 	8861
f 8852 	536 	501
f 8864 	8857 	2477
f 8865 	8863 	8744
f 8698 	8855 	8857
f 605 	536 	8852
f 8837 	8799 	8833
f 8861 	8851 	8847
f 8927 	5302 	9009
f 8837 	8832 	8799
f 8845 	501 	487
f 8855 	8698 	8608
f 8832 	4240 	8845
f 8864 	8929 	8857
f 8744 	8861 	8796
f 8845 	8854 	501
f 8872 	251 	256
f 8738 	8929 	8864
f 612 	251 	8872
f 8870 	8326 	8862
f 8868 	8867 	8858
f 8967 	8952 	8873
f 8989 	9004 	8987
f 8987 	9004 	8869
f 8874 	8968 	8873
f 8862 	8326 	8867
f 8867 	8326 	8858
f 8860 	4256 	9095
f 8958 	8819 	8876
f 8818 	8876 	8819
f 8844 	8868 	8882
f 8873 	8951 	8876
f 8882 	8880 	8844
f 2147 	8760 	9049
f 8985 	8874 	8873
f 8878 	8879 	8841
f 8870 	8380 	8326
f 8879 	8842 	8841
f 8841 	8802 	8878
f 8888 	8878 	8812
f 8842 	8879 	2025
f 8896 	8880 	8858
f 8868 	8858 	8882
f 8882 	8858 	8880
f 8886 	8856 	8885
f 8892 	8898 	8858
f 8856 	8859 	8885
f 8886 	8884 	8856
f 8878 	8888 	8879
f 8889 	8879 	8888
f 8884 	9155 	8747
f 8884 	9156 	9155
f 8859 	8757 	8885
f 8890 	8321 	8835
f 8905 	8896 	8887
f 8905 	8933 	8896
f 8895 	8894 	8887
f 8895 	8887 	8893
f 8898 	8892 	8887
f 8891 	8887 	8892
f 8893 	8887 	8891
f 8844 	8880 	8933
f 8892 	8858 	8891
f 8893 	8891 	8858
f 8894 	8895 	8890
f 8895 	8893 	8890
f 8858 	8890 	8893
f 8880 	8896 	8933
f 8897 	8887 	8896
f 8898 	8887 	8897
f 8896 	8858 	8897
f 8898 	8897 	8858
f 8905 	8887 	8922
f 8887 	8904 	8922
f 8901 	8900 	8922
f 8901 	8922 	8904
f 8900 	8901 	8890
f 8910 	8902 	8890
f 8899 	8900 	8890
f 8887 	8894 	8904
f 8901 	8904 	8890
f 8894 	8890 	8904
f 8910 	8909 	8906
f 8906 	8971 	8923
f 8906 	8923 	8910
f 8922 	8924 	8905
f 8900 	8899 	8922
f 8921 	8922 	8899
f 8908 	8906 	8909
f 8902 	8910 	8923
f 8908 	8911 	8906
f 8921 	8899 	8902
f 8978 	8890 	8835
f 8912 	8906 	8911
f 8911 	8913 	8912
f 8907 	8912 	8903
f 8912 	8913 	8903
f 8978 	8908 	8909
f 8909 	8910 	8978
f 8902 	8899 	8890
f 8978 	8910 	8890
f 8908 	8978 	8911
f 8978 	8979 	8911
f 8915 	737 	8914
f 8916 	8917 	737
f 8918 	737 	8915
f 8990 	8915 	8914
f 8916 	737 	8918
f 8918 	9317 	8916
f 8990 	8918 	8915
f 8919 	737 	8917
f 598 	737 	8919
f 722 	598 	8919
f 8914 	8907 	8903
f 9094 	8465 	8391
f 9102 	9094 	8337
f 9011 	8921 	8923
f 8902 	8923 	8921
f 8869 	8883 	8877
f 9095 	8852 	8860
f 9048 	8778 	4296
f 8825 	8822 	8925
f 1981 	605 	8852
f 8871 	8883 	8869
f 8926 	8612 	8130
f 8930 	8881 	8883
f 8876 	8818 	8925
f 8825 	8925 	8818
f 8743 	8931 	8929
f 8925 	8847 	8876
f 8932 	5514 	5513
f 8905 	8924 	8933
f 8785 	8861 	8925
f 8924 	8935 	8933
f 8930 	1402 	1403
f 8944 	8934 	8929
f 8931 	8944 	8929
f 8861 	8847 	8925
f 8729 	8576 	8927
f 8876 	8847 	8873
f 1340 	1402 	8930
f 8847 	8851 	8873
f 8929 	8738 	8743
f 8784 	8785 	8925
f 8287 	5552 	5515
f 8930 	1403 	1436
f 8925 	8821 	8784
f 8927 	9165 	8759
f 1436 	1438 	8881
f 8930 	1436 	8881
f 8733 	8729 	8927
f 8875 	8698 	8857
f 8935 	9037 	8937
f 8857 	8934 	8875
f 8933 	8935 	8937
f 9065 	8869 	8877
f 8763 	8781 	8938
f 8934 	8857 	8929
f 5561 	5569 	8932
f 8933 	8937 	8844
f 4507 	5124 	8928
f 8932 	5513 	5561
f 8759 	8733 	8927
f 3432 	3334 	8938
f 8939 	8698 	8875
f 5569 	5572 	8932
f 8875 	8941 	8939
f 5572 	8612 	8932
f 8875 	8934 	8941
f 8932 	8612 	8926
f 8924 	9018 	8935
f 5515 	8997 	8936
f 8941 	8934 	8944
f 8947 	8888 	8945
f 8959 	1915 	3229
f 8947 	8889 	8888
f 8920 	8937 	9037
f 8703 	8698 	8939
f 8941 	8703 	8939
f 8948 	8959 	8949
f 8950 	8951 	8873
f 8950 	8873 	8952
f 8888 	8942 	8945
f 8964 	8953 	8946
f 8954 	8835 	8321
f 1877 	1906 	1879
f 8959 	8948 	1915
f 8968 	8874 	8969
f 8323 	8954 	8321
f 1389 	8948 	8949
f 8208 	8956 	8195
f 1389 	8949 	8881
f 8955 	8946 	8953
f 8956 	8960 	8195
f 8958 	8876 	8951
f 8195 	8960 	8954
f 8955 	8926 	8946
f 8961 	8960 	1641
f 9359 	8949 	8959
f 8955 	8287 	5514
f 8949 	8877 	8883
f 8955 	8932 	8926
f 1641 	1647 	8961
f 8883 	8881 	8949
f 1647 	1650 	8961
f 8951 	8938 	8958
f 8955 	5514 	8932
f 137 	8940 	133
f 8964 	8946 	8926
f 8803 	8957 	8962
f 8938 	8781 	8819
f 8926 	8130 	8964
f 2188 	133 	8413
f 8958 	8938 	8819
f 8743 	8965 	8931
f 8956 	1641 	8960
f 146 	133 	8940
f 8195 	8954 	8323
f 8951 	8950 	8938
f 8938 	8950 	8952
f 8960 	8961 	8982
f 8953 	8964 	8317
f 8960 	8982 	8954
f 8967 	8873 	8968
f 8955 	8331 	8287
f 8219 	1632 	1641
f 8966 	8970 	9004
f 1641 	8956 	8219
f 8953 	8331 	8955
f 9004 	9005 	8966
f 8317 	8331 	8953
f 8912 	8971 	8906
f 8967 	8991 	8938
f 8952 	8967 	8938
f 2028 	2025 	221
f 8968 	8991 	8967
f 8907 	9000 	8975
f 8966 	8872 	1340
f 8889 	8947 	221
f 8692 	221 	8746
f 8907 	8975 	8912
f 8975 	9000 	8971
f 8971 	9000 	9007
f 1340 	8970 	8966
f 8975 	8971 	8912
f 8816 	8972 	8963
f 8977 	8947 	8945
f 5544 	8974 	8997
f 8954 	8978 	8835
f 8977 	8976 	8947
f 3861 	4137 	8986
f 8991 	3432 	8938
f 8872 	8966 	612
f 8986 	3520 	3861
f 8914 	8903 	8979
f 8913 	8911 	8979
f 8903 	8913 	8979
f 8386 	8385 	8998
f 9008 	8977 	230
f 8386 	8998 	8983
f 8945 	8942 	8977
f 86 	8984 	8874
f 8984 	8969 	8874
f 8961 	1650 	8982
f 8851 	8985 	8873
f 1650 	1651 	8982
f 8954 	8982 	8978
f 8986 	8787 	8973
f 8982 	8979 	8978
f 8874 	8985 	86
f 8979 	8990 	8914
f 8986 	8973 	3523
f 9019 	8974 	8980
f 8976 	8988 	221
f 8985 	8851 	66
f 5505 	5537 	9006
f 8917 	8916 	9317
f 66 	78 	8985
f 8865 	66 	8851
f 8919 	8917 	722
f 9317 	722 	8917
f 8968 	8969 	8991
f 8969 	8984 	8991
f 8986 	8772 	8787
f 8991 	3734 	3432
f 8979 	8982 	1651
f 3520 	8986 	3523
f 8816 	8993 	8972
f 1651 	1999 	8979
f 8993 	8816 	5608
f 86 	8991 	8984
f 8976 	221 	8947
f 5505 	9006 	8980
f 1999 	8990 	8979
f 2001 	8990 	1999
f 8991 	143 	3734
f 8993 	8963 	8972
f 267 	8963 	8993
f 8793 	8994 	3578
f 8983 	8980 	8974
f 8993 	6693 	267
f 8793 	8996 	8994
f 8879 	8889 	221
f 8385 	8980 	8998
f 8993 	5608 	6693
f 8879 	221 	2025
f 8995 	8923 	8971
f 8680 	9517 	9508
f 5124 	471 	8928
f 8987 	8992 	8989
f 8983 	8998 	8980
f 9048 	4296 	4506
f 9002 	9153 	9003
f 4445 	9048 	4506
f 9015 	9004 	8970
f 8708 	8551 	9001
f 8970 	1340 	8930
f 8971 	9007 	8995
f 4445 	9079 	9048
f 8997 	5552 	5544
f 284 	9008 	230
f 8942 	230 	8977
f 8970 	8930 	9015
f 9008 	8976 	8977
f 9004 	8981 	9005
f 5515 	5552 	8997
f 284 	285 	9010
f 9008 	284 	9010
f 8871 	8869 	9004
f 9013 	9016 	9003
f 8976 	9008 	9010
f 9014 	5598 	8963
f 9014 	8826 	5598
f 9004 	8989 	8981
f 8994 	8996 	8999
f 9011 	8923 	8995
f 9015 	8871 	9004
f 8922 	8921 	9011
f 9003 	9022 	9002
f 9015 	8883 	8871
f 9015 	8930 	8883
f 9012 	9016 	9013
f 9010 	8988 	8976
f 8928 	9079 	4445
f 8658 	9070 	9001
f 9021 	9002 	9022
f 9017 	656 	657
f 9562 	9014 	8963
f 9020 	9018 	8924
f 9081 	9002 	9021
f 9017 	644 	656
f 9576 	9014 	9562
f 9017 	9031 	644
f 8726 	9024 	9026
f 8815 	8826 	9014
f 657 	8981 	9017
f 9021 	9022 	9012
f 8981 	9032 	9017
f 9019 	8997 	8974
f 5530 	9014 	9009
f 8922 	9020 	8924
f 9101 	8726 	9026
f 9080 	9081 	9070
f 9012 	9070 	9021
f 9022 	9003 	9016
f 8973 	8787 	8957
f 9022 	9016 	9012
f 8793 	3594 	8999
f 8995 	9007 	9062
f 7211 	7151 	9135
f 8999 	8996 	8793
f 8922 	9011 	9020
f 9012 	8708 	9001
f 9027 	8992 	9028
f 8989 	8992 	9027
f 9024 	9030 	9025
f 443 	9101 	9026
f 9072 	644 	9031
f 9029 	9226 	9039
f 9030 	445 	444
f 9077 	8772 	8986
f 8989 	9027 	8981
f 9030 	444 	443
f 227 	4172 	165
f 443 	9026 	9030
f 9031 	9017 	9032
f 4172 	229 	165
f 9043 	9029 	9040
f 9030 	9026 	9025
f 4792 	9033 	8358
f 9024 	445 	9030
f 9206 	9018 	9020
f 8741 	445 	9024
f 9044 	9029 	9043
f 8630 	9034 	8663
f 9035 	9036 	9034
f 9019 	8980 	9023
f 9072 	9031 	9032
f 9038 	9029 	9039
f 9019 	8936 	8997
f 9029 	9038 	9040
f 8935 	9018 	9041
f 9045 	7192 	9033
f 9018 	9042 	9041
f 9034 	8630 	9035
f 9032 	8981 	9027
f 4792 	4855 	9033
f 9042 	9224 	9041
f 9035 	2118 	9036
f 1727 	2118 	9035
f 9036 	2118 	2119
f 9023 	9006 	1677
f 9023 	8980 	9006
f 9028 	9046 	9027
f 9028 	8992 	9046
f 9119 	9045 	4855
f 8630 	1727 	9035
f 9038 	9039 	8708
f 234 	7365 	9047
f 8935 	9041 	9037
f 8987 	8869 	9065
f 4172 	227 	9047
f 8936 	9050 	5561
f 8778 	9048 	9049
f 4133 	4172 	9047
f 9047 	227 	234
f 5561 	5515 	8936
f 9039 	9228 	8708
f 4137 	502 	619
f 217 	502 	4137
f 9038 	8708 	9040
f 217 	4137 	215
f 9033 	4855 	9045
f 9049 	9054 	2147
f 4137 	9056 	8986
f 8758 	9049 	8760
f 9051 	5561 	9050
f 4137 	619 	9056
f 9049 	8758 	8782
f 5569 	9051 	5572
f 5569 	5561 	9051
f 8986 	9056 	9053
f 7151 	9097 	9109
f 9003 	9153 	9029
f 8778 	9049 	8782
f 9057 	8802 	2022
f 9057 	2022 	2142
f 9051 	3360 	4460
f 9060 	9029 	9044
f 9062 	9058 	9055
f 9061 	8802 	9057
f 2142 	2144 	9057
f 9003 	9029 	9060
f 9013 	9003 	9060
f 9097 	7151 	9119
f 9051 	9063 	5572
f 9043 	8708 	9044
f 9062 	1662 	9058
f 2144 	9064 	9057
f 9012 	9013 	8708
f 9073 	1662 	9062
f 9086 	9083 	9059
f 9052 	9065 	9059
f 9065 	8877 	9059
f 9060 	8708 	9013
f 9040 	8708 	9043
f 9051 	4460 	9063
f 9053 	619 	543
f 8987 	9065 	9052
f 9064 	9061 	9057
f 9060 	9044 	8708
f 619 	9053 	9056
f 8992 	9066 	9347
f 9062 	9055 	8995
f 9012 	9001 	9070
f 9052 	8992 	8987
f 8992 	9052 	9066
f 2144 	9049 	9071
f 8672 	9070 	8658
f 9064 	2144 	9071
f 8931 	9069 	8944
f 7376 	7255 	9067
f 9049 	9048 	9071
f 8965 	9069 	8931
f 9309 	9362 	7255
f 9075 	9076 	8943
f 9516 	8944 	9069
f 9075 	8943 	8812
f 9076 	8942 	8943
f 9067 	9068 	7311
f 9000 	9073 	9007
f 9077 	8986 	9053
f 9061 	9075 	8812
f 6518 	6513 	9261
f 9064 	9075 	9061
f 8999 	8957 	8994
f 9261 	9068 	9067
f 8973 	8957 	8999
f 248 	230 	9078
f 4465 	5572 	9063
f 248 	9078 	455
f 9261 	9067 	9262
f 9078 	507 	455
f 8612 	5572 	4465
f 3578 	8994 	8957
f 9077 	9090 	8772
f 9080 	9074 	9081
f 9078 	511 	507
f 9074 	9080 	9088
f 4799 	6115 	9119
f 4465 	8619 	8612
f 9075 	9079 	9082
f 9119 	6115 	9097
f 9073 	9062 	9007
f 8936 	5590 	9050
f 471 	9082 	9079
f 9085 	1668 	1662
f 6115 	6159 	9097
f 9019 	5590 	8936
f 9069 	9087 	9084
f 511 	9078 	9075
f 9019 	9023 	5590
f 5590 	9023 	5591
f 9074 	9002 	9081
f 9075 	9048 	9079
f 9006 	5537 	1677
f 9092 	9074 	9088
f 9023 	1677 	5591
f 9079 	8928 	471
f 9088 	9080 	9070
f 9052 	9059 	9083
f 9075 	9071 	9048
f 9494 	9295 	9072
f 9089 	9557 	9084
f 8995 	9055 	9011
f 9032 	9494 	9072
f 9207 	9020 	9055
f 9557 	9549 	9084
f 9081 	9021 	9070
f 9071 	9075 	9064
f 9090 	9087 	9069
f 9076 	9091 	8942
f 9083 	9086 	9032
f 9091 	230 	8942
f 9032 	9027 	9083
f 9055 	9020 	9011
f 9076 	9075 	9091
f 9027 	9046 	9083
f 9069 	8965 	9090
f 9075 	9078 	9091
f 9073 	9000 	9085
f 9374 	9032 	9086
f 9073 	9085 	1662
f 9091 	9078 	230
f 9077 	9089 	9084
f 9090 	8965 	8772
f 9077 	9084 	9087
f 9110 	9111 	9093
f 5701 	5591 	1677
f 9093 	71 	70
f 9077 	9087 	9090
f 8852 	9095 	1981
f 8469 	9093 	70
f 9124 	766 	9107
f 8754 	1981 	9095
f 9094 	8454 	8465
f 9100 	6181 	6256
f 9094 	9102 	8486
f 6991 	9103 	9105
f 9126 	9100 	6257
f 8474 	8730 	9104
f 9094 	8486 	8454
f 6267 	9105 	9106
f 9077 	9053 	9125
f 766 	772 	9107
f 6267 	9106 	6269
f 443 	445 	9101
f 9108 	9053 	543
f 9092 	9088 	9070
f 9108 	9125 	9053
f 9112 	9099 	9096
f 9107 	772 	9098
f 6177 	6175 	9109
f 8486 	9102 	9113
f 6171 	6177 	9097
f 9109 	9097 	6177
f 575 	9099 	9112
f 9115 	9105 	9103
f 9114 	766 	9124
f 9125 	9108 	9112
f 9115 	9116 	9105
f 9105 	9117 	9106
f 9105 	9116 	9117
f 7706 	7694 	9106
f 9120 	9111 	9110
f 7151 	7192 	9119
f 9117 	7706 	9106
f 9108 	631 	9112
f 9124 	9123 	9114
f 9361 	9350 	9504
f 9070 	9504 	9092
f 8474 	9104 	37
f 9108 	543 	631
f 9119 	7192 	9045
f 631 	575 	9112
f 9113 	9102 	9144
f 644 	9072 	9098
f 9191 	9117 	9116
f 9113 	9185 	9173
f 9123 	9124 	9107
f 9134 	136 	9122
f 9113 	9144 	9185
f 9122 	136 	9121
f 8337 	8336 	9102
f 8472 	8476 	9110
f 9141 	9100 	9126
f 6235 	9126 	6216
f 37 	9122 	8474
f 9127 	9126 	8695
f 9554 	9089 	9125
f 9121 	8474 	9122
f 9089 	9077 	9125
f 9120 	8474 	9121
f 8133 	9128 	8490
f 8664 	8695 	9126
f 9096 	9129 	9125
f 9098 	9072 	9123
f 8133 	8135 	9128
f 9098 	9123 	9107
f 9104 	8726 	9101
f 9112 	9096 	9125
f 9104 	8730 	8726
f 9126 	6235 	8664
f 9109 	9100 	9141
f 9114 	773 	766
f 9110 	9093 	8472
f 2069 	9129 	9096
f 9118 	773 	9114
f 9137 	37 	445
f 9101 	445 	37
f 9130 	9197 	9131
f 6256 	6257 	9100
f 2053 	2069 	9096
f 6257 	6216 	9126
f 37 	9134 	9122
f 9102 	8920 	9146
f 9157 	9133 	9118
f 9146 	9144 	9102
f 2053 	9096 	575
f 8336 	8920 	9102
f 9128 	9136 	8511
f 9099 	575 	9096
f 337 	65 	9137
f 37 	9137 	65
f 9134 	37 	65
f 65 	156 	9134
f 8477 	8480 	9113
f 8480 	8486 	9113
f 9135 	9205 	9203
f 445 	8741 	9137
f 9136 	8513 	8511
f 9137 	8746 	337
f 8705 	9141 	9127
f 2069 	2066 	9129
f 9141 	8705 	9151
f 37 	9104 	9101
f 9200 	2489 	2512
f 9126 	9127 	9141
f 9128 	8511 	8490
f 9143 	9157 	9118
f 9145 	8135 	9130
f 9130 	9131 	9145
f 9129 	9554 	9125
f 9145 	9128 	8135
f 9114 	9123 	9143
f 9143 	9118 	9114
f 9211 	9213 	9143
f 9146 	9275 	9269
f 572 	588 	9139
f 9147 	9138 	9136
f 9211 	9143 	9123
f 9146 	9296 	9275
f 8594 	9150 	8584
f 8747 	9155 	8745
f 9148 	9123 	9072
f 9145 	9131 	9147
f 9150 	9201 	8584
f 9147 	9128 	9145
f 9150 	8594 	9149
f 9225 	9148 	9072
f 9149 	8676 	9166
f 9149 	8594 	8676
f 9162 	9164 	9153
f 9136 	9128 	9147
f 9153 	9164 	9152
f 9285 	9146 	8920
f 9002 	9159 	9153
f 9151 	8745 	9155
f 9133 	9157 	9158
f 9159 	9162 	9153
f 9166 	9167 	9168
f 9167 	9169 	9168
f 8757 	8759 	9163
f 9168 	9171 	9166
f 9163 	8759 	9165
f 9171 	9149 	9166
f 9166 	8676 	9167
f 9074 	9162 	9159
f 8676 	8678 	9167
f 9402 	9400 	9173
f 8678 	9169 	9167
f 9175 	9160 	9140
f 9200 	9172 	9174
f 9164 	9132 	9152
f 9168 	8656 	9171
f 9002 	9074 	9159
f 9175 	9140 	9142
f 9151 	9178 	9141
f 9164 	9162 	9306
f 9180 	9150 	9181
f 9171 	9150 	9149
f 9173 	9170 	9113
f 9182 	9115 	9103
f 9158 	9157 	9247
f 9156 	9178 	9155
f 9140 	9160 	9173
f 9173 	9146 	9140
f 9247 	9187 	9158
f 9252 	9115 	9182
f 9189 	9204 	9132
f 9158 	9187 	9172
f 9170 	8477 	9113
f 9132 	9188 	9189
f 9180 	9184 	9186
f 9151 	9155 	9178
f 9172 	9190 	9174
f 9191 	9192 	7706
f 9190 	9172 	9187
f 9163 	9165 	9220
f 9180 	9186 	9183
f 9232 	9163 	9220
f 8725 	8477 	9170
f 9191 	7706 	9117
f 9192 	9193 	7706
f 9189 	9188 	9164
f 9144 	9173 	9185
f 7746 	7706 	9193
f 9146 	9173 	9144
f 9193 	7747 	7746
f 9164 	9188 	9132
f 2489 	9174 	2810
f 9429 	9184 	9444
f 9174 	9190 	2810
f 9190 	2797 	2810
f 8697 	9171 	8656
f 2991 	2797 	9190
f 9171 	9181 	9150
f 31 	9192 	9191
f 9205 	7151 	9109
f 9171 	8697 	9181
f 9205 	9135 	7151
f 9191 	9274 	31
f 9193 	9192 	31
f 9172 	9195 	9158
f 31 	35 	9193
f 9133 	9158 	9195
f 9172 	9200 	9195
f 9305 	9444 	9181
f 35 	7747 	9193
f 931 	9195 	930
f 9195 	965 	930
f 9197 	9130 	8209
f 9305 	8697 	8703
f 9205 	9109 	9141
f 9223 	9285 	8920
f 9200 	965 	9195
f 9194 	9204 	9202
f 9037 	9223 	8920
f 9174 	2489 	9200
f 9194 	9132 	9204
f 9154 	9201 	9150
f 1710 	1711 	9208
f 2512 	5708 	9200
f 1710 	9208 	9207
f 5708 	965 	9200
f 9205 	9141 	9178
f 9202 	9210 	9198
f 9209 	9131 	9199
f 8604 	8584 	9201
f 9138 	9147 	9209
f 9209 	9176 	9177
f 9138 	9209 	9177
f 9202 	9198 	9196
f 9208 	9206 	9207
f 9131 	9209 	9147
f 9204 	9215 	9202
f 9206 	9020 	9207
f 9197 	8188 	9216
f 9143 	9213 	9234
f 8209 	8188 	9197
f 9216 	9217 	9218
f 9148 	9225 	9219
f 9218 	9197 	9216
f 9202 	9423 	9210
f 9218 	9217 	9197
f 1766 	9231 	9208
f 9131 	9217 	9199
f 9211 	9123 	9219
f 9123 	9148 	9219
f 9217 	9131 	9197
f 9201 	9221 	9212
f 9156 	9179 	9222
f 9189 	9215 	9204
f 9199 	9217 	8749
f 8714 	8722 	9226
f 9207 	9055 	1659
f 9244 	9199 	8749
f 9224 	9042 	9227
f 8737 	9229 	8753
f 9222 	9179 	9243
f 9226 	8723 	8714
f 9229 	9244 	8753
f 9227 	9018 	9206
f 8723 	9233 	9230
f 9227 	9208 	9231
f 9214 	9232 	9220
f 9206 	9208 	9227
f 8753 	9244 	8749
f 8927 	9214 	9220
f 9217 	8188 	8749
f 9219 	9225 	9270
f 9217 	9216 	8188
f 9018 	9227 	9042
f 9224 	9227 	9231
f 9211 	9219 	9270
f 9239 	9240 	9161
f 9211 	9270 	9213
f 9224 	9231 	1719
f 9231 	1764 	1719
f 9240 	9241 	9161
f 9237 	9213 	9270
f 9163 	9232 	9238
f 9230 	8755 	8716
f 9240 	9242 	9241
f 1766 	1764 	9231
f 9240 	9239 	9242
f 9276 	8755 	9230
f 1721 	1767 	9223
f 9039 	9226 	9228
f 9237 	9234 	9213
f 1767 	1862 	9223
f 9223 	9224 	1719
f 9029 	9245 	9226
f 8723 	9226 	9245
f 9295 	9270 	9225
f 9295 	9225 	9072
f 9233 	9246 	9230
f 9223 	9037 	9224
f 9276 	9230 	9246
f 1719 	1721 	9223
f 9179 	9238 	9243
f 9176 	9209 	9421
f 9194 	9202 	9246
f 9221 	9248 	412
f 9041 	9224 	9037
f 9244 	9421 	9209
f 8723 	9245 	9250
f 9244 	9209 	9199
f 9221 	9251 	9248
f 9309 	7255 	7445
f 9445 	9252 	9239
f 9250 	9152 	8723
f 9241 	9242 	9252
f 9252 	9182 	9241
f 9250 	9245 	9153
f 1862 	1798 	9223
f 9221 	9201 	9251
f 9153 	9152 	9250
f 9239 	9252 	9242
f 9247 	9249 	9187
f 9154 	9251 	9201
f 7553 	7501 	9278
f 9152 	9233 	8723
f 9190 	9187 	9249
f 9252 	9263 	9116
f 7557 	9282 	7501
f 9281 	7501 	9282
f 9246 	9233 	9132
f 9190 	9249 	9258
f 9233 	9152 	9132
f 9281 	9278 	7501
f 9246 	9132 	9194
f 9252 	9116 	9115
f 7557 	9283 	9282
f 9196 	9246 	9202
f 9445 	9470 	9252
f 9247 	9157 	9143
f 9143 	9234 	9247
f 9283 	7546 	9292
f 9245 	9029 	9153
f 9261 	7434 	6518
f 9253 	9254 	9142
f 8865 	8744 	9257
f 412 	428 	9221
f 9267 	7582 	9278
f 9266 	9268 	9116
f 9257 	9642 	8865
f 9142 	9140 	9253
f 7585 	7553 	9278
f 9142 	9254 	9175
f 8750 	9259 	8744
f 9067 	7255 	9362
f 9268 	9266 	9229
f 9259 	9257 	8744
f 9146 	9269 	9253
f 9292 	9067 	9283
f 9362 	9283 	9067
f 9259 	9260 	9257
f 9263 	9256 	9229
f 9280 	9268 	9229
f 9265 	9190 	9258
f 9146 	9253 	9140
f 9262 	7475 	9261
f 9256 	9263 	9252
f 8755 	9264 	9259
f 2991 	9190 	9265
f 9263 	9229 	9266
f 9264 	9272 	9259
f 9273 	9160 	9175
f 9266 	9116 	9263
f 9254 	9253 	9269
f 8755 	9259 	8750
f 9271 	9116 	9268
f 9254 	9269 	9255
f 9281 	9362 	9278
f 9255 	9273 	9254
f 9272 	9260 	9259
f 9212 	428 	8707
f 9221 	428 	9212
f 9116 	9271 	9274
f 9248 	9277 	412
f 9276 	9264 	8755
f 9269 	9273 	9255
f 9264 	9279 	9272
f 9116 	9274 	9191
f 9403 	1185 	9277
f 9175 	9254 	9273
f 9276 	9279 	9264
f 9251 	9277 	9248
f 9279 	9288 	9272
f 9229 	205 	9280
f 9282 	9283 	9281
f 9362 	9281 	9283
f 9273 	9269 	9409
f 9279 	9276 	9246
f 9295 	9315 	9270
f 366 	9271 	9280
f 9268 	9280 	9271
f 9246 	9196 	9279
f 9234 	9297 	9320
f 9316 	9488 	9270
f 9271 	410 	9274
f 9223 	1798 	9285
f 410 	31 	9274
f 9284 	9287 	9286
f 9234 	9237 	9297
f 9315 	9316 	9270
f 1388 	9286 	9287
f 9296 	9303 	9275
f 9289 	9291 	7044
f 9288 	9279 	9196
f 9291 	7088 	7044
f 9146 	9285 	9296
f 9196 	9198 	9288
f 9067 	9292 	9293
f 9198 	9290 	9288
f 9294 	7088 	9291
f 9067 	9293 	9262
f 9298 	7013 	9294
f 9298 	7016 	7013
f 9293 	9292 	9262
f 412 	9277 	1185
f 1798 	9296 	9285
f 1798 	1804 	9296
f 8226 	8318 	9289
f 8318 	8233 	9289
f 8233 	9291 	9289
f 9237 	9270 	9489
f 9334 	9302 	9300
f 9396 	9291 	8233
f 1804 	9303 	9296
f 9291 	9396 	9294
f 9489 	9297 	9237
f 9566 	9297 	9489
f 598 	702 	737
f 9305 	9181 	8697
f 9162 	9308 	9306
f 9312 	8907 	737
f 9162 	9074 	9308
f 8907 	8914 	737
f 598 	722 	684
f 9182 	9103 	7036
f 1221 	904 	9312
f 7109 	9311 	9313
f 9310 	9304 	9301
f 9312 	904 	9000
f 9312 	9000 	8907
f 849 	1221 	9312
f 9308 	9299 	9164
f 849 	9312 	836
f 9311 	9177 	9176
f 1211 	9085 	9000
f 9000 	904 	1211
f 9236 	9314 	9304
f 9315 	9494 	9316
f 9319 	7034 	9298
f 9330 	7034 	9331
f 737 	841 	9312
f 9335 	7036 	7034
f 8990 	9317 	8918
f 9182 	7036 	9335
f 9308 	9164 	9306
f 9528 	9348 	9305
f 9313 	9311 	9318
f 9350 	9074 	9092
f 2001 	9317 	8990
f 2001 	722 	9317
f 9314 	9186 	9184
f 729 	722 	2001
f 9345 	9337 	9318
f 9314 	9183 	9186
f 9360 	9361 	9074
f 9350 	9360 	9074
f 9345 	9318 	9161
f 9184 	9301 	9304
f 9321 	9322 	9323
f 9443 	9442 	9318
f 9322 	9324 	9323
f 9443 	9318 	9311
f 9323 	9325 	9321
f 9249 	9247 	9326
f 9184 	9304 	9314
f 9349 	9355 	9327
f 9314 	9236 	9235
f 8748 	9321 	9329
f 9331 	9318 	9330
f 1197 	8089 	9362
f 9189 	9300 	9302
f 9332 	9235 	9183
f 9329 	8764 	8748
f 9319 	9331 	7034
f 9320 	9328 	9326
f 9336 	9249 	9326
f 9215 	9189 	9423
f 9235 	9332 	9314
f 9322 	9321 	8748
f 9164 	9299 	9300
f 1066 	9333 	1190
f 9164 	9300 	9189
f 9183 	9314 	9332
f 1197 	9362 	1071
f 9357 	9358 	9236
f 9323 	8794 	9325
f 9247 	9320 	9326
f 1082 	1098 	1066
f 9304 	9310 	9236
f 9325 	9329 	9321
f 9330 	9318 	9337
f 9336 	9258 	9249
f 8581 	9329 	9325
f 9335 	7034 	9337
f 9380 	9381 	9334
f 9330 	9337 	7034
f 9310 	9357 	9236
f 9333 	1091 	1190
f 9381 	9537 	9334
f 9537 	9535 	9334
f 9362 	8089 	7934
f 9336 	9265 	9258
f 9327 	9340 	9339
f 9241 	9354 	9161
f 9301 	9429 	9342
f 9341 	9300 	9299
f 9341 	9334 	9300
f 9341 	9376 	9377
f 9328 	9336 	9326
f 9328 	9338 	9336
f 9247 	9234 	9320
f 9380 	9334 	9341
f 9318 	9331 	9344
f 9389 	9376 	9341
f 2537 	3147 	9336
f 9336 	9338 	2536
f 9369 	9370 	9504
f 9339 	9505 	9495
f 9344 	9331 	9319
f 9308 	9341 	9299
f 9444 	9184 	9180
f 9161 	9346 	9345
f 2537 	9336 	2536
f 8702 	9327 	9339
f 9052 	9347 	9066
f 8702 	9349 	9327
f 9345 	9335 	9337
f 8702 	8709 	9351
f 9335 	9345 	9346
f 9346 	9161 	9353
f 9352 	9347 	9052
f 8702 	9351 	9349
f 8709 	8725 	9351
f 8725 	9170 	9351
f 9362 	7934 	9267
f 9352 	9046 	8992
f 9370 	9074 	9361
f 9353 	9182 	9346
f 9335 	9346 	9182
f 9267 	9278 	9362
f 9352 	8992 	9347
f 9384 	9386 	9368
f 9086 	9059 	9356
f 9182 	9353 	9354
f 9353 	9161 	9354
f 9341 	9308 	9371
f 9359 	9356 	9059
f 9284 	9236 	9358
f 9359 	9417 	9356
f 9354 	9241 	9182
f 9478 	9340 	9355
f 9340 	9327 	9355
f 9308 	9386 	9371
f 9484 	9284 	9358
f 9341 	9375 	9389
f 9484 	9287 	9284
f 9309 	9307 	9362
f 8278 	12 	9363
f 9359 	8959 	9417
f 7477 	7111 	9363
f 9339 	9365 	8748
f 8702 	9339 	8748
f 9490 	9358 	9357
f 8789 	9365 	9366
f 9350 	9092 	9504
f 9 	7477 	9363
f 9490 	9484 	9358
f 9366 	9364 	8789
f 9365 	9339 	9366
f 9359 	9059 	8877
f 9361 	9360 	9350
f 9368 	9308 	9074
f 9308 	9368 	9386
f 9366 	9495 	9364
f 9357 	9301 	9342
f 9367 	7112 	9318
f 9074 	9370 	9368
f 9369 	9368 	9370
f 8877 	8949 	9359
f 9362 	9492 	9394
f 9352 	9052 	9083
f 9318 	7112 	9313
f 9301 	9357 	9310
f 9083 	9046 	9352
f 9383 	7111 	7112
f 9495 	9499 	9364
f 7111 	9383 	9372
f 9341 	9371 	9375
f 9339 	9495 	9366
f 9494 	9032 	9374
f 9363 	7111 	9372
f 9363 	9372 	8278
f 9377 	9380 	9341
f 9372 	8265 	8278
f 9343 	9333 	9373
f 8748 	8771 	9322
f 9357 	9342 	9378
f 9086 	9379 	9374
f 9379 	9086 	9356
f 9322 	8771 	9324
f 1066 	9373 	9333
f 9369 	9384 	9368
f 9324 	8771 	9323
f 9383 	7112 	9367
f 9373 	1066 	1098
f 9385 	9371 	9386
f 9378 	9382 	9357
f 9385 	9388 	9375
f 9385 	9375 	9371
f 9383 	9479 	9372
f 8794 	8789 	9364
f 9389 	9390 	9376
f 1091 	9446 	9410
f 9390 	9392 	9377
f 9390 	9377 	9376
f 1091 	9333 	9446
f 9372 	9523 	8265
f 9392 	9544 	9377
f 9381 	9380 	9545
f 9544 	9545 	9380
f 9236 	9284 	9391
f 9236 	9391 	9397
f 9388 	9389 	9375
f 1075 	1071 	9394
f 9391 	9154 	9397
f 1284 	9395 	1272
f 9395 	1297 	1288
f 9150 	9397 	9154
f 1288 	1272 	9395
f 9379 	9393 	9374
f 9150 	9180 	9397
f 9180 	9183 	9397
f 9504 	9370 	9361
f 9395 	1306 	1297
f 9362 	9394 	1071
f 9419 	9387 	9393
f 9318 	9399 	9367
f 9393 	9379 	9419
f 9367 	9399 	9383
f 1098 	1084 	9394
f 9251 	9154 	9391
f 9400 	9351 	9170
f 1075 	9394 	1084
f 9160 	9402 	9173
f 9400 	9170 	9173
f 9393 	9401 	9374
f 9407 	9400 	9402
f 9369 	9504 	9384
f 9398 	9403 	9277
f 9384 	9385 	9386
f 9294 	9396 	9405
f 9398 	1388 	9403
f 9389 	9388 	9390
f 9318 	9344 	9399
f 9405 	9298 	9294
f 9398 	9277 	9391
f 9388 	9504 	9390
f 9415 	9414 	9399
f 9405 	9319 	9298
f 9160 	9409 	9402
f 9509 	9399 	9413
f 9410 	9411 	9412
f 9407 	9409 	9408
f 9409 	9407 	9402
f 9160 	9273 	9409
f 9277 	9251 	9391
f 9414 	9413 	9399
f 9398 	9286 	1388
f 9406 	9475 	9476
f 9405 	9509 	9413
f 9415 	9405 	9414
f 9413 	9414 	9405
f 9269 	9275 	9409
f 9135 	9203 	9309
f 9287 	9484 	1496
f 9309 	7445 	9135
f 9415 	9399 	9344
f 155 	9475 	9406
f 9286 	9398 	9284
f 9412 	1091 	9410
f 9398 	9391 	9284
f 9415 	9344 	9405
f 9319 	9405 	9344
f 9432 	9416 	9408
f 1091 	9412 	9411
f 9432 	9424 	9416
f 9419 	9406 	9387
f 9404 	9406 	9418
f 9397 	9235 	9236
f 9406 	9419 	9418
f 8940 	9404 	9418
f 9198 	9210 	9420
f 9210 	9422 	9420
f 9356 	9417 	9419
f 9397 	9183 	9235
f 9202 	9215 	9423
f 9416 	9400 	9407
f 9379 	9356 	9419
f 9407 	9408 	9416
f 9417 	9418 	9419
f 9421 	9459 	9458
f 9229 	9421 	9244
f 9307 	9309 	9203
f 9423 	9487 	9210
f 9426 	9427 	9214
f 9232 	9214 	9427
f 8959 	3229 	9417
f 9428 	9427 	9430
f 9342 	9425 	9378
f 9421 	9229 	9256
f 9239 	9161 	9442
f 9425 	9342 	9429
f 9161 	9318 	9442
f 9444 	9434 	9435
f 9417 	3229 	3233
f 9445 	9311 	9470
f 8927 	9426 	9214
f 9434 	9451 	9435
f 9210 	9487 	9422
f 9430 	1091 	9428
f 9409 	9432 	9408
f 9431 	9418 	9417
f 9425 	9434 	9435
f 9421 	9455 	9452
f 9275 	9303 	9409
f 9436 	9427 	9426
f 9448 	9425 	9429
f 9436 	9430 	9427
f 9432 	9409 	9303
f 9189 	9437 	9423
f 9232 	9427 	9480
f 8940 	9438 	9404
f 9426 	9611 	9436
f 8927 	9611 	9426
f 9303 	9433 	9432
f 9189 	9302 	9437
f 9436 	9611 	9430
f 9404 	9439 	9406
f 9410 	9440 	9411
f 9440 	9410 	9441
f 9343 	9441 	9410
f 9438 	9439 	9404
f 2807 	9433 	9303
f 9302 	9423 	9437
f 138 	9439 	9438
f 1804 	2807 	9303
f 9301 	9184 	9429
f 9446 	9343 	9410
f 9431 	8940 	9418
f 9180 	9181 	9444
f 9443 	9311 	9445
f 9432 	9433 	9424
f 9433 	49 	46
f 9452 	9453 	9421
f 9431 	146 	8940
f 41 	9424 	9433
f 2807 	2815 	9433
f 9448 	9434 	9444
f 137 	9438 	8940
f 2815 	49 	9433
f 9457 	9421 	9458
f 9440 	9441 	1091
f 9411 	9440 	1091
f 9351 	9400 	9450
f 9448 	9451 	9434
f 9453 	9460 	9421
f 9421 	9460 	9470
f 138 	152 	9439
f 9434 	9425 	9448
f 9239 	9442 	9445
f 9450 	9355 	9349
f 9442 	9443 	9445
f 9448 	9429 	9451
f 9431 	9417 	3233
f 9487 	9423 	9456
f 9455 	9421 	9457
f 9492 	9307 	9203
f 3233 	146 	9431
f 9203 	9205 	9492
f 9450 	9416 	9454
f 9448 	9581 	9434
f 9302 	9462 	9423
f 9454 	9416 	9424
f 9406 	9476 	9461
f 9448 	9444 	9469
f 9461 	9463 	9387
f 9429 	9444 	9451
f 9450 	9349 	9351
f 9462 	9456 	9423
f 9305 	9348 	9444
f 41 	9454 	9424
f 9406 	9461 	9387
f 9348 	9451 	9444
f 9462 	9449 	9456
f 9453 	9452 	9457
f 9457 	9458 	9460
f 9453 	9457 	9460
f 9348 	9469 	9451
f 9452 	9455 	9457
f 9458 	9459 	9460
f 9454 	41 	9468
f 9449 	9462 	9567
f 9459 	9421 	9256
f 9387 	9463 	9467
f 9456 	9449 	9447
f 9467 	9463 	9476
f 9454 	9468 	9450
f 9462 	9302 	9334
f 9256 	9252 	9459
f 9460 	9459 	9470
f 9252 	9470 	9459
f 9464 	9343 	9373
f 9468 	9466 	9450
f 9464 	9512 	9427
f 9393 	9387 	9467
f 9427 	9428 	9464
f 9471 	9464 	9428
f 9469 	9444 	9451
f 9441 	9343 	9464
f 9441 	9464 	9471
f 9401 	9620 	9618
f 9441 	9471 	1091
f 1091 	9471 	9428
f 9421 	9470 	9311
f 9311 	9176 	9421
f 9587 	1527 	9473
f 9450 	9400 	9416
f 152 	9406 	9439
f 9474 	9378 	9425
f 9406 	152 	155
f 9430 	9611 	1091
f 9478 	9355 	9450
f 9474 	9425 	9575
f 9466 	62 	9481
f 9232 	9480 	9238
f 62 	68 	9481
f 9481 	9478 	9466
f 9476 	9463 	9461
f 9481 	9477 	9478
f 9479 	9383 	9491
f 9243 	9238 	9480
f 9477 	144 	9531
f 228 	9476 	9475
f 9480 	9483 	9243
f 1497 	1496 	9484
f 9422 	9487 	9486
f 9243 	9483 	9465
f 144 	9477 	9481
f 9474 	9473 	9382
f 9488 	9316 	9507
f 9243 	9465 	9222
f 9486 	9487 	9456
f 9482 	9422 	9486
f 9382 	9378 	9474
f 9396 	8233 	9485
f 9270 	9488 	9489
f 9486 	9472 	9482
f 9501 	9500 	9491
f 9479 	9491 	9500
f 9500 	9523 	9479
f 9522 	9519 	9523
f 9518 	9523 	9519
f 9503 	9522 	9523
f 9456 	9447 	9486
f 9490 	1507 	1497
f 9523 	9502 	9503
f 9343 	9446 	9333
f 9466 	9478 	9450
f 9489 	9488 	9577
f 9420 	9290 	9198
f 9501 	9491 	9506
f 9577 	9580 	9489
f 9490 	1497 	9484
f 9383 	9399 	9491
f 9531 	9339 	9340
f 1516 	1507 	9490
f 9399 	9509 	9491
f 9156 	9222 	9492
f 192 	190 	9472
f 9477 	9531 	9340
f 9156 	9492 	9178
f 9477 	9340 	9478
f 9485 	9493 	9396
f 1527 	9382 	9473
f 9422 	33 	9420
f 9382 	9490 	9357
f 9422 	9482 	33
f 9492 	9362 	9307
f 9482 	9472 	38
f 9395 	1284 	9515
f 38 	33 	9482
f 9316 	9494 	9507
f 9490 	9382 	1516
f 9492 	9205 	9178
f 1098 	9512 	9373
f 9491 	9509 	9510
f 9549 	9496 	9498
f 9510 	9506 	9491
f 9493 	9405 	9396
f 8865 	9642 	67
f 9497 	1098 	9394
f 9315 	9295 	9494
f 9492 	9497 	9394
f 67 	66 	8865
f 9523 	9500 	9502
f 9374 	9401 	9494
f 9070 	8672 	9504
f 9497 	9492 	9465
f 8703 	8941 	9305
f 8680 	9508 	9504
f 9222 	9465 	9492
f 8672 	8680 	9504
f 9480 	9427 	9512
f 9464 	9373 	9512
f 9503 	9502 	9500
f 9501 	9493 	9500
f 9506 	9493 	9501
f 9503 	9500 	9493
f 9495 	9505 	9521
f 9348 	9513 	9469
f 9514 	9512 	1098
f 9521 	32 	9495
f 9497 	9514 	1098
f 9509 	9405 	9510
f 9493 	9510 	9405
f 9580 	9511 	9489
f 9506 	9510 	9493
f 9465 	9483 	9512
f 8693 	9517 	8680
f 9513 	9516 	9496
f 9488 	9507 	9553
f 9497 	9465 	9514
f 9364 	9515 	1284
f 9069 	9496 	9516
f 9512 	9514 	9465
f 9480 	9512 	9483
f 9515 	9499 	9574
f 9364 	9499 	9515
f 8693 	3726 	9517
f 9519 	9485 	9518
f 9493 	9485 	9519
f 3726 	3732 	9517
f 9518 	9485 	9520
f 9496 	9583 	9513
f 9626 	1135 	1115
f 9519 	9522 	9493
f 9384 	9504 	9385
f 9513 	9587 	9586
f 9513 	9585 	9587
f 9522 	9503 	9493
f 9297 	9563 	9320
f 9524 	8886 	9536
f 9523 	9372 	9479
f 9536 	8886 	8885
f 9520 	9547 	9527
f 9524 	8884 	8886
f 9385 	9504 	9388
f 9390 	9504 	9392
f 9527 	9523 	9520
f 9518 	9520 	9523
f 9156 	8884 	9179
f 9527 	8265 	9523
f 9528 	9513 	9348
f 9527 	8336 	8265
f 9528 	9305 	8941
f 9392 	9504 	9544
f 9566 	9489 	9511
f 9550 	9238 	9179
f 8336 	9527 	9547
f 144 	9526 	9529
f 144 	9525 	9526
f 9548 	8920 	8336
f 9548 	8336 	9547
f 9550 	9179 	9524
f 8381 	8937 	9534
f 9531 	9521 	9505
f 9541 	9546 	9504
f 9548 	9538 	8920
f 8884 	9524 	9179
f 9320 	9563 	9530
f 9524 	9536 	9550
f 9528 	8941 	8944
f 9516 	9513 	9533
f 9533 	9513 	9528
f 9328 	9320 	9530
f 9516 	9533 	9528
f 8944 	9516 	9528
f 9566 	9563 	9297
f 8937 	8920 	9534
f 9534 	8920 	9538
f 9531 	9529 	9521
f 8885 	8757 	9536
f 9238 	9536 	9163
f 8757 	9163 	9536
f 9535 	9541 	9542
f 9535 	9542 	9532
f 9542 	9543 	9532
f 9339 	9531 	9505
f 1967 	9585 	9540
f 9540 	9585 	9583
f 9338 	9328 	9539
f 9380 	9377 	9544
f 9583 	9555 	9540
f 9531 	144 	9529
f 9611 	8927 	9009
f 9538 	9485 	9534
f 9220 	9165 	8927
f 9545 	9546 	9381
f 9537 	9381 	9546
f 2536 	9338 	9539
f 9540 	1968 	1967
f 9535 	9537 	9541
f 9546 	9541 	9537
f 9504 	9543 	9542
f 9504 	9542 	9541
f 9564 	1968 	9540
f 9495 	11 	9499
f 9069 	9084 	9498
f 9495 	32 	11
f 9536 	9238 	9550
f 9538 	9548 	9485
f 9539 	3249 	2536
f 9498 	9496 	9069
f 9520 	9485 	9547
f 9552 	9395 	9515
f 9547 	9485 	9548
f 9084 	9549 	9498
f 9515 	9574 	9552
f 9555 	9549 	9556
f 1381 	1306 	9552
f 9549 	9557 	9556
f 1306 	9395 	9552
f 8493 	9558 	7144
f 9544 	9504 	9545
f 9556 	2066 	572
f 9545 	9504 	9546
f 9553 	9507 	9494
f 9558 	8493 	8513
f 9553 	9494 	9612
f 9612 	9494 	9401
f 9138 	9565 	9136
f 11 	9559 	9551
f 9556 	572 	9139
f 9561 	9532 	9543
f 9561 	9543 	9560
f 9578 	9584 	9508
f 9504 	9508 	9543
f 1430 	9559 	9525
f 9129 	2066 	9554
f 9139 	9564 	9556
f 1430 	9525 	144
f 9138 	9177 	9565
f 9574 	11 	9551
f 9562 	757 	760
f 9556 	9540 	9555
f 8513 	9136 	9565
f 9552 	9574 	9551
f 9565 	9558 	8513
f 9565 	9570 	9558
f 760 	765 	9562
f 9569 	9530 	9563
f 831 	9630 	9562
f 2066 	9557 	9554
f 9328 	9530 	9569
f 9562 	765 	831
f 9554 	9557 	9089
f 1408 	1401 	9552
f 9570 	9565 	7161
f 2066 	9556 	9557
f 9552 	1401 	1412
f 9462 	9334 	9567
f 9565 	9311 	7109
f 1412 	1405 	9552
f 9532 	9573 	9334
f 9496 	9549 	9555
f 9559 	1430 	9551
f 9539 	9328 	9569
f 9177 	9311 	9565
f 9334 	9535 	9532
f 1430 	1408 	9551
f 7505 	7504 	9
f 9552 	9551 	1408
f 9540 	9556 	9564
f 9567 	9334 	9573
f 144 	149 	1430
f 9573 	9568 	9567
f 12 	7505 	9
f 12 	9 	9363
f 9611 	9009 	9014
f 9562 	267 	270
f 9562 	8963 	267
f 9444 	9435 	9575
f 9562 	270 	757
f 9434 	9581 	9435
f 9575 	9435 	9451
f 9575 	9425 	9435
f 9525 	9559 	11
f 9526 	9525 	36
f 9573 	9532 	9561
f 9600 	9577 	9553
f 9577 	9488 	9553
f 9579 	9573 	9578
f 9521 	9529 	9526
f 9526 	36 	32
f 9591 	9573 	9590
f 9526 	32 	9521
f 9444 	9575 	9451
f 9584 	9578 	9573
f 3 	9569 	9563
f 36 	9525 	11
f 9469 	9513 	9448
f 9575 	9435 	9581
f 9580 	9566 	9511
f 9582 	9573 	9560
f 9448 	9513 	9581
f 9601 	9580 	9577
f 9573 	9582 	9584
f 9563 	9598 	3
f 9585 	9513 	9583
f 9474 	9575 	9581
f 9566 	9598 	9563
f 9586 	9474 	9581
f 9566 	3 	9598
f 9573 	9561 	9560
f 9587 	9473 	9586
f 9473 	9474 	9586
f 3249 	9539 	9594
f 9588 	9589 	9636
f 9508 	9579 	9578
f 9581 	9513 	9586
f 9582 	9508 	9584
f 9594 	9592 	3308
f 9560 	9508 	9582
f 9560 	9543 	9508
f 3308 	3260 	9594
f 3249 	9594 	3260
f 9590 	9573 	9579
f 3 	45 	9569
f 9585 	1527 	9587
f 9597 	9627 	9591
f 753 	9589 	9606
f 9571 	9593 	9572
f 45 	9592 	9569
f 9590 	9579 	9508
f 9569 	9592 	9594
f 9496 	9555 	9583
f 9539 	9569 	9594
f 546 	9595 	6428
f 9592 	3322 	3308
f 6428 	119 	546
f 9590 	9631 	9591
f 9590 	9508 	9631
f 9610 	363 	9596
f 9571 	9589 	753
f 753 	9593 	9571
f 9611 	9014 	9576
f 9600 	9601 	9577
f 9486 	9599 	9472
f 9599 	9602 	9472
f 9596 	590 	9603
f 590 	9596 	579
f 824 	9603 	806
f 9610 	9603 	824
f 9589 	9588 	9606
f 9580 	9604 	9605
f 9610 	9596 	9603
f 9588 	9576 	9606
f 9605 	9566 	9580
f 9601 	9604 	9580
f 9447 	9599 	9486
f 9606 	9576 	9562
f 9608 	824 	8
f 824 	9608 	9609
f 9605 	34 	3
f 9608 	8 	17
f 9566 	9605 	3
f 9614 	749 	9610
f 9614 	9610 	9609
f 9553 	9612 	9600
f 9602 	9599 	9447
f 9607 	9619 	9602
f 9604 	28 	9605
f 60 	9604 	9601
f 9576 	9588 	9611
f 9601 	61 	60
f 9447 	9607 	9602
f 9604 	60 	28
f 9607 	9447 	9449
f 34 	9605 	28
f 6719 	6734 	17
f 6766 	9608 	6735
f 17 	6735 	9608
f 6766 	6754 	9608
f 6734 	6735 	17
f 9601 	9613 	61
f 9601 	9600 	9613
f 9588 	9615 	9611
f 740 	742 	9610
f 749 	740 	9610
f 9567 	9568 	9607
f 9612 	9613 	9600
f 749 	9614 	7711
f 6681 	7711 	9614
f 9607 	9449 	9567
f 9472 	9602 	9619
f 9401 	9618 	9612
f 9615 	9636 	9616
f 228 	9467 	9476
f 9393 	9467 	228
f 9636 	9617 	9616
f 9475 	155 	228
f 9618 	241 	261
f 9568 	9627 	9607
f 261 	556 	9618
f 9393 	228 	9620
f 9616 	9617 	1229
f 9621 	9637 	9619
f 9620 	241 	9618
f 9619 	9622 	9621
f 9623 	61 	9613
f 9632 	9624 	9619
f 9619 	9624 	9625
f 9612 	283 	9623
f 9607 	9632 	9619
f 283 	9612 	556
f 9612 	9623 	9613
f 9626 	1091 	9611
f 9611 	9615 	9626
f 9620 	9401 	9393
f 9627 	9628 	9634
f 9626 	9615 	1135
f 1229 	1135 	9615
f 9620 	160 	236
f 9597 	9628 	9627
f 9592 	48 	3322
f 1229 	9615 	9616
f 9619 	9625 	9622
f 9573 	9591 	9627
f 9627 	9568 	9573
f 9629 	752 	753
f 9629 	813 	752
f 9624 	9631 	9625
f 9622 	9625 	9631
f 9591 	9631 	9597
f 9635 	813 	9630
f 9632 	9607 	9633
f 9627 	9634 	9607
f 9607 	9634 	9633
f 9630 	9629 	9606
f 777 	813 	9635
f 9621 	9622 	9631
f 9631 	9632 	9633
f 9633 	9634 	9631
f 9632 	9631 	9624
f 9635 	831 	777
f 831 	9635 	9630
f 9588 	9636 	9615
f 9634 	9628 	9631
f 9571 	9636 	9589
f 9628 	9597 	9631
f 216 	202 	9631
f 9572 	9639 	9638
f 9640 	216 	9631
f 9617 	9571 	9572
f 38 	9472 	190
f 9617 	9636 	9571
f 9637 	192 	9472
f 9472 	9619 	9637
f 192 	9637 	182
f 9621 	182 	9637
f 753 	9606 	9629
f 9606 	9562 	9630
f 182 	9621 	9631
f 9617 	9572 	9638
f 202 	182 	9631
f 9640 	9631 	9508
f 9508 	9517 	9640
f 9593 	9639 	9572
f 9641 	9617 	9639
f 9517 	3732 	9640
f 9640 	3736 	216
f 9639 	9617 	9638
f 3732 	3736 	9640
f 9641 	752 	1289
f 9639 	9593 	9641
f 753 	9641 	9593
f 753 	752 	9641
f 9257 	9260 	9642
f 10 	9647 	9644
f 9643 	9260 	9645
f 9272 	9646 	9260
f 9646 	9645 	9260
f 9646 	9650 	9645
f 9272 	9288 	9646
f 9260 	9643 	9642
f 9645 	9648 	9643
f 9644 	6380 	10
f 9646 	9288 	9290
f 113 	9643 	9648
f 9649 	13 	9648
f 13 	113 	9648
f 15 	1 	9649
f 9648 	9645 	9650
f 9650 	9651 	9649
f 9651 	25 	9649
f 6463 	6451 	9652
f 6524 	7 	6569
f 9650 	9649 	9648
f 25 	15 	9649
f 6524 	9656 	7
f 9653 	9646 	9290
f 6507 	6463 	9654
f 9656 	58 	7
f 9646 	9653 	9650
f 9653 	29 	9650
f 9653 	9290 	9420
f 6522 	6507 	9654
f 33 	9653 	9420
f 33 	29 	9653
f 9655 	9654 	9652
f 6463 	9652 	9654
f 13 	9649 	14
f 9649 	1 	14
f 7794 	296 	7831
f 7831 	296 	344
f 9659 	9662 	7830
f 9658 	7830 	9662
f 7830 	9658 	7741
f 6380 	6382 	9658
f 6380 	9658 	9657
f 10 	6380 	9657
f 9660 	9659 	7831
f 9662 	9659 	9660
f 9661 	9657 	9662
f 9657 	9658 	9662
f 10 	22 	9647
f 9663 	9647 	22
f 9663 	9666 	9655
f 9663 	9655 	9652
f 9663 	9652 	9644
f 9647 	9663 	9644
f 9661 	9662 	21
f 21 	9662 	353
f 21 	365 	663
f 21 	353 	365
f 21 	22 	9661
f 7831 	344 	9660
f 9662 	9660 	344
f 22 	23 	9664
f 9662 	344 	353
f 9664 	9663 	22
f 9667 	59 	58
f 9667 	58 	9656
f 9669 	9667 	9665
f 262 	245 	9668
f 9673 	260 	9668
f 260 	262 	9668
f 9673 	9668 	83
f 9666 	9663 	9664
f 9666 	9665 	9654
f 9654 	9655 	9666
f 63 	64 	9668
f 9654 	9667 	9656
f 9667 	9654 	9665
f 64 	83 	9668
f 9667 	9669 	69
f 72 	73 	9670
f 23 	72 	9672
f 76 	69 	9669
f 9669 	9671 	76
f 9670 	73 	9671
f 9672 	72 	9670
f 9670 	9671 	9669
f 9666 	9669 	9665
f 9673 	83 	664
f 23 	9672 	9664
f 9669 	9666 	9672
f 9666 	9664 	9672
f 9669 	9672 	9670
f 260 	9673 	747
f 738 	747 	9673
f 9673 	438 	738
f 484 	438 	9673
f 9673 	664 	484
f 58 	287 	7
# 19712 faces

 #end of obj_0

