# Object Export From Tinkercad Server 2015

mtllib obj.mtl

o obj_0
v -13.6775 		12.288 		56
v -13.6323 		12.288 		55.4
v -13.6458 		12.2773 		55.4
v -14.131 		11.987 		57
v -6.11 		-5.536 		56.974
v -5.714 		-5.328 		57
v -14.106 		11.386 		56.6
v -14.106 		11.386 		56
v -12.8886 		12.288 		56
v -4.5 		16.875 		26
v -4.5 		17.5 		26
v -14.336 		10.9629 		56
v -13.765 		11.386 		56
v -12.5476 		12.288 		56
v -4.5 		16.5 		26
v -4.5 		16.875 		25
v -6.085 		-5.6 		56.974
v -14.336 		10.8308 		56
v -12.5476 		12.288 		55.4
v -13.765 		11.386 		55.4
v -14.336 		10.9629 		55.4
v -6.017 		-5.713 		56.974
v -4.5 		17.5 		25
v -14.336 		11.7294 		55.4
v -5.951 		-5.78 		56.974
v -14.336 		10.8308 		55.4
v -14.336 		10.24 		55.4
v -4.5 		16.5 		25
v -5.742 		-5.87 		56.974
v -6.703 		16.731 		25
v -5.63 		-5.861 		56.974
v -12.288 		12.288 		55.296
v -4 		-22.5 		24.0184
v -3.7456 		-22.5 		24.576
v -14.336 		11.7231 		55.296
v -8.192 		17.0703 		25
v -14.336 		10.24 		55.296
v -6.784 		17.35 		25
v -12.288 		10.24 		55.296
v -5.452 		-5.76 		56.974
v -4.2544 		-22.5 		24.576
v -6.703 		16.731 		26
v -3.7456 		22.5 		24.576
v -4 		22.5 		24.0184
v -6.784 		17.35 		26
v -8.192 		17.0703 		26
v -4.2544 		22.5 		24.576
v 2.5 		13.222 		57
v 0.74 		14.206 		57
v -8.192 		22.1568 		25
v -8.192 		22.1568 		26
v 5.607 		10.521 		57
v -14.495 		11.325 		53.395
v 4.131 		11.987 		57
v -10.323 		21.733 		26
v -13.11 		20.787 		26
v -15.75 		19.486 		26
v -16.384 		19.0034 		26
v 6.9 		8.849 		57
v -16.384 		16.384 		26
v -11.6465 		16.384 		26
v -9.029 		16.904 		26
v -14.605 		11.473 		54.693
v -10.323 		21.733 		25
v -15.607 		10.521 		56
v -14.9522 		11.1714 		56
v -13.11 		20.787 		25
v -15.607 		10.521 		57
v -15.75 		19.486 		25
v -6.202 		-5.071 		56.955
v -16.384 		19.0624 		25
v -14.642 		11.523 		56
v -6.902 		-4.816 		56.772
v -9.029 		16.904 		25
v -11.6465 		16.384 		25
v -16.384 		16.384 		25
v -6.541 		-4.13 		56.772
v -16.384 		18.8535 		25
v 0.625 		9.542 		57
v -1.563 		22.307 		24.576
v -1.6261 		22.3112 		24.576
v -1.5493 		22.3043 		24.576
v -0.1773 		22.1812 		24.576
v -1.5449 		22.3034 		24.576
v 1.849 		8.615 		57
v -1.6468 		22.3125 		24.576
v -7.437 		22.307 		24.576
v -8.192 		22.1568 		24.576
v -8.192 		22.0802 		24.576
v -7.8239 		22.1811 		24.576
v -7.0716 		-4.3591 		56.6
v 8.858 		5.006 		57
v -7.8216 		22.1815 		24.576
v -14.4244 		11.6956 		56
v -7.8227 		22.1812 		24.576
v -4.5 		22.5 		24.576
v -4.3642 		22.4911 		24.576
v 9.489 		2.9 		57
v -4.3585 		22.4907 		24.576
v -12.288 		21.0475 		24.576
v -12.1539 		21.1115 		24.576
v -10.323 		21.733 		24.576
v -7.2132 		-4.6282 		56.6
v -10.4569 		21.6875 		24.576
v -10.2058 		21.7563 		24.576
v -8.192 		16.384 		24.576
v -8.192 		16.4346 		24.576
v -8.446 		16.384 		24.576
v -15.75 		19.486 		24.576
v 9.872 		0.719 		57
v -16.384 		19.0624 		24.576
v 7.99 		7 		57
v -16.384 		18.7899 		24.576
v -13.11 		20.787 		24.576
v -15.36 		10.24 		55.4
v -15.36 		10.24 		55.296
v -12.288 		9.216 		56
v -16.384 		18.5235 		24.576
v -15.0135 		19.5053 		24.576
v 4.743 		4.875 		57
v -12.288 		9.216 		55.4
v 5.082 		4.096 		57
v -15.0056 		19.5095 		24.576
v 2.955 		7.516 		57
v 3.925 		6.262 		57
v -15.0075 		19.5081 		24.576
v -12.288 		8.192 		55.4
v -12.288 		9.216 		55.296
v -12.288 		20.8063 		24.576
v -12.288 		8.192 		55.296
v -4 		22.414 		21.908
v -8.0608 		-4.5291 		56
v -0.194 		22.074 		21.908
v -15.36 		9.8352 		56
v -15.207 		9.984 		56
v -4 		22.5 		24
v -8.0704 		-4.6209 		56
v -8.1187 		-4.9261 		56
v -15.36 		9.7904 		56
v -4 		22.4992 		24
v -15.207 		9.984 		55.4
v -15.36 		9.8352 		55.4
v -8.1295 		-5.0447 		56
v -15.36 		9.7904 		55.4
v -15.36 		9.216 		55.4
v -2.6204 		22.3765 		24
v -8.1748 		-4.4904 		55.8658
v -1.563 		22.307 		24
v -8.0999 		-4.2017 		55.8452
v -1.3327 		22.2612 		24
v -15.36 		9.216 		55.296
v -16.1831 		9.776 		56
v -0.18 		22.158 		24
v -1.3307 		22.2608 		24
v -0.1809 		22.1581 		24
v -2.6406 		22.3778 		24
v 4.096 		4.096 		57
v -15.548 		9.984 		56.6
v -15.548 		9.984 		56
v 10 		-1.5 		57
v -16.384 		9.216 		55.4
v 9.872 		-3.719 		57
v -16.384 		9.216 		55.296
v 9.489 		-5.9 		57
v -7.806 		22.074 		21.908
v -16.384 		8.9264 		56.32
v -16.384 		8.9264 		56
v -8.192 		22.0561 		24
v -8.192 		22.1568 		24
v -7.437 		22.307 		24
v -7.82 		22.158 		24
v 8.858 		-8.006 		57
v -7.8191 		22.1581 		24
v -16.384 		8.192 		55.296
v -16.316 		9.261 		53.395
v -7.8191 		22.1581 		24
v -4.5 		22.5 		24
v -4.2116 		22.481 		24
v 4.556 		-8.192 		57
v 4.096 		-8.192 		57
v -4.2071 		22.4808 		24
v -15.414 		8.404 		49.661
v -13.739 		10.303 		49.661
v -8.192 		16.4346 		24
v -8.192 		16.384 		24
v 21.634 		1.768 		5.974
v 20.794 		0.647 		4.84
v -7.69 		21.403 		17.788
v 20.699 		1.25 		5.071
v 21.833 		1.25 		5.63
v 21.957 		0.647 		5.414
v -4 		21.733 		17.788
v -15.798 		8.768 		50.87
v 23.036 		0.647 		6.134
v -0.31 		21.403 		17.788
v -14.06 		10.737 		50.87
v -7.762 		21.821 		19.832
v 20.827 		0 		4.761
v -4 		22.158 		19.832
v -16.099 		9.055 		52.118
v -14.313 		11.079 		52.118
v 22 		0 		5.34
v -8.191 		-4.6819 		55.8702
v -0.238 		21.821 		19.832
v 23.088 		0 		6.067
v 19.005 		2.165 		8.094
v 7.99 		-10 		57
v -12.288 		8.192 		53.248
v -6.242 		-5.327 		56.955
v -16.384 		8.192 		53.248
v -11.5858 		21.3044 		24
v -12.288 		20.9693 		24
v 20.025 		2.415 		7.867
v -11.496 		21.063 		21.908
v -6.223 		-17.968 		52.528
v -10.323 		21.733 		24
v -6.2839 		-17.9299 		52.661
v -6.3316 		-17.927 		52.6686
v 6.9 		-11.849 		57
v 3.925 		-9.262 		57
v -6.3608 		-17.9362 		52.7166
v 3.1685 		-10.24 		57
v 0 		-12.288 		57
v 0.9604 		-12.288 		57
v 0 		-10.24 		57
v -5.6822 		4.0982 		55.4
v -5.9712 		4.1901 		55.4
v 5.607 		-13.521 		57
v 17.816 		2.165 		7.804
v -7.3159 		-5.7317 		56.6
v -7.3154 		-5.7394 		56.6
v 4.131 		-14.987 		57
v -7.3172 		-5.7234 		56.6
v 0.625 		-12.542 		57
v -6.3906 		-17.9332 		52.7163
v 2.5 		-16.222 		57
v -9.2266 		21.9511 		24
v -11.5761 		21.3076 		24
v -6.444 		-18.097 		52.586
v 0.74 		-17.206 		57
v -1.118 		14.921 		57
v -8.1435 		-5.328 		56
v -8.0853 		-5.8894 		56
v -8.0608 		-6.1261 		56
v -3.042 		15.355 		57
v -11.524 		21.143 		24
v -8.446 		16.384 		24
v -6.527 		-18.108 		52.54
v -5 		15.5 		57
v -6.527 		-18.099 		52.392
v -12.288 		20.7801 		24
v -15.75 		19.486 		24
v -6.958 		15.355 		57
v -6.493 		-17.996 		52.238
v -14.958 		19.411 		21.908
v -4.886 		-6.526 		56.772
v -6.284 		-17.99 		52.351
v -16.384 		18.7036 		24
v -0.695 		10.28 		57
v -3.532 		11.141 		57
v -4.4922 		-6.619 		56.6
v -2.088 		10.816 		57
v -13.11 		20.787 		24
v -5 		11.25 		57
v -7.912 		10.816 		57
v -6.468 		11.141 		57
v -8.882 		14.921 		57
v -16.384 		18.4946 		24
v -15 		19.486 		24
v -14.9953 		19.4883 		24
v -6.2413 		-17.9529 		52.736
v -14.9953 		19.4882 		24
v -6.086 		-6.286 		56.898
v -10.74 		14.206 		57
v -5.246 		-6.216 		56.898
v -12.5 		13.222 		57
v -9.305 		10.28 		57
v -5.658 		-6.394 		56.898
v -10.625 		9.542 		57
v -5.469 		-6.89 		56.772
v -14.625 		18.822 		17.788
v -11.849 		8.615 		57
v -11.268 		20.423 		17.788
v -14.833 		19.189 		19.832
v -11.41 		20.822 		19.832
v 16.553 		2.415 		7.176
v 17.895 		2.415 		7.206
v -12.288 		8.1788 		57
v -15.082 		4.096 		57
v -12.288 		4.096 		57
v -4.9868 		-7.1873 		56.6
v -4.9935 		-7.1915 		56.6
v -15.394 		3.379 		57
v -16.154 		0.164 		57
v -15.867 		1.8 		57
v -16.9 		8.849 		57
v -0.3796 		16.384 		25
v -0.3796 		16.384 		24.576
v -0.554 		16.384 		24.576
v -0.554 		16.384 		25
v -17.99 		7 		57
v -4.7889 		-8.1624 		56
v -6.442 		-17.874 		52.178
v -6.434 		-17.872 		52.179
v -6.441 		-17.874 		52.178
v -18.858 		5.006 		57
v -4.6311 		-8.0196 		56
v -4.3125 		-7.8418 		56
v -6.354 		-17.907 		52.221
v -19.489 		2.9 		57
v -4.1632 		-7.6965 		56
v -0.132 		16.3 		24.576
v -0.132 		16.3 		25
v 0 		16.384 		25
v 0 		16.2552 		25
v -2.346 		16.359 		25
v -0.23 		15.938 		25
v -19.872 		0.719 		57
v -0.132 		16.3 		26
v -6.441 		-17.877 		52.179
v -16.25 		-1.5 		57
v -0.23 		15.938 		26
v -2.346 		16.359 		26
v -16.154 		-3.164 		57
v -6.442 		-17.875 		52.178
v -15.4644 		-6.144 		57
v -15.867 		-4.8 		57
v -16.384 		-6.144 		57
v -6.442 		-17.876 		52.179
v -14.5561 		-8.192 		57
v -14.743 		-7.875 		57
v -5.817 		-7.3991 		56.6
v -15.394 		-6.379 		57
v -14.8509 		-8.192 		57
v -0.695 		-13.279 		57
v -2.088 		-13.816 		57
v -6.654 		16.359 		25
v -3.532 		-14.141 		57
v -6.748 		-6.205 		56.772
v -6.654 		16.359 		26
v -0.894 		10.091 		28
v -5 		-14.25 		57
v -2.434 		10.397 		28
v -4 		10.5 		28
v -6.9437 		-6.6943 		56.6
v -6.468 		-14.141 		57
v -7.912 		-13.816 		57
v -6.9403 		-6.6972 		56.6
v -6.6214 		-7.0538 		56.6
v -11.849 		-11.615 		57
v -5.566 		10.397 		28
v -7.106 		10.091 		28
v -13.1685 		-10.24 		57
v -12.288 		-10.24 		57
v -12.288 		-8.192 		57
v -16.384 		-8.192 		57
v -12.955 		-10.516 		57
v -10.24 		15.8346 		25
v -10.24 		15.8346 		24.576
v -8.868 		16.3 		24.576
v -8.868 		16.3 		25
v -9.305 		-13.279 		57
v -10.24 		16.0269 		25
v -10.24 		16.0269 		24.576
v -10.625 		-12.542 		57
v -8.771 		15.938 		25
v -8.868 		16.3 		26
v -6.6012 		4.3451 		55.4
v -6.3378 		4.2933 		55.4
v -6.1658 		4.2601 		55.4
v -8.771 		15.938 		26
v -6.4198 		4.2684 		55.4
v -6.1523 		-17.8297 		52.2102
v -10.958 		15.591 		25
v -11.197 		16.168 		25
v -15.607 		-13.521 		57
v -10.814 		15.244 		25
v -10.958 		15.591 		26
v -11.197 		16.168 		26
v -14.131 		-14.987 		57
v -10.814 		15.244 		26
v -12.5 		-16.222 		57
v -7.694 		4.0987 		55.4
v -7.5707 		4.1832 		55.4
v -6.483 		-17.971 		52.221
v -7.4624 		4.2219 		55.4
v -1.118 		-17.921 		57
v -6.714 		4.3472 		55.4
v -7.0899 		4.3037 		55.4
v -6.8265 		4.3451 		55.4
v -3.042 		-18.355 		57
v -7.2371 		4.2457 		55.4
v -12.938 		14.614 		25
v -13.25 		15.155 		25
v -7.069 		4.105 		55.663
v -12.938 		14.614 		26
v -6.714 		4.286 		55.5
v -6.428 		-17.931 		52.204
v -13.25 		15.155 		26
v -6.958 		-18.355 		57
v -5 		-18.5 		57
v -14.773 		13.388 		24.576
v -14.773 		13.388 		25
v -8.882 		-17.921 		57
v -16.384 		12.3117 		25
v -16.384 		12.3117 		24.576
v -16.384 		12.8039 		25
v -15.153 		13.884 		25
v -10.74 		-17.206 		57
v -7.45 		4.163 		55.5
v -14.545 		13.09 		25
v -12.75 		14.289 		25
v -6.202 		-18.158 		51.788
v -14.773 		13.388 		26
v -15.153 		13.884 		26
v -16.384 		12.8039 		26
v -20 		-1.5 		57
v -12.75 		14.289 		26
v -14.545 		13.09 		26
v -19.872 		-3.719 		57
v -19.489 		-5.9 		57
v -8.592 		9.587 		28
v -10 		8.892 		28
v -18.858 		-8.006 		57
v -16.384 		11.9741 		25
v -16.384 		11.9741 		24.576
v -0.6822 		3.0982 		55.4
v -17.99 		-10 		57
v -16.167 		11.667 		25
v -1.3378 		3.2933 		55.4
v -1.1658 		3.2601 		55.4
v -1.6012 		3.3451 		55.4
v -16.167 		11.667 		26
v -16.9 		-11.849 		57
v 0.111 		14.414 		54.693
v -7.7728 		-0.4285 		39.6453
v 16.511 		2.5 		6.532
v -7.7744 		-0.4327 		39.6447
v -7.7753 		-0.435 		39.6444
v -7.6755 		-0.179 		39.679
v -7.179 		-6.2475 		56.6
v -6.704 		-18.196 		51.78
v 0 		14.511 		55.933
v 0.13 		14.475 		56
v 0 		14.5145 		56
v 0 		14.4838 		55.4
v 0.3681 		14.3491 		56
v 0.3929 		14.336 		56
v 0.3205 		14.336 		55.296
v 0 		14.4908 		56
v 0 		14.336 		55.4
v 0 		14.336 		56
v 2.5 		13.222 		56
v 2.4849 		13.1918 		55.296
v -7.8901 		-6.65 		56
v 2.5043 		13.2197 		56
v -7.8182 		-6.8706 		56
v 2.4869 		13.1908 		55.296
v 2.5313 		13.1983 		56
v 3.4732 		12.408 		55.296
v -1.609 		1.616 		28.672
v -1.017 		1.024 		28.672
v -7.7918 		-0.4774 		39.62
v -8.1748 		-6.1651 		55.8658
v -2.267 		2.015 		28.672
v 2.148 		12.567 		56.6
v -2.984 		2.294 		28.672
v -2.3518 		2.048 		28.672
v -7.9645 		-6.9779 		55.808
v -8.0999 		-6.4543 		55.8452
v -3.7583 		2.4119 		28.672
v -3.7014 		2.4045 		28.672
v -7.6737 		-0.1743 		39.6775
v 2.148 		12.567 		56
v -7.794 		-0.483 		39.6168
v -7.839 		-0.7164 		39.5338
v -7.7978 		-0.5078 		39.609
v -7.8409 		-0.7259 		39.5303
v -7.8409 		-0.726 		39.5303
v 2.489 		12.567 		56
v -7.843 		-0.7371 		39.5209
v -7.895 		-1.0021 		39.2965
v 2.489 		12.567 		55.4
v -7.8829 		-7.154 		55.7856
v -1.4198 		3.2684 		55.4
v 2.048 		12.288 		55.296
v 2.386 		12.999 		53.395
v -6.24 		-7.2923 		56.6
v -1.714 		3.3472 		55.4
v -6.2321 		-7.2943 		56.6
v -1.8265 		3.3451 		55.4
v -0.9712 		3.1901 		55.4
v 2.472 		13.166 		54.693
v -1.714 		3.286 		55.5
v -7.8964 		-1.024 		39.2811
v -7.8964 		-1.024 		39.936
v -25.473 		-3.914 		50.567
v -7.0776 		-7.8547 		56
v -6.9284 		-8 		56
v -7.3937 		-0.0382 		39.8885
v -7.445 		-0.179 		39.935
v -6.743 		-0.5 		39.303
v -7.3694 		-1.024 		39.8664
v -7.3266 		-1.024 		39.828
v -6.8077 		-8.0893 		56
v -7.0846 		-1.024 		39.6104
v -25.782 		-3.5 		49.75
v 0.428 		13.507 		56.6
v -6.935 		-1.024 		39.4757
v -6.6753 		-8.1463 		56
v -25.729 		-3.5 		50.602
v -7.4461 		-0.1865 		39.936
v -7.4461 		-0.182 		39.936
v -7.4463 		-0.4382 		39.936
v 0.74 		14.206 		56
v -7.4322 		-0.824 		39.9225
v -6.7177 		-1.024 		39.2799
v -7.3697 		-1.024 		39.8661
v 0.428 		13.507 		56
v -7.447 		-0.6208 		39.936
v -7.3952 		-0.0425 		39.8899
v -7.4417 		-0.1693 		39.9316
v -7.4452 		-0.179 		39.9348
v 0.769 		13.507 		56
v -7.4452 		-0.179 		39.9348
v -0.228 		2.1303 		56
v -7.4466 		-0.1828 		39.936
v -7.4465 		-0.0008 		39.936
v 0.769 		13.507 		55.4
v -7.5467 		-7.3202 		56
v -7.4323 		-7.5096 		56
v -0.5377 		2.3574 		56
v -0.6988 		2.4699 		56
v -7.4472 		-0.8311 		39.936
v -7.4474 		-1.024 		39.936
v -0.8726 		2.5613 		56
v 1.2132 		13.8641 		55.296
v -7.4466 		-0.1885 		39.936
v -7.5349 		-8.1748 		55.4
v 0 		12.288 		55.296
v 16.468 		2.415 		5.888
v -7.6188 		-8.0648 		55.4
v 0.052 		14.232 		53.395
v -7.717 		-7.5116 		55.74
v -7.6283 		-7.7586 		55.685
v -0.0187 		2.6429 		55.4
v 18.063 		2.415 		5.923
v -0.5346 		3.0207 		55.4
v 19.109 		2.415 		6.131
v -0.2791 		2.8264 		55.4
v 18.142 		2.165 		5.325
v -0.126 		2.299 		55.826
v -0.35 		2.67 		55.663
v 2.048 		12.335 		50.87
v -1.008 		3.016 		55.663
v -7.5928 		-7.8239 		55.663
v -7.6169 		-7.7795 		55.678
v 2.244 		12.721 		52.118
v 17 		1.768 		4.732
v -7.4444 		-8.0714 		55.571
v -7.5455 		-8.1356 		55.4258
v 0 		12.288 		53.248
v 2.048 		12.288 		53.248
v 4.131 		11.987 		56
v 4.4238 		11.6962 		56
v 4.642 		11.523 		56
v 4.4244 		11.6956 		56
v 18.21 		1.768 		4.812
v 19.399 		1.768 		5.048
v -4.96 		2.3014 		28.672
v -5.017 		2.294 		28.672
v 4.9522 		11.1714 		56
v 5.607 		10.521 		56
v -5.733 		2.015 		28.672
v -6.391 		1.616 		28.672
v -7.116 		0.891 		28.672
v -7.515 		0.233 		28.672
v -7.6058 		0 		28.672
v 17 		1.25 		4.335
v 18.262 		1.25 		4.418
v -2.048 		1.024 		28.672
v -2.3214 		2.048 		28.672
v 19.502 		1.25 		4.664
v -9.0608 		-0.1261 		56
v -2.048 		0 		28.672
v 5.4751 		10.529 		55.296
v 4.6221 		11.4961 		55.296
v 4.096 		10.24 		55.296
v 4.495 		11.325 		53.395
v -8.8901 		-0.65 		56
v -8.8182 		-0.8706 		56
v 4.605 		11.473 		54.693
v 18.294 		0.647 		4.17
v -2.3214 		2.048 		28
v -2.3518 		2.048 		28
v -9.0735 		-0.1305 		55.9851
v 19.566 		0.647 		4.423
v -8.9734 		-0.4238 		55.9898
v -8.8359 		-0.8836 		55.9768
v -8.9118 		-0.6298 		55.984
v -1.017 		1.024 		28
v 6.1831 		9.776 		56
v 6.144 		9.8203 		56
v 6.491 		9.427 		56
v 6.144 		9.8034 		55.7595
v -1.024 		1.024 		28
v -2.048 		1.024 		28
v 6.1842 		9.7746 		56
v 6.144 		9.8201 		56
v -1.024 		1.024 		27.648
v -2.048 		1.024 		27.648
v 6.6417 		9.183 		56
v 6.9 		8.849 		56
v 7.2538 		8.192 		56
v 19.588 		0 		4.341
v -0.512 		0.512 		28
v -0.6542 		0.512 		28
v -0.884 		0.891 		28
v 7.2535 		8.192 		56
v 6.5643 		8.192 		56.6
v 6.448 		8.385 		56.6
v -1.024 		0.512 		28
v 6.448 		8.385 		56
v 6.5643 		8.192 		56
v -0.512 		0.512 		27.648
v -1.024 		0.512 		27.648
v -0.448 		0.256 		28
v -0.499 		0.256 		28
v 6.9053 		8.192 		56
v -0.512 		0.2775 		28
v 6.789 		8.385 		56
v 6.789 		8.385 		55.4
v -0.512 		0.256 		28
v -0.448 		0.256 		27.968
v -0.512 		0.256 		27.968
v 0 		0 		28
v 17 		0.647 		4.085
v 6.4673 		9.4049 		55.296
v 17 		0 		4
v 7.1589 		8.2852 		55.296
v -8.5467 		-1.3202 		56
v 6.144 		8.192 		55.296
v 6.316 		9.261 		53.395
v -0.448 		0.192 		28
v -0.448 		0.192 		27.968
v 6.447 		9.386 		54.693
v -0.512 		0.192 		28
v -0.4691 		0.192 		28
v -0.485 		0.233 		28
v -8.4323 		-1.5094 		56
v 18.305 		0 		4.086
v -0.512 		0.192 		27.968
v 2.164 		17.319 		10.234
v -8.6156 		-1.2862 		55.9561
v -0.3945 		0 		28
v 2.516 		18.31 		12
v -8.4683 		-1.5549 		55.9422
v 5.526 		16.875 		12
v -8.445 		-1.5806 		55.94
v -8.2622 		-1.8285 		55.8898
v -0.512 		0 		28
v -0.512 		0 		27.648
v 5.184 		9.984 		56.6
v 2.82 		19.162 		13.857
v 5.184 		9.984 		56
v 5.525 		9.984 		56
v 5.525 		9.984 		55.4
v 5.969 		17.66 		13.857
v -2.048 		0 		28
v 4.096 		8.192 		56.6
v -2.048 		0 		27.648
v 4.096 		8.192 		56
v 3.071 		19.868 		15.792
v 4.096 		8.192 		55.4
v -6.372 		-17.5 		51.3213
v -6.1745 		-17.6368 		51.6493
v -6.377 		-17.601 		51.218
v 6.337 		18.31 		15.792
v 4.096 		8.192 		55.296
v -8.445 		-3.072 		55.94
v -6.2657 		-17.5736 		51.4978
v 5.414 		8.404 		49.661
v 5.798 		8.768 		50.87
v 8.816 		15.621 		13.857
v -2.267 		2.015 		28
v 4.313 		11.079 		52.118
v -4.096 		0 		28
v 6.099 		9.055 		52.118
v -6.459 		-18.224 		51.319
v -6.248 		-18.047 		51.532
v -8.192 		0 		28
v -7.6058 		0 		28
v 4.096 		8.192 		53.248
v 4.096 		10.24 		53.248
v -6.3092 		-1.0125 		38.912
v -6.3089 		-0.7879 		38.912
v -6.3089 		-0.5573 		38.912
v -6.309 		-0.3836 		38.912
v 3.742 		11.386 		56.6
v -6.309 		-0.1487 		38.912
v 11.274 		13.108 		13.857
v -7.4895 		-17.5 		51.6319
v -6.309 		-0.3689 		38.912
v -8.0791 		-17.5 		52.118
v 13.268 		10.196 		13.857
v -7.4345 		0 		39.9253
v -7.4465 		0 		39.936
v -7.1 		-18.847 		52.499
v 3.742 		11.386 		56
v 4.083 		11.386 		56
v 4.083 		11.386 		55.4
v -6.813 		-18.564 		52.499
v 9.289 		16.196 		15.792
v -1.0845 		2.6525 		56
v 11.837 		13.591 		15.792
v -1.3038 		2.7077 		56
v -1.3948 		2.7434 		56
v 13.904 		10.572 		15.792
v -16.2184 		-2.048 		56.6
v -16.25 		-1.5 		56.6
v -16.1635 		0 		56.6
v -16.384 		-2.048 		56.6
v -16.384 		0 		56.6
v -16.1828 		0 		56.6
v -16.25 		-1.5 		56
v -16.2184 		-2.048 		56
v -1.5741 		2.7588 		56
v -16.0548 		-2.048 		55.4
v -16.0674 		-1.982 		55.4
v -16.0679 		-1.9811 		55.4
v -16.3569 		-1.5034 		55.4
v -16.359 		-1.5 		55.4
v -1.8078 		2.7501 		56
v -16.384 		-1.3587 		55.296
v -16.3601 		-1.4992 		55.4
v -16.384 		-1.483 		55.4
v -1.6646 		2.7313 		56
v -1.714 		2.7522 		56
v -16.384 		0 		55.4
v -16.384 		-0.324 		55.4
v 8.91 		11.079 		8.573
v -16.384 		-0.3695 		55.4
v -1.373 		2.954 		55.826
v -8.091 		-19.327 		53.067
v -8.054 		-19.362 		52.919
v 10.595 		8.618 		8.573
v -7.957 		-19.333 		52.887
v 9.805 		11.847 		10.234
v 11.607 		9.216 		10.234
v -7.834 		-19.151 		53.137
v -8.15 		-19.268 		53.229
v 8.247 		14.927 		12
v -16.055 		-2.048 		55.4
v -16.384 		-0.8494 		55.4
v -16.384 		-1.024 		55.4
v -16.384 		-1.16 		55.4
v -16.384 		-1.1605 		55.4
v -16.384 		-1.4587 		55.4
v 10.595 		12.525 		12
v -16.384 		-1.4587 		55.4
v -16.384 		-1.4671 		55.4
v -16.384 		-1.4679 		55.4
v -7.731 		-19.138 		53.022
v -7.45 		-19.046 		52.893
v 12.5 		9.743 		12
v -16.384 		-1.4822 		55.4
v -16.384 		-2.048 		55.4
v -16.278 		-1.982 		55.546
v -16.384 		-1.982 		55.6003
v -16.384 		-2.048 		55.6085
v -16.2744 		-2.048 		55.5524
v -16.1843 		-2.048 		55.4898
v -16.384 		-1.5 		55.4128
v -16.384 		-1.9195 		55.5759
v -11.305 		8.02 		28
v -16.384 		-1.4992 		55.4122
v -16.384 		-1.4876 		55.4039
v -15.577 		-1.982 		55.06
v -12.485 		6.985 		28
v -13.52 		5.805 		28
v -14.943 		-1.982 		54.482
v -14.392 		4.5 		28
v 1.764 		16.196 		8.573
v -7.909 		-19.351 		52.31
v 4.427 		14.927 		8.573
v -15.676 		-1.5 		54.926
v -15.058 		-1.5 		54.363
v 6.833 		13.204 		8.573
v -15.087 		3.092 		28
v -16.16 		-1.086 		54.94
v -7.587 		-19.129 		52.696
v -15.591 		1.606 		28
v 5.011 		15.962 		10.234
v -15.5023 		0.014 		28.3096
v -15.8845 		0.1289 		28
v 7.584 		14.119 		10.234
v -6.92 		-18.474 		51.723
v -7.149 		-18.5 		51.422
v -14.387 		-1.982 		53.824
v -7.122 		-18.82 		52.105
v -14.516 		-1.5 		53.722
v 14.736 		6.974 		13.857
v 2.048 		10.24 		55.296
v -25.945 		-3.018 		49.75
v 15.427 		7.231 		15.792
v 2.048 		10.24 		53.248
v -15.24 		-1.086 		54.174
v -25.89 		-3.018 		50.624
v 0 		10.24 		56
v -6.694 		-18.498 		51.387
v 0 		10.24 		55.4
v 0 		10.24 		55.296
v -26 		-2.5 		49.75
v 0 		10.24 		53.248
v -15.758 		-0.768 		54.181
v 2.048 		8.4173 		56.6
v 2.2747 		8.192 		56.6
v -7.032 		-18.637 		51.234
v -14.988 		-0.768 		53.346
v -25.944 		-2.5 		50.631
v 2.4321 		8.192 		56.6
v 2.2747 		8.192 		56
v 2.048 		8.4173 		56
v 2.4321 		8.192 		56
v 2.7868 		8.192 		56
v 2.048 		9.216 		56
v -17.66 		16.649 		17.788
v 2.048 		8.192 		55.4
v 2.048 		9.216 		55.4
v 2.048 		9.216 		55.296
v -24.75 		-4.432 		50.468
v 2.048 		8.192 		56
v 2.048 		8.192 		53.248
v -19.8696 		16.384 		24.576
v 0 		9.8914 		56.6
v 0.625 		9.542 		56.6
v 1.0554 		9.216 		56.6
v -17.927 		16.974 		19.832
v -7.502 		-18.957 		51.723
v -18.197 		17.851 		24
v 1.0554 		9.216 		56
v 0 		9.8914 		56
v 0 		9.216 		56
v -25.163 		-4.232 		49.365
v 0 		9.216 		55.4
v 0 		9.216 		56.6
v -18.197 		17.851 		26
v 0 		9.216 		55.296
v -7.947 		-19.149 		51.745
v -25.139 		-4.232 		50.521
v 1.849 		8.615 		56.6
v -8.066 		-19.14 		51.654
v -24.755 		-4.232 		52.01
v -7.906 		-18.957 		51.364
v -19.8696 		16.384 		25
v 1.849 		8.615 		56
v -19.212 		16.384 		24
v -18.088 		17.17 		21.908
v -7.45 		-19.046 		52.105
v -7.697 		-19.163 		52.089
v 1.797 		11.843 		49.661
v -7.4473 		-0.7759 		39.936
v -7.4476 		-0.7754 		39.936
v 3.739 		10.303 		49.661
v 15.636 		3.541 		13.857
v -7.6058 		0 		39.6247
v 15.939 		0 		13.857
v 4.06 		10.737 		50.87
v 16.359 		3.672 		15.792
v 7.2191 		8.192 		55.3471
v 7.2851 		8.192 		56.6
v 6.144 		8.192 		53.248
v -6.551 		-1.024 		39.1299
v -6.3087 		-1.024 		38.912
v -7.588 		-18.81 		51.364
v -7.8983 		-1.054 		39.2601
v 11.837 		5.895 		8.573
v -7.911 		-1.25 		38.9889
v -7.9131 		-1.2834 		38.912
v 8.192 		6.144 		54.085
v -7.9269 		-1.4986 		39.936
v 8.192 		6.536 		56
v 8.192 		6.509 		56
v 12.935 		6.304 		10.234
v 8.192 		6.536 		56.2333
v 8.192 		6.4276 		55.296
v 8.192 		6.4396 		55.4
v 8.192 		6.536 		56.2357
v 8.192 		6.536 		56.32
v 8.192 		6.536 		56.6
v 13.904 		6.665 		12
v 8.192 		6.144 		55.4
v 8.192 		6.144 		55.296
v 8.3087 		6.144 		55.296
v 8.192 		6.144 		56
v -7.9263 		-1.5054 		39.936
v 8.3421 		6.144 		56
v 8.7634 		5.12 		56
v -7.8856 		-2.048 		38.912
v -7.8871 		-2.048 		39.1667
v -7.8935 		-2.0157 		39.936
v 8.8084 		5.12 		56.6
v 8.8084 		5.12 		56.32
v 8.7445 		5.12 		55.6031
v 8.4734 		5.7435 		55.296
v -7.8871 		-2.048 		39.936
v -7.232 		-1.25 		39.743
v -7.36 		-1.054 		39.858
v -7.277 		-1.319 		39.7835
v 8.7634 		5.12 		56
v -7.1693 		-1.6632 		39.6864
v -7.071 		-1.395 		39.598
v -7.0491 		-2.048 		39.5778
v 8.5767 		5.12 		56
v 8.52 		5.12 		56
v 8.192 		5.8573 		56
v -6.6684 		-2.048 		39.2346
v 14.763 		3.384 		12
v -6.695 		-1.496 		39.259
v 8.7786 		5.12 		56.32
v -5 		-16.907 		49.661
v -7.3603 		-1.054 		39.8576
v -7.0495 		-2.048 		39.5773
v 8.2357 		5.12 		56.32
v -5 		-17.475 		50.87
v 8.2357 		5.12 		56.6
v 15.053 		0 		12
v 8.192 		5.12 		56.32
v 8.192 		5.12 		56
v 8.7349 		5.12 		55.4
v -6.418 		-1.387 		39.01
v 8.5767 		5.12 		55.4
v 8.858 		5.006 		56.6
v -6.3096 		-2.048 		38.912
v -7.4484 		-2.048 		39.936
v 8.361 		4.711 		56.6
v 13.875 		2.165 		8.587
v 8.192 		5.0908 		56.6
v 8.361 		4.711 		56.32
v 8.192 		5.0908 		56.32
v 8.945 		4.7156 		56.32
v 8.858 		5.006 		56.32
v 9.1608 		4.096 		56.32
v 9.108 		4.3194 		56.32
v 8.9451 		4.7152 		56.32
v 9.1306 		4.096 		56.32
v -7.448 		-17.232 		50.87
v 8.858 		5.006 		56
v 8.9858 		4.5794 		56
v 9.095 		4.314 		56
v 8.9858 		4.5793 		56
v -6.894 		-18.149 		50.737
v 9.0707 		4.3039 		55.4
v -7.8914 		-2.048 		39.936
v -7.8871 		-2.048 		40
v -7.8918 		-2.048 		40
v 9.1198 		4.096 		55.4
v -6.626 		-17.833 		50.877
v 12.597 		2.993 		8.573
v 9.1306 		4.096 		56
v 8.702 		4.711 		56
v 8.8904 		4.096 		56
v -6.73 		-17.5 		50.831
v -5.992 		-4.096 		40
v -6.465 		-17.5 		51.151
v -6.736 		-18.384 		51.135
v 8.8904 		4.096 		55.4
v 8.702 		4.711 		55.4
v -16.8537 		18.6672 		26
v -17.457 		17.9354 		24
v -7.16 		-18.349 		50.689
v -7.203 		-2.137 		40
v -7.024 		-2.752 		40
v -16.384 		-8.192 		55.296
v -16.384 		-8.192 		55.4
v -18.1786 		-8.192 		55.4
v -18.2424 		-8.192 		55.4
v -18.432 		-8.192 		55.4
v -18.432 		-8.192 		55.296
v -6.715 		-3.314 		40
v -18.2424 		-8.192 		56
v -18.1786 		-8.192 		56
v -19.0866 		16.384 		26
v -18.3125 		-9.216 		56
v -18.9743 		16.384 		24
v -18.141 		17.236 		24
v -6.314 		-3.814 		40
v -18.432 		-8.8562 		55.4
v -18.284 		-9.216 		55.4
v -19.0304 		16.384 		25
v -16.384 		-8.192 		56.6
v -7.401 		-3.464 		40
v -7.4413 		-3.3709 		38.912
v -18.0642 		-9.216 		56.32
v -18.0642 		-9.216 		56
v -7.3094 		-3.5684 		38.912
v -6.144 		0 		38.912
v -6.144 		-1.024 		38.912
v -16.384 		-8.192 		56
v -19.3099 		16.384 		24.576
v -6.309 		0 		38.912
v -17.408 		-9.216 		55.4
v -18.3278 		-9.216 		56.32
v -18.2791 		-9.216 		55.296
v -17.408 		-9.216 		55.296
v -16.972 		12.288 		26
v -16.874 		12.374 		26
v -17.408 		-10.24 		55.4
v -20.41 		15.91 		26
v -22.351 		13.697 		26
v -23.2924 		12.288 		26
v -16.384 		-10.24 		55.4
v -20.41 		15.91 		25
v -17.408 		-10.24 		55.296
v -22.351 		13.697 		25
v -23.2924 		12.288 		25
v -7.8849 		-2.0587 		38.912
v -7.794 		-2.517 		38.912
v -7.7687 		-2.5819 		38.912
v -7.0503 		-3.9567 		38.912
v -6.911 		-4.096 		38.912
v -17.877 		-9.637 		56.6
v -16.874 		12.374 		25
v -16.972 		12.288 		25
v -6.144 		-1.024 		38.7633
v -6.144 		-0.8972 		38.7634
v 13.195 		2.165 		9.042
v -6.078 		-0.941 		38.704
v -18.2671 		-9.3635 		56.32
v -17.99 		-10 		56.32
v -6.144 		-0.579 		38.7635
v -6.008 		-0.597 		38.641
v -17.8485 		-10.24 		56.32
v -6.016 		-0.305 		38.648
v -6.144 		-0.3393 		38.7633
v -6.144 		-0.1028 		38.7634
v -6.078 		-0.059 		38.704
v -17.877 		-9.637 		56.32
v -6.144 		-0.0152 		38.7634
v -17.6089 		-10.24 		56.32
v -17.99 		-10 		56
v -17.91 		10.24 		25
v -17.91 		10.24 		24.576
v -17.888 		10.273 		24.576
v -17.888 		10.273 		25
v -6.959 		-17.5 		50.615
v 12.6324 		2.4389 		8.5587
v 12.6446 		2.4363 		8.573
v -17.917 		10.24 		25
v -17.917 		10.24 		24.576
v -17.8485 		-10.24 		56.1293
v -16.432 		11.932 		25
v -17.8417 		-10.24 		56
v -6.979 		-17.719 		50.541
v -18.384 		10.653 		25
v -17.888 		10.273 		26
v -16.432 		11.932 		26
v -7.092 		-17.942 		50.481
v -18.384 		10.653 		26
v -2.6946 		3.0987 		55.4
v -2.571 		3.1832 		55.4
v -17.6089 		-10.24 		56
v -17.877 		-9.637 		56
v -2.4625 		3.2219 		55.4
v -19.2354 		8.192 		25
v -19.2354 		8.192 		24.576
v -19.114 		8.438 		24.576
v -19.114 		8.438 		25
v -19.2784 		8.192 		25
v -2.0899 		3.3032 		55.4
v -19.2784 		8.192 		24.576
v -2.2371 		3.2451 		55.4
v -19.655 		8.75 		25
v -2.069 		3.104 		55.663
v -18.789 		8.25 		25
v -18.432 		-8.8442 		55.296
v -17.59 		10.045 		25
v -7.477 		-17.5 		50.301
v -19.114 		8.438 		26
v -19.655 		8.75 		26
v -2.45 		3.163 		55.5
v -7.468 		-17.957 		50.272
v -16.384 		-10.24 		55.296
v -17.59 		10.045 		26
v -18.789 		8.25 		26
v -17.793 		-9.871 		53.395
v -17.941 		-9.968 		54.693
v -7.667 		-18.208 		50.297
v -24.576 		10.0528 		24.576
v -24.576 		10.0528 		26
v -24.576 		8.4836 		24.576
v -25.287 		8.61 		26
v -18.432 		-8.8388 		55.2491
v -7.774 		-18.047 		50.181
v -2.1404 		2.7037 		56
v -20.091 		6.458 		24.576
v -20.091 		6.458 		25
v -20.2459 		6.144 		25
v -20.2459 		6.144 		24.576
v -20.48 		6.144 		25
v -2.2571 		2.6871 		56
v -19.744 		6.314 		25
v -20.091 		6.458 		26
v -8.163 		-17.999 		50.07
v -8.003 		-17.5 		50.114
v -19.744 		6.314 		26
v -2.3895 		2.6301 		56
v -2.6473 		2.5346 		56
v -20.48 		6.144 		24.576
v -17.2093 		-11.264 		56
v -20.48 		5.3113 		25
v -20.48 		5.3113 		24.576
v -20.438 		4.271 		25
v -7.361 		-16.673 		49.661
v -2.7282 		2.4699 		56
v -2.9291 		2.344 		56
v -20.438 		4.271 		26
v -2.8147 		3.047 		55.4
v -20.8 		4.368 		26
v -2.9743 		2.958 		55.4
v -20.668 		6.697 		26
v -21.404 		4.529 		26
v -16.8964 		-11.264 		56.32
v -16.8964 		-11.264 		56
v -20.8 		4.368 		25
v -7.478 		-18.569 		50.758
v -2.388 		2.87 		55.826
v -21.404 		4.529 		25
v -20.668 		6.697 		25
v -17.2263 		-11.264 		56.32
v -2.711 		2.731 		55.826
v -7.628 		-18.792 		51.083
v -18.735 		0.054 		27.224
v -16.812 		-11.404 		56.6
v -7.686 		-18.714 		51.19
v -18.446 		0.395 		26.964
v -16.726 		-12.074 		56.32
v -16.7229 		-12.078 		56.32
v -16.5605 		-12.288 		56.32
v -16.812 		-11.404 		56.32
v -16.384 		-11.9454 		56.32
v -18.166 		0.487 		26.712
v -16.5932 		-12.288 		56.32
v -16.384 		-12.288 		56.32
v -16.6417 		-12.183 		56
v -16.9 		-11.849 		56
v -7.922 		-18.559 		50.547
v -16.5763 		-12.288 		56
v -16.6392 		-12.1863 		56
v -16.5605 		-12.288 		56
v -16.384 		-12.288 		56
v -3.0784 		2.1987 		56
v -16.384 		-11.9454 		56
v -8.976 		-17.21 		56.6
v -17.561 		0.158 		26.167
v -17.88 		0.445 		26.454
v -4.0758 		2.1687 		55.4
v -8.976 		-17.21 		56
v -9.216 		-17.1196 		56
v -9.216 		-16.9912 		56
v -3.5349 		2.5195 		55.4
v -3.4083 		2.6429 		55.4
v -21.231 		2.203 		25
v -3.1479 		2.8264 		55.4
v -21.375 		0 		25
v 9.0664 		4.3022 		55.296
v 8.881 		4.226 		53.395
v -22 		0 		25
v -21.85 		2.284 		25
v 12.4693 		2.5 		8.3707
v 8.192 		5.8139 		53.248
v 8.192 		5.901 		53.395
v -21 		0 		25
v -20.859 		2.154 		25
v -21.375 		0 		26
v -21.231 		2.203 		26
v 9.042 		4.292 		54.693
v -21.85 		2.284 		26
v -22 		0 		26
v 8.192 		6.0471 		53.8096
v -20.859 		2.154 		26
v -21 		0 		26
v -24.576 		8.1621 		24.576
v -26.233 		5.823 		26
v -26.808 		2.937 		26
v -27 		0 		26
v 13.748 		3.201 		10.234
v -8.2569 		-17.408 		55.296
v -9.216 		-17.408 		55.9703
v -9.216 		-17.408 		56
v -9.216 		-16.9912 		55.9689
v -20.41 		15.91 		24.576
v -22.351 		13.697 		24.576
v -22.8409 		12.288 		24.576
v -10.24 		-17.3786 		55.296
v -22.632 		12.288 		24.576
v -21.0378 		14.6171 		24.576
v -23.986 		11.25 		24.576
v -9.5384 		-16.8697 		55.9832
v -10.0818 		-16.665 		55.9035
v -10.1629 		-16.6345 		55.8812
v -26.0232 		0 		24.576
v -25.689 		3.9095 		24.576
v -25.6885 		3.9115 		24.576
v -25.6883 		3.9132 		24.576
v -16.773 		-9.204 		49.661
v -10.24 		-17.408 		55.3423
v -10.2322 		-17.408 		55.296
v -10.24 		-17.408 		55.296
v -8.445 		-17.408 		55.94
v -22.5474 		12.288 		24
v -22.7645 		12.288 		24
v -22.351 		13.697 		24
v -20.41 		15.91 		24
v -8.4868 		-17.408 		55.9439
v -20.9841 		14.5719 		24
v -8.552 		-17.408 		55.94
v -17.207 		-9.487 		50.87
v -20.789 		14.408 		21.908
v -16.384 		-2.048 		56
v -10.1406 		-17.4661 		55.8879
v -10.1284 		-17.4699 		55.8912
v -10.24 		-17.4344 		55.8584
v -6.144 		0 		38.7634
v -8.882 		-17.921 		56
v -9.7074 		-17.6034 		56
v -6.144 		-0.3191 		38.7633
v -3.7422 		2.2476 		55.4
v -20.853 		14.463 		24
v -3.077 		2.67 		55.663
v 8.615 		4.116 		52.118
v -17.548 		-9.71 		52.118
v -3.642 		2.12 		55.663
v -23.986 		11.25 		24
v 9.2063 		3.8437 		56
v 9.389 		3.072 		56
v 9.3888 		3.072 		56
v 9.3332 		3.4201 		56.6
v -24.576 		8.3161 		24
v 9.4155 		3.072 		56.6
v 9.216 		3.072 		56.6
v 8.9107 		3.072 		56.6
v 8.8631 		3.072 		56.6
v -22.98 		11.207 		21.908
v 8.8631 		3.072 		56
v 8.9107 		3.072 		56
v -23.053 		11.25 		24
v -16.447 		-12.386 		54.693
v 9.3574 		3.072 		55.296
v -0.6315 		1.2271 		56.6
v 9.3575 		3.072 		55.296
v 9.216 		3.072 		56
v -0.6364 		1.2342 		56.6
v -0.9883 		1.5328 		56.6
v -16.491 		-12.427 		56
v 9.489 		2.9 		56
v 9.6311 		2.048 		56
v 9.6188 		2.048 		55.7257
v 9.3788 		2.9817 		55.296
v 9.6386 		2.048 		56.1707
v -22.403 		10.867 		17.788
v -20.279 		13.97 		17.788
v 9.631 		2.048 		56
v 9.6386 		2.048 		56.6
v 9.4354 		2.048 		56
v 9.319 		2.697 		56
v -17.99 		-1.5 		48.5
v 9.216 		3.0332 		56
v 9.319 		2.697 		55.4
v -0.0488 		1.8518 		56
v -0.1632 		2.0413 		56
v 9.216 		2.048 		56
v 9.216 		2.048 		56.6
v 8.978 		2.697 		56.6
v 8.978 		2.697 		56
v -1.6091 		1.7443 		56.6
v -1.878 		1.255 		56.772
v -22.763 		11.079 		19.832
v -1.6063 		1.7432 		56.6
v -16.446 		-1.982 		48.436
v -1.5992 		1.7413 		56.6
v -2.0312 		1.7087 		56.6
v -20.597 		14.243 		19.832
v -17.1105 		-1.5 		47.1658
v -17.1922 		-1.982 		47.3209
v -17.1592 		-1.7975 		47.2594
v -17.1402 		-1.6909 		47.2238
v -17.1933 		-2.0314 		47.3273
v -17.1937 		-2.048 		47.3294
v 13.073 		2.165 		9.1491
v -17.287 		-1.5 		47.396
v 12.7336 		2.415 		8.6969
v 12.9441 		2.2541 		8.9768
v -25.287 		8.61 		24
v -1.016 		0.997 		56.772
v -0.588 		0.377 		56.772
v -10.1198 		-17.4421 		55.296
v -0.1911 		0.0894 		56.6
v -0.2385 		0.4475 		56.6
v -0.3853 		0.7464 		56.6
v -10.1407 		-17.4633 		55.8878
v -10.24 		-17.4092 		55.8584
v -23.969 		7.433 		17.788
v -0.1802 		0 		56.6
v -16.384 		-3.072 		56
v -16.384 		-2.7281 		56
v -16.384 		-2.7218 		56
v -24.359 		7.579 		19.832
v 9.6605 		1.9233 		56
v -0.149 		0 		56.6
v -16.0347 		-2.1535 		55.4
v -15.9678 		-2.5 		55.4
v 9.7945 		1.16 		56
v -16.0679 		-3.0189 		55.4
v -16.0674 		-3.018 		55.4
v -16.1001 		-3.072 		55.4
v -1.549 		0.175 		56.974
v -16.0347 		-2.8465 		55.4
v -1.63 		0.205 		56.974
v 9.3277 		1.024 		56.6
v 9.2781 		1.024 		56.6
v -24.576 		8.0706 		24
v -1.658 		0.738 		56.898
v -1.825 		0.198 		56.974
v -27 		0 		24
v -26.808 		2.937 		24
v -26.233 		5.823 		24
v 9.2781 		1.024 		56
v 9.3277 		1.024 		56
v -1.928 		0.144 		56.974
v -25.916 		0 		21.908
v -25.583 		3.892 		21.908
v 9.872 		0.719 		56
v -24.595 		7.666 		21.908
v 9.8411 		0.8948 		56.6
v -17.0713 		-1.4094 		47.1239
v -17.0536 		-1.377 		47.104
v 9.352 		0.612 		56.6
v 9.352 		0.612 		56
v -26 		0 		24
v -25.666 		3.907 		24
v 9.693 		0.612 		56
v 9.693 		0.612 		55.4
v -25.6656 		3.9086 		24
v -25.6656 		3.9086 		24
v 9.7418 		1.4461 		55.296
v 9.847 		0.0841 		55.296
v 9.548 		1.407 		53.395
v 9.716 		1.441 		54.693
v -24.673 		7.696 		24
v -16.3696 		-3.072 		55.5719
v -16.278 		-3.018 		55.546
v -16.2869 		-3.072 		55.5295
v -2.3428 		1.5931 		56.6
v -2.3403 		1.5935 		56.6
v -2.3367 		1.596 		56.6
v -2.3374 		1.5942 		56.6
v -25.25 		0 		17.788
v -24.928 		3.774 		17.788
v -16.384 		-3.072 		55.5792
v -16.384 		-3.072 		55.4
v -2.9398 		1.0445 		56.6
v -15.9905 		-4.096 		56.6
v -16.154 		-3.164 		56.6
v -9.216 		-18.432 		55.296
v -10.24 		-18.432 		55.296
v -9.216 		-17.7166 		55.296
v -16.1002 		-4.096 		56.6
v -16.154 		-3.164 		56
v -25.666 		0 		19.832
v -15.9905 		-4.096 		56
v -16.1002 		-4.096 		56
v -25.337 		3.848 		19.832
v -16.384 		-4.096 		56
v -16.384 		-3.1663 		56
v -16.384 		-3.1135 		56
v -16.384 		-3.517 		55.4
v -8.6475 		-18.432 		55.1754
v -16.3601 		-3.5008 		55.4
v -9.216 		-18.432 		54.9818
v -16.359 		-3.5 		55.4
v -16.384 		-3.6413 		55.296
v -8.884 		-18.416 		54.698
v -8.906 		-18.161 		54.875
v -9.175 		-17.7436 		54.9874
v -9.216 		-17.7908 		54.974
v -7.462 		20.082 		13.857
v -9.216 		-17.7316 		54.9903
v -4 		20.392 		13.857
v -0.538 		20.082 		13.857
v -16.3569 		-3.4966 		55.4
v -16.384 		-3.5178 		55.4
v -16.384 		-3.6475 		55.4
v -16.384 		-3.8129 		55.4
v -16.384 		-3.8229 		55.4
v -16.384 		-4.096 		55.4
v -7.59 		20.822 		15.792
v 8.388 		1.175 		49.661
v -6.2994 		-1.024 		38.9032
v -4 		21.143 		15.792
v -16.384 		-3.5 		55.4128
v -16.384 		-3.5008 		55.4122
v -0.41 		20.822 		15.792
v -16.384 		-3.5124 		55.4039
v 8.245 		3.964 		50.87
v -16.384 		-3.0805 		55.5759
v 8.881 		1.274 		50.87
v -15.543 		-2.5 		55.105
v -7.9182 		-1.3619 		38.731
v -7.9203 		-1.395 		38.6547
v -7.9245 		-1.4607 		38.1578
v -7.9225 		-1.4293 		38.3954
v -14.904 		-2.5 		54.523
v 9.269 		1.351 		52.118
v -16.16 		-3.914 		54.94
v -6.927 		16.974 		8.573
v -15.676 		-3.5 		54.926
v -7.9206 		-1.495 		37.9184
v -7.921 		-1.4891 		37.888
v -15.058 		-3.5 		54.363
v -4 		17.236 		8.573
v -7.9217 		-1.4855 		37.9755
v -1.074 		16.974 		8.573
v -7.9036 		-1.679 		37.888
v 8.192 		6.546 		56.32
v -7.129 		18.151 		10.234
v -15.577 		-3.018 		55.06
v 8.192 		6.144 		54.0846
v -4 		18.431 		10.234
v -0.871 		18.151 		10.234
v -6.186 		-1.158 		38.801
v -14.943 		-3.018 		54.482
v -7.308 		19.189 		12
v -4 		19.486 		12
v 7.8862 		7.168 		56
v 7.891 		7.168 		56.0891
v 7.8814 		7.168 		55.908
v 7.3337 		8.1133 		56.6
v 7.891 		7.168 		56.0905
v -0.692 		19.189 		12
v 7.8862 		7.168 		56
v -16.544 		-1.086 		47.395
v 7.2679 		7.168 		56.6
v -16.749 		-1.5 		47.558
v 7.1811 		7.168 		56.6
v -16.497 		-1.5 		47.95
v -7.6288 		-0.059 		36.9816
v -7.6775 		-0.184 		36.864
v 7.2679 		7.168 		56.32
v 7.1811 		7.168 		56.32
v -7.6058 		0 		37.0661
v 7.903 		7.168 		56.32
v 7.891 		7.168 		56.32
v 7.8546 		7.168 		55.4
v 7.6089 		7.168 		55.4
v 7.6089 		7.168 		56
v 7.99 		7 		56.6
v 7.513 		6.617 		56.6
v -10.164 		17.319 		10.234
v 7.513 		6.617 		56.32
v 8.002 		7.0078 		56.32
v -17.02 		-1.982 		47.492
v 7.99 		7 		56.32
v -13.526 		16.875 		12
v -10.516 		18.31 		12
v 7.99 		7 		56
v 7.9675 		6.9853 		55.4
v -7.9207 		-1.3998 		37.437
v -7.9239 		-1.4507 		37.6909
v -14.343 		-2.5 		53.859
v -7.9205 		-1.3979 		37.4106
v -13.969 		17.66 		13.857
v -7.9203 		-1.3946 		37.3643
v -7.9078 		-1.2003 		36.983
v -7.9196 		-1.3828 		37.3411
v 7.854 		6.617 		56
v -14.981 		-3.914 		53.866
v -7.9051 		-1.158 		36.8916
v 8.0644 		6.144 		56
v -7.9032 		-1.1283 		36.864
v -10.82 		19.162 		13.857
v 8.0644 		6.144 		55.4
v 7.854 		6.617 		55.4
v -14.516 		-3.5 		53.722
v 7.9636 		6.9828 		55.296
v -14.387 		-3.018 		53.824
v -14.337 		18.31 		15.792
v 6.144 		6.144 		55.296
v 7.793 		6.871 		53.395
v -11.071 		19.868 		15.792
v 8.0921 		6.144 		53.395
v 8.0562 		6.144 		53.248
v 7.941 		6.968 		54.693
v 8.1451 		6.144 		53.7609
v -9.216 		-17.729 		54.9732
v -9.216 		-17.7001 		54.9729
v -8.5697 		-17.9077 		55.1955
v -8.9461 		-17.7816 		54.9654
v -8.918 		-17.801 		54.974
v -8.9086 		-17.7935 		54.974
v -8.865 		-17.8067 		54.9729
v -13.919 		-1.982 		53.096
v -8.3913 		-17.9487 		54.9383
v -13.546 		-1.982 		52.311
v -13.275 		-1.982 		51.482
v -14.833 		13.204 		8.573
v -3.4323 		1.8544 		56
v -14.059 		-1.5 		53.012
v -9.281 		-18.001 		54.877
v -9.3315 		-17.6588 		54.8517
v -16.638 		-1.982 		48.034
v -9.3905 		-17.64 		54.8338
v -12.427 		14.927 		8.573
v -3.5467 		1.6649 		56
v -9.4814 		-17.6111 		54.8093
v -3.8182 		1.2154 		56
v -9.61 		-17.906 		54.789
v -9.764 		16.196 		8.573
v -17.793 		-4.057 		48.5
v -4.0148 		1.9815 		55.4
v -15.584 		14.119 		10.234
v -13.011 		15.962 		10.234
v -3.9562 		1.985 		55.4
v -9.718 		-18.359 		54.496
v -13.696 		-1.5 		52.247
v -2.0393 		-4.096 		40
v -1.089 		-4.096 		40
v -1.089 		-4.096 		38.912
v -13.432 		-1.5 		51.439
v -9.922 		-17.848 		54.648
v -16.247 		14.927 		12
v -9.958 		-17.5 		54.579
v -9.8051 		-17.5 		54.6483
v -6.911 		-4.096 		40
v -9.7289 		-17.5 		54.4982
v -3.363 		-4.703 		40
v -4 		-4.773 		40
v -2.748 		-4.524 		40
v -2.364 		-4.334 		40
v -9.7177 		-17.5334 		54.693
v -14.245 		-0.768 		52.01
v -4.0009 		1.9109 		55.4
v -4.08 		1.568 		55.663
v -4.069 		1.3986 		55.6708
v -4.0673 		1.4068 		55.6679
v -4.0645 		1.4204 		55.663
v -14.006 		-0.768 		51.279
v -4 		-5.427 		40
v -3.487 		-5.394 		40
v -2.984 		-5.294 		40
v -2.036 		-4.901 		40
v -1.609 		-4.616 		40
v 12.9507 		2.2495 		8.9856
v -6.191 		12.709 		4.34
v -10.111 		-17.414 		54.693
v -4 		12.906 		4.34
v -1.809 		12.709 		4.34
v -14.502 		-1.086 		53.218
v -16.497 		-2.5 		48.458
v -9.5552 		-17.587 		54.7748
v -6.456 		14.243 		5.615
v -4 		14.463 		5.615
v -1.544 		14.243 		5.615
v 16.347 		0 		9.043
v -4.0948 		1.1099 		55.7432
v 15.684 		0.647 		9.088
v -4.0852 		1.2418 		55.7079
v -6.701 		15.668 		7.029
v -10.102 		-18.389 		54.203
v 15.396 		0 		9.275
v -4.0466 		1.4926 		55.634
v 15.054 		0.647 		9.302
v -4.0379 		1.5824 		55.5825
v 15.961 		1.25 		8.779
v -10.22 		-18.4 		53.442
v -17.1963 		-2.164 		47.3445
v -17.202 		-2.5 		47.364
v -17.1926 		-2.4733 		47.3706
v -4 		15.91 		7.029
v -17.1937 		-2.5 		47.3747
v -17.325 		-3.018 		47.175
v -1.299 		15.668 		7.029
v 14.457 		0.647 		9.596
v -17.148 		-3.018 		47.367
v -17.1915 		-2.5167 		47.3736
v -1.4195 		-4.4265 		36.864
v -10.052 		-17.232 		53.395
v -9.1692 		-17.5 		53.395
v -17.1372 		-3.072 		47.3583
v -5.252 		-4.524 		40
v -4.637 		-4.703 		40
v 16.252 		1.768 		8.317
v -6.391 		-4.616 		40
v -5.503 		-5.128 		40
v -4.513 		-5.394 		40
v 6.144 		6.144 		53.248
v 4.096 		6.144 		56.6
v 14.958 		1.25 		9.071
v 4.096 		6.144 		56
v 4.096 		6.144 		55.4
v -0.0774 		-1.5669 		36.864
v -0.207 		-0.483 		36.864
v 4.096 		5.9721 		56.6
v 4.743 		4.875 		56.6
v -14.574 		-0.768 		52.703
v -10.639 		-17.1918 		55.74
v -4 		9.509 		2.249
v -11.0952 		-16.9352 		55.4572
v -11.1227 		-16.9199 		55.4434
v -10.6977 		-17.1366 		55.296
v -10.7438 		-18.432 		55.296
v -2.386 		9.364 		2.249
v -10.3681 		-17.3491 		56
v -10.74 		-17.206 		56
v -11.5375 		-16.7022 		55.4734
v -11.4033 		-16.7692 		55.4
v -0.82 		8.936 		2.249
v -15.106 		-0.568 		52.799
v -10.639 		-17.1916 		55.74
v -4 		11.25 		3.215
v -12.132 		-16.384 		55.4
v -2.09 		11.079 		3.215
v -12.1214 		-16.384 		55.296
v 14.806 		1.768 		8.704
v -11.0952 		-16.9352 		55.4573
v -11.1227 		-16.9199 		55.4434
v -10.9976 		-16.9836 		55.4
v -15.804 		-0.568 		52.314
v -0.238 		10.572 		3.215
v -10.792 		-16.526 		56.6
v -10.792 		-16.526 		56
v 14.228 		0 		9.852
v -10.451 		-16.526 		56
v 14.333 		1.25 		9.38
v -11.264 		-16.384 		55.4
v -14.496 		-0.568 		51.514
v 13.822 		1.768 		9.244
v -10.639 		-16.4233 		55.74
v -10.451 		-16.526 		55.7958
v -7.18 		8.936 		2.249
v -14.894 		-0.5 		51.374
v -5.615 		9.364 		2.249
v -2.086 		0.631 		56.898
v -16.804 		-2.5 		47.879
v -7.762 		10.572 		3.215
v -5.91 		11.079 		3.215
v -10.304 		-17.5 		54.328
v -10.338 		-17.986 		54.323
v 13.904 		0.647 		9.966
v -2.411 		0.997 		56.772
v -15.291 		-0.568 		51.234
v 13.9337 		0 		10.1099
v 13.8367 		0.5805 		10.0424
v 13.8864 		0.2828 		10.077
v 13.8296 		0.647 		10.0404
v 13.7448 		0.9964 		9.9622
v 13.7981 		0.7415 		10.007
v 13.671 		1.25 		9.888
v -11.071 		12.525 		5.615
v -8.837 		13.591 		5.615
v 13.5325 		1.5156 		9.7235
v 13.4212 		1.768 		9.5959
v 13.2649 		1.9462 		9.3953
v -15.747 		-0.768 		51.364
v 14.021 		0 		10.234
v -10.555 		-17.5 		54.086
v -10.714 		-17.656 		53.954
v -10.426 		-18.195 		54.117
v -11.778 		13.778 		7.029
v -3.1792 		0.5876 		56.6
v -3.1751 		0.5976 		56.6
v -9.321 		14.95 		7.029
v -3.1812 		0.5788 		56.6
v -10.705 		-18.079 		53.875
v -13.667 		8.296 		4.34
v -13.871 		-2.5 		53.125
v -12.111 		9.886 		4.34
v 0.837 		13.591 		5.615
v -13.495 		-2.5 		52.333
v -10.309 		11.177 		4.34
v 3.071 		12.525 		5.615
v -14.283 		-3.914 		52.878
v -3.8901 		0.9948 		56
v -4.0608 		0.4709 		56
v -4.0704 		0.3791 		56
v -8.316 		12.127 		4.34
v -10.93 		-17.5 		53.516
v 1.321 		14.95 		7.029
v -14.059 		-3.5 		53.012
v -10.881 		-17.873 		53.7
v 3.778 		13.778 		7.029
v -10.974 		-18.131 		53.331
v -14.833 		9.297 		5.615
v -13.09 		11.079 		5.615
v -13.696 		-3.5 		52.247
v -10.739 		-18.406 		53.39
v -13.919 		-3.018 		53.096
v -13.546 		-3.018 		52.311
v 0.316 		12.127 		4.34
v 2.309 		11.177 		4.34
v -5.0187 		3.6429 		55.4
v -4.8921 		3.5195 		55.4
v -4.6848 		3.2476 		55.4
v 5.082 		4.096 		56.6
v -4.785 		3.12 		55.663
v -15.917 		10.227 		7.029
v 4.111 		9.886 		4.34
v -13.999 		12.188 		7.029
v 4.096 		5.9721 		56
v 4.096 		4.096 		56
v 4.096 		4.096 		55.4
v 5.667 		8.296 		4.34
v -13.222 		-2.5 		51.497
v 6.773 		6.204 		49.661
v 5.09 		11.079 		5.615
v -5.3494 		3.1987 		56
v -5.4986 		3.344 		56
v -13.808 		-3.914 		51.757
v 7.207 		6.487 		50.87
v 6.833 		9.297 		5.615
v -8.649 		8.235 		2.249
v 7.548 		6.71 		52.118
v -11.071 		8.618 		3.215
v 5.999 		12.188 		7.029
v -9.5 		9.743 		3.215
v -16.878 		-3.018 		47.66
v 7.917 		10.227 		7.029
v -16.638 		-3.018 		48.034
v -3.011 		5.735 		0.818
v -17.048 		-3.5 		47.204
v 4.096 		4.096 		56.6
v 2.955 		7.516 		56.6
v 3.925 		6.262 		56.6
v 3.9946 		6.144 		56.6
v -17.101 		-3.918 		47.396
v 0.649 		8.235 		2.249
v -0.746 		4.752 		0.818
v 2.955 		7.516 		56
v -0.1224 		-2.0104 		34.2911
v -0.1299 		-2.048 		34.2911
v 1.5 		9.743 		3.215
v -0.0984 		-1.8905 		34.2785
v 3.9946 		6.144 		56
v 3.071 		8.618 		3.215
v -4 		7.696 		1.447
v -2.693 		7.579 		1.447
v -17.1197 		-3.159 		47.3443
v -17.0168 		-3.5 		47.2444
v -0.0967 		-1.8631 		33
v -0.0811 		-1.622 		34.2788
v -16.8841 		-3.8232 		47.104
v -0.0895 		-1.7522 		34.2787
v -16.922 		-3.7288 		47.144
v -16.9973 		-3.5417 		47.2232
v -0.0829 		-1.6493 		33
v 5.7927 		2.048 		56.6
v 4.096 		2.048 		56.6
v 8.247 		7.231 		5.615
v 5.8235 		2.048 		56.6
v -1.426 		7.231 		1.447
v 9.289 		4.947 		5.615
v -0.0923 		-1.5 		34.2938
v -0.238 		6.665 		1.447
v -0.1383 		-0.9917 		34.3035
v -0.1366 		-1.0172 		34.3036
v 5.7927 		2.048 		56
v 4.096 		2.048 		56
v -0.1542 		-0.7467 		34.2785
v 9.472 		7.955 		7.029
v 5.8235 		2.048 		56
v 4.096 		2.048 		55.4
v -0.0944 		-1.5243 		33
v 5.867 		1.8 		56.6
v 10.618 		5.441 		7.029
v 4.096 		0 		56.6
v 5.867 		1.8 		56
v 4.096 		0 		56
v 4.096 		0 		55.4
v -0.2069 		-0.4836 		34.2788
v -16.623 		-3.5 		47.754
v -8.011 		4.102 		0.818
v -5.948 		5.472 		0.818
v -5.9107 		3.5611 		56
v -6.0845 		3.6525 		56
v -8.8529 		-18.432 		55.296
v -10.24 		-18.432 		55.1244
v -8.445 		-18.868 		55.94
v -7.762 		6.665 		1.447
v -9.497 		-18.868 		55.988
v -16.544 		-3.914 		47.395
v -0.207 		-0.483 		34.2788
v -10.103 		-18.868 		55.899
v -6.573 		7.231 		1.447
v -5.307 		7.579 		1.447
v -10.24 		-18.779 		55.296
v -9.7566 		-18.868 		54.8029
v -13.432 		-3.5 		51.439
v -0.3923 		-0.0058 		34.2961
v -10.24 		-18.868 		55.1191
v -10.24 		-18.868 		55.0869
v -0.3945 		0 		34.2956
v -10.24 		-18.8542 		55.1193
v -8.374 		-18.744 		54.282
v -13.275 		-3.018 		51.482
v -8.404 		-18.606 		54.494
v -8.855 		-18.621 		54.467
v -4 		0 		0
v -2.155 		0.506 		0.091
v -9.304 		-18.504 		54.504
v -2.904 		1.6 		0.091
v -3.015 		3.76 		0.365
v -16.273 		-3.914 		51.685
v -0.289 		-1.549 		33
v -0.631 		-1.732 		33
v -0.83 		-1.946 		33
v -1.817 		3.188 		0.365
v -1.089 		-4.096 		34.293
v -0.884 		-3.891 		34.2782
v -0.884 		-3.891 		34.2782
v -0.883 		2.232 		0.365
v -8.828 		-18.759 		54.255
v -0.324 		1.007 		0.365
v -8.286 		-18.82 		53.959
v -8.595 		-18.674 		54.129
v -13.055 		-1.982 		49.75
v -0.6181 		-3.4526 		34.2958
v -0.485 		-3.233 		34.2785
v -13.111 		-1.982 		50.624
v -13.218 		-1.5 		49.75
v -0.3923 		-2.9942 		34.2961
v -13.272 		-1.5 		50.602
v -0.207 		-2.517 		34.2788
v -0.242 		-2.607 		34.282
v -0.207 		-2.517 		34.3312
v -9.031 		-19.178 		53.349
v 7.775 		3.77 		49.661
v -13.528 		-1.086 		50.567
v -8.245 		-19.046 		53.634
v -0.2069 		-2.5164 		34.2788
v -8.595 		-19.077 		53.634
v -0.1513 		-2.155 		34.2912
v -13.861 		-0.768 		50.521
v -8.503 		-19.135 		53.494
v -14.227 		-0.568 		49.391
v -14.25 		-0.568 		50.468
v -16.4177 		-0.5532 		46.358
v -16.3851 		-0.5447 		46.3231
v -16.384 		-0.5442 		46.322
v -16.827 		-0.768 		46.585
v -8.945 		-19.046 		53.634
v -8.738 		-19.133 		53.49
v -0.207 		-2.517 		33
v -0.1388 		-2.0731 		33
v 0.0463 		2.5841 		55.4
v 0.1079 		2.5195 		55.4
v -0.945 		-2.179 		33
v -0.996 		-2.435 		33
v -0.951 		-2.789 		33
v -9.703 		-18.7 		54.043
v 0.3152 		2.2476 		55.4
v 0.215 		2.12 		55.663
v -9.721 		-18.562 		54.256
v -10.097 		-18.627 		53.864
v -16.4692 		-0.568 		46.4236
v -16.6313 		-0.7095 		46.6207
v -16.5134 		-0.6066 		46.4774
v -9.284 		-18.957 		53.634
v -9.224 		-19.15 		53.265
v -5.5346 		4.0207 		55.4
v -9.645 		-18.883 		53.455
v -16.7124 		-0.768 		46.7206
v -15.472 		-0.768 		50.301
v -5.2791 		3.8264 		55.4
v -16.7604 		-0.8428 		46.7756
v -5.35 		3.67 		55.663
v -16.8598 		-1.024 		46.887
v -5.903 		0.17 		0.091
v -15.806 		-1.086 		50.255
v -5.351 		1.381 		0.091
v -4.167 		1.946 		0.091
v -15.979 		-1.086 		50.991
v -6.008 		4.016 		55.663
v -7.791 		0.339 		0.365
v -7.449 		1.645 		0.365
v 0.3912 		1.2154 		56
v -6.691 		2.752 		0.365
v -5.608 		3.528 		0.365
v 0.2668 		1.4508 		56
v -16.106 		-1.5 		50.451
v 0.5292 		1.985 		55.4
v 0.6263 		1.8243 		55.4
v -17.219 		-1.5 		47.048
v 0.9242 		1.1687 		55.4
v -16.296 		-1.5 		51.128
v 0.7711 		1.4934 		55.4
v -4.6088 		2.2154 		56
v 0.648 		1.403 		55.663
v -16.307 		-1.982 		50.638
v -16.491 		-1.5 		46.358
v -4.8803 		2.665 		56
v -4.9947 		2.8544 		56
v -15.858 		4.414 		4.34
v -14.928 		6.453 		4.34
v -0.485 		-3.233 		33
v -0.5379 		-3.3203 		33
v -4.4708 		2.985 		55.4
v -4.3737 		2.8243 		55.4
v 1.1608 		0.0563 		55.4
v -4.2289 		2.4934 		55.4
v 1.0573 		0.6149 		55.4
v 1.1411 		0.246 		55.4
v -14.656 		-0.5 		49.585
v 1.1531 		0.1515 		55.4
v 1.108 		0.144 		55.5
v -0.768 		-3.131 		33
v -15.065 		-0.568 		50.052
v -16.247 		7.231 		5.615
v -17.637 		-1.086 		46.399
v -18.305 		-1.086 		46.094
v -4.352 		2.403 		55.663
v -9.764 		4.947 		1.447
v -15.79 		-1.086 		49.497
v -8.837 		5.895 		1.447
v -12.052 		4.755 		2.249
v 0.6917 		0.074 		56
v -16.032 		-1.5 		49.75
v -17.97 		-1.5 		46.527
v -11.122 		6.112 		2.249
v -9.976 		7.284 		2.249
v 0.6434 		0.3791 		56
v 0.6338 		0.4709 		56
v -16.062 		-1.5 		49.28
v -18.041 		-1.982 		46.678
v -16.195 		-1.982 		49.75
v -17.488 		-1.982 		47.027
v 0.4631 		0.9948 		56
v 0.9852 		0.9815 		55.4
v -13.526 		5.625 		3.215
v -13 		-2.5 		49.75
v -12.427 		7.231 		3.215
v -16.564 		-0.568 		45.187
v -13.056 		-2.5 		50.631
v 0.92 		0.568 		55.663
v -16.821 		-0.5 		45.586
v -13.528 		-3.914 		50.567
v -18.071 		-0.568 		45.379
v -17.031 		-0.568 		45.912
v -13.218 		-3.5 		49.75
v -13.272 		-3.5 		50.602
v -9.651 		0.506 		0.818
v 0.303 		8.91 		45.393
v -7.7246 		-0.305 		36.7502
v -7.7749 		-0.4339 		36.6874
v -17.945 		-0.768 		45.852
v -7.794 		-0.483 		36.6635
v -9.141 		2.452 		0.818
v 0.745 		9.778 		46.358
v -13.055 		-3.018 		49.75
v -11.41 		1.336 		1.447
v 2.386 		8.476 		46.358
v -11.071 		2.632 		1.447
v -13.111 		-3.018 		50.624
v -6.3038 		3.7077 		56
v -6.3948 		3.7434 		56
v 1.144 		10.56 		47.396
v -10.516 		3.848 		1.447
v 2.898 		9.168 		47.396
v -9.854 		-18.538 		53.734
v -13.298 		0 		2.249
v -13.156 		1.651 		2.249
v -12.737 		3.252 		2.249
v -20.175 		-1.5 		46.226
v -6.5741 		3.7588 		56
v 1.495 		11.25 		48.5
v -7.1404 		3.704 		56
v 3.35 		9.778 		48.5
v -19.5 		-1.5 		46.149
v -6.8078 		3.7503 		56
v -15 		0 		3.215
v -14.833 		1.953 		3.215
v -6.6646 		3.7313 		56
v -6.714 		3.7522 		56
v -6.373 		3.954 		55.826
v -7.794 		-0.483 		35.5067
v 16.184 		2.165 		7.804
v 12.315 		0.054 		47.97
v 12.482 		0.395 		47.62
v 14.995 		2.165 		8.094
v 12.995 		0.158 		46.544
v 12.86 		0.387 		46.826
v -7.8755 		-0.941 		36.7075
v -7.8985 		-1.0556 		36.7965
v -7.8115 		-0.597 		36.6379
v -7.8266 		-0.6947 		36.6612
v -7.2571 		3.6871 		56
v -7.3895 		3.6301 		56
v -7.6473 		3.5346 		56
v -19.931 		-1.982 		46.347
v -8.1145 		3.1866 		56
v -7.9013 		-1.098 		34.816
v -7.7282 		3.4699 		56
v 15.226 		2.415 		7.381
v -18.603 		-1.5 		46.272
v -7.814 		4.047 		55.4
v -7.9738 		3.958 		55.4
v -8.1479 		3.8264 		55.4
v -7.388 		3.87 		55.826
v -7.711 		3.731 		55.826
v -8.077 		3.67 		55.663
v -19.284 		-1.982 		46.332
v -18.645 		-1.982 		46.435
v 13.976 		2.415 		7.867
v -7.4502 		-3.3642 		34.816
v -6.31 		2.181 		56.772
v -19.645 		-0.568 		45.154
v -6.795 		2.249 		56.772
v -6.911 		-4.096 		36.6069
v 12.994 		2.5 		7.791
v -7.0303 		2.7087 		56.6
v -20.291 		-0.768 		45.621
v -14.337 		3.848 		3.215
v -6.1826 		2.635 		56.6
v -6.1874 		2.6387 		56.6
v -6.193 		2.6395 		56.6
v -6.6082 		2.7442 		56.6
v -16.319 		-2.5 		50.407
v -7.6058 		0 		34.2954
v -7.608 		-0.0056 		34.2958
v -7.794 		-0.483 		34.278
v -7.761 		-0.3983 		34.2812
v -7.4427 		2.5277 		56.6
v -7.4316 		2.5357 		56.6
v -5.112 		1.0807 		56.6
v -5.111 		1.0772 		56.6
v -21.268 		10.196 		13.857
v -5.1141 		1.087 		56.6
v -7.7941 		-0.4833 		34.2781
v -7.8783 		-0.9895 		34.2905
v -7.8497 		-0.8451 		34.2905
v -5.1091 		1.0721 		56.6
v -7.9021 		-1.1095 		34.2782
v -8.065 		-1.513 		33
v -19.274 		13.108 		13.857
v 13.404 		2.415 		6.709
v 13.138 		2.165 		6.169
v -16.816 		15.621 		13.857
v -4.3091 		1.0739 		56
v 12.7 		0.496 		47.162
v -4.3566 		1.3791 		56
v -4.3662 		1.4709 		56
v -7.9194 		-1.3779 		34.2785
v -7.911 		-1.2478 		34.2783
v -4.5369 		1.9948 		56
v 14.891 		2.415 		6.131
v 15.297 		2.165 		5.437
v -7.9082 		-1.5 		34.2934
v -7.8622 		-2.0084 		34.3032
v -7.8639 		-1.9828 		34.3032
v -7.8596 		-2.048 		34.2991
v 1.818 		7.709 		45.393
v -7.9011 		-1.5308 		33
v -7.8536 		-2.048 		33
v -16.223 		-3.018 		50.198
v -16.307 		-3.018 		50.638
v 3.125 		6.227 		45.393
v -5.2505 		1.5961 		56.6
v 4.186 		4.51 		45.393
v -16.106 		-3.5 		50.451
v -5.893 		1.86 		56.772
v -19.5 		-0.768 		45.531
v -16.296 		-3.5 		51.128
v -15.806 		-3.914 		50.255
v 3.802 		6.871 		46.358
v -18.97 		-0.768 		45.567
v 4.951 		5.011 		46.358
v -19.986 		-1.086 		45.914
v -15.979 		-3.914 		50.991
v 4.413 		7.451 		47.396
v 5.641 		5.463 		47.396
v -19.257 		-1.086 		45.897
v -16.264 		-2.5 		49.53
v -4.3417 		0.1106 		56
v -4.2835 		0.672 		56
v -4.2983 		0.9553 		56
v 4.951 		7.963 		48.5
v -4.1187 		0.074 		56
v 6.25 		5.861 		48.5
v -16.223 		-3.018 		49.302
v -4.1444 		0.672 		55.8419
v -4.1784 		0.5108 		55.8615
v -4.1277 		0.8001 		55.8153
v -4.1317 		0.7691 		55.8218
v -18.066 		-2.5 		46.73
v -16.047 		-3.5 		49.515
v 6.546 		3.263 		47.396
v -17.522 		-2.5 		47.072
v -21.904 		10.572 		15.792
v -4.2281 		0.0924 		55.8687
v -4.1989 		0.3141 		55.8617
v -19.837 		13.591 		15.792
v -4.1961 		0.341 		55.8617
v -18.235 		-3.018 		46.579
v -15.806 		-3.914 		49.245
v -6.117 		0.948 		56.936
v -17.289 		16.196 		15.792
v -17.847 		-3.018 		46.777
v -5.461 		0.568 		56.772
v -18.595 		8.618 		8.573
v -16.91 		11.079 		8.573
v -5.1669 		0.0005 		56.6
v -17.97 		-3.5 		46.527
v -5.2044 		0.1827 		56.6
v -19.607 		9.216 		10.234
v -5.1225 		0.489 		56.6
v -8.2201 		-4.909 		55.8782
v -17.389 		-3.5 		46.893
v -17.805 		11.847 		10.234
v -6.41 		1.057 		56.974
v -6.159 		1.476 		56.898
v -7.9003 		-1.5309 		32.768
v -6.499 		1.144 		56.974
v -6.686 		1.215 		56.974
v -6.797 		1.205 		56.974
v -20.5 		9.743 		12
v -18.595 		12.525 		12
v -7.03 		1.645 		56.898
v -6.928 		1.144 		56.974
v 7.101 		0.918 		47.396
v 7.207 		3.535 		48.5
v 7.793 		1.057 		48.5
v -17.049 		-3.914 		46.847
v -17.637 		-3.914 		46.399
v -16.8436 		-3.914 		47.0699
v -16.8626 		-3.8756 		47.0823
v -16.865 		-3.8708 		47.0839
v -16.777 		-4.008 		47.0138
v -7.232 		-1.869 		33
v -7.446 		-1.67 		33
v -7.679 		-1.555 		33
v -16.699 		-4.096 		46.9415
v -7.757 		1.557 		56.772
v 4.967 		2.611 		45.393
v 5.446 		0.587 		45.393
v -7.902 		1.185 		56.772
v -7.8463 		-2.2533 		34.2781
v 5.798 		2.954 		46.358
v -8.0196 		1.8408 		56.6
v -8.1563 		1.5181 		56.6
v 6.316 		0.761 		46.358
v -7.7941 		-2.5167 		34.2781
v -7.794 		-2.517 		34.278
v -7.128 		0.531 		56.974
v -6.714 		0.672 		57
v -20.133 		-2.5 		46.447
v -7.605 		-2.9931 		34.2983
v -7.6121 		-2.976 		34.2973
v -7.6613 		-2.8577 		34.2907
v -7.4554 		-3.3539 		34.2785
v -19.5 		-2.5 		46.375
v -20.356 		-3.018 		46.435
v 14.601 		1.768 		5.048
v -7.3774 		-3.45 		34.2998
v -7.0564 		-3.8452 		34.3367
v -6.8651 		-4.096 		34.3199
v -6.9238 		-4.0083 		34.3306
v -23.939 		0 		13.857
v -23.636 		3.541 		13.857
v 0.53 		5.97 		43.713
v -18.867 		-2.5 		46.447
v 1.591 		4.768 		43.713
v 1.198 		6.871 		44.509
v -22.736 		6.974 		13.857
v -19.5 		-3.018 		46.318
v 2.386 		5.524 		44.509
v -24.359 		3.672 		15.792
v -9.348 		-18.642 		53.982
v -23.427 		7.231 		15.792
v -18.857 		-3.018 		46.391
v -7.055 		-2.821 		33
v -7.004 		-2.565 		33
v -7.049 		-2.211 		33
v 15.79 		1.768 		4.812
v -7.8494 		-2.0932 		33
v -7.8357 		-2.307 		33
v -20.175 		-3.5 		46.226
v -7.794 		-2.517 		33
v -7.6312 		-2.9347 		33
v -7.5743 		-3.072 		33
v -19.5 		-3.5 		46.149
v -7.141 		0.708 		56.974
v -7.17 		-3.054 		33
v -18.825 		-3.5 		46.226
v -7.4692 		-3.3252 		33
v -7.679 		-3.445 		33
v -8.065 		-3.487 		33
v -7.4694 		-3.3253 		32.797
v 4.495 		0.398 		44.509
v -19.986 		-3.914 		45.914
v -19.257 		-3.914 		45.897
v -7.4693 		-3.3253 		32.768
v -7.097 		0.432 		56.974
v 0.745 		3.964 		43.01
v -6.972 		0.088 		56.955
v -18.536 		-3.914 		46.013
v -6.742 		0.13 		56.974
v -6.499 		0.201 		56.974
v 1.495 		2.75 		43.01
v -7.369 		-3.268 		33
v -6.452 		0.24 		56.974
v -6.41 		0.287 		56.974
v -4 		-5.3957 		34.3032
v -3.9741 		-5.394 		34.3031
v -6.373 		0.341 		56.974
v -22.456 		-1.086 		47.395
v -6.342 		0.4 		56.974
v 2.451 		3.375 		43.713
v -22.251 		-1.5 		47.558
v -22.503 		-1.5 		47.95
v -4.096 		-5.4018 		34.2935
v 3.35 		3.964 		44.509
v -2.984 		-5.294 		34.2782
v -3.2472 		-5.3463 		34.2782
v 14.499 		1.25 		4.664
v -21.98 		-1.982 		47.492
v -22.363 		-1.982 		48.034
v 15.739 		1.25 		4.418
v -7.966 		0.777 		56.772
v -8.215 		-5.6842 		55.8768
v -7.234 		0.21 		56.936
v -8.2447 		-5.328 		55.885
v 14.434 		0.647 		4.423
v 15.706 		0.647 		4.17
v -20.853 		0 		8.573
v -20.597 		2.993 		8.573
v -19.837 		5.895 		8.573
v -10.446 		-18.528 		53.645
v 14.412 		0 		4.341
v -23.859 		-0.568 		48.85
v -10.639 		-18.868 		55.74
v -23.253 		-0.768 		48.136
v -23.485 		-0.768 		49.066
v -8.2373 		-5.1431 		55.883
v 12.366 		1.768 		5.974
v 13.453 		1.768 		5.438
v 13.301 		1.25 		5.071
v -11.144 		-18.868 		55.427
v -23.099 		-1.086 		48.749
v -22.021 		0 		10.234
v -21.748 		3.201 		10.234
v -22.777 		-1.5 		48.595
v 13.206 		0.647 		4.84
v -9.956 		-16.93 		52.118
v -8.5038 		-17.5 		52.6154
v -12.288 		8.1788 		56.6
v -12.2747 		8.192 		56.6
v -3.4916 		-5.3624 		34.303
v -12.288 		6.144 		56.6
v 13.173 		0 		4.761
v -12.288 		8.1788 		56
v -12.288 		6.144 		56
v -12.288 		6.144 		55.4
v -2.5069 		-5.1049 		34.2984
v -2.5233 		-5.1117 		34.2975
v -2.6429 		-5.1613 		34.2908
v -2.1461 		-4.9554 		34.2785
v 12.04 		2.415 		7.537
v -12.288 		4.096 		56.6
v -12.288 		4.096 		56
v -12.288 		4.096 		55.4
v 4.06 		2.237 		44.509
v -20.935 		6.304 		10.234
v -22.735 		-1.982 		49.082
v -23.053 		0 		12
v -22.763 		3.384 		12
v -21.904 		6.665 		12
v 2.048 		1.407 		43.01
v -22.554 		-1.982 		48.436
v 2.3306 		0.2107 		43.01
v -12.288 		-8.192 		56.6
v -12.288 		-8.192 		56
v 3.085 		1.835 		43.713
v -12.288 		-8.192 		55.4
v -24.673 		0 		15.792
v 3.1508 		0.1287 		43.5046
v 3.473 		0.193 		43.713
v -24.106 		-0.5 		48.126
v -16.619 		0 		4.34
v -16.427 		2.241 		4.34
v 3.4811 		0.0883 		43.713
v -18.141 		0 		5.615
v -17.927 		2.511 		5.615
v -15.4644 		-6.144 		56.6
v -15.867 		-4.8 		56.6
v -22.871 		-0.768 		47.411
v -16.384 		-6.144 		56
v -17.289 		4.947 		5.615
v -16.384 		-4.19 		55.4
v -16.384 		-4.2815 		55.4
v -16.384 		-6.144 		55.4
v 3.5567 		0.0717 		43.77
v -16.293 		-4.5 		53.548
v -19.556 		0 		7.029
v 3.6374 		0.054 		43.8308
v -19.32 		2.763 		7.029
v -22.835 		-1.086 		48.042
v -15.756 		-4.432 		53.639
v -18.618 		5.441 		7.029
v -17.472 		7.955 		7.029
v 11.32 		2.763 		7.029
v -2.9834 		-5.2938 		34.2783
v -16.038 		-4.232 		54.436
v -15.478 		-4.232 		53.926
v -2.05 		-4.8774 		34.2998
v -1.6548 		-4.5564 		34.3367
v -1.2648 		-4.2718 		34.303
v -1.4917 		-4.4238 		34.3306
v -16.384 		-6.144 		56.6
v -14.5561 		-8.192 		56.6
v -14.743 		-7.875 		56.6
v -15.394 		-6.379 		56.6
v -14.8509 		-8.192 		56.6
v -14.6051 		-8.192 		56.6
v 0 		0 		27.648
v -14.743 		-7.875 		56
v -14.5561 		-8.192 		56
v -2.048 		0 		26.624
v -1.2465 		-4.2535 		34.3043
v -14.6051 		-8.192 		56
v -14.8509 		-8.192 		56
v -8.192 		0 		26.624
v 0.49 		2.092 		42.405
v -14.245 		-4.232 		52.01
v -11.098 		-17.5 		53.062
v -11.093 		-17.5 		53.062
v 0.957 		0.957 		42.405
v 11.6545 		2.1602 		7.3659
v -11.11 		-17.887 		53.18
v 12.1638 		2.4598 		8.0029
v 11.8881 		2.415 		7.6701
v 11.6661 		2.1698 		7.3807
v 11.8308 		2.3371 		7.5939
v -4.2446 		-5.4113 		34.2785
v 1.1277 		0.2355 		42.405
v -10.967 		-18.265 		53.109
v -10.478 		-18.246 		53.134
v -6.7718 		-4.2352 		34.303
v 2.0352 		0.2168 		42.8615
v -15.747 		-4.232 		51.364
v -16.129 		-4.232 		52.089
v -15.291 		-4.432 		51.234
v -6.7535 		-4.2535 		34.3043
v -6.391 		-4.616 		34.2782
v -6.391 		-4.616 		34.2782
v -10.607 		-18.138 		52.924
v 9.9633 		-1.024 		56
v 9.9725 		-1.024 		56.2128
v 9.9632 		-1.024 		56
v 9.923 		-0.1652 		56.6
v 9.9725 		-1.024 		56.214
v -5.9509 		-4.879 		34.2983
v -6.0779 		-4.8058 		34.2908
v -7.8935 		-1.5317 		30.72
v -5.6127 		-5.0741 		34.2787
v 9.5056 		-1.024 		56.6
v 9.4484 		-1.024 		56.6
v -15.804 		-4.432 		52.314
v 9.5056 		-1.024 		56.32
v 9.4484 		-1.024 		56.32
v 9.9771 		-1.024 		56.32
v 9.9725 		-1.024 		56.32
v 9.8466 		-1.024 		56
v -5.4954 		-5.1106 		34.2936
v 9.9371 		-1.024 		55.4
v 9.8466 		-1.024 		55.4
v -5.033 		-5.2543 		34.3033
v 9.954 		-1.024 		55.7885
v 10 		-1.5 		56.6
v 9.477 		-1.51 		56.6
v -15.159 		-4.5 		51.884
v 9.477 		-1.51 		56.32
v 10.0139 		-1.5 		56.32
v 10 		-1.5 		56.32
v 9.9684 		-2.048 		56.32
v 9.9716 		-2.048 		56.32
v -5.0078 		-5.261 		34.3046
v -7.4607 		-3.3204 		30.72
v -4.513 		-5.394 		34.2782
v 10 		-1.5 		56
v 9.9577 		-2.048 		56
v 9.9684 		-2.048 		56.245
v -14.496 		-4.432 		51.514
v -4.5126 		-5.394 		34.2782
v -14.781 		-4.232 		53.024
v 11.358 		1.768 		6.647
v 11.116 		1.25 		6.332
v 9.9684 		-2.048 		56.2463
v -12.288 		4.096 		53.248
v 9.9577 		-2.048 		56
v -11.214 		-17.77 		52.72
v -11.205 		-17.76 		52.733
v -11.213 		-17.855 		52.652
v -16.384 		7.168 		55.4
v 9.818 		-1.51 		56
v 9.7863 		-2.048 		56
v -15.082 		4.096 		56.6
v -16.384 		4.096 		56.6
v -15.082 		4.096 		56
v -15.2024 		4.096 		56
v -16.384 		4.096 		56
v 9.9471 		-2.048 		55.7565
v 9.9315 		-2.048 		55.4
v 9.9738 		-1.5 		55.4
v -16.384 		4.096 		55.4
v -16.384 		4.096 		53.248
v 9.7863 		-2.048 		55.4
v 9.818 		-1.51 		55.4
v -11.16 		-17.5 		52.714
v -11.206 		-17.849 		52.328
v 9.9693 		-1.5 		55.296
v 9.772 		-1.5 		53.395
v -16.384 		4.096 		55.296
v 9.943 		-1.5 		54.693
v -8.5349 		3.5195 		55.4
v -8.4083 		3.6429 		55.4
v -14.25 		-4.432 		50.468
v -8.7422 		3.2476 		55.4
v -13.837 		-4.232 		49.365
v -8.642 		3.12 		55.663
v -22.503 		-2.5 		48.458
v 9.923 		-2.8348 		56.6
v -13.861 		-4.232 		50.521
v 9.4522 		-3.072 		56.6
v 9.3849 		-3.072 		56.6
v 9.3849 		-3.072 		56
v 9.4522 		-3.072 		56
v -22.196 		-2.5 		47.879
v 9.872 		-3.719 		56
v -8.2638 		3.0413 		56
v 9.8411 		-3.8948 		56.6
v 9.8058 		-4.096 		56.1448
v -10.762 		-17.912 		52.497
v -22.363 		-3.018 		48.034
v 9.8256 		-4.096 		56.6
v -8.3782 		2.8518 		56
v -8.6938 		2.4508 		56
v 9.8058 		-4.096 		56.6
v -8.8182 		2.2154 		56
v 9.352 		-3.631 		56.6
v -11.2 		-17.941 		52.497
v -21.798 		-2.5 		47.364
v 9.352 		-3.631 		56
v -9.0533 		2.8243 		55.4
v -8.9562 		2.985 		55.4
v 9.693 		-3.631 		56
v 10.7729 		0.647 		6.3016
v 10.8732 		1.0524 		6.4364
v -9.3512 		2.1687 		55.4
v -22.122 		-3.018 		47.66
v -10.61 		-18.235 		52.499
v -9.1981 		2.4934 		55.4
v 10.7477 		0.1152 		6.2311
v -9.075 		2.403 		55.663
v 10.7423 		0 		6.2158
v -21.675 		-3.018 		47.175
v -22.377 		-3.5 		47.754
v -21.952 		-3.5 		47.204
v -8.2132 		1.3722 		56.6
v -22.456 		-3.914 		47.395
v 11.3339 		1.8989 		6.9691
v 11.1796 		1.768 		6.8037
v 11.3902 		1.9406 		7.029
v 11.1304 		1.6691 		6.7461
v 10.9222 		1.25 		6.5022
v 10.8925 		1.1304 		6.4623
v -9.0608 		1.4709 		56
v -8.8901 		1.9948 		56
v -22.639 		-2.5 		48.877
v -11.031 		-17.5 		51.725
v -11.036 		-17.5 		51.724
v -11.144 		-17.5 		52.16
v -11.176 		-17.723 		52.108
v -11.19 		-17.821 		52.113
v -9.0704 		1.3791 		56
v -9.1187 		1.0739 		56
v -22.623 		-3.018 		48.649
v 9.693 		-3.631 		55.4
v 9.847 		-3.0841 		55.296
v -22.85 		-3.5 		48.818
v -22.704 		-3.5 		48.372
v -9.1198 		1.133 		55.9879
v -11.103 		-17.674 		51.776
v 8.595 		-1.5 		49.661
v -9.1296 		1.0758 		55.987
v 9.095 		-1.5 		50.87
v 9.489 		-1.5 		52.118
v -9.5785 		-0.059 		34.816
v -23.021 		-3.914 		48.509
v 9.7945 		-4.16 		56
v -11.102 		-18.158 		52.206
v -11.023 		-18.173 		51.909
v 9.6603 		-4.9244 		56
v 9.6141 		-5.12 		56
v -22.727 		-3.914 		47.815
v 9.6003 		-5.12 		55.6926
v 9.772 		-4.452 		56
v 9.6605 		-4.9233 		56
v -9.4122 		1.9815 		55.4
v 9.626 		-5.12 		56.2692
v 9.614 		-5.12 		56
v -9.5681 		1.246 		55.4
v -9.4843 		1.6149 		55.4
v 9.626 		-5.12 		56.6
v -9.5801 		1.1515 		55.4
v 12.168 		1.25 		5.63
v -9.5816 		1.133 		55.4
v -9.911 		1.133 		55.94
v 12.043 		0.647 		5.414
v -9.347 		1.568 		55.663
v -22.406 		-0.568 		46.309
v -10.581 		-18.208 		52.095
v 12 		0 		5.34
v 8.427 		2.241 		4.34
v -9.4696 		1.133 		55.5785
v -22.173 		-0.768 		46.585
v -9.535 		1.144 		55.5
v 8.619 		0 		4.34
v -10.846 		-17.5 		51.326
v -11.031 		-17.601 		51.615
v -9.5328 		1.133 		55.5038
v -11.064 		-17.932 		51.695
v -21.768 		-1.086 		46.68
v 9.927 		2.511 		5.615
v -21.782 		-1.5 		47.048
v 10.964 		0.647 		6.134
v -9.5416 		1.133 		55.4875
v -10.692 		-18.384 		51.472
v -10.901 		-17.734 		51.311
v 10.912 		0 		6.067
v -8.3156 		0.2657 		56.6
v -8.3164 		0.2626 		56.6
v 10.141 		0 		5.615
v -20.926 		-1.086 		46.175
v -8.3179 		0.2719 		56.6
v -8.3172 		0.2766 		56.6
v -15.455 		-4.232 		49.475
v -15.472 		-4.232 		50.301
v 9.216 		-5.12 		56.6
v 9.161 		-5.12 		56.6
v 9.085 		-5.12 		56.6
v 9.085 		-5.12 		56
v 9.161 		-5.12 		56
v -21.03 		-1.5 		46.527
v 9.216 		-5.12 		56
v 9.426 		-5.12 		56
v 9.489 		-5.9 		56
v -9.1435 		0.672 		56
v -9.0853 		0.1106 		56
v 9.3718 		-6.144 		56
v -9.1295 		0.9553 		56
v 9.216 		-6.144 		56
v 9.216 		-6.053 		56
v 9.319 		-5.717 		56
v -15.065 		-4.432 		49.448
v 9.319 		-5.717 		55.4
v -9.1016 		0.1364 		55.9845
v -9.158 		0.672 		55.9835
v -7.8867 		-1.5324 		28.672
v 9.216 		-6.144 		56.6
v 8.978 		-5.717 		56.6
v -9.1427 		0.9432 		55.9856
v 8.978 		-5.717 		56
v -14.646 		-4.5 		49.42
v 9.7418 		-4.4461 		55.296
v 9.3788 		-5.9817 		55.296
v 9.548 		-4.407 		53.395
v 9.716 		-4.441 		54.693
v -10.3524 		1.133 		55.4
v -10.639 		1.133 		55.74
v -8.505 		-19.34 		53.199
v -8.768 		-1.869 		33
v -8.469 		-1.623 		33
v -10.925 		1.133 		55.595
v 9.3985 		-6.144 		56.6
v -8.272 		-19.333 		53.159
v 9.2063 		-6.8437 		56
v 9.3332 		-6.4201 		56.6
v -8.221 		-19.419 		52.887
v -15.394 		3.379 		56.6
v 8.6109 		-7.168 		56.6
v 8.5333 		-7.168 		56.6
v -16.384 		2.048 		56
v -16.384 		2.048 		55.4
v -16.154 		0.164 		56.6
v -15.867 		1.8 		56.6
v 8.6109 		-7.168 		56.32
v 8.5333 		-7.168 		56.32
v -21.512 		-1.982 		47.027
v 15.695 		0 		4.086
v -8.777 		-19.423 		52.977
v -8.736 		-19.342 		53.193
v -8.969 		-19.419 		52.887
v -9.163 		-19.335 		52.965
v -16.154 		0.164 		56
v -16.1828 		0 		56
v -16.384 		0 		56
v -16.384 		0.0741 		56
v 6.928 		6.453 		4.34
v -20.959 		-1.982 		46.678
v 7.858 		4.414 		4.34
v -5 		12.426 		47.396
v -7.256 		12.999 		48.5
v -5 		13.222 		48.5
v -8.768 		-3.131 		33
v -8.951 		-2.789 		33
v -8.996 		-2.435 		33
v -8.945 		-2.179 		33
v -2.744 		12.999 		48.5
v -8.469 		-3.377 		33
v -9.172 		-19.403 		52.598
v -9.168 		-19.398 		52.302
v -0.557 		12.335 		48.5
v -20.929 		-0.568 		45.379
v -21.293 		-0.768 		45.974
v -9.741 		-19.046 		52.893
v -9.532 		-19.144 		52.882
v -3.158 		10.338 		45.393
v -24.012 		-0.768 		46.155
v -1.372 		9.796 		45.393
v -24.426 		-0.768 		46.797
v -24.086 		-0.568 		47
v -3.005 		11.325 		46.358
v -16.384 		0 		55.296
v -1.07 		10.737 		46.358
v -23.545 		-0.5 		46.943
v -16.384 		-8.192 		53.248
v -12.288 		-8.192 		53.248
v -2.866 		12.214 		47.396
v 0 		-10.24 		56.6
v -0.797 		11.586 		47.396
v 0 		-10.24 		56
v 0 		-10.24 		55.8739
v -4.0187 		-8.2981 		55.4
v -23.942 		-1.5 		45.137
v -24.484 		-1.5 		45.779
v -22.962 		-0.768 		45.064
v -23.522 		-0.768 		45.574
v 0 		-12.288 		56.6
v 0 		-12.288 		56
v -16.384 		-2.5 		55.6645
v -16.384 		-2.4115 		55.6536
v 9.1091 		-7.168 		56
v 9.1091 		-7.168 		56.32
v 9.1438 		-7.168 		56.32
v 0.837 		5.895 		1.447
v 9.1028 		-7.168 		55.4
v 8.9519 		-7.168 		55.4
v 8.9519 		-7.168 		56
v 1.764 		4.947 		1.447
v 8.858 		-8.006 		56.6
v 8.777 		-8.192 		56.6
v -10.034 		-18.78 		53.084
v -2.461 		-12.288 		55.74
v -16.384 		-3.018 		55.6003
v -16.384 		-2.5885 		55.6536
v -22.707 		-0.5 		45.952
v 1.976 		7.284 		2.249
v 3.122 		6.112 		2.249
v -9.414 		-19.296 		52.499
v -20.934 		-2.5 		46.73
v -9.579 		-19.134 		52.239
v 4.052 		4.755 		2.249
v -21.479 		-2.5 		47.072
v 4.427 		7.231 		3.215
v -9.758 		-19.077 		52.499
v 5.526 		5.625 		3.215
v -5.0375 		-8.2851 		56
v -16.384 		-6.144 		55.296
v -10.09 		-18.847 		52.499
v -4.613 		-8.702 		55.4
v -4.733 		-8.7537 		55.4
v -4.8563 		-8.8382 		55.4
v 0.647 		3.327 		0.818
v -4.9646 		-8.8771 		55.4
v -4.4532 		-8.6135 		55.4
v 1.608 		1.011 		0.818
v -4.2791 		-8.4821 		55.4
v -5.039 		-8.525 		55.826
v -4.716 		-8.386 		55.826
v -8.5 		-19.461 		52.84
v -4.35 		-8.326 		55.663
v -8.322 		-19.473 		52.499
v -7.4521 		-3.3155 		28.672
v -4.977 		-8.818 		55.5
v 2.516 		3.848 		1.447
v 3.071 		2.632 		1.447
v 3.41 		1.336 		1.447
v -6.0795 		-8.3716 		56
v -9.125 		-19.353 		52.043
v 4.737 		3.252 		2.249
v -8.793 		-19.413 		52.003
v -8.407 		-19.357 		51.843
v 5.156 		1.651 		2.249
v -5.8031 		-8.418 		56
v -5.731 		-8.3958 		56
v -5.2866 		-8.359 		56
v 5.298 		0 		2.249
v 6.337 		3.848 		3.215
v -5.1699 		-8.3422 		56
v 6.833 		1.953 		3.215
v -5.979 		-8.3727 		56
v -5.8955 		-8.3749 		56
v -5.9628 		-8.9591 		55.4
v -6.0465 		-8.92 		55.4
v -8.792 		-19.13 		51.513
v -21.153 		-3.018 		46.777
v -8.595 		-19.077 		51.364
v -21.611 		-3.5 		46.893
v -5.3371 		-8.9587 		55.4
v -5.4646 		-8.9591 		55.4
v -5.714 		-8.9496 		55.4
v -9.003 		-19.22 		51.688
v 7 		0 		3.215
v -9.031 		-19.14 		51.603
v -9.101 		-19.134 		51.63
v -0.207 		-0.483 		28
v -21.03 		-3.5 		46.527
v -21.951 		-3.914 		46.847
v 8.192 		-8.192 		56.6
v 8.192 		-8.11 		56.6
v 8.361 		-7.73 		56.6
v -0.289 		-1.549 		28
v -0.1111 		-1.5264 		28
v -0.631 		-1.732 		28
v 8.361 		-7.73 		56.32
v -0.83 		-1.946 		28
v 8.858 		-8.006 		56.32
v 8.945 		-7.7156 		56.32
v 8.749 		-8.192 		56.32
v 8.777 		-8.192 		56.32
v 8.9451 		-7.7152 		56.32
v 9.108 		-7.3194 		56.32
v 9.095 		-7.314 		56
v 9.0707 		-7.3039 		55.4
v 8.9858 		-7.5794 		56
v 8.858 		-8.006 		56
v 8.7338 		-8.192 		56
v -21.363 		-3.914 		46.399
v -8.918 		-19.141 		51.559
v 8.7132 		-8.192 		55.5676
v 8.9858 		-7.5793 		56
v -20.926 		-3.914 		46.175
v 16.384 		0 		26
v 16.384 		0 		24.576
v 18 		0 		24.576
v 18 		0 		26
v 17.9229 		-1.1735 		24.576
v 0 		-1.5123 		27.648
v -0.289 		-1.549 		27.648
v 17.9234 		-1.1653 		24.576
v 18.0231 		0 		24.576
v 17.7458 		-3.2445 		24.576
v 17.807 		-2.937 		24.576
v -0.631 		-1.732 		27.648
v 17.6885 		-3.9111 		24.576
v 17.7453 		-3.2473 		24.576
v -16.384 		-10.24 		53.248
v 17.233 		-5.823 		24.576
v 17.3742 		-5.113 		24.576
v 17.0378 		-6.3982 		24.576
v 17.0323 		-6.4143 		24.576
v 16.4289 		-8.192 		24.576
v 16.4714 		-8.192 		24.576
v 16.6945 		-7.703 		24.576
v -0.83 		-1.946 		27.648
v 17.3767 		-5.1005 		24.576
v 25.66 		0 		19
v 25.587 		-0.647 		18.957
v -16.384 		-12.288 		55.296
v -16.384 		-12.288 		55.4
v -23.463 		-3.914 		45.057
v -17.2469 		-0.958 		55.4
v -17.2885 		-0.8556 		55.296
v -17.6186 		-0.768 		55.296
v -17.9627 		-0.768 		55.4
v 24.934 		0 		20.088
v -24.279 		-3.914 		45.942
v -16.9201 		-1.024 		55.296
v -17.1026 		-1.024 		55.4
v -8.245 		-19.046 		51.364
v 24.866 		-0.647 		20.036
v -18.2612 		-0.7235 		55.4
v -18.1558 		-0.6879 		55.296
v -18.432 		-0.6555 		55.296
v -18.432 		-0.7035 		55.4
v -18.3265 		-0.7158 		55.4
v -18.432 		0 		55.4
v 25.37 		-1.25 		18.833
v 24.668 		-1.25 		19.884
v -9.343 		-19.116 		51.723
v -23.942 		-3.5 		45.137
v -9.568 		-18.764 		51.285
v -24.484 		-3.5 		45.779
v 8.7053 		-8.192 		55.4
v 8.702 		-7.73 		56
v 8.192 		-8.11 		56
v 8.192 		-8.192 		56
v -18.432 		-1.024 		55.4
v -18.393 		-0.768 		55.53
v 8.702 		-7.73 		55.4
v 8.192 		-8.192 		55.4
v 8.7003 		-8.192 		55.296
v 9.0664 		-7.3022 		55.296
v 8.192 		-8.192 		55.296
v 8.881 		-7.226 		53.395
v -6.842 		10.338 		45.393
v -17.2236 		-1.982 		56
v -17.2018 		-2.048 		56
v -5 		10.521 		45.393
v -9.688 		-18.957 		51.723
v -17.408 		-1.8054 		56
v 9.042 		-7.292 		54.693
v -9.741 		-19.046 		52.105
v -16.7845 		-1.086 		55.296
v -16.967 		-1.086 		55.4
v -6.995 		11.325 		46.358
v 25.026 		-1.768 		18.634
v -9.436 		-19.135 		51.931
v 26.659 		0 		16.588
v 26.577 		-0.647 		16.566
v -16.546 		-6.263 		47.396
v -17.034 		-1.982 		55.933
v -10 		-18.741 		51.723
v 26.239 		0 		17.827
v 26.16 		-0.647 		17.794
v -17.096 		-1.5 		55.777
v -17.207 		-6.535 		48.5
v -17.195 		-1.086 		55.53
v 26.336 		-1.25 		16.502
v -0.945 		-2.179 		28
v -0.996 		-2.435 		28
v -0.951 		-2.789 		28
v 25.929 		-1.25 		17.699
v -17.832 		-1.982 		56.215
v -1.1362 		-4.096 		28
v -0.884 		-3.891 		28
v 25.952 		-1.768 		16.399
v -17.874 		-1.5 		56.052
v 25.562 		-1.768 		17.547
v -17.5069 		-1.7106 		56
v -17.7269 		-1.5 		56
v -0.768 		-3.131 		28
v -0.5379 		-3.3203 		28
v -18.432 		-1.2469 		56
v -17.707 		-4.232 		45.974
v -18.3108 		-1.2847 		56
v -17.8064 		-1.4588 		56
v -5 		11.523 		46.358
v 25.268 		-2.165 		16.807
v 0 		-4.096 		27.648
v -2.048 		-4.096 		27.648
v -0.065 		-3.487 		27.648
v 0 		-3.4799 		27.648
v -0.945 		-2.179 		27.648
v -7.134 		12.214 		47.396
v 24.578 		-2.165 		18.375
v -0.996 		-2.435 		27.648
v -0.951 		-2.789 		27.648
v -0.768 		-3.131 		27.648
v -0.469 		-3.377 		27.648
v -5 		8.251 		43.713
v -6.674 		9.261 		44.509
v 21.957 		-0.647 		22.587
v -5 		9.427 		44.509
v 22 		0 		22.66
v 20.827 		0 		23.239
v 20.794 		-0.647 		23.16
v -18.432 		0 		55.296
v -3.326 		9.261 		44.509
v 20.699 		-1.25 		22.929
v -1.702 		8.768 		44.509
v -18.432 		-1.024 		55.296
v 20.547 		-1.768 		22.562
v -17.324 		-0.768 		55.207
v -16.656 		-0.768 		54.865
v 24.011 		-0.647 		21.011
v 24.071 		0 		21.071
v 23.088 		0 		21.934
v 23.036 		-0.647 		21.866
v -17.801 		-0.568 		54.946
v -9.443 		12.335 		48.5
v 23.834 		-1.25 		20.834
v -10.689 		-18.498 		51.728
v 22.884 		-1.25 		21.668
v -10.35 		-18.541 		52.893
v -10.377 		-18.564 		52.499
v 21.833 		-1.25 		22.37
v 8.388 		-4.175 		49.661
v -10.303 		8.91 		45.393
v -8.628 		9.796 		45.393
v 8.881 		-4.274 		50.87
v 23.553 		-1.768 		20.553
v -10.269 		-18.475 		51.722
v 22.642 		-1.768 		21.353
v 21.634 		-1.768 		22.026
v 8.245 		-6.964 		50.87
v -10.745 		9.778 		46.358
v 9.269 		-4.351 		52.118
v 8.615 		-7.116 		52.118
v -16.627 		-4.232 		46.767
v 21.851 		-2.165 		21.26
v -10.384 		-18.637 		51.52
v 8.192 		-8.192 		56.32
v 21.074 		-2.415 		21.056
v -18.071 		-4.432 		45.379
v 8.192 		-8.192 		53.248
v -5.1899 		-8.9011 		55.4
v 4.096 		-2.048 		56.6
v -5.714 		-8.638 		55.826
v -5.358 		-8.76 		55.663
v 4.096 		-2.048 		56
v -10.27 		-18.474 		51.723
v -8.93 		10.737 		46.358
v 4.096 		-2.048 		55.4
v 4.096 		-4.096 		56.6
v 4.096 		-4.096 		56
v -11.144 		10.56 		47.396
v -2.048 		-4.096 		26.624
v 4.096 		-4.096 		55.4
v -4.096 		-4.096 		28
v -4.096 		-2.048 		26.624
v -4.096 		-4.096 		26.624
v -9.203 		11.586 		47.396
v -0.289 		-1.549 		25
v -0.631 		-1.732 		25
v -0.83 		-1.946 		25
v -11.495 		11.25 		48.5
v 1.1604 		-0.7058 		55.4
v 1.1396 		-0.9067 		55.4
v 1.1552 		-0.328 		55.4
v -10.269 		-18.474 		51.722
v -12.386 		8.476 		46.358
v 0 		-1.024 		56.6
v -4.096 		-2.048 		25
v -16.852 		-0.568 		54.513
v -12.898 		9.168 		47.396
v -0.289 		-1.549 		26
v -0.631 		-1.732 		26
v -0.83 		-1.946 		26
v -13.35 		9.778 		48.5
v -4.096 		-2.048 		26
v -0.065 		-3.487 		26
v -6.5707 		-8.8382 		55.4
v -0.945 		-2.179 		26
v -6.814 		-8.702 		55.4
v 0.6583 		-0.8894 		56
v -6.9738 		-8.6135 		55.4
v 0.7025 		-0.6113 		56
v -0.996 		-2.435 		26
v -0.951 		-2.789 		26
v -0.768 		-3.131 		26
v -0.469 		-3.377 		26
v -6.694 		-8.7537 		55.4
v -6.3534 		-8.912 		55.4
v -8.298 		8.768 		44.509
v -6.4624 		-8.8771 		55.4
v -0.065 		-3.487 		25
v -7.1479 		-8.4821 		55.4
v -0.945 		-2.179 		25
v -7.077 		-8.326 		55.663
v -0.996 		-2.435 		25
v -3.698 		6.871 		43.01
v -6.711 		-8.386 		55.826
v -0.951 		-2.789 		25
v -6.388 		-8.525 		55.826
v -16.821 		-0.5 		53.914
v -0.768 		-3.131 		25
v -0.469 		-3.377 		25
v -2.435 		6.487 		43.01
v -6.45 		-8.818 		55.5
v -1.25 		5.861 		43.01
v -18.071 		-0.568 		54.121
v -0.179 		5.011 		43.01
v -4.096 		-2.048 		24.576
v 19.588 		0 		23.659
v 19.566 		-0.647 		23.577
v -17.707 		-0.768 		53.526
v -7.1362 		-2.048 		28
v -7.232 		-1.869 		28
v -7.232 		-1.869 		26.624
v -7.1362 		-2.048 		26.624
v 0.7025 		-0.0447 		56
v -7.446 		-1.67 		28
v -7.446 		-1.67 		26.624
v -3.506 		8.103 		43.713
v -7.679 		-1.555 		28
v -7.679 		-1.555 		26.624
v -7.8845 		-1.5326 		28
v 1.013 		-0.328 		55.663
v -8.065 		-1.513 		26.624
v -2.057 		7.663 		43.713
v -8.192 		-1.5476 		28
v -8.192 		-1.5476 		26.624
v -7.794 		-0.483 		28
v -7.911 		-1.244 		28
v 19.502 		-1.25 		23.336
v -0.698 		6.944 		43.713
v 19.399 		-1.768 		22.952
v 1.0573 		-1.2705 		55.4
v 18 		0 		24
v 17.8249 		-2.048 		24
v -0.179 		7.963 		44.509
v 18.305 		0 		23.914
v 18.294 		-0.647 		23.83
v 0 		-1.0535 		56.6
v 0.3912 		-1.8706 		56
v -3.899 		5.575 		42.405
v 17.9974 		0 		23.9343
v 17.9829 		-0.1593 		23.9144
v 17.9542 		-0.4771 		23.8746
v -2.832 		5.251 		42.405
v 17.9388 		-0.647 		23.8533
v -1.83 		4.722 		42.405
v -7.1867 		-3.072 		28
v -7.17 		-3.054 		28
v 18.262 		-1.25 		23.582
v -7.055 		-2.821 		28
v 0.4631 		-1.65 		56
v 0.6338 		-1.1261 		56
v -7.004 		-2.565 		28
v -7.049 		-2.211 		28
v 17.8773 		-1.25 		23.6073
v -7.794 		-2.517 		28
v 17.9211 		-0.8208 		23.7825
v 18.21 		-1.768 		23.189
v 0.9852 		-1.6375 		55.4
v 0.9242 		-1.8247 		55.4
v 17.8581 		-1.4158 		23.4815
v 17.8172 		-1.768 		23.2146
v 0.92 		-1.224 		55.663
v 17.7909 		-1.952 		22.9508
v -16.5784 		-4.232 		46.8298
v 17.8068 		-1.836 		23.1009
v -16.569 		-4.432 		46.28
v -16.384 		-4.3849 		46.6299
v -16.5539 		-4.2498 		46.8042
v -9.821 		-16.511 		50.87
v -9.187 		-18.212 		50.195
v 0.2668 		-2.1068 		56
v -9.206 		-18.379 		50.327
v 0.6263 		-2.4795 		55.4
v 0.5292 		-2.64 		55.4
v 0.3152 		-2.9026 		55.4
v -8.404 		-18.376 		50.267
v 0.7711 		-2.149 		55.4
v 0 		-2.9847 		55.663
v 0.215 		-2.775 		55.663
v 0 		-2.7302 		55.8546
v -20.291 		-4.232 		45.621
v 0 		-2.6899 		55.8739
v 0.648 		-2.059 		55.663
v -9.674 		-17.5 		50.276
v -19.5 		-4.232 		45.531
v -7.4083 		-8.2981 		55.4
v -10.235 		-17.5 		50.609
v -9.939 		-17.75 		50.355
v -9.737 		-17.882 		50.257
v -7.4493 		-3.3138 		28
v -7.369 		-3.268 		28
v -8.192 		-3.4524 		28
v -8.192 		-3.4524 		27.648
v -7.315 		-8.2702 		55.506
v -7.515 		-3.233 		28
v -18.97 		-4.232 		45.567
v 0.1079 		-3.1745 		55.4
v -20.367 		-4.432 		45.223
v -18.074 		-1.086 		53.325
v -9.477 		-17.999 		50.182
v 0 		-3.2798 		55.4
v -23.424 		-4.232 		48.658
v 4.096 		-6.144 		56.6
v -22.871 		-4.232 		47.411
v 4.096 		-6.144 		56
v -23.709 		-4.432 		48.266
v 4.096 		-6.144 		55.4
v 17.807 		-2.937 		24
v 17.7051 		-3.4491 		24
v 4.556 		-8.192 		56.6
v 4.096 		-8.192 		56.6
v -7.565 		6.487 		43.01
v -6.302 		6.871 		43.01
v 8.1556 		-8.192 		56.6
v 18.142 		-2.165 		22.675
v 17.7616 		-2.165 		22.675
v 8.1556 		-8.192 		56
v 4.096 		-8.192 		56
v -8.192 		-3.4524 		26.624
v -5 		7 		43.01
v 4.096 		-8.192 		55.4
v 17.666 		-3.907 		24
v 6.144 		-8.192 		53.248
v -7.1362 		-2.048 		25
v -7.1362 		-2.048 		24.576
v 17.6656 		-3.9086 		24
v -7.232 		-1.869 		25
v 17.7047 		-3.4513 		24
v -7.446 		-1.67 		25
v 7.775 		-6.77 		49.661
v -7.679 		-1.555 		25
v -8.065 		-1.513 		25
v -7.943 		7.663 		43.713
v -6.494 		8.103 		43.713
v -7.1362 		-2.048 		26
v 19.613 		-2.415 		21.698
v -8.192 		-1.5476 		26
v -20.242 		-0.768 		55.606
v -19.9423 		-0.9085 		55.7234
v -19.9343 		-0.832 		55.6757
v -19.9272 		-0.768 		55.6272
v -19.9204 		-0.7265 		55.5433
v -19.9453 		-0.9335 		55.7483
v 18.448 		-2.5 		21.277
v -7.679 		-3.445 		26
v -8.065 		-3.487 		26
v -7.369 		-3.268 		26
v -19.9087 		-0.6556 		55.4
v -19.9002 		-0.6042 		55.296
v -7.17 		-3.054 		26
v -7.055 		-2.821 		26
v 18.774 		-2.415 		20.619
v 17.5626 		-2.3487 		20.6409
v -7.004 		-2.565 		26
v -23.196 		-4.432 		47.186
v -7.049 		-2.211 		26
v -19.8551 		0 		55.3334
v -8.192 		-3.4524 		26
v 0 		-4.096 		28
v -2.984 		-5.294 		28
v -4.096 		-8.192 		28
v -4.096 		-5.3667 		28
v -2.267 		-5.015 		28
v -4.096 		-8.192 		25
v -4.096 		-8.192 		26
v -4.096 		-8.192 		24.576
v -6.391 		-4.616 		28
v -5.733 		-5.015 		28
v -4.513 		-5.394 		28
v 17.6587 		-2.4733 		21.5285
v 17.6257 		-2.5 		21.2728
v 17.7076 		-2.4357 		21.908
v 17.5855 		-2.4268 		20.8867
v 17.5766 		-2.415 		20.804
v 17.5712 		-2.3885 		20.7405
v 17.583 		-3.892 		21.908
v 17.732 		-2.333 		22.2966
v 17.7161 		-2.415 		22.0754
v 17.7096 		-2.4315 		21.9501
v -19.9562 		-1.024 		55.8378
v -19.9632 		-1.024 		56
v 16.595 		-7.666 		21.908
v -8.192 		-3.4524 		24.576
v -8.192 		-3.4524 		25
v 17.4499 		-4.7325 		24
v 17.233 		-5.823 		24
v 16.9331 		-6.7064 		24
v -8.192 		-8.192 		24.576
v -8.192 		-8.192 		25
v 16.673 		-7.695 		24
v -8.192 		-8.192 		28
v 16.9288 		-6.7192 		24
v 17.4508 		-4.7279 		24
v -8.192 		-8.192 		26
v 16.4463 		-8.192 		24
v 6.144 		-8.192 		55.296
v 16.4289 		-8.192 		24
v 8.192 		-9.536 		56
v 8.192 		-9.509 		56
v 8.192 		-9.536 		56.2333
v 8.192 		-9.4396 		55.4
v 8.192 		-9.4276 		55.296
v 8.192 		-9.536 		56.2357
v 24.353 		-1.768 		19.642
v -9.925 		-18.208 		50.49
v -19.8124 		-1.024 		56.0863
v -19.8124 		-1.024 		56
v -19.411 		0 		56
v -19.456 		0 		56
v -10.142 		-17.983 		50.524
v 20.49 		-1.768 		18.548
v -19.5 		-0.768 		55.656
v -9.393 		-17.5 		50.172
v 22.761 		-2.415 		19.761
v -8.629 		-17.5 		50.047
v -8.506 		-17.977 		50.028
v -9.104 		-17.797 		50.049
v 23.76 		-2.415 		18.517
v -19.456 		-1.024 		55.296
v -19.456 		-1.024 		55.4
v -19.9665 		-1.024 		56.0758
v -8.569 		-17.736 		50
v -18.659 		-1.982 		56.385
v 21.158 		-2.5 		20.223
v -18.68 		-1.5 		56.218
v -10.602 		-17.5 		50.968
v -10.614 		-17.762 		50.902
v -10.535 		-18.036 		50.887
v -8.17 		4.722 		42.405
v 21.509 		-2.415 		19.141
v -7.168 		5.251 		42.405
v -6.101 		5.575 		42.405
v -5 		5.684 		42.405
v -18.7079 		-1.1607 		56
v -19.2364 		-1.2392 		56
v -19.456 		-1.224 		56
v -10.293 		-18.208 		50.761
v -24.504 		-4.432 		47.986
v 20.805 		-2.165 		18.959
v -22.373 		-4.232 		46.767
v -18.714 		-1.086 		55.952
v -8.794 		-18.525 		50.41
v 21.548 		-1.768 		17.49
v -9.208 		-18.744 		50.81
v -8.511 		-18.893 		51.026
v -8.331 		-18.679 		50.619
v -19.841 		-1.51 		56.6
v -20.341 		-1.982 		56.385
v 0 		-12.891 		56.6
v -0.695 		-13.279 		56.6
v 8.192 		-9.536 		56.6
v -0.7806 		-13.312 		56.6
v 8.192 		-9.536 		56.32
v -2.048 		-13.312 		56.6
v 8.192 		-8.8769 		56
v 8.192 		-9.216 		56
v 8.192 		-9.216 		55.4
v 8.192 		-8.8769 		55.4
v -0.695 		-13.279 		56
v 0 		-12.891 		56
v -0.7806 		-13.312 		56
v -0.882 		-13.312 		56
v 8.192 		-9.546 		56.32
v -2.048 		-13.312 		56
v -8.616 		-18.867 		51.07
v 0 		-13.312 		55.8739
v -0.84 		-13.312 		55.994
v -1.733 		-13.312 		55.94
v -2.048 		-13.312 		55.8535
v 0 		-13.312 		56
v 7.7667 		-9.216 		56.6
v 7.7002 		-9.216 		56.6
v -8.955 		-18.858 		51.11
v 0 		-13.312 		55.4
v -2.048 		-13.8006 		56.6
v -3.672 		2.635 		41.511
v 7.7667 		-9.216 		56.32
v 7.7002 		-9.216 		56.32
v 8.1077 		-9.216 		55.4
v 8.1077 		-9.216 		56
v -2.048 		-13.8006 		56
v 7.99 		-10 		56.6
v 7.8485 		-10.24 		56.6
v -9.189 		-18.884 		51.096
v -2.048 		-14.336 		56
v -3.677 		4.095 		41.905
v 7.168 		-10.24 		56.6
v 7.168 		-10.2094 		56.6
v 7.513 		-9.637 		56.6
v 7.513 		-9.637 		56.32
v -2.048 		-14.336 		55.8535
v 7.8586 		-10.24 		56.32
v 8.002 		-10.0078 		56.32
v 7.99 		-10 		56.32
v 7.8485 		-10.24 		56.32
v -0.925 		4.004 		42.405
v 7.99 		-10 		56
v -0.144 		3.118 		42.405
v 7.9675 		-9.9853 		55.4
v 7.8418 		-10.24 		56
v 7.8485 		-10.24 		56.1273
v -2.9811 		-13.312 		55.4
v -2.2839 		-13.312 		55.7887
v 7.8348 		-10.24 		55.8685
v 7.8417 		-10.24 		56
v 7.8485 		-10.24 		56.1293
v -2.8257 		-13.312 		55.514
v 7.8101 		-10.24 		55.4
v -2.9052 		-13.312 		55.4737
v -2.088 		-13.816 		56.6
v 7.854 		-9.637 		56
v 7.4906 		-10.24 		56
v 7.7091 		-10.24 		56
v -3.532 		-14.141 		56.6
v -4.096 		-14.1829 		56.6
v -1.166 		0.136 		41.4363
v 7.168 		-10.2094 		56
v 7.168 		-10.24 		56
v 7.4906 		-10.24 		55.4
v 7.854 		-9.637 		55.4
v -2.088 		-13.816 		56
v -9.624 		-18.534 		50.663
v -3.532 		-14.141 		56
v -1.3559 		0.395 		41.0194
v -4.096 		-14.336 		55.4
v -3.6986 		-14.336 		55.4
v -9.622 		-18.834 		51.199
v -1.363 		0.4047 		40.9619
v -3.0447 		-14.336 		55.4
v -2.9835 		-14.336 		55.4
v -2.461 		-14.336 		55.74
v -2.2713 		-14.336 		55.7921
v -2.8516 		-14.336 		55.4979
v 7.9636 		-9.9828 		55.296
v -4.096 		-14.336 		55.296
v -2.008 		1.096 		41.4984
v -3.0907 		-14.336 		55.296
v -1.7446 		0.844 		41.511
v -10.028 		-18.569 		50.975
v -21.293 		-4.232 		45.974
v -2.9164 		-14.336 		55.4651
v 7.793 		-9.871 		53.395
v -22.431 		-4.432 		46.28
v 7.941 		-9.968 		54.693
v -1.0844 		-0.0288 		41.6173
v -1.0764 		-0.0268 		41.6202
v -21.466 		-4.432 		45.61
v 4.096 		-8.972 		56.6
v 4.096 		-10.24 		56.6
v 4.096 		-9.0409 		56.6
v 0 		-16.384 		55.4
v 4.096 		-8.972 		56
v 0 		-16.384 		55.8739
v 4.096 		-9.0409 		56
v 4.096 		-10.24 		56
v 4.096 		-10.24 		55.4
v -21.652 		-4.5 		45.219
v -2.9858 		-15.36 		55.4
v -0.7385 		-1.395 		41.3139
v -0.7522 		-1.2707 		41.5126
v -0.7576 		-1.2218 		41.5715
v -3.0954 		-16.384 		55.296
v -3.072 		-16.384 		55.3187
v -2.9882 		-16.384 		55.4
v -4.096 		-16.384 		55.4
v -19.9722 		-1.982 		56.4104
v -19.9721 		-1.983 		56.4106
v -3.072 		-16.384 		55.4
v -23.126 		-4.5 		46.448
v -4.096 		-16.384 		55.296
v -0.35 		-15.978 		49.661
v -0.7731 		-1.9191 		41.63
v 21.964 		-1.768 		16.866
v 20.51 		-1.25 		18.002
v -22.984 		-4.432 		45.624
v -5 		-14.25 		56.6
v -6.144 		-14.1651 		56.6
v -23.701 		-4.432 		46.402
v -5 		-14.25 		56
v -22.962 		-4.232 		45.064
v -6.144 		-14.336 		55.4
v -13.0509 		-1.4206 		31.744
v -23.522 		-4.232 		45.574
v -8.192 		-13.312 		56
v -24.219 		-4.232 		46.476
v -0.727 		-1.5 		41.6482
v -0.7646 		-1.1487 		41.6391
v -0.7656 		-1.1485 		41.6388
v -8.192 		-13.312 		55.8705
v -6.468 		-14.141 		56.6
v -7.912 		-13.816 		56.6
v -1.1254 		0.054 		41.559
v -0.1819 		-1.2144 		41.8533
v -8.192 		-13.7081 		56.6
v -6.468 		-14.141 		56
v -7.912 		-13.816 		56
v -17.034 		-1.982 		43.567
v -8.192 		-13.7081 		56
v -7.0718 		-14.336 		55.4
v -17.832 		-1.982 		43.286
v -7.1684 		-14.336 		55.4
v 21.233 		-1.25 		17.248
v -7.8422 		-14.336 		55.4
v -7.6026 		-14.336 		55.6691
v -7.3814 		-14.336 		55.5569
v -1.847 		-3.955 		41.5089
v -1.8234 		-3.9304 		41.511
v -7.717 		-14.336 		55.74
v -8.192 		-14.336 		55.8705
v -17.096 		-1.5 		43.723
v -6.144 		-14.336 		55.296
v -8.1475 		-14.336 		55.296
v -17.874 		-1.5 		43.448
v 21.034 		-0.647 		17.096
v -8.192 		-14.336 		56
v -16.656 		-0.768 		44.635
v -0.797 		-2.137 		41.635
v -0.9732 		-2.7425 		41.6144
v 21.404 		-0.647 		16.543
v -17.324 		-0.768 		44.293
v -6.144 		-16.384 		55.296
v -6.144 		-16.384 		55.4
v -18.028 		-0.768 		44.045
v 20.751 		0 		17.29
v -1.037 		-2.8752 		41.6039
v -0.976 		-2.752 		41.6142
v -17.801 		-0.568 		44.554
v -1.1977 		-3.1528 		41.5728
v -0.368 		-3.948 		41.905
v 21.33 		0 		16.5
v -1.6199 		0.7247 		41.5197
v -0.814 		1.822 		41.905
v -1.404 		-3.492 		41.5638
v -1.3293 		-3.3803 		41.5685
v -1.166 		0.136 		41.6078
v -19.154 		-0.568 		44.274
v -1.545 		0.653 		41.5369
v -20.191 		-0.568 		44.298
v -0.7507 		0.054 		41.7377
v -19.026 		-0.5 		44.741
v -0.095 		0.1224 		41.9643
v 24.527 		-2.415 		17.118
v 23.574 		-2.5 		17.374
v -18.659 		-1.982 		43.115
v 22.437 		-2.415 		18.172
v -19.5 		-1.982 		43.058
v 23.331 		-2.415 		16.623
v -7.203 		-0.863 		41.1996
v -7.1213 		-0.5823 		41.1909
v -7.273 		-1.5 		41.2027
v 21.419 		-2.165 		18.419
v -20.341 		-1.982 		43.115
v -7.352 		-0.257 		41.228
v -3.363 		1.703 		41.3912
v -3.223 		1.6623 		41.3995
v -2.8401 		1.5508 		41.4168
v -7.0296 		-0.2674 		41.1939
v -4 		1.773 		41.3342
v -18.68 		-1.5 		43.282
v -2.505 		1.871 		41.511
v -7.024 		-0.248 		41.1945
v 6.9 		-11.849 		56
v 6.6417 		-12.183 		56
v -19.9684 		-2.048 		56.418
v -19.984 		-1.7774 		56.3379
v -19.9869 		-1.7268 		56.32
v -2.748 		1.524 		41.4287
v -19.8688 		-1.982 		56.4176
v -19.8132 		-1.982 		56.4214
v -19.8131 		-1.9835 		56.4216
v -19.8093 		-2.048 		56.429
v -19.8485 		-1.6998 		56.32
v -19.83 		-1.6961 		56.32
v -19.5 		-1.982 		56.443
v -12.288 		-10.24 		56.6
v -19.5 		-1.5 		43.226
v 7.1589 		-11.2852 		55.296
v 6.6392 		-12.1863 		56
v -12.288 		-10.24 		56
v 6.5763 		-12.288 		56
v -20.32 		-1.5 		43.282
v -12.288 		-10.24 		55.4
v 6.5393 		-12.288 		55.296
v -18.758 		-0.768 		43.894
v -20.286 		-1.086 		43.548
v 6.144 		-11.7886 		56.6
v 6.448 		-11.404 		56.6
v 6.5605 		-12.288 		56
v -19.5 		-0.768 		43.844
v 6.448 		-11.404 		56
v 6.144 		-11.7886 		56
v -19.959 		-1.0472 		55.8608
v -19.968 		-1.1267 		55.9272
v -19.968 		-1.0857 		56
v -14.336 		-0.1395 		29.2246
v -19.968 		-1.0399 		56.0813
v -10.24 		-12.288 		56.6
v -10.24 		-12.288 		56
v -19.8404 		-1.5 		56.2507
v -19.968 		-1.5 		56.242
v -19.8228 		-1.2012 		56
v -19.968 		-1.213 		56
v -19.8425 		-1.536 		56.2632
v -19.8425 		-1.536 		56
v -19.841 		-1.51 		56
v -19.841 		-1.51 		56.2542
v -19.8395 		-1.536 		56.2634
v -17.013 		-2.5 		43.514
v -10.24 		-12.288 		55.8575
v -17.818 		-2.5 		43.23
v -10.9604 		-12.288 		56.6
v -11.849 		-11.615 		56.6
v -19.5 		-1.5 		56.274
v -12.288 		-11.1788 		56.6
v 22.186 		-2.165 		17.465
v -11.1717 		-12.288 		56.6
v -11.849 		-11.615 		56
v -10.9604 		-12.288 		56
v -11.1717 		-12.288 		56
v -12.288 		-11.1788 		56
v -19.8043 		-1.1998 		56
v -12.288 		-12.288 		56
v -12.288 		-11.3783 		56
v -19.483 		-1.2221 		56
v -12.288 		-12.288 		55.4
v -16.488 		-3.914 		44.332
v -17.874 		-3.5 		43.448
v -10.8304 		-12.288 		55.4
v -10.2793 		-12.288 		55.8467
v -10.639 		-12.288 		55.74
v -10.9779 		-12.288 		55.53
v 19.53 		-1.768 		19.13
v -11.0719 		-12.288 		55.4823
v -17.096 		-3.5 		43.723
v 19.668 		-1.25 		18.62
v -12.288 		-12.288 		56.6
v -13.1685 		-10.24 		56.6
v -19.9972 		-1.536 		56
v -20 		-1.5 		56
v -20.32 		-1.5 		56.218
v 18.946 		-0.647 		18.698
v -19.9979 		-1.536 		56.0161
v -14.336 		-10.24 		55.296
v -14.336 		-10.24 		53.248
v 18.604 		0 		18.724
v -12.955 		-10.516 		56.6
v -20.0021 		-1.536 		56.1117
v -19.9979 		-1.536 		56.0162
v -19.9972 		-1.536 		56
v -6.3481 		-3.7751 		41.208
v -19.9835 		-1.2143 		56
v -6.4623 		-3.6326 		41.206
v 18.116 		-1.768 		19.61
v -6.3251 		-3.7952 		41.2078
v -6.488 		-3.909 		41.228
v 18.381 		-1.25 		19.153
v 17.4485 		-0.9768 		19.1728
v -6.1045 		-3.9883 		41.2155
v 17.4473 		-1.1183 		19.2263
v -5.992 		-4.096 		41.2204
v -15.36 		-12.288 		55.4
v 17.4488 		-0.647 		19.036
v 17.99 		-0.647 		18.977
v -15.36 		-12.288 		55.296
v -16.316 		-12.261 		53.395
v -6.941 		2.31 		41.511
v -5.674 		2.833 		41.511
v -19.9779 		-1.2138 		56
v 6.144 		-12.288 		56
v 6.144 		-12.2199 		56
v 6.789 		-11.404 		56
v -5 		2.9 		41.511
v -15.414 		-11.404 		49.661
v -20 		-1.5 		56.2398
v -20.0021 		-1.536 		56.2523
v 6.789 		-11.404 		55.4
v -6.7892 		-3.1791 		41.2
v -6.95 		-2.8866 		41.1921
v -6.7436 		-3.2712 		41.2029
v -6.6524 		-3.3957 		41.2045
v -7.126 		-3.187 		41.228
v -19.9979 		-1.536 		56.2526
v 6.144 		-12.288 		55.296
v 6.316 		-12.261 		53.395
v -7.16 		3.75 		41.905
v -7.203 		-2.137 		41.1855
v -7.2031 		-2.1357 		41.1855
v -7.024 		-2.752 		41.1943
v -7.506 		-2.261 		41.228
v 6.144 		-12.288 		56.6
v 6.144 		-12.288 		53.248
v 5.7492 		-12.288 		56.6
v 5.7492 		-12.288 		56
v 6.0902 		-12.288 		56
v 4.096 		-12.288 		55.4
v 4.096 		-12.288 		53.248
v -19.8304 		-1.6894 		56.3176
v 6.773 		-9.204 		49.661
v 5.414 		-11.404 		49.661
v -0.179 		-8.011 		43.01
v -6.114 		0.9892 		41.2122
v -6.0624 		1.0237 		41.2116
v -6.097 		1.165 		41.228
v 7.207 		-9.487 		50.87
v -17.034 		-3.018 		43.567
v -6.0276 		1.0469 		41.213
v -5.9999 		1.0672 		41.2143
v -5.703 		1.2849 		41.228
v 5.798 		-11.768 		50.87
v -2.1999 		-4.2137 		41.4678
v -2.026 		-4.328 		41.511
v -17.832 		-3.018 		43.286
v 7.548 		-9.71 		52.118
v -3.363 		-4.703 		41.3808
v -3.4957 		-4.7176 		41.3646
v -2.748 		-4.524 		41.4397
v -2.364 		-4.334 		41.4652
v -2.3209 		-4.3024 		41.4665
v -3.059 		-5.31 		41.511
v 6.099 		-12.055 		52.118
v -5.636 		1.334 		41.2338
v -5.332 		1.4844 		41.2455
v -5.2555 		1.5223 		41.2466
v -18.652 		-2.5 		43.058
v -5.252 		1.524 		41.2469
v -20.348 		-2.5 		43.058
v -4 		-4.773 		41.3448
v -5.2096 		1.5363 		41.2485
v 4.096 		-12.288 		55.296
v 3.925 		-9.262 		56.6
v 3.1685 		-10.24 		56.6
v -18.659 		-3.018 		43.115
v -4.637 		1.703 		41.297
v -4.1154 		1.7603 		41.3197
v -5.0163 		1.5926 		41.2662
v 3.925 		-9.262 		56
v -19.5 		-3.018 		43.058
v -20.341 		-3.018 		43.115
v 3.1685 		-10.24 		56
v 3.6645 		-10.24 		56
v 3.2328 		-10.24 		56
v 0 		-10.24 		55.4
v -0.144 		-6.118 		42.405
v 0.9604 		-12.288 		56.6
v -18.68 		-3.5 		43.282
v -2.84 		-6.75 		41.905
v -19.943 		-1.5 		54.693
v -15.798 		-11.768 		50.87
v 2.048 		-12.288 		53.248
v -0.925 		-7.004 		42.405
v 2.048 		-12.288 		55.4
v -1.83 		-7.722 		42.405
v -19.5 		-3.5 		43.226
v 6.447 		-12.386 		54.693
v 6.491 		-12.427 		56
v -19.8161 		-0.5731 		54.272
v -19.8166 		-0.5696 		54.2775
v 6.1831 		-12.776 		56
v 6.144 		-12.8203 		56
v -16.099 		-12.055 		52.118
v 6.144 		-12.8034 		55.7595
v -19.8601 		-0.5 		54.6494
v -19.8612 		-0.501 		54.6574
v -19.8662 		-0.5053 		54.693
v -19.8294 		-0.549 		54.3871
v -19.8168 		-0.568 		54.28
v 6.144 		-12.7712 		55.296
v -5.547 		-4.3534 		41.228
v -5.6525 		-4.2924 		41.222
v -5.672 		-4.341 		41.228
v -4.637 		-4.703 		41.2895
v -4.7556 		-4.6685 		41.275
v -4.1343 		-4.7582 		41.3336
v 5.184 		-13.003 		56.6
v -4.663 		-5.867 		41.511
v -9.2194 		-13.312 		56.6
v -9.305 		-13.279 		56.6
v -10.24 		-12.757 		56.6
v -19.8939 		-0.568 		55.2161
v -19.8954 		-0.5768 		55.236
v -19.8986 		-0.5945 		55.2764
v -9.305 		-13.279 		56
v -9.2194 		-13.312 		56
v 5.184 		-13.003 		56
v -10.24 		-12.757 		56
v -5.252 		-4.524 		41.2574
v -19.8929 		-0.5654 		55.1975
v 5.525 		-13.003 		56
v -4.9926 		-4.5995 		41.2678
v -6.328 		-5.635 		41.511
v 5.525 		-13.003 		55.4
v -6.7432 		0.2599 		41.198
v -6.6369 		0.4189 		41.1972
v -6.834 		0.136 		41.1995
v -7.495 		-4.87 		41.511
v -6.835 		0.579 		41.228
v 5.607 		-13.521 		56
v 4.9522 		-14.1714 		56
v -6.2261 		0.8819 		41.2105
v -6.5621 		0.5307 		41.2023
v 4.154 		-14.336 		55.4
v 4.096 		-14.336 		55.4
v -7.974 		1.328 		41.511
v 4.7633 		-14.336 		55.296
v 5.4751 		-13.529 		55.296
v 4.096 		-14.336 		55.296
v 4.495 		-14.325 		53.395
v -4.109 		-7.226 		41.905
v -5 		-7.314 		41.905
v -8.17 		-7.722 		42.405
v -19.846 		-0.568 		55.226
v 4.7693 		-14.336 		55.4
v 4.8061 		-14.336 		56
v 4.807 		-14.336 		56
v -18.809 		-0.568 		55.202
v 4.605 		-14.473 		54.693
v -13.111 		-1.982 		48.877
v 4.642 		-14.523 		56
v -19.026 		-0.5 		54.759
v 4.6388 		-14.5254 		55.9981
v 4.6233 		-14.5014 		55.4
v 4.6388 		-14.5255 		56
v -13.272 		-1.5 		48.899
v 4.131 		-14.987 		56
v 4.096 		-14.9564 		56
v 4.096 		-14.9199 		55.4
v 4.096 		-14.9136 		55.296
v 4.4244 		-14.6956 		56
v 4.096 		-14.9561 		56
v -13.528 		-1.086 		48.934
v -13.681 		-1.086 		48.131
v -19.355 		-0.568 		54.346
v 4.096 		-14.3924 		55.4
v 4.313 		-14.079 		52.118
v -20.03 		-0.768 		53.933
v -13.275 		-1.982 		48.018
v -13.546 		-1.982 		47.189
v 4.096 		-14.336 		53.248
v 4.096 		-14.9364 		55.6711
v -19.7886 		-0.768 		53.9494
v -19.7998 		-0.6998 		54.0739
v -13.432 		-1.5 		48.062
v -19.7861 		-0.8058 		53.908
v -19.8133 		-0.5953 		54.2373
v -13.696 		-1.5 		47.253
v 2.048 		-14.336 		55.296
v 2.048 		-14.336 		53.248
v 0.625 		-12.542 		56.6
v -14.126 		-0.768 		47.856
v -11.818 		7.709 		45.393
v 3.742 		-14.405 		56.6
v -14.385 		-0.568 		48.327
v 17.4802 		-0.1712 		18.9909
v 17.653 		0 		18.957
v 17.4956 		0 		18.9948
v -14.186 		4.51 		45.393
v -13.125 		6.227 		45.393
v 3.742 		-14.405 		56
v 4.083 		-14.405 		56
v -14.7663 		-0.597 		28.9133
v 4.083 		-14.405 		55.4
v -14.8589 		-0.305 		28.8264
v -14.951 		5.011 		46.358
v -13.802 		6.871 		46.358
v 2.5313 		-16.1983 		56
v 2.2973 		-16.384 		56
v 2.2435 		-16.384 		55.296
v 3.4732 		-15.408 		55.296
v 17.5047 		-1.8869 		19.832
v 17.4838 		-1.768 		19.6791
v 2.5 		-16.222 		56
v 17.4696 		-1.5919 		19.5351
v 2.4849 		-16.1918 		55.296
v 17.4462 		-1.25 		19.2762
v -15.641 		5.463 		47.396
v 2.2102 		-16.384 		56
v 2.1753 		-16.384 		55.8224
v 2.1936 		-16.384 		56
v 2.1935 		-16.384 		56
v -8.469 		-1.623 		28
v 2.1214 		-16.384 		55.296
v -8.768 		-1.869 		28
v 17.5115 		-1.983 		19.9567
v -8.945 		-2.179 		28
v -8.996 		-2.435 		28
v -14.413 		7.451 		47.396
v -8.951 		-2.789 		28
v 20.025 		-2.415 		20.133
v 2.148 		-15.586 		56.6
v -8.768 		-3.131 		28
v -8.469 		-3.377 		28
v 2.148 		-15.586 		56
v 18.618 		-2.165 		20.037
v 2.489 		-15.586 		56
v 19.392 		-2.165 		19.774
v 2.489 		-15.586 		55.4
v 2.048 		-15.827 		55.4
v -16.25 		5.861 		48.5
v -14.951 		7.963 		48.5
v 2.048 		-16.384 		55.296
v 2.386 		-15.999 		53.395
v 2.472 		-16.166 		54.693
v 2.0596 		-16.384 		54.693
v 2.048 		-16.384 		54.6557
v 17.337 		-3.848 		19.832
v -8.469 		-1.623 		25
v -15.445 		0.587 		45.393
v -8.768 		-1.869 		25
v -14.967 		2.611 		45.393
v 17.5229 		-2.165 		20.1812
v -8.469 		-1.623 		26
v -8.768 		-1.869 		26
v -16.316 		0.761 		46.358
v -19.7715 		-1.024 		53.6692
v 19.543 		-0.647 		18.404
v -8.945 		-2.179 		25
v -8.996 		-2.435 		25
v -8.951 		-2.789 		25
v 20.096 		-0.647 		18.034
v -8.768 		-3.131 		25
v -8.469 		-3.377 		25
v 3.739 		-13.303 		49.661
v 1.797 		-14.843 		49.661
v 19.772 		0 		18.148
v -8.945 		-2.179 		26
v 17.25 		0 		17.788
v 16.928 		-3.774 		17.788
v 4.06 		-13.737 		50.87
v -8.996 		-2.435 		26
v 2.048 		-15.335 		50.87
v -8.951 		-2.789 		26
v -8.768 		-3.131 		26
v -18.709 		-0.768 		53.879
v -19.5 		-0.768 		53.969
v 2.244 		-15.721 		52.118
v 16.384 		-8.3286 		24
v 16.384 		-8.3242 		24
v 16.384 		-8.3242 		24.576
v 16.384 		-8.3837 		24.576
v 12.85 		-2.284 		26
v 13 		0 		26
v 12.375 		0 		26
v 12.375 		0 		25
v 12.288 		-1.331 		25
v 0.4606 		-16.384 		55.808
v 1.024 		-16.384 		55.808
v -19.7545 		-1.5 		53.3161
v 13 		0 		25
v 12.85 		-2.284 		25
v 12.288 		-1.536 		25
v 1.024 		-16.384 		55.4
v 2.048 		-16.461 		56
v -19.7218 		-1.7282 		53.248
v 12.288 		-1.331 		24.576
v 12.288 		-1.536 		24.576
v 2.048 		-16.4475 		55.7527
v 12 		0 		26
v -19.772 		-1.5 		53.395
v 2.048 		-16.4609 		56
v 2.048 		-16.4284 		55.4
v 2.048 		-16.3901 		54.693
v -19.758 		-1.4106 		53.3629
v -19.7577 		-1.4188 		53.3586
v 1.2132 		-16.8641 		55.296
v 1.024 		-16.9697 		55.4
v 1.024 		-16.9641 		55.296
v 1.024 		-16.3866 		55.4
v 1.024 		-16.3866 		55.808
v 1.024 		-16.9641 		55.296
v 1.024 		-16.9919 		55.808
v -15.798 		2.954 		46.358
v 12 		0 		25
v 0.428 		-16.526 		56.6
v 12.2746 		-1.536 		24.576
v 12.2746 		-1.536 		25
v 0.74 		-17.206 		56
v 0.3681 		-17.3491 		56
v 0.428 		-16.526 		56
v 0.769 		-16.526 		56
v -9.821 		5.011 		43.01
v -8.75 		5.861 		43.01
v 0 		-16.8157 		55.8739
v 0.4606 		-16.6421 		55.808
v 0.769 		-16.526 		55.808
v -19.7616 		-1.3656 		53.395
v 0.237 		-17.408 		55.808
v 0 		-16.8157 		55.808
v 0 		-17.408 		55.808
v 0.769 		-16.526 		55.4
v -19.7616 		-1.3654 		53.3952
v 0 		-17.408 		55.8739
v 0.2402 		-17.408 		55.8395
v 12.2619 		-2.048 		24.832
v 12.2619 		-2.048 		24.576
v 12.2411 		-2.048 		24.576
v 12.2411 		-2.048 		24.832
v 0.1279 		-17.4683 		55.8556
v 12.231 		-2.203 		26
v 0.13 		-17.475 		56
v 0 		-17.5145 		56
v 0 		-17.5111 		55.933
v 0 		-17.5145 		56
v 11.859 		-2.154 		26
v -19.7692 		-1.0569 		53.6332
v 0.235 		-17.5 		54.391
v -19.7669 		-1.086 		53.5981
v 0.142 		-17.983 		54.476
v -19.743 		-1.086 		53.603
v -8.469 		-3.377 		26
v -10.24 		-12.3192 		56
v 0.111 		-17.414 		54.693
v -19.014 		-1.086 		53.586
v -8.445 		-13.312 		55.94
v -8.6042 		-13.312 		55.955
v -8.8522 		-13.312 		55.94
v -9.612 		-13.312 		55.9747
v -10.0497 		-13.312 		55.9104
v -10.24 		-13.312 		55.8581
v -15.141 		-0.568 		48.85
v -18.825 		-1.5 		53.274
v -16.384 		-1.4083 		28.0335
v 0.052 		-17.232 		53.395
v -15.747 		-0.768 		48.136
v -15.515 		-0.768 		49.066
v -15.9798 		-1.1924 		28
v 1.031 		-17.601 		53.385
v -15.7545 		-1.158 		28.1734
v -15.1362 		-0.941 		28.6432
v -19.5 		-1.5 		53.351
v -15.2717 		-0.059 		28.4927
v -16 		-1.5 		28
v 1.036 		-17.5 		53.276
v -15.901 		-1.086 		48.749
v -15.897 		-3.066 		28
v 1.031 		-17.5 		53.276
v -11.591 		4.768 		43.713
v -15.9107 		-1.158 		28
v 1.064 		-17.932 		53.305
v -15.7153 		-0.941 		28
v -16.223 		-1.5 		48.595
v -10.53 		5.97 		43.713
v -15.5886 		-0.597 		28
v -15.6029 		-0.305 		28
v -9.302 		6.944 		43.713
v -15.7153 		-0.059 		28
v -12.386 		5.524 		44.509
v -11.198 		6.871 		44.509
v -16.265 		-1.982 		49.082
v 0.602 		-17.5 		54.032
v 0.846 		-17.5 		53.674
v 0.614 		-17.762 		54.098
v 0.535 		-18.036 		54.113
v -9.821 		7.963 		44.509
v -15.591 		-4.606 		28
v -15.087 		-6.092 		28
v -14.392 		-7.5 		28
v 0.293 		-18.208 		54.239
v 0.692 		-18.384 		53.528
v -12.048 		1.407 		43.01
v -11.495 		2.75 		43.01
v -10.745 		3.964 		43.01
v 0.901 		-17.734 		53.689
v 12.231 		-2.203 		25
v -4 		-13.5 		28
v -2.434 		-13.397 		28
v -0.894 		-13.091 		28
v -8.648 		0.005 		41.511
v 0 		-16.2552 		25
v -0.132 		-16.3 		24.576
v 11.859 		-2.154 		25
v -0.554 		-16.384 		24.576
v -0.554 		-16.384 		25
v 0.024 		-18.75 		53.658
v -0.23 		-15.938 		25
v 0.27 		-18.474 		53.277
v -0.132 		-16.3 		26
v -9.632 		0.948 		41.905
v -0.23 		-15.938 		26
v -10.957 		0.957 		42.405
v 0.689 		-18.498 		53.272
v -10.49 		2.092 		42.405
v -9.856 		3.118 		42.405
v -2.346 		-16.359 		25
v -9.075 		4.004 		42.405
v -2.346 		-16.359 		26
v -7.106 		-13.091 		28
v -5.566 		-13.397 		28
v -10.24 		-13.312 		56
v -6.654 		-16.359 		25
v -6.654 		-16.359 		26
v -15.174 		-0.5 		47.535
v 0.028 		-18.569 		54.025
v -20.286 		-3.914 		43.548
v -16.129 		-0.768 		47.411
v -20.32 		-3.5 		43.282
v -17.818 		-2.5 		56.27
v -17.0527 		-2.5 		56
v -17.0631 		-2.4683 		56
v -17.832 		-3.018 		56.215
v 12.231 		-2.203 		24.832
v 12.231 		-2.203 		24.576
v 1.144 		-17.5 		52.84
v 1.19 		-17.821 		52.887
v 1.176 		-17.723 		52.892
v -17.28 		-3.072 		56
v -17.2236 		-3.018 		56
v -19.5 		-2.5 		43
v 1.172 		-17.558 		52.809
v 1.103 		-17.674 		53.224
v -22.344 		-0.768 		44.635
v -13.473 		0.193 		43.713
v -11.305 		-11.02 		28
v -17.0631 		-2.5317 		56
v 1.102 		-18.158 		52.794
v -10 		-11.892 		28
v -16.0264 		-12.288 		24.576
v -16.0264 		-12.288 		25
v -16.167 		-11.667 		25
v -13.52 		-8.805 		28
v -12.485 		-9.985 		28
v -16.167 		-11.667 		26
v -17.013 		-2.5 		55.986
v -16.384 		-12.288 		25
v -16.384 		-12.288 		24.576
v -8.592 		-12.587 		28
v -17.034 		-3.018 		55.933
v -8.446 		-16.384 		25
v -8.446 		-16.384 		24.576
v -8.868 		-16.3 		24.576
v -8.868 		-16.3 		25
v -8.6204 		-16.384 		25
v -8.6204 		-16.384 		24.576
v -10.24 		-15.8346 		25
v -10.24 		-15.9453 		25
v -8.771 		-15.938 		25
v -8.868 		-16.3 		26
v -8.771 		-15.938 		26
v -17.874 		-3.5 		56.052
v -18.432 		-3.7531 		56
v -18.3108 		-3.7153 		56
v -17.8064 		-3.5412 		56
v -17.7269 		-3.5 		56
v -10.24 		-15.8346 		24.576
v -10.24 		-15.9453 		24.576
v -10.958 		-15.591 		24.576
v -10.958 		-15.591 		25
v -17.5069 		-3.2894 		56
v -10.5607 		-16.384 		25
v -11.197 		-16.168 		25
v -10.814 		-15.244 		25
v -10.958 		-15.591 		26
v -11.197 		-16.168 		26
v -10.5607 		-16.384 		26
v -10.814 		-15.244 		26
v -13.085 		1.835 		43.713
v -12.451 		3.375 		43.713
v -13.3541 		-14.336 		24.576
v -14.773 		-13.388 		24.576
v -14.773 		-13.388 		25
v -13.3541 		-14.336 		25
v -13.6928 		-14.336 		24.576
v -13.6928 		-14.336 		25
v -15.153 		-13.884 		25
v -12.75 		-14.289 		25
v -14.545 		-13.09 		25
v -14.773 		-13.388 		26
v -15.153 		-13.884 		26
v -14.545 		-13.09 		26
v -12.75 		-14.289 		26
v -14.495 		0.398 		44.509
v -14.06 		2.237 		44.509
v -13.35 		3.964 		44.509
v -2.3518 		2.048 		40
v -2.984 		2.294 		40
v -4 		2.427 		40
v -2.3518 		2.048 		38.912
v -2.3518 		2.048 		39.936
v -2.3214 		2.048 		40
v -2.3214 		2.048 		39.936
v 1.214 		-17.77 		52.28
v 1.1998 		-17.7261 		52.224
v -2.008 		1.096 		40
v -2.048 		1.1191 		40
v -1.609 		1.616 		40
v -2.048 		1.8822 		40
v 1.206 		-17.645 		52.525
v 1.206 		-17.849 		52.672
v -0.7242 		0.158 		40
v -1.4239 		0.4878 		40.5577
v -1.4173 		0.4788 		40.5269
v -1.3894 		0.4407 		40.1493
v -1.3768 		0.4236 		40.1295
v -1.3044 		0.3248 		40
v -1.545 		0.653 		40
v 1.2 		-17.941 		52.503
v -10.625 		-12.542 		56.6
v -16.165 		-1.086 		48.042
v -0.884 		0.891 		40
v -0.485 		0.233 		40
v -12.288 		-14.336 		55.4
v -12.288 		-14.336 		55.296
v -10.598 		-14.336 		55.296
v -10.9033 		-14.336 		55.4
v 1.023 		-18.173 		53.091
v 0.61 		-18.235 		52.501
v -21.677 		-0.768 		44.293
v -13.056 		-2.5 		48.869
v 0.601 		-18.166 		52.848
v 0.762 		-17.912 		52.503
v 0.379 		-18.382 		53.148
v -22.148 		-0.568 		44.988
v -13.528 		-3.914 		48.934
v -17.4504 		-4.096 		55.4
v -17.2469 		-4.042 		55.4
v -17.1826 		-4.096 		55.296
v -16.7845 		-3.914 		55.296
v -16.967 		-3.914 		55.4
v -13.272 		-3.5 		48.899
v -21.199 		-0.568 		44.554
v -18.432 		-4.096 		55.4
v -13.111 		-3.018 		48.877
v -17.195 		-3.914 		55.53
v -21.05 		-0.5 		45.007
v -17.096 		-3.5 		55.777
v 1.123 		-17.594 		51.901
v 1.045 		-17.5 		51.746
v 1.176 		-17.652 		52.13
v 1.1759 		-17.6521 		52.1297
v -13.222 		-2.5 		48.003
v 1.1759 		-17.6518 		52.1293
v -21.168 		-1.982 		43.286
v 1.1312 		-17.57 		52.0264
v -13.495 		-2.5 		47.167
v 1.1278 		-17.5693 		52.0258
v -21.966 		-1.982 		43.567
v 1.152 		-17.574 		52.03
v 1.1413 		-17.5719 		52.0281
v 1.098 		-17.5 		51.938
v -18.432 		-4.096 		55.296
v -18.074 		-3.914 		53.325
v -21.126 		-1.5 		43.448
v -13.808 		-3.914 		47.743
v 1.093 		-17.5 		51.938
v 1.134 		-18.021 		52.04
v -21.904 		-1.5 		43.723
v -13.432 		-3.5 		48.062
v -2.048 		1.8822 		38.912
v -2.048 		0.4587 		40
v 1.124 		-18.109 		52.191
v -21.805 		-1.086 		43.97
v -2.048 		0.4432 		39.8407
v -13.696 		-3.5 		47.253
v -2.048 		0.158 		39.3686
v -2.048 		0.436 		39.8299
v -13.275 		-3.018 		48.018
v -2.748 		1.524 		40
v -3.363 		1.703 		40
v -13.546 		-3.018 		47.189
v -4 		1.773 		40
v -2.267 		2.015 		40
v -2.267 		2.015 		39.936
v -2.7186 		0.4764 		40
v -10.6344 		-15.36 		55.296
v -10.9398 		-15.36 		55.4
v -11.264 		-15.36 		55.4
v -2.6166 		0.487 		40
v -11.264 		-15.36 		55.296
v -16.361 		-2.5 		48.877
v -2.6116 		0.4864 		40
v -2.7 		0.487 		39.961
v 0.967 		-18.265 		51.891
v -11.264 		-16.0817 		55.4
v -10.9712 		-16.2417 		55.4
v -2.349 		0.158 		39.225
v -11.0762 		-16.1843 		55.469
v -11.1144 		-16.1635 		55.4497
v -2.534 		0.445 		39.613
v -12.938 		-14.614 		25
v -13.25 		-15.155 		25
v -16.377 		-3.018 		48.649
v -12.938 		-14.614 		26
v -11.264 		-16.384 		55.296
v -13.25 		-15.155 		26
v -2.267 		2.015 		38.912
v -8.065 		-3.487 		24.576
v -7.679 		-3.445 		24.576
v -7.369 		-3.268 		24.576
v -7.17 		-3.054 		24.576
v -7.055 		-2.821 		24.576
v -7.004 		-2.565 		24.576
v -12.171 		-15.586 		56
v -7.049 		-2.211 		24.576
v -12.171 		-15.586 		55.4
v -1.609 		1.616 		36.864
v -16.296 		-3.5 		48.372
v 0 		-16.384 		24.576
v 0 		-16.2737 		24.576
v -16.384 		-11.9867 		24.576
v -5.017 		2.294 		40
v -5.6483 		2.048 		40
v -0.065 		-3.487 		24
v -0.289 		-1.549 		24
v -5.6483 		2.048 		38.912
v -0.631 		-1.732 		24
v -0.83 		-1.946 		24
v -4.637 		1.703 		40
v -9.65 		-15.978 		49.661
v -0.945 		-2.179 		24
v -5.252 		1.524 		40
v -0.996 		-2.435 		24
v -5.636 		1.334 		40
v -0.951 		-2.789 		24
v -16.15 		-3.5 		48.818
v -0.768 		-3.131 		24
v -0.469 		-3.377 		24
v -16.273 		-3.914 		47.815
v -6.144 		1.7658 		40
v -5.733 		2.015 		40
v -6.144 		1.8549 		40
v 11.8923 		-4.096 		25
v 11.8542 		-4.096 		25
v -5.733 		2.015 		38.912
v -6.144 		1.8549 		38.912
v -6.144 		1.7658 		38.912
v -6.153 		0.955 		40
v -6.596 		0.492 		40
v 11.8542 		-4.096 		24.576
v 11.8923 		-4.096 		24.576
v -6.834 		0.136 		40
v 12.404 		-4.529 		26
v -7.679 		-3.445 		24
v -8.065 		-3.487 		24
v 12.404 		-4.529 		25
v -7.369 		-3.268 		24
v -7.17 		-3.054 		24
v 11.8 		-4.368 		26
v -7.055 		-2.821 		24
v -7.004 		-2.565 		24
v 11.438 		-4.271 		26
v -7.4467 		0.3456 		39.936
v -7.049 		-2.211 		24
v -7.4465 		0 		39.936
v -7.4465 		0.0086 		39.936
v -7.232 		-1.869 		24
v -7.4467 		0.1319 		39.936
v -7.446 		-1.67 		24
v -7.679 		-1.555 		24
v 11.8 		-4.368 		24.576
v 11.8 		-4.368 		25
v -8.065 		-1.513 		24
v -7.515 		0.233 		39.936
v -7.6058 		0 		39.936
v 11.438 		-4.271 		25
v -6.391 		1.616 		38.9848
v -6.3103 		1.6649 		38.912
v -7.116 		0.891 		39.6384
v -6.8248 		1.1822 		39.3763
v 11.091 		-6.458 		26
v 11.668 		-6.697 		26
v 10.744 		-6.314 		26
v -18.652 		-2.5 		56.442
v -8.469 		-1.623 		24
v -8.768 		-1.869 		24
v -8.945 		-2.179 		24
v -18.659 		-3.018 		56.385
v -8.996 		-2.435 		24
v -8.951 		-2.789 		24
v -8.768 		-3.131 		24
v -8.469 		-3.377 		24
v -15.979 		-3.914 		48.509
v -19.4079 		-3.072 		56
v -19.456 		-2.2566 		56
v -19.456 		-2.2566 		55.4
v -19.4079 		-3.072 		55.4
v 0 		-16.2552 		24
v -0.132 		-16.3 		24
v -19.456 		-3.072 		55.4
v 0 		-16.2737 		24
v -19.456 		-3.072 		56
v -8.192 		-16.384 		24
v 11.091 		-6.458 		25
v -20.348 		-2.5 		56.442
v -8.446 		-16.384 		24
v 11.668 		-6.697 		25
v 10.24 		-8.1827 		25
v 10.744 		-6.314 		25
v 0 		-16.384 		25
v 10.24 		-8.1827 		24.576
v -20.341 		-3.018 		56.385
v -16.384 		-16.384 		26
v -16.384 		-16.384 		25
v -19.9093 		-3.072 		56.3958
v -19.9124 		-3.018 		56.4145
v -19.9125 		-3.0168 		56.4147
v -8.192 		-16.384 		24.576
v -1.563 		-22.308 		25
v -1.563 		-22.308 		24.576
v 0 		-22.2058 		24.576
v 0 		-22.2058 		25
v 0 		-21.9966 		24.576
v -1.5359 		-22.3026 		24.576
v -1.5402 		-22.3035 		24.576
v 0 		-21.9966 		25
v -2.297 		-16.731 		25
v -4.096 		-22.4736 		25
v -4.096 		-17.4735 		25
v -2.216 		-17.35 		25
v 0 		-17.2045 		25
v 0 		-16.9098 		25
v -19.9275 		-2.7569 		56.4425
v -19.94 		-2.5408 		56.4654
v -2.297 		-16.731 		26
v -4.096 		-22.4736 		26
v -1.563 		-22.308 		26
v 0 		-17.2045 		26
v -2.216 		-17.35 		26
v -4.096 		-17.4735 		26
v 0 		-16.9098 		26
v -6.703 		-16.731 		25
v -4.5 		-16.875 		25
v -4.5 		-17.5 		25
v -6.784 		-17.35 		25
v -4.5 		-16.5 		25
v -4.5 		-16.875 		26
v -6.703 		-16.731 		26
v 7.897 		-3.066 		28
v -6.784 		-17.35 		26
v -4.5 		-17.5 		26
v 8 		-1.5 		28
v -4.5 		-16.5 		26
v -19.9402 		-2.5364 		56.4659
v -8.192 		-17.1882 		25
v -8.192 		-17.1882 		26
v -11.797 		-14.843 		49.661
v -8.192 		-22.1576 		25
v 0.768 		-1.869 		28
v -8.192 		-22.1576 		26
v 0.554 		-1.67 		28
v 0.321 		-1.555 		28
v -16.384 		-18.5933 		26
v -15.75 		-19.486 		26
v -13.11 		-20.787 		26
v -10.323 		-21.733 		26
v 0.065 		-1.504 		28
v -9.029 		-16.904 		26
v -12.048 		-15.335 		50.87
v 0 		-1.5123 		28
v -7.3831 		0.4505 		38.912
v -7.4168 		0.395 		39.214
v -16.384 		-19.0624 		25
v -15.75 		-19.486 		25
v -7.515 		0.233 		39.3809
v -13.11 		-20.787 		25
v -10.323 		-21.733 		25
v -7.2012 		0.7504 		39.7152
v -9.029 		-16.904 		25
v 0 		-3.4799 		28
v 0.321 		-3.445 		28
v -16.384 		-18.5437 		25
v 0.631 		-3.268 		28
v 0.83 		-3.054 		28
v -20.607 		-0.768 		43.97
v 0.996 		-2.565 		28
v -0.1773 		-22.1812 		24.576
v 0 		-22.1327 		24.576
v -1.6666 		-22.3148 		24.576
v -19.9561 		-2.2606 		56.4425
v -19.9423 		-2.5 		56.4697
v -1.6874 		-22.3161 		24.576
v -13.919 		-1.982 		46.404
v -7.437 		-22.308 		24.576
v -4.5 		-22.5 		24.576
v -4.3639 		-22.4911 		24.576
v -8.192 		-22.1484 		24.576
v -22.722 		-1.982 		43.954
v -4.3582 		-22.4907 		24.576
v -10.323 		-21.733 		24.576
v -23.423 		-1.982 		44.441
v -24.057 		-1.982 		45.018
v -8.192 		-22.0802 		24.576
v -12.288 		-20.9578 		24.576
v -12.288 		-21.0446 		24.576
v -19.8023 		-2.1667 		56.4426
v -8.192 		-16.4346 		24.576
v -14.059 		-1.5 		46.488
v -19.7827 		-2.5 		56.4807
v -15.75 		-19.486 		24.576
v -13.11 		-20.787 		24.576
v -19.7521 		-3.018 		56.4256
v -19.749 		-3.072 		56.4069
v -15.1187 		-19.695 		24.576
v -19.7615 		-2.8582 		56.4427
v -16.384 		-19.0624 		24.576
v -16.384 		-18.7891 		24.576
v -14.109 		-1.086 		46.989
v -22.641 		-1.5 		44.1
v -0.194 		-22.074 		21.908
v -4 		-22.414 		21.908
v -23.324 		-1.5 		44.574
v -19.5 		-2.5 		56.5
v -0.18 		-22.158 		24
v -0.1809 		-22.1581 		24
v -19.5 		-3.018 		56.443
v -1.3243 		-22.2604 		24
v -1.563 		-22.308 		24
v -2.6469 		-22.3788 		24
v -16.1603 		-0.5199 		46.08
v -16.2861 		-0.5 		46.2189
v -4 		-22.5 		24
v -2.6671 		-22.3802 		24
v -4 		-22.4992 		24
v -1.3223 		-22.26 		24
v -7.5847 		0.054 		39.6084
v -14.988 		-0.768 		46.155
v -12.244 		-15.721 		52.118
v -8.192 		-16.4346 		24
v -6.3102 		1.2186 		38.912
v -6.505 		0.445 		39.088
v -7.806 		-22.074 		21.908
v -14.574 		-0.768 		46.797
v -4.211 		-22.4811 		24
v -4.5 		-22.5 		24
v -7.437 		-22.308 		24
v -8.192 		-22.1248 		24
v -7.82 		-22.158 		24
v -14.914 		-0.568 		47
v -15.527 		-0.568 		46.132
v -8.192 		-22.1331 		24.2037
v -12.288 		-14.336 		53.248
v -7.2929 		0.1331 		39.7977
v -4.2064 		-22.4808 		24
v -14.177 		-14.336 		56
v -13.836 		-14.336 		56
v -19.2364 		-3.7607 		56
v -18.7079 		-3.8393 		56
v -18.68 		-3.5 		56.218
v -13.836 		-14.336 		55.4
v -14.336 		-14.336 		55.4
v -8.192 		-22.0561 		24
v -14.336 		-13.312 		55.4
v -19.456 		-3.776 		56
v -19.3668 		-3.7698 		56
v -14.336 		-13.312 		55.296
v -19.3503 		-3.7687 		56
v -14.336 		-14.336 		55.296
v -14.336 		-14.336 		53.248
v -16.158 		-0.568 		46.707
v -14.9627 		-13.312 		56
v -15.207 		-13.003 		56
v -14.8892 		-13.312 		56
v -15.207 		-13.003 		55.4
v -14.9627 		-13.312 		55.4
v -15.36 		-13.312 		55.4
v -14.8892 		-13.312 		55.4
v -15.36 		-13.312 		55.296
v -16.1831 		-12.776 		56
v -19.375 		-3.631 		56
v -16.038 		-0.768 		45.064
v -15.548 		-13.003 		56.6
v -15.548 		-13.003 		56
v -15.607 		-1.5 		45.393
v -15.2946 		-1.3233 		45.1194
v -15.398 		-1.1432 		45.2268
v -15.2343 		-1.4384 		45.056
v -19.456 		-4.096 		55.4
v -14.9522 		-14.1714 		56
v -15.607 		-13.521 		56
v -19.3476 		-4.096 		55.4
v -19.375 		-3.631 		55.4
v -19.2916 		-4.096 		55.4
v 0.951 		-2.211 		28
v -19.3505 		-4.0465 		55.8079
v -19.3476 		-4.096 		55.7702
v -19.3638 		-3.8205 		55.9501
v 0.478 		-18.246 		51.866
v 0.607 		-18.138 		52.076
v -19.2916 		-4.096 		55.774
v -19.3428 		-3.8106 		55.9583
v -19.3023 		-4.0364 		55.8188
v 0.768 		-1.869 		25
v -18.714 		-3.914 		55.952
v 0.554 		-1.67 		25
v 0.321 		-1.555 		25
v 0.065 		-1.504 		25
v -14.495 		-14.325 		53.395
v -19.456 		-4.096 		55.296
v 0.863 		-17.5 		51.359
v 0.768 		-1.869 		26
v 0.554 		-1.67 		26
v 0.881 		-17.873 		51.3
v -19.716 		-3.631 		56.6
v 0.321 		-1.555 		26
v 0.065 		-1.504 		26
v -19.8978 		-3.272 		56.3265
v -19.8967 		-3.2908 		56.32
v -14.336 		-14.336 		56
v -13.5875 		-15.36 		56
v -14.131 		-14.987 		56
v 0.739 		-18.406 		51.61
v -13.5868 		-15.36 		56
v -14.336 		-14.7657 		56
v -19.7342 		-3.3228 		56.32
v 0.321 		-3.445 		25
v 0.631 		-3.268 		25
v 0.83 		-3.054 		25
v 0.996 		-2.565 		25
v 0.951 		-2.211 		25
v -0.31 		-21.403 		17.788
v -14.106 		-14.405 		56.6
v -4 		-21.733 		17.788
v -6.3094 		0.269 		38.912
v -14.106 		-14.405 		56
v -7.0712 		0.395 		39.5978
v -6.7913 		0.487 		39.3457
v -7.36 		0.054 		39.858
v -7.69 		-21.403 		17.788
v -13.765 		-14.405 		56
v 0.321 		-3.445 		26
v -13.765 		-14.405 		55.4
v 0.631 		-3.268 		26
v 0.83 		-3.054 		26
v 0.996 		-2.565 		26
v -13.5365 		-15.36 		55.3342
v -12.5 		-16.222 		56
v -0.238 		-21.822 		19.832
v 0.951 		-2.211 		26
v -4 		-22.158 		19.832
v -7.762 		-21.822 		19.832
v 6.392 		-7.5 		28
v 7.087 		-6.092 		28
v -21.182 		-2.5 		43.23
v 7.591 		-4.606 		28
v -21.987 		-2.5 		43.514
v -6.3092 		0.0125 		38.912
v -21.805 		-3.914 		43.97
v -22.512 		-3.914 		44.332
v -21.126 		-3.5 		43.448
v 10.655 		-8.75 		26
v -10.323 		-21.733 		24
v 10.655 		-8.75 		25
v 10.24 		-8.2494 		25
v -19.8226 		-3.7988 		56
v -19.8585 		-3.7959 		56
v -21.904 		-3.5 		43.723
v 10.24 		-8.2494 		24.576
v -12.4849 		-16.1918 		55.296
v -12.5043 		-16.2197 		56
v -12.4869 		-16.1908 		55.296
v 10.114 		-8.438 		26
v -12.5313 		-16.1983 		56
v 8.59 		-10.045 		26
v 9.789 		-8.25 		26
v -13.4732 		-15.408 		55.296
v -19.872 		-3.719 		56
v -20.32 		-3.5 		56.218
v -19.8846 		-3.5 		56.2477
v -19.872 		-3.719 		56.0639
v 0.22 		-18.694 		52.698
v 0.35 		-18.541 		52.107
v 10.114 		-8.438 		24.576
v 10.114 		-8.438 		25
v -12.512 		-15.586 		56.6
v 0.068 		-18.82 		52.107
v -5.733 		2.015 		38.3914
v 9.789 		-8.25 		25
v 8.59 		-10.045 		25
v 0.068 		-18.82 		52.895
v -11.496 		-21.063 		21.908
v -12.288 		-20.9668 		24
v -12.288 		-20.9337 		24
v -11.524 		-21.143 		24
v -12.288 		-20.9517 		24.4299
v -7.3864 		0.445 		38.109
v -7.515 		0.233 		37.4925
v -15.5577 		-0.8648 		45.393
v -7.361 		0.487 		38.7129
v -7.5442 		0.158 		37.2925
v -13.11 		-20.787 		24
v -15.75 		-19.486 		24
v -14.958 		-19.411 		21.908
v -15.084 		-19.6337 		24
v -6.186 		0.158 		38.801
v -15.6077 		-0.768 		45.4558
v -15.9001 		-0.568 		45.792
v -15.6555 		-0.7353 		45.5108
v -16.0193 		-0.5421 		45.9243
v -16.384 		-18.7029 		24
v -16.0117 		-0.5438 		45.9159
v -15 		-19.486 		24
v -16.384 		-18.4946 		24
v -16.384 		-18.494 		24
v -0.485 		0.233 		34.2785
v -11.268 		-20.423 		17.788
v -14.625 		-18.822 		17.788
v 8.888 		-10.273 		25
v 9.384 		-10.653 		25
v 8.192 		-11.265 		25
v 8.192 		-11.066 		25
v 8.888 		-10.273 		26
v 9.384 		-10.653 		26
v -0.6181 		0.4526 		34.2958
v -0.884 		0.891 		34.2782
v -11.41 		-20.822 		19.832
v -14.833 		-19.19 		19.832
v 8.192 		-11.066 		24.576
v 8.192 		-11.265 		24.576
v -12.512 		-15.586 		56
v -0.884 		0.891 		34.2782
v -1.2465 		1.2535 		34.3043
v -1.609 		1.616 		34.2782
v -1.609 		1.616 		34.2782
v -14.336 		-14.7231 		55.296
v -12.386 		-15.999 		53.395
v -14.387 		-1.982 		45.676
v -12.472 		-16.166 		54.693
v -2.0474 		1.8819 		34.2958
v -14.516 		-1.5 		45.779
v -2.267 		2.015 		34.2785
v -15.058 		-1.5 		45.137
v -21.168 		-3.018 		43.286
v -15.478 		-0.768 		45.574
v -2.5057 		2.1079 		34.2959
v -21.966 		-3.018 		43.567
v -19.8205 		-3.8162 		55.9855
v -19.8224 		-3.7988 		56
v -19.788 		-4.096 		55.7352
v -19.7956 		-4.0228 		55.7809
v -19.8034 		-3.9584 		55.8447
v 0.555 		-17.5 		50.914
v -22.75 		-2.5 		43.904
v -13.871 		-2.5 		46.375
v 0.714 		-17.656 		51.046
v -23.457 		-2.5 		44.395
v 0.705 		-18.079 		51.125
v 0.338 		-17.986 		50.677
v -19.7237 		-3.5 		56.2587
v -19.716 		-3.631 		56.1488
v 0.426 		-18.195 		50.883
v -24.096 		-2.5 		44.977
v -16.384 		-11.9867 		25
v -2.9834 		2.2938 		34.2783
v 4.485 		-9.985 		28
v -16.384 		-12.9325 		25
v -16.384 		-12.9325 		26
v 5.52 		-8.805 		28
v -2.984 		2.294 		34.2782
v 7.432 		-11.932 		26
v -22.641 		-3.5 		44.1
v 7.167 		-11.667 		26
v -3.4908 		2.3687 		34.2981
v -3.3456 		2.3497 		34.2906
v -23.324 		-3.5 		44.574
v -3.8779 		2.4194 		34.2785
v 7.432 		-11.932 		24.576
v 0.103 		-18.389 		50.797
v 7.432 		-11.932 		25
v 7.167 		-11.667 		25
v 0.199 		-17.77 		50.526
v -22.722 		-3.018 		43.954
v -23.423 		-3.018 		44.441
v 0.097 		-18.627 		51.136
v 2 		-11.892 		28
v 3.305 		-11.02 		28
v -24.057 		-3.018 		45.018
v -4 		2.4082 		34.2934
v -4.096 		2.3994 		34.2953
v 7.874 		-12.374 		25
v 6.153 		-13.884 		25
v 6.144 		-13.1401 		25
v 6.144 		-13.0624 		25
v 6.153 		-13.884 		26
v 7.874 		-12.374 		26
v 6.144 		-13.1401 		24.576
v 6.144 		-13.0624 		24.576
v 5.773 		-13.388 		24.576
v 5.773 		-13.388 		25
v -17.936 		-4.5 		44.966
v 5.545 		-13.09 		25
v 5.773 		-13.388 		26
v 5.545 		-13.09 		26
v -19.7315 		-3.3673 		56.3046
v -16.852 		-4.432 		44.988
v 4.25 		-15.155 		26
v -19.716 		-3.631 		56
v -17.801 		-4.432 		44.554
v -19.7035 		-3.7008 		56.0908
v 4.25 		-15.155 		25
v -19.6871 		-3.7921 		56
v -18.118 		-0.5 		26.669
v 0.592 		-12.587 		28
v -19.5 		-3.5 		56.274
v 3.75 		-14.289 		25
v 3.75 		-14.289 		26
v -19.5178 		-3.7803 		56
v 3.938 		-14.614 		25
v 2.197 		-16.168 		25
v 2.048 		-15.5605 		25
v 2.048 		-15.5466 		25
v 3.938 		-14.614 		26
v -14.283 		-3.914 		46.622
v -14.059 		-3.5 		46.488
v -13.919 		-3.018 		46.404
v 12.672 		-0.5 		47.221
v -4.4828 		2.3639 		34.3032
v 12.644 		-1.487 		47.28
v -16.316 		-3.761 		46.358
v -4.5082 		2.3605 		34.3045
v -5.0167 		2.294 		34.2781
v -5.017 		2.294 		34.278
v 12.482 		-1.395 		47.62
v -5.4943 		2.108 		34.2958
v -5.733 		2.015 		34.2785
v 12.315 		-1.054 		47.97
v -5.9526 		1.8819 		34.2958
v -6.391 		1.616 		34.2782
v -15.537 		-3.914 		45.057
v -15.2905 		-3.914 		45.3244
v -15.3463 		-4.0047 		45.393
v -15.1438 		-3.5742 		45.1227
v -15.2476 		-3.7967 		45.2617
v -15.1255 		-3.5234 		45.0957
v -15.2541 		-3.8144 		45.2711
v 13.103 		-0.5 		46.319
v 13.057 		-0.941 		46.414
v 12.81 		-1.445 		46.932
v 12.995 		-1.158 		46.544
v -6.391 		1.616 		34.2782
v -15.445 		-3.587 		45.393
v -6.7535 		1.2535 		34.3043
v -7.116 		0.891 		34.2782
v -15.3469 		-4.0058 		45.3939
v -7.116 		0.891 		34.2782
v 2.197 		-16.168 		26
v 13.057 		-0.059 		46.414
v 13.093 		-0.305 		46.338
v 2.048 		-15.5466 		24.576
v 2.048 		-15.5605 		24.576
v 1.958 		-15.591 		24.576
v 1.958 		-15.591 		25
v 13.093 		-0.695 		46.338
v 1.814 		-15.244 		25
v 1.958 		-15.591 		26
v -7.3819 		0.4526 		34.2958
v -7.515 		0.233 		34.2785
v 1.814 		-15.244 		26
v 12.375 		0 		24.576
v 16.287 		-8.61 		24.576
v 16.303 		-8.563 		24.576
v 16.2144 		-8.7573 		24.576
v 15.0682 		-11.2686 		24.576
v 14.986 		-11.25 		24.576
v 16.2038 		-8.7789 		24.576
v 16.305 		-8.5568 		24.576
v -14.336 		-14.7547 		55.8157
v 11.41 		-15.91 		24.576
v 13.351 		-13.697 		24.576
v 12.8708 		-14.4779 		24.576
v -14.605 		-14.473 		54.693
v -14.642 		-14.523 		56
v 12.288 		-1.331 		24
v 12.375 		0 		24
v -14.4244 		-14.6956 		56
v -13.739 		-13.303 		49.661
v -14.06 		-13.737 		50.87
v 15.969 		-7.433 		17.788
v -14.313 		-14.079 		52.118
v -18.166 		-1.487 		26.712
v -16.384 		9.216 		56.32
v -16.384 		9.216 		56
v -16.384 		7.168 		55.296
v -15.1154 		-3.5 		45.0847
v -15.0923 		-3.3929 		45.056
v -15.0932 		-3.397 		45.0571
v -3.072 		-16.384 		55.296
v -16.384 		0 		53.248
v -16.656 		-4.232 		44.635
v -15.3964 		-4.096 		45.4688
v -0.84 		-17.132 		55.994
v -1.024 		-17.2013 		55.9829
v -19.6055 		-3.5 		53.339
v -20.175 		-3.5 		53.274
v -19.6054 		-3.239 		53.248
v -19.6056 		-3.5018 		53.3402
v -18.821 		-0.179 		27.301
v -18.735 		-1.054 		27.224
v -18.446 		-1.395 		26.964
v -19.6114 		-3.5839 		53.395
v -14.343 		-2.5 		45.641
v -1.388 		-17.21 		56.6
v -19.743 		-3.914 		53.603
v -1.388 		-17.21 		56
v -14.721 		-3.914 		45.942
v 12.255 		-0.274 		48.095
v -1.047 		-17.21 		56
v 12.243 		-0.565 		48.12
v -1.733 		-17.3614 		55.94
v -1.047 		-17.21 		55.9815
v -20.464 		-3.914 		53.487
v -1.9444 		-17.408 		55.8819
v 12.265 		-0.821 		48.074
v 16.359 		-7.579 		19.832
v 0.321 		-3.445 		24
v -1.047 		-17.21 		55.4
v 0.631 		-3.268 		24
v 0.83 		-3.054 		24
v -2.048 		-18.1325 		55.9209
v -2.048 		-18.432 		55.9209
v -1.733 		-18.432 		55.94
v -1.733 		-18.0378 		55.94
v 0.996 		-2.565 		24
v -2.048 		-18.1291 		55.8535
v -2.048 		-18.432 		55.8535
v 0.951 		-2.211 		24
v -0.2926 		-17.6034 		56
v 0.768 		-1.869 		24
v -1.118 		-17.921 		56
v -1.9737 		-18.114 		56
v -18.838 		-0.726 		27.317
v 0.554 		-1.67 		24
v -19.613 		-3.914 		53.6
v -19.6127 		-3.692 		53.4679
v 0.321 		-1.555 		24
v -18.607 		-1.25 		27.109
v 0.065 		-1.504 		24
v -0.0897 		-17.5359 		55.8867
v -0.84 		-17.7693 		55.994
v -19.6135 		-3.9249 		53.6103
v -14.516 		-3.5 		45.779
v -16.491 		9.427 		56
v -15.058 		-3.5 		45.137
v -19.6149 		-3.9534 		53.6372
v -14.387 		-3.018 		45.676
v -19.6159 		-3.9655 		53.6523
v -19.6248 		-4.0686 		53.7809
v -19.6267 		-4.096 		53.8109
v -2.048 		-17.4308 		55.8535
v -0.9649 		-17.7539 		54.9513
v -0.896 		-17.797 		54.951
v -0.8048 		-17.7033 		54.9122
v -0.5096 		-17.6081 		54.8039
v -0.5848 		-17.632 		54.8254
v -0.523 		-17.999 		54.818
v -18.825 		-3.5 		53.274
v -0.813 		-18.212 		54.805
v -19.5 		-3.5 		53.351
v 14.98 		-11.207 		21.908
v 16.3774 		-8.3437 		24
v 16.287 		-8.61 		24
v 15.8758 		-9.4444 		24
v -19.014 		-3.914 		53.586
v 15.053 		-11.25 		24
v 15.0488 		-11.2561 		24
v 15.8667 		-9.463 		24
v 16.3781 		-8.3415 		24
v -0.1957 		-17.5 		54.6467
v -0.2711 		-17.5 		54.4982
v -0.061 		-17.75 		54.645
v -0.2597 		-17.5266 		54.693
v -0.263 		-17.882 		54.743
v -16.6162 		9.216 		56
v -16.6162 		9.216 		56.32
v 14.986 		-11.25 		24
v 7.287 		-1.5 		47.396
v 7.101 		-3.918 		47.396
v -16.569 		-0.568 		53.22
v -16.827 		-0.768 		52.915
v -14.25 		-4.432 		49.032
v -0.2878 		-17.5361 		54.7126
v 7.99 		-1.5 		48.5
v -0.4286 		-17.5817 		54.7682
v -14.006 		-4.232 		48.221
v 7.793 		-4.057 		48.5
v -14.245 		-4.232 		47.49
v -0.794 		-18.379 		54.673
v -16.865 		-1.086 		52.486
v -0.075 		-18.208 		54.51
v -17.232 		-1.086 		52.82
v -17.97 		-1.5 		52.973
v -17.219 		-1.5 		52.452
v -16.129 		-4.232 		47.411
v -1.494 		-17.977 		54.972
v 5.607 		-1.5 		45.393
v -1.596 		-18.376 		54.733
v -18.858 		-0.435 		27.335
v -16.812 		8.385 		56.6
v -1.8272 		-18.0143 		54.922
v -1.8458 		-18.0194 		54.9126
v -16.7229 		9.078 		56.32
v -15.576 		-4.232 		48.658
v -1.969 		-18.0546 		54.8696
v 6.491 		-1.5 		46.358
v -16.812 		8.385 		56.32
v -1.0476 		-17.7797 		54.9649
v -15.804 		-4.432 		47.186
v -16.9646 		8.192 		56.32
v -1.4767 		-17.9108 		54.9797
v -17.2703 		8.192 		56.32
v -1.7571 		-17.9939 		54.9398
v -16.9 		8.849 		56
v -16.6417 		9.183 		56
v 5.446 		-3.587 		45.393
v -15.291 		-4.432 		48.266
v -18.041 		-1.982 		52.822
v -16.409 		-1.086 		51.895
v -0.8308 		-17.5 		53.395
v -14.496 		-4.432 		47.986
v -16.749 		-1.5 		51.942
v -18.028 		-4.232 		44.045
v -16.6392 		9.1863 		56
v 12.789 		-14.408 		21.908
v -16.758 		-1.982 		51.653
v 12.853 		-14.463 		24
v -17.163 		-1.982 		52.177
v 11.41 		-15.91 		24
v 13.351 		-13.697 		24
v 14.403 		-10.867 		17.788
v 12.279 		-13.97 		17.788
v -20.398 		-1.5 		53.228
v -20.356 		-1.982 		53.066
v -19.489 		-1.5 		52.118
v 14.763 		-11.079 		19.832
v -19.6865 		-1.9661 		53.1715
v -19.716 		-1.982 		53.168
v -19.6928 		-1.9303 		53.1876
v -19.6843 		-1.982 		53.1673
v -20.449 		-4.5 		44.795
v 12.597 		-14.243 		19.832
v -19.6823 		-2.0041 		53.1656
v -19.6822 		-2.0043 		53.1656
v -19.6813 		-2.0138 		53.1649
v -19.6781 		-2.048 		53.1623
v -19.154 		-4.432 		44.274
v -20.191 		-4.432 		44.298
v -18.758 		-4.232 		43.894
v -19.5 		-4.232 		43.844
v 10.8696 		-16.384 		26
v 10.8696 		-16.384 		25
v 2.6465 		-16.384 		25
v 2.6465 		-16.384 		26
v 0.029 		-16.904 		26
v 1.323 		-21.733 		26
v 4.11 		-20.787 		26
v 6.75 		-19.486 		26
v 9.197 		-17.851 		26
v 1.323 		-21.733 		25
v 4.11 		-20.787 		25
v 6.75 		-19.486 		25
v 9.197 		-17.851 		25
v 0.029 		-16.904 		25
v 9.197 		-17.851 		24.576
v 10.2788 		-17.1282 		24.576
v 6.75 		-19.486 		24.576
v 4.11 		-20.787 		24.576
v 4.8557 		-20.5339 		24.576
v 7.0075 		-19.5081 		24.576
v -20.871 		-4.432 		44.438
v 8.192 		-18.5225 		24.576
v 8.192 		-18.6601 		24.576
v 1.323 		-21.733 		24.576
v 4.096 		-20.7918 		24.576
v 3.5317 		-21.165 		24.576
v 4.096 		-20.896 		24.576
v 9.66 		-16.649 		17.788
v -20.607 		-4.232 		43.97
v -17.2535 		8.192 		56
v 9.927 		-16.974 		19.832
v -16.812 		8.385 		56
v -16.9646 		8.192 		56
v 10.088 		-17.17 		21.908
v 6.316 		-3.761 		46.358
v 10.1854 		-17.1906 		24
v 10.141 		-17.236 		24
v -19.069 		-1.982 		53.153
v 8.192 		-18.6314 		24
v 9.197 		-17.851 		24
v 8.192 		-18.5225 		24
v 4.967 		-5.611 		45.393
v -2.395 		-18.242 		56
v -3.0205 		-18.432 		56
v -18.066 		-2.5 		52.77
v 6.958 		-19.411 		21.908
v 4.186 		-7.51 		45.393
v -3.072 		-18.3572 		56
v -3.072 		-18.432 		56
v -17.362 		-2.5 		52.282
v -3.042 		-18.355 		56
v -2.6554 		-18.2678 		56
v 7 		-19.486 		24
v 6.9953 		-19.4882 		24
v -16.447 		9.386 		54.693
v 5.798 		-5.954 		46.358
v -22.01 		-4.232 		44.464
v 4.6684 		-20.5974 		24
v 4.096 		-20.8703 		24
v 4.11 		-20.787 		24
v 6.75 		-19.486 		24
v 4.951 		-8.011 		46.358
v -17.325 		-3.018 		52.325
v 6.546 		-6.263 		47.396
v -25.89 		-1.982 		48.877
v -25.729 		-1.5 		48.899
v 7.207 		-6.535 		48.5
v 4.096 		-20.7918 		24
v -17.219 		-3.5 		52.452
v 3.496 		-21.063 		21.908
v -25.319 		-1.086 		48.131
v 3.524 		-21.143 		24
v -25.473 		-1.086 		48.934
v 1.323 		-21.733 		24
v 6.625 		-18.822 		17.788
v -18.041 		-3.018 		52.822
v -24.615 		-0.568 		48.327
v 3.268 		-20.423 		17.788
v -16.865 		-3.914 		52.486
v 6.833 		-19.19 		19.832
v 3.41 		-20.822 		19.832
v -25.454 		-1.982 		47.189
v -25.725 		-1.982 		48.018
v -17.97 		-3.5 		52.973
v -3.072 		-18.309 		56
v -17.88 		-1.445 		26.454
v -17.391 		-0.305 		26.014
v -17.383 		-0.597 		26.007
v -17.453 		-0.059 		26.07
v -15.798 		-5.954 		46.358
v -25.304 		-1.5 		47.253
v -25.568 		-1.5 		48.062
v -17.561 		-1.158 		26.167
v -16.591 		-2.5 		51.24
v -17.453 		-0.941 		26.07
v -16.089 		-4.4889 		46.2997
v -16.1422 		-4.497 		46.358
v -15.9913 		-4.4739 		46.1926
v -24.874 		-0.768 		47.856
v -15.8883 		-4.4593 		46.08
v -15.9349 		-4.4659 		46.1309
v -16.922 		-2.5 		51.805
v -16.542 		-3.018 		51.265
v -25.944 		-2.5 		48.869
v 26.83 		-0.647 		15.294
v 26.914 		0 		15.305
v -16.878 		-3.018 		51.84
v -25.473 		-3.914 		48.934
v 26.582 		-1.25 		15.262
v -2.928 		-17.625 		56
v -2.2135 		-17.4674 		55.808
v -3.072 		-18.4257 		55.5721
v -3.072 		-18.432 		55.5721
v -2.461 		-18.432 		55.74
v -2.461 		-18.2487 		55.74
v -2.955 		-18.432 		55.4338
v -3.072 		-18.432 		55.3745
v -3.072 		-18.432 		55.6949
v -2.3969 		-18.2301 		55.7576
v -16.3248 		-4.432 		46.5692
v -2.461 		-18.2356 		55.74
v -2.9509 		-18.269 		55.4364
v 26.189 		-1.768 		15.21
v -3.072 		-18.278 		55.3749
v -3.0226 		-18.2743 		55.4
v -17.891 		7.168 		56.0905
v -17.891 		7.168 		56.32
v -25.729 		-3.5 		48.899
v -17.5451 		7.168 		56.32
v 25.713 		-2.165 		14.571
v -17.5451 		7.168 		56
v -2.9594 		-18.2697 		55.432
v -17.408 		7.168 		55.296
v -17.408 		7.168 		55.4
v -3.072 		-18.2922 		55.6603
v -17.8862 		7.168 		56
v -2.9925 		-18.2713 		55.4
v -3.072 		-18.274 		55.296
v 24.869 		-2.415 		16.109
v -3.072 		-18.2792 		55.4
v -16.2386 		-4.4796 		46.4745
v -16.2388 		-4.4782 		46.4745
v -17.408 		6.144 		55.4
v -17.408 		6.144 		55.296
v -3.072 		-17.6355 		55.4
v 26.915 		-0.647 		14
v 27 		0 		14
v -16.623 		-3.5 		51.746
v -2.991 		-17.6296 		55.4
v -2.928 		-17.625 		55.4
v 26.914 		0 		12.695
v 26.83 		-0.647 		12.706
v -25.89 		-3.018 		48.877
v -21.231 		-2.203 		25
v -17.877 		6.617 		56.6
v -21.85 		-2.284 		25
v -17.99 		7 		56.32
v -16.2442 		-4.4518 		46.4733
v -18.2671 		6.3635 		56.32
v -16.1599 		-4.5 		46.3813
v -16.236 		-4.4803 		46.4715
v -17.877 		6.617 		56.32
v -20.859 		-2.154 		25
v -16.2912 		-4.4402 		46.5293
v -21.231 		-2.203 		26
v -18.1619 		6.144 		56.32
v -18.3574 		6.144 		56.32
v -18.3422 		6.144 		56
v -17.99 		7 		56
v -21.85 		-2.284 		26
v -20.859 		-2.154 		26
v -18.3136 		6.144 		55.4
v -18.3087 		6.144 		55.296
v -25.505 		-2.5 		47.167
v -20.1975 		-6.144 		25
v -20.1975 		-6.144 		24.576
v -20.48 		-5.3113 		24.576
v -20.48 		-5.3113 		25
v -20.438 		-4.271 		25
v -25.779 		-2.5 		48.003
v -20.438 		-4.271 		26
v -18.1619 		6.144 		56
v -17.877 		6.617 		56
v -20.48 		-6.144 		25
v -20.48 		-6.144 		24.576
v -25.192 		-3.914 		47.743
v -19.2354 		-8.192 		25
v -19.2354 		-8.192 		24.576
v -20.091 		-6.458 		24.576
v -20.091 		-6.458 		25
v -19.5028 		-8.192 		25
v -19.5028 		-8.192 		24.576
v -19.744 		-6.314 		25
v -17.793 		6.871 		53.395
v -20.091 		-6.458 		26
v -25.304 		-3.5 		47.253
v -19.744 		-6.314 		26
v -15.455 		-4.5 		46.943
v -25.568 		-3.5 		48.062
v -17.941 		6.968 		54.693
v -25.454 		-3.018 		47.189
v -20.8 		-4.368 		26
v -21.404 		-4.529 		26
v -20.668 		-6.697 		26
v -20.8 		-4.368 		25
v -15.299 		-4.432 		46.402
v -25.725 		-3.018 		48.018
v -20.668 		-6.697 		25
v -21.404 		-4.529 		25
v -18.432 		5.8562 		55.4
v -14.781 		-4.232 		46.476
v 4.642 		-1.5 		44.509
v -2.928 		-17.625 		55.4505
v -2.9346 		-17.6255 		55.4464
v -2.9524 		-17.6268 		55.4374
v 4.1977 		-0.8565 		44.2064
v 26.665 		-1.25 		14
v -18.432 		4.6031 		56
v -18.384 		4.711 		56
v -2.461 		-17.522 		55.74
v -18.432 		4.5543 		56
v 4.2576 		-0.821 		44.2545
v -2.2329 		-17.4716 		55.8027
v 4.4 		-0.565 		44.3789
v -18.384 		4.711 		55.4
v -18.432 		4.6031 		55.4
v 4.2344 		-0.274 		44.2692
v -18.432 		4.5543 		55.4
v -18.432 		5.8442 		55.296
v -16.016 		-4.432 		45.624
v -18.432 		4.096 		55.296
v -14.967 		-5.611 		45.393
v -24.613 		-1.982 		45.676
v -25.081 		-1.982 		46.404
v -19.6751 		-2.08 		53.1599
v -19.6317 		-2.5 		53.11
v -20.133 		-2.5 		53.053
v -19.6265 		-2.6019 		53.1219
v -19.6259 		-2.6133 		53.1232
v -24.941 		-1.5 		46.488
v -19.6053 		-3.018 		53.1709
v -19.6053 		-3.0345 		53.1767
v -20.143 		-3.018 		53.109
v -19.6054 		-3.0932 		53.1972
v 26.582 		-1.25 		12.739
v -24.891 		-1.086 		46.989
v 4.495 		-3.398 		44.509
v 26.268 		-1.768 		14
v 26.189 		-1.768 		12.79
v -18.432 		5.8388 		55.2491
v -24.576 		-7.9627 		24.576
v -26.808 		-2.937 		26
v -26.233 		-5.823 		26
v -3.269 		-17.625 		56.6
v -17.91 		-10.24 		25
v -17.91 		-10.24 		24.576
v -19.114 		-8.438 		24.576
v -19.114 		-8.438 		25
v -18.2248 		-10.24 		25
v -19.095 		4.314 		56
v -18.2248 		-10.24 		24.576
v -4.096 		-18.432 		56
v -18.9858 		4.5794 		56
v -18.858 		5.006 		56
v -4.096 		-18.4105 		56
v -19.655 		-8.75 		25
v 25.675 		-2.165 		12.858
v -17.59 		-10.045 		25
v -18.789 		-8.25 		25
v -19.114 		-8.438 		26
v -3.269 		-17.625 		56
v -19.655 		-8.75 		26
v -18.789 		-8.25 		26
v -17.59 		-10.045 		26
v 25.147 		-2.415 		14
v -18.725 		4.711 		56.6
v -4.096 		-18.3755 		55.296
v -3.7982 		-18.346 		55.296
v -18.725 		4.711 		56
v -16.432 		-11.932 		24.576
v -16.432 		-11.932 		25
v -17.888 		-10.273 		25
v -16.9495 		-12.288 		25
v -18.384 		-10.653 		25
v -18.881 		4.226 		53.395
v -16.432 		-11.932 		26
v -17.888 		-10.273 		26
v -18.384 		-10.653 		26
v -16.9495 		-12.288 		26
v -24.657 		-2.5 		45.641
v -19.042 		4.292 		54.693
v 24.973 		-2.415 		12.414
v -25.129 		-2.5 		46.375
v -23.2924 		-12.288 		25
v -23.2924 		-12.288 		26
v 26.659 		0 		11.412
v 26.577 		-0.647 		11.434
v -22.351 		-13.697 		26
v -20.41 		-15.91 		26
v -19.4698 		-16.384 		26
v -16.874 		-12.374 		26
v -2.84 		-18.349 		54.311
v -16.773 		6.204 		49.661
v -22.351 		-13.697 		25
v -2.333 		-18.208 		54.703
v -20.41 		-15.91 		25
v -19.8696 		-16.384 		25
v -2.3843 		-18.1717 		54.693
v -2.4053 		-18.1758 		54.6778
v -16.874 		-12.374 		25
v -19.3819 		-16.384 		25
v -17.207 		6.487 		50.87
v -15.7434 		-4.432 		45.9198
v -15.8156 		-4.4472 		46.0001
v -24.576 		-10.0528 		26
v -24.576 		-10.0528 		24.576
v -2.405 		-18.178 		54.693
v -24.576 		-8.4836 		24.576
v -25.287 		-8.61 		26
v -15.478 		-4.232 		45.574
v -15.4716 		-4.232 		45.5823
v -15.6893 		-4.3791 		45.8494
v -2.7057 		-18.178 		54.4933
v -15.4689 		-4.2282 		45.5784
v -24.6985 		-7.6942 		24.576
v -25.9609 		-2.872 		24.576
v -25.689 		-3.9091 		24.576
v -23.986 		-11.25 		24.576
v -22.6315 		-12.288 		24.576
v -2.3657 		-18.1668 		54.7073
v -2.2921 		-18.1465 		54.7473
v -23.7798 		-10.2294 		24.576
v -22.3707 		-12.288 		24.576
v -22.351 		-13.697 		24.576
v -20.41 		-15.91 		24.576
v -19.8696 		-16.384 		24.576
v -15.8431 		-4.453 		46.0305
v -24.717 		-3.914 		46.622
v -19.3099 		-16.384 		24.576
v -21.0353 		-14.6196 		24.576
v -24.941 		-3.5 		46.488
v -18.867 		-2.5 		53.053
v -24.613 		-3.018 		45.676
v -19.5 		-2.5 		53.125
v -18.645 		-3.018 		53.066
v -14.186 		-7.51 		45.393
v 2.5 		-1.5 		43.01
v -25.081 		-3.018 		46.404
v -14.951 		-8.011 		46.358
v 2.4844 		-1.2981 		43.01
v -8.362 		-3.7 		41.511
v 3.604 		-1.5 		43.713
v -8.823 		-2.264 		41.511
v -8.853 		-1.118 		41.511
v 3.3417 		-1.1822 		43.5616
v 3.4478 		-1.1678 		43.6299
v -19.5 		-3.018 		53.183
v 3.5766 		-1.1455 		43.713
v -10.091 		-0.995 		41.905
v -10.957 		-3.957 		42.405
v -3.0642 		-18.1804 		54.2705
v -24.576 		-7.9079 		24
v 25.929 		-1.25 		10.301
v 3.8643 		-1.054 		43.939
v -3.264 		-18.384 		53.865
v -3.0978 		-18.1782 		54.2333
v -18.615 		4.116 		52.118
v 26.336 		-1.25 		11.499
v -17.548 		6.71 		52.118
v -3.1255 		-18.178 		54.2139
v -3.2321 		-18.1708 		54.0942
v 25.562 		-1.768 		10.453
v 2.386 		-2.976 		43.01
v 25.952 		-1.768 		11.601
v 3.473 		-3.193 		43.713
v -24.576 		-7.9077 		24
v -18.595 		-1.5 		49.661
v -3.541 		-18.224 		53.681
v -19.095 		-1.5 		50.87
v -3.7407 		-18.1168 		53.395
v -3.7761 		-18.105 		53.3342
v 25.587 		-0.647 		9.043
v -23.969 		-7.433 		17.788
v 25.66 		0 		9
v -16.446 		-1.982 		51.064
v 26.239 		0 		10.173
v 26.16 		-0.647 		10.206
v -3.6481 		-18.1342 		53.5729
v 25.37 		-1.25 		9.168
v -11.243 		-2.748 		42.405
v -2.2211 		-18.432 		55.8059
v -11.339 		-1.5 		42.405
v -1.206 		-18.525 		54.59
v -24.359 		-7.579 		19.832
v -21.966 		-1.982 		55.933
v -1.67 		-18.679 		54.381
v -11.243 		-0.252 		42.405
v -0.376 		-18.534 		54.337
v -21.168 		-1.982 		56.215
v -26.233 		-5.823 		24
v -24.595 		-7.666 		21.908
v -18.432 		4.096 		53.248
v -26.808 		-2.937 		24
v 25.026 		-1.768 		9.366
v -21.904 		-1.5 		55.777
v -25.583 		-3.892 		21.908
v -21.126 		-1.5 		56.052
v -0.792 		-18.744 		54.19
v -0.657 		-19.116 		53.277
v 22.296 		-1.768 		16.194
v -18.432 		2.048 		55.4
v -0.811 		-18.884 		53.905
v -24.6761 		-7.6881 		24
v -24.673 		-7.695 		24
v -18.432 		2.048 		55.296
v -19.489 		2.9 		56
v -19.6042 		2.048 		55.4
v -19.5995 		2.048 		55.296
v -19.2063 		3.8437 		56
v -12.5 		-1.5 		43.01
v 2.3024 		-1.3038 		42.9149
v -12.386 		-0.024 		43.01
v 2.4229 		-1.3005 		42.9778
v -13.604 		-1.5 		43.713
v -19.342 		2.697 		56.6
v -19.342 		2.697 		56
v 1.339 		-1.5 		42.405
v 0.6572 		-1.2839 		42.163
v 1.326 		-1.3306 		42.405
v -15.577 		-1.982 		44.441
v -25.666 		-3.907 		24
v -16.278 		-1.982 		43.954
v -0.814 		-18.834 		53.839
v -15.676 		-1.5 		44.574
v -16.359 		-1.5 		44.1
v -24.928 		-3.774 		17.788
v -18.432 		0 		53.248
v -19.7946 		1.16 		56
v -0.312 		-18.957 		53.277
v -19.772 		1.452 		56
v -19.7463 		1.4469 		55.4
v -19.779 		1.024 		55.4
v -19.6605 		1.9233 		56
v -25.337 		-3.848 		19.832
v -14.642 		-1.5 		44.509
v -19.456 		1.024 		55.4
v -19.7744 		1.024 		55.296
v -23.986 		-11.25 		24
v -19.456 		1.024 		55.296
v -19.456 		0.1604 		56
v -19.375 		0.612 		56
v -15.0441 		-2.048 		44.9162
v -15.052 		-1.982 		44.9188
v -22.98 		-11.207 		21.908
v -15.0779 		-1.8933 		44.9363
v -22.5469 		-12.288 		24
v -15.1931 		-1.5 		45.0139
v -19.375 		0.612 		55.4
v -19.456 		0.1604 		55.4
v -24.75 		-4.432 		49.032
v -19.411 		0 		55.4
v -15.2021 		-1.5 		45.0221
v -19.456 		0 		55.296
v -24.576 		-8.3161 		24
v -23.6071 		-10.4405 		24
v -24.755 		-4.232 		47.49
v -19.872 		0.719 		56
v -22.3425 		-12.288 		24
v -23.053 		-11.25 		24
v -24.994 		-4.232 		48.221
v -20.972 		-0.768 		55.455
v -20.41 		-15.91 		24
v -22.351 		-13.697 		24
v -20.789 		-14.408 		21.908
v -21.677 		-0.768 		55.207
v -20.9819 		-14.5742 		24
v -14.943 		-1.982 		45.018
v 17.807 		2.937 		26
v 17.233 		5.823 		26
v 16.384 		8.3242 		26
v 17.9234 		1.1653 		24.576
v 17.9229 		1.1735 		24.576
v 17.7458 		3.2445 		24.576
v 17.7453 		3.2473 		24.576
v 17.5765 		4.096 		24.576
v 17.3762 		5.103 		24.576
v 17.3742 		5.113 		24.576
v 16.384 		8.3242 		24.576
v 17.0378 		6.3982 		24.576
v 17.0334 		6.4111 		24.576
v 16.4289 		8.192 		24.576
v -0.177 		-18.684 		53.589
v -22.344 		-0.768 		54.865
v -12.386 		-2.976 		43.01
v -22.148 		-0.568 		54.513
v -20.853 		-14.463 		24
v -1.489 		-18.893 		53.974
v -13.473 		-3.193 		43.713
v -21.199 		-0.568 		54.946
v -1.384 		-18.867 		53.93
v -20.279 		-13.97 		17.788
v -15.543 		-2.5 		44.395
v -21.05 		-0.5 		54.493
v -22.403 		-10.867 		17.788
v -20.597 		-14.243 		19.832
v -22.763 		-11.079 		19.832
v -15.676 		-3.5 		44.574
v -1.934 		-19.14 		53.346
v -16.359 		-3.5 		44.1
v -1.055 		-19.046 		53.636
v -1.275 		-19.247 		53.371
v -1.082 		-19.141 		53.441
v -20.929 		-0.568 		54.121
v -21.969 		-0.568 		53.588
v 22.683 		-1.768 		14.748
v 21.775 		-1.25 		16.355
v -25.287 		-8.61 		24
v 16.6945 		7.7043 		24.576
v 16.472 		8.192 		24.576
v -19.716 		0.612 		56.6
v -19.716 		0.612 		56
v 17.6885 		3.9115 		24.576
v -19.7418 		1.4461 		55.296
v -19.548 		1.407 		53.395
v -19.4132 		-16.384 		25.1839
v 22.221 		-1.25 		15.039
v 16.4469 		8.192 		24
v 16.384 		8.3297 		24
v 16.4468 		8.192 		24
v 16.384 		8.3242 		24
v 16.4289 		8.192 		24
v -17.66 		-16.649 		17.788
v -19.716 		1.441 		54.693
v 25.026 		1.768 		18.634
v -18.197 		-17.851 		24
v -17.927 		-16.974 		19.832
v 22.042 		-0.647 		14.664
v 25.37 		1.25 		18.833
v 21.698 		-0.647 		15.946
v 24.668 		1.25 		19.884
v -18.388 		1.175 		49.661
v 21.912 		-0.647 		15.316
v 25.587 		0.647 		18.957
v -18.197 		-17.851 		26
v -21.055 		-0.768 		53.648
v 21.724 		0 		15.604
v -18.088 		-17.17 		21.908
v 24.866 		0.647 		20.036
v -20.695 		-1.086 		53.406
v -17.775 		3.77 		49.661
v -18.9342 		-16.6681 		24
v 23.794 		-2.415 		14.895
v 25.268 		2.165 		16.807
v -18.881 		1.274 		50.87
v 24.578 		2.165 		18.375
v 22.906 		-2.165 		16.005
v -22.722 		-1.982 		55.546
v 23.197 		-2.165 		14.816
v -18.245 		3.964 		50.87
v -22.641 		-1.5 		55.4
v -19.269 		1.351 		52.118
v 22.732 		-1.768 		14
v 22.683 		-1.768 		13.252
v 25.952 		1.768 		16.399
v -24.057 		-1.982 		54.482
v 25.562 		1.768 		17.547
v 22.041 		-1.25 		12.289
v 26.336 		1.25 		16.502
v -17.101 		0.918 		47.396
v -23.423 		-1.982 		55.06
v 25.929 		1.25 		17.699
v -16.546 		3.263 		47.396
v 26.577 		0.647 		16.566
v -23.942 		-1.5 		54.363
v 22.312 		-1.25 		13.652
v -17.793 		1.057 		48.5
v 26.16 		0.647 		17.794
v -17.207 		3.535 		48.5
v -23.324 		-1.5 		54.926
v -1.755 		-19.046 		53.636
v -1.535 		-19.247 		53.371
v -22.84 		-1.086 		54.94
v 21.912 		-0.647 		12.684
v 22.042 		-0.647 		13.336
v -18.141 		-17.236 		24
v 21.893 		0 		13.027
v 21.979 		0 		14.326
v -24.484 		-1.5 		53.722
v 16.595 		7.666 		21.908
v -9.764 		-16.197 		8.573
v 24.452 		-2.5 		13.755
v -12.427 		-14.927 		8.573
v 16.673 		7.696 		24
v -23.76 		-1.086 		54.174
v 23.794 		-2.415 		13.106
v -14.833 		-13.204 		8.573
v 16.9331 		6.7064 		24
v 17.233 		5.823 		24
v 17.4499 		4.7325 		24
v 23.037 		-2.165 		12.382
v 17.4506 		4.7288 		24
v 16.9296 		6.7167 		24
v -1.399 		-19.144 		53.492
v -24.012 		-0.768 		53.346
v -23.242 		-0.768 		54.181
v -1.405 		-19.077 		53.636
v -13.011 		-15.962 		10.234
v 23.223 		-2.165 		13.592
v -22.984 		-0.568 		53.876
v -15.577 		-3.018 		44.441
v -15.584 		-14.119 		10.234
v -16.247 		-14.927 		12
v -22.707 		-0.5 		53.548
v 20.547 		1.768 		22.562
v 16.673 		0 		15.792
v 20.699 		1.25 		22.929
v 21.957 		0.647 		22.587
v -21.987 		-2.5 		55.986
v -2.921 		-1.576 		0.091
v 20.794 		0.647 		23.16
v -21.182 		-2.5 		56.27
v -0.209 		-0.339 		0.365
v -0.551 		-1.645 		0.365
v -14.495 		-3.398 		44.509
v -1.309 		-2.752 		0.365
v -2.392 		-3.528 		0.365
v -3.668 		-3.877 		0.365
v 22.296 		-1.768 		11.806
v 21.964 		-1.768 		11.134
v 20.596 		2.415 		21.291
v -21.126 		-3.5 		56.052
v -21.904 		-3.5 		55.777
v 21.851 		2.165 		21.26
v -21.966 		-3.018 		55.933
v 21.62 		-1.25 		11.333
v 23.553 		1.768 		20.553
v 22.642 		1.768 		21.353
v -5.33 		-1.36 		0.091
v -4.985 		-3.76 		0.365
v 21.634 		1.768 		22.026
v -6.183 		-3.188 		0.365
v 21.404 		-0.647 		11.457
v 21.698 		-0.647 		12.054
v 0 		0 		56.5218
v -7.117 		-2.232 		0.365
v 23.834 		1.25 		20.834
v 0 		0 		56.5121
v -7.676 		-1.007 		0.365
v 20.596 		-0.647 		10.404
v 22.884 		1.25 		21.668
v 21.833 		1.25 		22.37
v -7.5171 		0 		40
v -7.446 		0 		39.936
v 21.475 		0 		11.793
v -7.6058 		0 		40
v 20.751 		0 		10.71
v 24.011 		0.647 		21.011
v 24.527 		-2.415 		10.882
v 23.036 		0.647 		21.866
v -1.603 		-5.258 		0.818
v -3.011 		-5.735 		0.818
v 23.331 		-2.415 		11.378
v -4 		-5.823 		0.818
v -21.168 		-3.018 		56.215
v 18.703 		2.165 		22.564
v 22.593 		-2.165 		11.242
v -0.238 		-6.665 		1.447
v -1.426 		-7.231 		1.447
v -22.75 		-2.5 		55.596
v -2.693 		-7.579 		1.447
v -2.461 		-18.868 		55.74
v -2.2157 		-18.868 		55.8074
v -2.966 		-18.868 		55.427
v -4 		-7.695 		1.447
v -2.078 		-18.559 		54.453
v -22.641 		-3.5 		55.4
v 24.353 		-1.768 		8.358
v -22.722 		-3.018 		55.546
v -5.468 		-5.604 		0.818
v 21.301 		-1.768 		10.229
v -7.254 		-4.752 		0.818
v -24.096 		-2.5 		54.523
v -5.307 		-7.579 		1.447
v -6.573 		-7.231 		1.447
v -7.762 		-6.665 		1.447
v 20.772 		-1.25 		10.228
v -23.457 		-2.5 		55.105
v -23.942 		-3.5 		54.363
v -23.324 		-3.5 		54.926
v -14.99 		-2.5 		44.8987
v -14.9987 		-2.4271 		44.9016
v -14.99 		-2.5002 		44.8987
v -0.525 		-0.84 		56.772
v -14.9921 		-2.5496 		44.9042
v -0.992 		-0.118 		56.917
v -14.928 		-6.453 		4.34
v -0.467 		-0.536 		56.772
v -15.858 		-4.414 		4.34
v -15.023 		-3.0706 		44.9695
v -15.0117 		-3.018 		44.9555
v -14.9929 		-2.5684 		44.9062
v -1.024 		-1.024 		56.8646
v -0.8778 		-1.024 		56.8337
v -0.6218 		-1.024 		56.772
v -0.198 		-1.024 		56.6069
v -0.1803 		-1.024 		56.6
v -0.1693 		-1.0031 		56.6
v -0.1652 		-0.9952 		56.6
v -16.247 		-7.231 		5.615
v -0.1722 		-0.6877 		56.6
v -0.1397 		-0.5171 		56.6
v -0.1436 		-0.2991 		56.6
v -8.647 		-3.327 		0.818
v -9.608 		-1.011 		0.818
v 0 		-0.1938 		56.5236
v -14.904 		-2.5 		44.977
v -1.714 		-0.328 		57
v -1.951 		-0.78 		56.974
v -1.741 		-0.87 		56.974
v -1.63 		-0.861 		56.974
v -1.452 		-0.76 		56.974
v -14.943 		-3.018 		45.018
v -1.285 		-0.328 		56.974
v -10.516 		-3.848 		1.447
v -11.071 		-2.632 		1.447
v -16.25 		-2.5 		43.904
v -11.41 		-1.336 		1.447
v -16.278 		-3.018 		43.954
v -12.737 		-3.252 		2.249
v -13.156 		-1.651 		2.249
v -14.337 		-3.848 		3.215
v -14.833 		-1.953 		3.215
v -9.187 		-4.822 		41.905
v -9.075 		-7.004 		42.405
v -9.856 		-6.118 		42.405
v -0.1803 		-1.024 		56.6
v -1.024 		-1.024 		56.6
v -0.1641 		-1.024 		56.5937
v -0.1456 		-1.024 		56.582
v 0 		-1.024 		56.4859
v -1.024 		-1.5024 		56.7945
v 22.761 		-2.415 		8.239
v -0.886 		-1.526 		56.772
v -8.837 		-5.895 		1.447
v -1.024 		-2.0398 		56.6491
v -9.764 		-4.947 		1.447
v -2.968 		-18.637 		53.766
v -2.372 		-18.792 		53.917
v -2.314 		-18.714 		53.81
v 24.26 		-2.165 		9.149
v 17.666 		3.907 		24
v -9.976 		-7.284 		2.249
v 17.6656 		3.9086 		24
v 24.056 		-2.415 		9.927
v -24.057 		-3.018 		54.482
v 17.7051 		3.4491 		24
v 17.807 		2.937 		24
v 17.8249 		2.048 		24
v -11.122 		-6.112 		2.249
v 22.763 		-2.5 		9.269
v 17.7612 		2.165 		22.6669
v -12.052 		-4.755 		2.249
v -23.423 		-3.018 		55.06
v 17.7047 		3.4513 		24
v -12.427 		-7.231 		3.215
v -10.49 		-5.092 		42.405
v -13.526 		-5.625 		3.215
v 19.399 		1.768 		22.952
v -9.821 		-8.011 		43.01
v 19.502 		1.25 		23.336
v -10.745 		-6.964 		43.01
v -11.495 		-5.75 		43.01
v 19.566 		0.647 		23.577
v -24.019 		-3.914 		53.866
v -12.048 		-4.407 		43.01
v -24.484 		-3.5 		53.722
v -11.591 		-7.768 		43.713
v -1.809 		-12.709 		4.34
v 17.8971 		1.2038 		24
v 17.895 		1.2282 		24
v -4 		-12.906 		4.34
v 18.21 		1.768 		23.189
v 0.6151 		-1.2802 		42.1478
v 17.7885 		1.9737 		22.9391
v 17.7986 		1.903 		23.0398
v 17.9007 		1.1619 		24
v -0.4922 		-1.619 		56.6
v -0.4954 		-1.6227 		56.6
v 17.8172 		1.768 		23.2146
v -6.191 		-12.709 		4.34
v 17.9316 		0.8006 		24
v 17.9318 		0.7973 		24
v 18.262 		1.25 		23.582
v 17.9374 		0.7325 		24
v -0.8656 		-2.048 		56.6
v 17.8581 		1.4158 		23.4815
v 17.8773 		1.25 		23.6073
v -1.544 		-14.243 		5.615
v 17.9375 		0.7315 		24
v -1.024 		-2.048 		56.6
v -0.238 		-1.679 		56.489
v -4 		-14.463 		5.615
v 0 		-2.048 		56.2864
v -0.7743 		-2.048 		56.5669
v -6.456 		-14.243 		5.615
v 17.9659 		0.3987 		24
v -0.2608 		-2.048 		56.3517
v -12.451 		-6.375 		43.713
v 0 		-1.734 		56.3259
v 18.294 		0.647 		23.83
v 0 		-1.2791 		56.431
v 17.9661 		0.396 		24
v 0 		-1.9668 		56.251
v 0 		-2.048 		56.2182
v -1.299 		-15.668 		7.029
v -13.085 		-4.835 		43.713
v 17.9754 		0.2877 		24
v -4 		-15.91 		7.029
v 0.091 		-2.005 		41.905
v 17.9211 		0.8208 		23.7825
v 17.9754 		0.2874 		24
v 17.9388 		0.647 		23.8533
v -22.173 		-0.768 		52.915
v -6.701 		-15.668 		7.029
v -21.363 		-1.086 		53.101
v 22.686 		-2.415 		10.201
v 17.9542 		0.4771 		23.8746
v 17.9829 		0.1593 		23.9144
v 21.509 		-2.415 		8.859
v -22.135 		-1.086 		52.486
v 1.243 		-2.748 		42.405
v 0.957 		-3.957 		42.405
v 21.959 		-2.165 		10.195
v 21.419 		-2.165 		9.581
v -2.522 		-18.569 		54.242
v -0.82 		-8.935 		2.249
v -21.03 		-1.5 		52.973
v 0.49 		-5.092 		42.405
v -2.386 		-9.364 		2.249
v -4 		-9.509 		2.249
v -21.782 		-1.5 		52.452
v 20.178 		-1.768 		9.244
v 2.048 		-4.407 		43.01
v 18.839 		-1.768 		8.584
v -1.024 		-1.1002 		56.8592
v -1.024 		-1.4072 		56.8203
v -1.024 		-2.048 		56.6467
v -0.238 		-10.572 		3.215
v 1.495 		-5.75 		43.01
v 0.745 		-6.964 		43.01
v -1.246 		-1.216 		56.898
v -1.658 		-1.394 		56.898
v -2.09 		-11.079 		3.215
v 19.668 		-1.25 		9.38
v -1.469 		-1.89 		56.772
v 3.085 		-4.835 		43.713
v 19.042 		-1.25 		9.071
v 2.451 		-6.375 		43.713
v 20.096 		-0.647 		9.966
v 1.591 		-7.768 		43.713
v -2.097 		-0.087 		56.974
v -2.393 		-0.292 		56.926
v 19.543 		-0.647 		9.596
v 4.06 		-5.237 		44.509
v 3.35 		-6.964 		44.509
v 18.946 		-0.647 		9.302
v 19.772 		0 		9.852
v 20.282 		2.5 		20.655
v 18.604 		0 		9.275
v 17.748 		-1.768 		8.317
v 17.696 		-1.25 		8.711
v -13.35 		-6.964 		44.509
v 5.641 		-8.463 		47.396
v 4.413 		-10.451 		47.396
v -2.498 		-18.957 		53.277
v -14.06 		-5.237 		44.509
v -4 		-11.25 		3.215
v -2.053 		-19.149 		53.255
v 6.25 		-8.861 		48.5
v 17 		-1.25 		8.665
v 4.951 		-10.963 		48.5
v -2.851 		-18.5 		53.578
v -2.412 		-18.81 		53.636
v -2.094 		-18.957 		53.636
v 17.99 		-0.647 		9.023
v 17 		-0.647 		8.915
v 3.125 		-9.227 		45.393
v 1.818 		-10.709 		45.393
v 17.653 		0 		9.043
v 0.303 		-11.91 		45.393
v 3.802 		-9.871 		46.358
v 20.125 		-2.165 		8.587
v 19.392 		-2.165 		8.226
v -2.944 		-0.639 		56.772
v 2.386 		-11.476 		46.358
v -3.08 		-18.474 		53.277
v 24.934 		0 		7.912
v -3.306 		-18.498 		53.613
v 24.866 		-0.647 		7.964
v 24.668 		-1.25 		8.116
v -3.3523 		-0.3316 		56.6
v -3.3177 		-0.7329 		56.6
v -3.3154 		-0.7394 		56.6
v 2.898 		-12.168 		47.396
v 24.071 		0 		6.929
v 24.011 		-0.647 		6.989
v -0.045 		-16.93 		52.118
v -4.0853 		-0.8894 		56
v -1.9211 		-17.5 		52.118
v -1.4962 		-17.5 		52.6154
v -20.959 		-1.982 		52.822
v 0.745 		-12.778 		46.358
v 19.109 		2.415 		21.869
v 1.144 		-13.56 		47.396
v 22.884 		-1.25 		6.332
v 20.349 		2.165 		22.084
v 23.834 		-1.25 		7.166
v -3.296 		-18.196 		53.22
v 22.642 		-1.768 		6.647
v 3.35 		-12.778 		48.5
v -3.507 		-17.996 		52.762
v -22.251 		-1.5 		51.942
v 1.495 		-14.25 		48.5
v -3.4743 		-17.9782 		52.9492
v -3.5039 		-17.9595 		52.8629
v -3.4727 		-17.9789 		52.9523
v -21.837 		-1.982 		52.177
v 23.553 		-1.768 		7.447
v -3.5294 		-17.9433 		52.7884
v -3.5296 		-17.9433 		52.7881
v -3.5981 		-17.9394 		52.7456
v -3.5992 		-17.9393 		52.7448
v -3.798 		-18.158 		53.212
v -3.6775 		-18.0154 		53.0167
v 0.53 		-8.97 		43.713
v -3.784 		-18.0271 		53.0208
v -22.242 		-1.982 		51.653
v 2.386 		-8.524 		44.509
v 20.862 		-2.165 		6.169
v 1.198 		-9.871 		44.509
v 21.96 		-2.415 		7.537
v -3.8764 		-18.0511 		53.0799
v -2.086 		-1.286 		56.898
v -3.8134 		-18.0839 		53.2353
v -2.748 		-1.205 		56.772
v -2.9437 		-1.6943 		56.6
v -2.9403 		-1.6972 		56.6
v -3.179 		-1.2475 		56.6
v -3.7921 		-17.8967 		52.4991
v -5.615 		-9.364 		2.249
v -4.0608 		-1.1261 		56
v -7.18 		-8.935 		2.249
v -3.761 		-17.8595 		52.363
v -3.7166 		-17.8355 		52.2854
v -5.91 		-11.079 		3.215
v -7.762 		-10.572 		3.215
v -24.498 		-1.086 		53.218
v -3.7966 		-17.8815 		52.4368
v -3.7995 		-17.8925 		52.4793
v -24.426 		-0.768 		52.703
v -3.785 		-17.956 		52.461
v -3.677 		-18.028 		52.359
v -8.316 		-12.127 		4.34
v -23.196 		-0.568 		52.314
v -10.309 		-11.177 		4.34
v -12.111 		-9.886 		4.34
v -13.667 		-8.296 		4.34
v -24.504 		-0.568 		51.514
v -3.474 		-18.117 		52.488
v -13.09 		-11.079 		5.615
v -3.657 		-18.031 		52.635
v -14.833 		-9.296 		5.615
v -3.7063 		-17.9324 		52.6749
v -3.7394 		-17.9322 		52.6609
v -3.8901 		-1.65 		56
v -3.8182 		-1.8706 		56
v -13.999 		-12.188 		7.029
v -15.917 		-10.227 		7.029
v 18.334 		2.415 		20.707
v -0.9656 		-2.048 		56.6362
v -0.9868 		-2.1873 		56.6
v -0.9935 		-2.1915 		56.6
v -8.837 		-13.591 		5.615
v 17.583 		3.892 		21.908
v -11.071 		-12.525 		5.615
v 17.5621 		2.3519 		20.6392
v -0.6311 		-3.0196 		56
v -0.3125 		-2.8418 		56
v -9.321 		-14.95 		7.029
v -0.1632 		-2.6963 		56
v -0.0488 		-2.5071 		56
v 17.5749 		2.415 		20.7901
v -0.3214 		-2.957 		55.9198
v -0.5971 		-3.0566 		55.9593
v 17.6346 		2.4853 		21.3368
v 17.6437 		2.5 		21.423
v -0.0258 		-2.7249 		55.8776
v 17.6984 		2.4331 		21.8295
v 17.7084 		2.4267 		21.908
v -1.817 		-2.3991 		56.6
v 17.7152 		2.415 		22.0527
v 17.7354 		2.307 		22.3271
v -0.7889 		-3.1624 		56
v -0.84 		-3.1966 		55.994
v -0.7829 		-3.1806 		55.9858
v -1.0076 		-3.2945 		55.9839
v 20.805 		2.165 		18.959
v 21.509 		2.415 		19.141
v -1.8031 		-3.418 		56
v -1.731 		-3.3958 		56
v -1.2866 		-3.359 		56
v -1.1699 		-3.3422 		56
v -1.0375 		-3.2851 		56
v 23.76 		2.415 		18.517
v 22.761 		2.415 		19.761
v -1.979 		-3.3727 		56
v -1.8955 		-3.3749 		56
v -1.733 		-3.4817 		55.94
v -1.2937 		-3.3988 		55.9666
v -1.6689 		-3.4564 		55.9439
v 21.96 		2.415 		20.464
v -24.106 		-0.5 		51.374
v -23.709 		-0.568 		51.234
v -23.253 		-0.768 		51.364
v -5.1537 		-12.288 		45.056
v -4.4327 		-12.288 		45.056
v -4.3737 		-12.288 		45.0618
v -4.3737 		-12.288 		47.104
v -22.591 		-1.086 		51.895
v -5.1537 		-12.288 		47.104
v -1.372 		-12.796 		45.393
v -3.158 		-13.338 		45.393
v -1.07 		-13.737 		46.358
v -3.005 		-14.325 		46.358
v -1.9737 		15.114 		56
v -1.118 		14.921 		56
v -0.2926 		14.6034 		56
v -2.048 		15.1366 		56
v -1.0337 		14.7977 		55.4
v -2.048 		15.1005 		55.296
v -0.2921 		14.6032 		56
v -1.9765 		15.1147 		56
v -20.934 		-2.5 		52.77
v -2.048 		15.1364 		56
v -0.797 		-14.586 		47.396
v -2.048 		15.1057 		55.4
v -3.7691 		-17.9208 		52.6039
v -11.778 		-13.778 		7.029
v -21.638 		-2.5 		52.282
v -3.611 		-18.081 		52.4
v -20.765 		-3.018 		52.921
v -2.866 		-15.214 		47.396
v -2.048 		14.4113 		55.4
v -1.7058 		14.336 		55.4
v 20.49 		1.768 		18.548
v -2.048 		14.336 		55.296
v -2.048 		14.336 		55.4
v -1.7675 		-3.5058 		55.9305
v 20.794 		-0.647 		4.84
v 21.957 		-0.647 		5.414
v -8.649 		-8.235 		2.249
v 24.353 		1.768 		19.642
v -9.5 		-9.743 		3.215
v -21.03 		-3.5 		52.973
v 23.036 		-0.647 		6.134
v -11.071 		-8.618 		3.215
v -2.5105 		-17.5 		51.6319
v -2.941 		-18.321 		51.323
v 20.699 		-1.25 		5.071
v -21.675 		-3.018 		52.325
v 21.833 		-1.25 		5.63
v -0.538 		-20.082 		13.857
v -4 		-20.392 		13.857
v 21.419 		2.165 		18.419
v -7.462 		-20.082 		13.857
v 20.547 		-1.768 		5.438
v -0.557 		-15.335 		48.5
v 22.186 		2.165 		17.465
v -1.1513 		-3.3682 		55.9752
v -3.042 		15.355 		56
v -2.6554 		15.2678 		56
v -2.744 		-15.999 		48.5
v -3.578 		-17.806 		52.172
v -1.9238 		-3.4771 		55.8876
v -3.565 		-17.859 		52.178
v -2.928 		14.605 		56
v -2.6214 		-2.0539 		56.6
v -2.928 		14.605 		55.4
v -2.24 		-2.2923 		56.6
v -2.2321 		-2.2943 		56.6
v -3.9281 		-17.749 		51.9346
v 21.634 		-1.768 		5.974
v -3.9407 		-17.8143 		52.1138
v -3.269 		14.605 		56.6
v -3.658 		-17.84 		52.206
v -3.269 		14.605 		56
v -21.782 		-3.5 		52.452
v -21.363 		-3.914 		53.101
v -3.9052 		-17.7123 		51.8383
v -3.8803 		-17.7029 		51.819
v -0.41 		-20.822 		15.792
v -3.9177 		-17.8135 		52.118
v 20.118 		-2.415 		6.473
v -3.7982 		15.346 		55.296
v 19.87 		-2.5 		7.071
v -21.951 		-3.914 		52.653
v -2.4004 		15.2075 		55.296
v 22.437 		2.415 		18.172
v 23.331 		2.415 		16.623
v -2.435 		14.987 		53.395
v -2.405 		15.178 		54.693
v -4 		-21.143 		15.792
v -7.59 		-20.822 		15.792
v -2.9291 		-3 		56
v -3.6792 		-17.8152 		52.2191
v -4.9993 		-15.1719 		47.104
v -5 		-15.426 		47.396
v -5 		-15.172 		47.104
v -3.5998 		-17.7983 		52.1833
v -3.7864 		-17.8072 		52.1452
v -4.9348 		-15.1655 		47.104
v -7.134 		-15.214 		47.396
v -5.0007 		-15.1719 		47.104
v -3.8645 		-17.8109 		52.1289
v -3.5467 		-2.3202 		56
v -3.912 		-17.942 		51.887
v -3.534 		-17.93 		52.2
v -3.389 		-18.218 		52.107
v -5 		-16.222 		48.5
v -1.074 		-16.974 		8.573
v -22.078 		-2.5 		51.805
v -7.256 		-15.999 		48.5
v -3.383 		-18.018 		51.814
v -4 		-17.236 		8.573
v -6.927 		-16.974 		8.573
v -22.409 		-2.5 		51.24
v -3.298 		-18.166 		51.724
v -0.871 		-18.151 		10.234
v 20.427 		-2.415 		8.065
v 19.198 		-2.415 		7.525
v -3.517 		-17.97 		52.222
v -4 		-18.431 		10.234
v -22.122 		-3.018 		51.84
v -7.129 		-18.151 		10.234
v -3.529 		-17.943 		52.205
v -22.458 		-3.018 		51.265
v -0.692 		-19.19 		12
v 17.485 		-2.5 		6.596
v 17.895 		-2.415 		7.206
v -22.377 		-3.5 		51.746
v -4 		-19.486 		12
v 23.574 		2.5 		17.374
v -7.308 		-19.19 		12
v 17 		-2.415 		7.147
v -3.4323 		-2.5094 		56
v -3.0784 		-2.8545 		56
v 16.592 		-2.165 		7.777
v 17.816 		-2.165 		7.804
v 24.527 		2.415 		17.118
v -3.584 		-17.5 		51.214
v -10.164 		-17.319 		10.234
v -4.075 		-2.059 		55.663
v -3.785 		-2.88 		55.663
v -10.516 		-18.31 		12
v -13.526 		-16.875 		12
v -10.82 		-19.162 		13.857
v 21.404 		0.647 		16.543
v 21.034 		0.647 		17.096
v -3.642 		-2.775 		55.663
v 20.51 		1.25 		18.002
v -13.969 		-17.66 		13.857
v -5.78 		-15.5 		47.104
v -5 		-15.5 		47.104
v -11.071 		-19.868 		15.792
v -5.6336 		-15.2347 		47.104
v -5.7265 		-15.2255 		47.104
v -14.337 		-18.31 		15.792
v -5 		-15.1718 		47.104
v -5.7024 		-15.1021 		47.104
v -5.78 		-15.5 		45.077
v -3.6389 		-17.5 		51.3183
v -4.5235 		-13.0566 		45.056
v -4.6065 		-13.4819 		45.393
v -3.86 		-17.812 		51.664
v -3.6987 		-17.5428 		51.4216
v -3.7661 		-17.5918 		51.5397
v -3.7404 		-17.5731 		51.4948
v -5 		-13.521 		45.393
v 18.294 		-0.647 		4.17
v -5.3068 		-13.0735 		45.056
v 19.566 		-0.647 		4.423
v -5.3866 		-13.4826 		45.393
v -6.842 		-13.338 		45.393
v -3.8452 		-2.6553 		55.5151
v -4.0582 		-2.3851 		55.459
v -3.8134 		-2.7014 		55.5195
v 17 		-1.25 		4.335
v -5.3869 		-13.484 		45.3944
v 18.262 		-1.25 		4.418
v 19.502 		-1.25 		4.664
v -3.5817 		-3.0001 		55.5149
v -4.0793 		-2.3522 		55.4481
v -22.736 		-6.974 		13.857
v -4.6422 		-13.6652 		45.5661
v -23.636 		-3.541 		13.857
v -3.6133 		-2.9542 		55.5193
v 17 		-1.768 		4.732
v -4.8057 		-14.5037 		46.358
v -3.7289 		-2.8086 		55.5158
v -3.6981 		-2.8464 		55.5157
v 18.21 		-1.768 		4.812
v -5 		-14.523 		46.358
v -5.4277 		-13.6934 		45.5999
v 19.399 		-1.768 		5.048
v -6.995 		-14.325 		46.358
v -23.427 		-7.231 		15.792
v -5.5783 		-14.4656 		46.358
v -24.359 		-3.672 		15.792
v 18.703 		-2.165 		5.437
v -4.8208 		-14.581 		46.4452
v -2.8083 		-3.0893 		56
v 17 		-2.415 		5.853
v -1.388 		14.191 		56.6
v 18.063 		-2.415 		5.923
v -1.388 		14.191 		56
v -19.837 		-5.895 		8.573
v -5.6292 		-14.7267 		46.6641
v -1.047 		14.191 		56
v -1.047 		14.191 		55.4
v -20.597 		-2.993 		8.573
v 17 		-0.647 		4.085
v -20.935 		-6.304 		10.234
v 15.636 		-3.541 		13.857
v -5 		-11.5 		45.056
v -4.4327 		-11.5 		45.056
v -21.748 		-3.2 		10.234
v -1.25 		-8.861 		43.01
v -2.435 		-9.487 		43.01
v -4.096 		12.288 		55.4
v 16.359 		-3.672 		15.792
v -21.904 		-6.665 		12
v -4.096 		12.288 		55.296
v -2.639 		13.673 		49.661
v -2.6758 		-3.1463 		56
v -2.0795 		-3.3716 		56
v -0.35 		12.978 		49.661
v -2.552 		14.232 		50.87
v -2.711 		-3.386 		55.826
v -22.727 		-3.914 		51.685
v -0.179 		13.511 		50.87
v -2.388 		-3.525 		55.826
v 14.736 		-6.974 		13.857
v -3.532 		-18.265 		51.352
v -2.484 		14.671 		52.118
v 15.427 		-7.231 		15.792
v 21.233 		1.25 		17.248
v -0.045 		13.93 		52.118
v -3.758 		-18.109 		51.606
v -2.1411 		-3.526 		55.8279
v 21.548 		1.768 		17.49
v 14.763 		-3.384 		12
v -23.528 		-0.768 		50.301
v 21.964 		1.768 		16.866
v -5 		15.5 		56
v -23.021 		-1.086 		50.991
v -3.698 		-9.871 		43.01
v 16.252 		-1.768 		8.317
v -5.182 		14.744 		56.6
v -23.194 		-1.086 		50.255
v -5.182 		14.744 		56
v -5.0115 		14.7316 		56
v 15.161 		-1.768 		8.584
v -22.704 		-1.5 		51.128
v -4.841 		14.744 		56
v 18.618 		2.165 		20.037
v -4.841 		14.744 		55.4
v 19.392 		2.165 		19.774
v -0.698 		-9.944 		43.713
v -5 		15.465 		55.296
v 14.958 		-1.25 		9.071
v -22.894 		-1.5 		50.451
v 16.01 		-0.647 		9.023
v -5 		15.242 		53.395
v 20.025 		2.415 		20.133
v -5 		15.435 		54.693
v -22.554 		-1.982 		51.064
v -2.057 		-10.663 		43.713
v -22.763 		-3.384 		12
v -3.506 		-11.103 		43.713
v -6.8905 		15.36 		56
v -6.4136 		15.36 		56
v 15.054 		-0.647 		9.302
v -0.179 		-10.963 		44.509
v -22.693 		-1.982 		50.638
v -1.702 		-11.768 		44.509
v -6.3171 		15.36 		55.808
v -7.168 		15.36 		55.808
v -3.326 		-12.261 		44.509
v -7.168 		15.36 		55.7125
v -7.2165 		15.36 		56
v 17.337 		3.848 		19.832
v 14.457 		-0.647 		9.596
v -7.095 		14.605 		56.6
v -6.958 		15.355 		56
v -0.586 		-19.296 		52.501
v -0.402 		-19.13 		52.289
v -7.168 		15.2757 		55.808
v -7.095 		14.605 		56
v -3.0148 		-4.0185 		55.4
v 17.5229 		2.165 		20.1812
v -2.832 		-8.251 		42.405
v 17.545 		2.2671 		20.4367
v -3.899 		-8.575 		42.405
v -2.959 		-3.622 		55.4
v -2.9743 		-3.6135 		55.4
v -23.935 		-0.568 		50.052
v 18.946 		0.647 		18.698
v -0.828 		-19.403 		52.402
v -0.875 		-19.353 		52.957
v -2.8043 		-4.096 		55.5511
v -23.21 		-1.086 		49.497
v -5 		-10 		43.01
v 19.042 		1.25 		18.929
v -6.302 		-9.871 		43.01
v -0.26 		-19.046 		52.895
v -7.565 		-9.487 		43.01
v -0.396 		-19.13 		52.683
v -6.755 		14.605 		56
v -5 		-11.251 		43.713
v -0.564 		-19.135 		53.069
v -6.494 		-11.103 		43.713
v -22.968 		-1.5 		49.75
v -7.943 		-10.663 		43.713
v -6.755 		14.605 		55.4
v -22.938 		-1.5 		49.28
v -7.168 		15.2744 		55.7807
v -7.168 		15.2503 		55.296
v -2.7986 		-3.5747 		55.5555
v -16.816 		-15.621 		13.857
v -2.7738 		-3.5774 		55.568
v -7.168 		15.3386 		55.296
v -8.192 		15.0637 		56
v -8.0263 		15.114 		56
v -19.274 		-13.108 		13.857
v -7.5996 		15.2075 		55.296
v -7.605 		15.242 		56
v -21.268 		-10.196 		13.857
v -6.674 		-12.261 		44.509
v -7.3446 		15.2678 		56
v 13.822 		-1.768 		9.244
v -2.461 		-3.5664 		55.74
v -2.4472 		-3.5691 		55.7438
v -2.4012 		-3.5875 		55.7564
v -2.5799 		-3.5776 		55.6663
v -7.599 		15.2076 		55.296
v 19.668 		1.25 		18.62
v 18.484 		1.768 		19.537
v -8.192 		14.3636 		56
v -5 		-11.5 		45
v -22.805 		-1.982 		49.75
v -0.391 		-19.144 		52.491
v -0.392 		-19.141 		52.443
v -5 		-8.685 		42.405
v 19.53 		1.768 		19.13
v -8.192 		15.0276 		55.296
v -6.2019 		15.346 		55.296
v -6.101 		-8.575 		42.405
v -7.168 		-8.251 		42.405
v -8.192 		14.336 		55.296
v -7.565 		14.987 		53.395
v -7.595 		15.178 		54.693
v -22.681 		-2.5 		50.407
v -17.289 		-16.197 		15.792
v -5 		-15.5 		45
v -19.837 		-13.591 		15.792
v -5 		-12.427 		44.509
v -1.034 		-19.39 		52.982
v -1.207 		-19.413 		52.997
v -22.693 		-3.018 		50.638
v -21.904 		-10.572 		15.792
v 14.333 		-1.25 		9.38
v -5 		-13.0346 		45
v -4.5214 		-13.0456 		45.0472
v -22.777 		-3.018 		50.198
v -5.0009 		-13.0347 		45.0001
v -6.144 		12.288 		55.4
v -22.704 		-3.5 		51.128
v -6.144 		12.288 		55.296
v -8.192 		14.2886 		56
v -8.192 		14.2886 		55.4
v -5.3006 		-13.0415 		45.0297
v -1.593 		-19.357 		53.157
v -8.192 		12.288 		55.296
v 13.2649 		-1.9462 		9.3953
v -22.894 		-3.5 		50.451
v -7.361 		13.673 		49.661
v 13.4212 		-1.768 		9.5959
v -5 		13.907 		49.661
v 13.671 		-1.25 		9.8881
v 13.5325 		-1.5156 		9.7235
v -3.5369 		-4.006 		56
v -3.6088 		-3.7854 		56
v 13.7981 		-0.7415 		10.0071
v 13.7448 		-0.9964 		9.9622
v 13.904 		-0.647 		9.966
v 13.8256 		-0.647 		10.0347
v -23.021 		-3.914 		50.991
v -1.678 		-19.473 		52.501
v 13.8367 		-0.5805 		10.0425
v 17.4506 		0.647 		19.0448
v 18.316 		0.647 		18.912
v 17.4686 		0.3717 		19.0179
v 13.8864 		-0.2828 		10.077
v 17.451 		0.7485 		19.0896
v -0.837 		-19.335 		52.035
v 17.449 		1.1098 		19.2309
v -0.776 		-19.15 		51.735
v -0.312 		-18.957 		51.724
v -0.26 		-19.046 		52.107
v -23.194 		-3.914 		50.255
v -10.303 		-11.91 		45.393
v -11.818 		-10.709 		45.393
v -22.736 		-2.5 		49.53
v -7.448 		14.232 		50.87
v -3.8803 		-3.3358 		56
v -3.9947 		-3.1464 		56
v -16.91 		-11.079 		8.573
v -22.777 		-3.018 		49.302
v -18.595 		-8.618 		8.573
v -17.805 		-11.847 		10.234
v 12.3447 		-2.5 		8.2224
v -0.969 		-19.178 		51.651
v -3.0758 		-3.8313 		55.4
v 12.3985 		-2.4852 		8.2849
v 12.6447 		-2.4352 		8.573
v 18.039 		1.25 		19.221
v -22.953 		-3.5 		49.515
v 14.608 		-2.165 		8.226
v -5 		14.475 		50.87
v -3.2289 		-3.5066 		55.4
v -13.125 		-9.227 		45.393
v -3.1479 		-3.4821 		55.4
v -3.2809 		-3.3881 		55.4
v -3.352 		-3.597 		55.663
v 13.195 		-2.165 		9.042
v -12.386 		-11.476 		46.358
v -13.802 		-9.871 		46.358
v -23.194 		-3.914 		49.245
v -3.077 		-3.326 		55.663
v -3.3689 		-3.2705 		55.4588
v -19.607 		-9.216 		10.234
v 12.597 		-2.993 		8.573
v -3.3479 		-3.3032 		55.448
v 17.4481 		1.25 		19.2858
v 12.7336 		-2.415 		8.6969
v 17.4677 		1.5348 		19.502
v 17.4817 		1.768 		19.6687
v 12.9441 		-2.2541 		8.9768
v -18.595 		-12.525 		12
v 13.073 		-2.165 		9.1491
v 12.9507 		-2.2495 		8.9856
v 17.5039 		1.8954 		19.832
v 13.748 		-3.2 		10.234
v -18.432 		-4.2965 		55.4
v -18.432 		-4.3445 		55.296
v -18.1558 		-4.3121 		55.296
v -18.2612 		-4.2765 		55.4
v -18.3265 		-4.2842 		55.4
v -12.898 		-12.168 		47.396
v -17.6186 		-4.232 		55.296
v -17.9627 		-4.232 		55.4
v -20.5 		-9.743 		12
v -17.2885 		-4.1444 		55.296
v -14.413 		-10.451 		47.396
v -18.432 		-6.144 		55.4
v -18.432 		-5.12 		55.4
v -4.1435 		-0.328 		56
v -18.432 		-4.2893 		55.4
v -15.641 		-8.463 		47.396
v -4.6088 		-0.8706 		56
v 17.5133 		2.0277 		20.0034
v -18.393 		-4.232 		55.53
v -4.5369 		-0.65 		56
v -4.3662 		-0.1261 		56
v 19.543 		0.647 		18.404
v -14.951 		-10.963 		48.5
v 20.096 		0.647 		18.034
v -4.1295 		-0.0447 		56
v -16.25 		-8.861 		48.5
v -18.432 		-6.144 		55.296
v -18.432 		-5.12 		55.296
v 11.837 		-5.895 		8.573
v -4.2924 		-0.422 		55.8197
v -4.2827 		-0.328 		55.8418
v 12.935 		-6.304 		10.234
v 13.904 		-6.665 		12
v -4.2529 		-0.1649 		55.8665
v -4.2522 		-0.1567 		55.8668
v -8.628 		-12.796 		45.393
v -8.93 		-13.737 		46.358
v -18.432 		-4.3336 		55.296
v -17.707 		-4.232 		53.526
v 13.268 		-10.196 		13.857
v -10.745 		-12.778 		46.358
v -4.3048 		-0.542 		55.7914
v -9.203 		-14.586 		47.396
v -5.67 		-0.213 		56.772
v -0.716 		-18.957 		51.366
v -11.144 		-13.56 		47.396
v -7.516 		14.671 		52.118
v -5 		14.921 		52.118
v -18.071 		-4.432 		54.121
v -9.443 		-15.335 		48.5
v -0.146 		-18.538 		51.266
v -17.95 		-4.5 		54.493
v -11.495 		-14.25 		48.5
v -13.35 		-12.778 		48.5
v -17.801 		-4.432 		54.946
v -16.852 		-4.432 		54.513
v -2.048 		11.264 		55.4
v -2.048 		10.8006 		56.6
v -0.695 		10.28 		56.6
v -0.6235 		10.24 		56.6
v -5.4074 		-0.4962 		56.6
v -17.324 		-4.232 		55.207
v -16.427 		-2.241 		4.34
v 16.928 		3.774 		17.788
v 11.274 		-13.108 		13.857
v -17.289 		-4.947 		5.615
v -0.695 		10.28 		56
v -17.927 		-2.511 		5.615
v -0.6235 		10.24 		56
v -2.048 		10.24 		55.4
v -2.048 		11.264 		55.296
v -2.048 		10.24 		55.296
v -17.472 		-7.955 		7.029
v -4.096 		11.264 		55.4
v -19.456 		-4.3783 		55.3076
v -19.456 		-4.3852 		55.296
v -18.6898 		-4.3747 		55.296
v -18.5579 		-4.3113 		55.4
v -19.0144 		-4.3175 		55.4
v -4.096 		11.264 		55.296
v -4.096 		11.1829 		56.6
v -3.532 		11.141 		56.6
v -2.088 		10.816 		56.6
v -19.456 		-4.3833 		55.296
v -19.456 		-4.3389 		55.4
v -18.618 		-5.441 		7.029
v -19.456 		-5.12 		55.4
v -4.096 		10.24 		56.6
v -3.532 		11.141 		56
v -4.096 		11.1829 		56
v -2.088 		10.816 		56
v -8.75 		-8.861 		43.01
v -9.302 		-9.944 		43.713
v -4.096 		10.24 		56
v -10.53 		-8.97 		43.713
v -19.32 		-2.763 		7.029
v -19.456 		-5.12 		55.296
v -8.298 		-11.768 		44.509
v -9.821 		-10.963 		44.509
v -20.242 		-4.232 		55.606
v -11.198 		-9.871 		44.509
v 8.816 		-15.621 		13.857
v -12.386 		-8.524 		44.509
v 13.904 		-10.572 		15.792
v 11.837 		-13.591 		15.792
v -19.772 		-4.452 		56
v 9.289 		-16.197 		15.792
v -19.6605 		-4.9233 		56
v -19.7732 		-4.232 		55.6376
v -19.7494 		-4.3762 		55.346
v -19.7456 		-4.3973 		55.296
v -19.7837 		-4.1366 		55.7098
v -19.7946 		-4.16 		56
v -5.0488 		-1.5071 		56
v -4.7332 		-1.1068 		56
v -0.3897 		-0.059 		40
v -0.3434 		-0.1316 		40
v -4.3624 		-1.0761 		55.663
v -4.3601 		-1.0642 		55.6669
v -4.3588 		-1.0598 		55.669
v -19.5 		-4.232 		55.656
v -0.1063 		-0.9853 		39.9596
v -0.1039 		-1.024 		39.956
v -0.104 		-1.024 		39.936
v -4.3578 		-1.0547 		55.6707
v -4.347 		-1.224 		55.663
v -5 		11.25 		56.6
v -19.489 		-5.9 		56
v -6.144 		10.24 		56
v -4.3827 		-1.1724 		55.6202
v -6.144 		10.24 		55.296
v 16.384 		8.385 		24.576
v -6.144 		10.24 		55.4
v 10.8696 		16.384 		26
v 9.197 		17.851 		26
v 6.75 		19.486 		26
v 4.11 		20.787 		26
v 1.323 		21.733 		26
v 0 		21.9961 		26
v 0 		16.9139 		26
v 0.029 		16.904 		26
v 1.5607 		16.384 		26
v 10.8696 		16.384 		25
v 9.197 		17.851 		25
v -4.3891 		-1.2383 		55.5824
v -7.912 		10.816 		56.6
v 6.75 		19.486 		25
v -6.468 		11.141 		56.6
v 4.11 		20.787 		25
v 1.323 		21.733 		25
v 0 		21.9961 		25
v 1.5607 		16.384 		25
v 0.029 		16.904 		25
v 0 		16.9139 		25
v -19.342 		-5.717 		56.6
v -4.5346 		-1.9793 		55.4
v -8.192 		10.24 		56
v 0.3509 		16.384 		25
v -19.342 		-5.717 		56
v -18.9244 		-6.144 		56
v -19.001 		-5.717 		56
v -4.4708 		-1.64 		55.4
v -8.192 		10.24 		55.4
v 10.1556 		17.2542 		24.576
v 9.197 		17.851 		24.576
v -18.8701 		-6.144 		56
v -4.6822 		-1.9018 		55.4
v -19.001 		-5.717 		55.4
v -18.9244 		-6.144 		55.4
v -8.192 		10.24 		55.296
v -18.8701 		-6.144 		55.4
v -4.6838 		-1.9013 		55.4
v 7.0075 		19.5081 		24.576
v 6.75 		19.486 		24.576
v -4.3512 		-1.8247 		55.4
v 4.11 		20.787 		24.576
v -4.4122 		-1.6375 		55.4
v -4.4262 		-1.5662 		55.4
v 3.5317 		21.165 		24.576
v 1.323 		21.733 		24.576
v -5.0089 		-1.9882 		55.6669
v -5.0023 		-1.987 		55.663
v -5.0134 		-1.9896 		55.6691
v 9.66 		16.649 		17.788
v 9.927 		16.974 		19.832
v -4.785 		-1.775 		55.663
v -8.192 		14.336 		55.4
v 10.088 		17.17 		21.908
v -4.8342 		-1.9587 		55.5421
v -8.192 		12.288 		53.248
v -8.192 		10.24 		53.248
v 10.141 		17.236 		24
v -19.6651 		-4.432 		54.3017
v -19.6651 		-4.4307 		54.2996
v -10.111 		14.414 		54.693
v -19.974 		-4.5 		54.759
v -19.6929 		-4.4691 		54.5714
v -19.7016 		-4.4892 		54.6705
v -19.7035 		-4.4938 		54.693
v -4.6924 		-1.9043 		55.4082
v -10.3929 		14.336 		56
v -10.3681 		14.3491 		56
v -4.6854 		-1.9018 		55.4015
v -10.13 		14.475 		56
v -10.3205 		14.336 		55.296
v 9.197 		17.851 		24
v -19.846 		-4.432 		55.226
v 6.958 		19.411 		21.908
v -9.7074 		14.6034 		56
v -8.882 		14.921 		56
v 7 		19.486 		24
v -5.9843 		-1.1837 		56.6
v 6.9953 		19.4882 		24
v -5.991 		-1.1893 		56.6
v -1.264 		-19.342 		51.807
v -1.031 		-19.419 		52.113
v -0.207 		-0.483 		39.9728
v -1.223 		-19.423 		52.023
v -5.9935 		-1.1915 		56.6
v -0.243 		-0.3902 		39.9669
v -19.716 		-4.441 		54.693
v -0.2554 		-0.3583 		39.9731
v -5.9991 		-1.1913 		56.6
v -19.7035 		-4.4938 		54.6931
v -0.2331 		-0.4157 		39.9685
v -9.216 		14.336 		55.4
v -9.216 		14.336 		56
v -0.1458 		-1.024 		39.936
v -1.495 		-19.34 		51.801
v -8.976 		14.191 		56.6
v -5.3125 		-1.8418 		56
v -8.976 		14.191 		56
v -5.1632 		-1.6963 		56
v -9.216 		14.1006 		56
v -9.216 		14.0631 		56
v -8.635 		14.191 		56
v -8.635 		14.191 		55.4
v -9.216 		14.0631 		55.4
v -6.443 		-0.339 		56.898
v -0.727 		-1.5 		40
v -6.956 		-0.877 		56.772
v -0.7284 		-1.487 		40.9014
v -0.733 		-1.445 		40.4721
v -0.7633 		-1.1692 		40
v -10.052 		14.232 		53.395
v -12.288 		13.3341 		56
v -12.288 		13.3405 		56
v -10.74 		14.206 		56
v -1.7227 		-1.445 		40
v -6.469 		-0.89 		56.772
v -0.0731 		-1.5014 		39.936
v -0.0737 		-1.4946 		39.936
v -0.0732 		-1.5028 		39.936
v -0.0899 		-1.2428 		39.936
v -10.792 		13.507 		56.6
v -0.1162 		-2.048 		38.912
v -7.839 		-0.032 		56.772
v -10.792 		13.507 		56
v -0.1058 		-2.0095 		39.835
v -0.1135 		-2.048 		39.8266
v -0.0732 		-1.5039 		39.9121
v -10.451 		13.507 		56
v -10.451 		13.507 		55.4
v 6.75 		19.486 		24
v 4.11 		20.787 		24
v -12.288 		13.312 		55.5928
v -12.2576 		13.312 		55.296
v -12.288 		13.312 		55.296
v -8.18 		-0.2455 		56.6
v 3.496 		21.063 		21.908
v 3.524 		21.143 		24
v -12.288 		13.2959 		55.296
v 10.595 		-8.618 		8.573
v -6.8225 		-1.3989 		56.6
v 8.91 		-11.079 		8.573
v -12.171 		12.567 		56
v -12.171 		12.567 		55.4
v 11.607 		-9.216 		10.234
v -11.2132 		13.8641 		55.296
v 9.805 		-11.847 		10.234
v -1.728 		-19.333 		51.841
v -0.074 		-1.4926 		39.9131
v -1.779 		-19.419 		52.113
v 12.5 		-9.743 		12
v 10.595 		-12.525 		12
v -1.909 		-19.327 		51.933
v -1.946 		-19.362 		52.081
v -9.65 		12.978 		49.661
v -12.048 		12.335 		50.87
v 8.247 		-14.927 		12
v -9.821 		13.511 		50.87
v -2.043 		-19.333 		52.113
v -2.048 		-1.9817 		38.912
v -2.0311 		-2.048 		38.912
v -2.048 		-0.4042 		39.1043
v -12.244 		12.721 		52.118
v -9.956 		13.93 		52.118
v -2.048 		-0.059 		39.209
v -1.851 		-19.268 		51.771
v -2.048 		-0.4017 		39.1046
v -2.048 		-0.3986 		39.1058
v 6.833 		-13.204 		8.573
v -2.7183 		-0.5365 		40
v -2.7183 		-0.5718 		40
v -2.7183 		-0.6227 		40
v -2.7183 		-0.7181 		40
v -2.7183 		-0.507 		40
v -2.7183 		-0.4749 		40
v 1.323 		21.733 		24
v 4.427 		-14.927 		8.573
v -2.7183 		-0.4282 		40
v -2.7183 		-0.2819 		40
v -2.04 		-19.15 		51.739
v 3.268 		20.423 		17.788
v 6.625 		18.822 		17.788
v 1.764 		-16.197 		8.573
v 3.41 		20.822 		19.832
v -1.841 		-19.14 		51.605
v 7.584 		-14.119 		10.234
v 6.833 		19.189 		19.832
v -1.497 		-19.135 		51.507
v 5.011 		-15.962 		10.234
v -2.7186 		-1.4765 		40
v -2.6182 		-1.487 		40
v -7.6173 		-1.0569 		56.6
v -2.7 		-1.487 		39.961
v -7.6227 		-1.0515 		56.6
v -7.6275 		-1.0472 		56.6
v -1.262 		-19.133 		51.51
v -7.6213 		-1.0526 		56.6
v -7.2377 		-1.2941 		56.6
v -12.288 		13.3914 		56
v -12.288 		13.3487 		55.296
v -2.251 		-0.695 		39.019
v -2.672 		-0.5 		39.903
v -12.288 		13.3278 		55.884
v -12.5313 		13.1983 		56
v -13.6782 		12.288 		56
v -13.4732 		12.408 		55.296
v -13.6316 		12.288 		55.3914
v 0.3509 		16.384 		24.576
v -2.287 		-0.059 		39.095
v 0 		16.384 		24.576
v 8.888 		10.273 		25
v 9.384 		10.653 		25
v 8.888 		10.273 		26
v 9.384 		10.653 		26
v -8.0776 		-1.8545 		56
v -7.9284 		-2 		56
v 10.655 		8.75 		26
v 10.655 		8.75 		25
v 10.24 		8.192 		25
v 10.114 		8.438 		25
v 10.2354 		8.192 		25
v 8.59 		10.045 		25
v 9.789 		8.25 		25
v 10.114 		8.438 		26
v 9.789 		8.25 		26
v 8.59 		10.045 		26
v -4.3494 		-2.8013 		56
v -4.4986 		-2.656 		56
v -2.246 		-0.403 		39.01
v -2.287 		-0.941 		39.095
v 4.25 		15.155 		26
v -4.9107 		-2.4389 		56
v -5.0845 		-2.3475 		56
v 4.3541 		14.336 		25
v 4.25 		15.155 		25
v 4.6928 		14.336 		25
v 4.3541 		14.336 		24.576
v 4.6928 		14.336 		24.576
v 6.153 		13.884 		25
v 7.874 		12.374 		25
v 7.1196 		12.288 		25
v 7.0264 		12.288 		25
v 7.874 		12.374 		26
v 6.153 		13.884 		26
v -4.1981 		-2.149 		55.4
v 5.773 		13.388 		24.576
v 5.773 		13.388 		25
v -4.2791 		-2.1736 		55.4
v -4.1463 		-2.2672 		55.4
v -2.534 		-1.445 		39.613
v -4.35 		-2.33 		55.663
v -2.349 		-1.158 		39.225
v 12.625 		-2.165 		6.422
v -12.5 		13.222 		56
v 12.927 		-2.415 		6.944
v -12.4849 		13.1918 		55.296
v 15.059 		-2.5 		6.756
v -1.847 		-3.955 		40
v -1.404 		-3.492 		40
v -0.976 		-2.752 		40
v -0.797 		-2.137 		40
v -12.512 		12.567 		56.6
v 15.666 		-2.415 		7.293
v -0.207 		-2.517 		40
v -0.2137 		-2.5341 		38.912
v -0.1964 		-2.448 		38.912
v 13.976 		-2.415 		7.867
v 15.382 		-2.165 		7.963
v -5.3038 		-2.2923 		56
v -5.3948 		-2.2566 		56
v -19.6628 		-4.413 		54.272
v -5.5741 		-2.2412 		56
v -5.3769 		-2.0832 		55.8567
v -5.3306 		-2.0763 		55.8368
v -5.4269 		-2.0983 		55.8726
v -0.884 		-3.891 		38.912
v -0.485 		-3.233 		38.912
v -19.7034 		-4.5 		54.7234
v 14.434 		-0.647 		4.423
v -5.6296 		-2.1919 		55.9142
v -19.7131 		-4.4848 		54.8582
v -19.735 		-4.4447 		55.1355
v -5.604 		-2.1797 		55.9085
v -19.7063 		-4.4954 		54.7637
v -1.755 		-19.046 		51.366
v 15.706 		-0.647 		4.17
v -1.405 		-19.077 		51.366
v 5.545 		13.09 		25
v 5.773 		13.388 		26
v -1.055 		-19.046 		51.366
v -5.8078 		-2.2499 		56
v 14.499 		-1.25 		4.664
v -5.7797 		-2.1896 		56
v -6.1404 		-2.2963 		56
v 5.545 		13.09 		26
v -19.7398 		-4.432 		55.2235
v -1.5 		-19.461 		52.16
v -5.6646 		-2.2687 		56
v -19.739 		-4.4341 		55.2088
v -5.714 		-2.2478 		56
v 15.739 		-1.25 		4.418
v -19.7419 		-4.4177 		55.2478
v -5.6988 		-2.1251 		56
v -12.512 		12.567 		56
v 14.601 		-1.768 		5.048
v -19.355 		-4.432 		54.346
v 15.79 		-1.768 		4.812
v -2.091 		-19.351 		52.69
v -12.386 		12.999 		53.395
v -18.809 		-4.432 		55.202
v -2.413 		-19.129 		52.304
v 13.206 		-0.647 		4.84
v -12.472 		13.166 		54.693
v -2.9 		-18.847 		52.501
v -6.1374 		-2.2795 		55.9858
v -5.8253 		-2.2261 		55.9774
v -2.551 		-19.046 		52.895
v -5.7698 		-2.2202 		55.9729
v 13.301 		-1.25 		5.071
v -20.03 		-4.232 		53.933
v 3.938 		14.614 		25
v -2.878 		-18.82 		52.895
v 2.197 		16.168 		25
v 3.938 		14.614 		26
v 2.197 		16.168 		26
v -3.187 		-18.564 		52.501
v -19.548 		-4.407 		53.395
v 0 		16.2552 		24.576
v 1.958 		15.591 		24.576
v -12.288 		12.288 		53.248
v 1.958 		15.591 		25
v -5.714 		-2.2004 		55.9556
v -9.3765 		10.24 		56.6
v 1.814 		15.244 		25
v -9.305 		10.28 		56.6
v 1.958 		15.591 		26
v 1.814 		15.244 		26
v -2.303 		-19.163 		52.911
v 12.366 		-1.768 		5.974
v 13.453 		-1.768 		5.438
v -4.4833 		-3.9607 		56.6
v -4.4875 		-3.9566 		56.6
v -5.1866 		-3.3626 		56.6
v -19.6358 		-4.232 		53.9598
v -5.1899 		-3.362 		56.6
v -19.6316 		-4.1702 		53.8921
v -9.3765 		10.24 		56
v -19.6539 		-4.3434 		54.1631
v -5.8197 		-3.2746 		56.6
v 14.891 		-2.415 		6.131
v -2.166 		-19.151 		51.863
v -18.709 		-4.232 		53.879
v 15.937 		-2.415 		5.923
v -6.3895 		-2.3699 		56
v -6.6473 		-2.4654 		56
v -10.24 		10.24 		56
v -6.5262 		-2.3716 		56
v -10.24 		10.24 		55.4
v -6.2571 		-2.3129 		56
v -6.3937 		-2.3146 		56
v 10.7729 		-0.647 		6.3016
v 10.7477 		-0.1152 		6.2311
v -10.24 		10.24 		55.296
v -2.412 		-18.81 		51.366
v 11.116 		-1.25 		6.332
v -12.288 		10.24 		53.248
v -2.153 		-19.116 		51.724
v -19.5 		-4.232 		53.969
v -10.24 		9.7573 		56.6
v 10.8732 		-1.0524 		6.4364
v -10.24 		9.216 		56.6
v -2.269 		-19.138 		51.978
v -2.551 		-19.046 		52.107
v -10.24 		9.7573 		56
v 11.358 		-1.768 		6.647
v -2.81 		-18.741 		51.724
v -10.24 		9.216 		56
v -10.24 		9.216 		55.4
v -6.4832 		-2.3852 		55.9847
v -10.24 		9.216 		55.296
v -6.2652 		-2.3015 		55.9892
v -11.0555 		9.216 		56.6
v -10.625 		9.542 		56.6
v -6.3295 		-2.3214 		55.9835
v -6.42 		-2.3603 		55.9835
v -11.0555 		9.216 		56
v -11.849 		8.615 		56.6
v -6.7282 		-2.5301 		56
v -11.849 		8.615 		56
v -7.0795 		-2.3716 		56
v 3.75 		14.289 		25
v 3.75 		14.289 		26
v 7.1196 		12.288 		24.576
v 7.0264 		12.288 		24.576
v -6.8031 		-2.418 		56
v -6.731 		-2.3958 		56
v 7.432 		11.932 		24.576
v 7.432 		11.932 		25
v -11.797 		11.843 		49.661
v 7.167 		11.667 		25
v 7.432 		11.932 		26
v 7.167 		11.667 		26
v -14.131 		11.987 		56
v 2 		8.892 		28
v 0.592 		9.587 		28
v -3.08 		-18.474 		51.724
v -18.384 		-7.73 		56
v -18.384 		-7.73 		55.4
v -6.979 		-2.3727 		56
v -6.8955 		-2.3749 		56
v 10.2354 		8.192 		24.576
v -18.858 		-8.006 		56
v -18.9858 		-7.5794 		56
v 10.24 		8.192 		24.576
v 12.404 		4.529 		26
v 12.404 		4.529 		25
v -19.095 		-7.314 		56
v -6.6595 		-2.4278 		55.9666
v 11.091 		6.458 		25
v 10.24 		8.1827 		25
v 11.668 		6.697 		25
v -6.6864 		-2.4394 		55.9597
v -6.7746 		-2.4882 		55.9444
v 10.744 		6.314 		25
v 11.091 		6.458 		26
v 11.668 		6.697 		26
v -19.2063 		-6.8437 		56
v 10.744 		6.314 		26
v -6.7985 		-2.4898 		55.9321
v -6.9948 		-2.5102 		55.8493
v -6.9283 		-2.4935 		55.8695
v -18.725 		-7.73 		56.6
v -7.0935 		-2.5426 		55.8112
v 10.24 		8.1827 		24.576
v -18.725 		-7.73 		56
v -18.881 		-7.226 		53.395
v 11.8 		4.368 		26
v -0.179 		-16.511 		50.87
v 11.438 		4.271 		26
v -19.042 		-7.292 		54.693
v 11.8 		4.368 		25
v 12.1073 		4.096 		25
v 11.8542 		4.096 		25
v -0.567 		-17.5 		50.183
v 11.438 		4.271 		25
v -0.042 		-17.5 		50.421
v -6.9284 		-2.656 		56
v -0.39 		-17.906 		50.211
v -7.1145 		-2.8134 		56
v -0.282 		-18.359 		50.504
v -18.615 		-7.116 		52.118
v 11.8542 		4.096 		24.576
v 12.1073 		4.096 		24.576
v -19.269 		-4.351 		52.118
v 10.9222 		-1.25 		6.5022
v 10.8925 		-1.1304 		6.4623
v -16.827 		-4.232 		52.915
v 11.1796 		-1.768 		6.8037
v 11.1304 		-1.6691 		6.7461
v -0.078 		-17.848 		50.352
v 11.3339 		-1.8989 		6.9691
v -7.2638 		-2.9587 		56
v 11.3902 		-1.9406 		7.029
v -7.8077 		-2.0893 		56
v -16.569 		-4.432 		53.22
v -7.6753 		-2.1463 		56
v -8.0078 		-2.1742 		55.8199
v -17.775 		-6.77 		49.661
v -1.116 		-18.416 		50.302
v -7.711 		-2.386 		55.826
v -18.388 		-4.175 		49.661
v -7.388 		-2.525 		55.826
v 12.04 		-2.415 		7.537
v -18.245 		-6.964 		50.87
v -18.881 		-4.274 		50.87
v 11.32 		-2.763 		7.029
v 12.85 		2.284 		26
v -0.645 		-17.5 		50.16
v 12.288 		1.331 		25
v 12.85 		2.284 		25
v -1.357 		-17.5 		50.05
v 12.288 		2.048 		25
v -1.885 		-17.5 		50.093
v -7.8327 		-2.366 		55.7718
v 12.288 		2.048 		24.576
v 12.288 		1.331 		24.576
v 12.231 		2.203 		26
v -1.36 		-17.579 		50.026
v 11.859 		2.154 		26
v -7.7309 		-2.447 		55.7438
v -1.082 		-17.801 		50.026
v -7.717 		-2.4562 		55.74
v -21.293 		-4.232 		53.526
v -0.719 		-18.001 		50.123
v 12.231 		2.203 		24.576
v 12.231 		2.203 		25
v 12.2411 		2.048 		25
v 11.859 		2.154 		25
v -1.785 		-17.876 		50.04
v -20.929 		-4.432 		54.121
v -1.094 		-18.161 		50.125
v -7.6218 		-2.8842 		55.681
v -7.5928 		-2.8321 		55.663
v 12.2411 		2.048 		24.576
v -1.895 		-18.138 		50.136
v -7.5321 		-2.6327 		55.6254
v -7.4242 		-2.668 		55.663
v -7.4182 		-2.6677 		55.6672
v -7.4993 		-2.6761 		55.6051
v -21.652 		-4.5 		54.281
v -21.199 		-4.432 		54.946
v -2.552 		-17.232 		50.87
v 6.392 		4.5 		28
v 5.52 		5.805 		28
v -7.2028 		-2.5843 		55.7624
v 4.485 		6.985 		28
v -6.4402 		-3.4687 		56.6
v -6.4345 		-3.4663 		56.6
v -22.436 		-4.432 		54.313
v -6.9348 		-4.0364 		56.6
v -2.885 		-17.5 		50.498
v -3.041 		-17.5 		50.622
v -2.448 		-17.77 		50.209
v -2.667 		-17.622 		50.326
v 3.305 		8.02 		28
v -2.382 		-18.289 		50.377
v -22.344 		-4.232 		54.865
v -21.677 		-4.232 		55.207
v -2.621 		-17.986 		50.322
v -3.054 		-18.03 		50.616
v 7.897 		0.066 		28
v 7.591 		1.606 		28
v -20.972 		-4.232 		55.455
v 7.087 		3.092 		28
v -7.3782 		-3.1482 		56
v -7.6939 		-3.5492 		56
v -7.8182 		-3.7854 		56
v -7.8901 		-4.006 		56
v -7.717 		-3.1653 		55.74
v -22.707 		-4.5 		53.548
v -7.9237 		-3.578 		55.7968
v -7.8438 		-3.4481 		55.7748
v -23.245 		-4.432 		53.639
v -7.9645 		-3.678 		55.808
v 12.8708 		14.4779 		24.576
v 13.351 		13.697 		24.576
v 11.41 		15.91 		24.576
v 16.287 		8.61 		24.576
v 16.2187 		8.7487 		24.576
v 16.302 		8.566 		24.576
v 16.3033 		8.5618 		24.576
v 14.986 		11.25 		24.576
v 16.2116 		8.763 		24.576
v 15.07 		11.2661 		24.576
v -23.522 		-4.232 		53.926
v -22.962 		-4.232 		54.436
v -3.209 		-17.5 		50.761
v -3.331 		-17.5 		50.893
v -3.443 		-17.659 		50.949
v 12.789 		14.408 		21.908
v -3.452 		-17.847 		50.97
v -2.9605 		-4.2945 		55.4
v 12.853 		14.463 		24
v -22.173 		-4.232 		52.915
v 13.351 		13.697 		24
v -2.892 		-4.856 		55.5
v 11.41 		15.91 		24
v -3.241 		-18.406 		51.133
v 14.98 		11.207 		21.908
v -22.431 		-4.432 		53.22
v 15.053 		11.25 		24
v 15.0502 		11.2541 		24
v 15.8789 		9.4381 		24
v 16.287 		8.61 		24
v 16.3763 		8.3469 		24
v -2.8807 		-4.8747 		55.4787
v -22.871 		-4.232 		52.089
v -2.9487 		-4.3872 		55.4116
v -2.8839 		-4.831 		55.4755
v 16.3768 		8.3454 		24
v 15.8728 		9.4505 		24
v -2.639 		-16.673 		49.661
v -2.8819 		-4.8543 		55.4775
v -23.253 		-4.232 		51.364
v 14.986 		11.25 		24
v -0.696 		-18.504 		50.496
v -0.297 		-18.7 		50.958
v -0.279 		-18.562 		50.744
v 11.6545 		-2.1602 		7.3659
v -0.652 		-18.642 		51.018
v -23.196 		-4.432 		52.314
v -3.2982 		-5.0447 		56
v -3.3091 		-4.9261 		56
v 11.7794 		-2.3175 		7.5306
v 11.6661 		-2.1698 		7.3807
v 11.8881 		-2.415 		7.6701
v -3.3566 		-4.6209 		56
v -3.3662 		-4.5291 		56
v 12.0503 		-2.4485 		7.8665
v 12.2359 		-2.4832 		8.0911
v -23.709 		-4.432 		51.234
v -3.08 		-4.432 		55.663
v -1.627 		-18.744 		50.718
v -1.596 		-18.606 		50.506
v -23.841 		-4.5 		51.884
v -4 		-1.5 		37.333
v -1.172 		-18.759 		50.745
v 12.043 		-0.647 		5.414
v -1.145 		-18.621 		50.533
v -1.714 		-18.82 		51.042
v -1.405 		-18.674 		50.871
v 12.168 		-1.25 		5.63
v -2.987 		-5.328 		55.663
v -24.504 		-4.432 		51.514
v -24.219 		-4.232 		53.024
v -2.8832 		-5.594 		55.4778
v -2.9069 		-5.9739 		55.4557
v -2.8854 		-5.328 		55.4751
v 8.427 		-2.241 		4.34
v 10.964 		-0.647 		6.134
v -23.528 		-4.232 		50.301
v -3.3662 		-6.1261 		56
v -2.893 		-18.528 		50.955
v -2.461 		-18.49 		50.612
v -23.545 		-4.232 		49.475
v -3.3417 		-5.8894 		56
v -3.2835 		-5.328 		56
v -2.553 		-18.473 		51.096
v -2.105 		-18.585 		50.948
v -3.0148 		-6.6375 		55.4
v -2.9653 		-6.3855 		55.4
v -4.096 		-18.432 		55.296
v -4.6669 		-18.432 		55.296
v -4.6147 		-18.432 		55.4
v -4.3134 		-18.432 		56
v -5.0115 		-17.7516 		56
v -4.3135 		-18.432 		56
v -4.841 		-17.764 		56
v -2.9502 		-6.268 		55.4144
v -4.841 		-17.764 		55.4
v -6.144 		-18.4153 		56
v -6.144 		-18.432 		56
v -5.9182 		-18.432 		56
v -3.7332 		-7.1068 		56
v -3.6088 		-6.8706 		56
v -23.935 		-4.432 		49.448
v -3.5369 		-6.65 		56
v -3.0758 		-6.8247 		55.4
v -3.2289 		-7.149 		55.4
v -3.352 		-7.059 		55.663
v -3.08 		-6.224 		55.663
v -24.354 		-4.5 		49.42
v 12.279 		13.97 		17.788
v -24.613 		-1.982 		53.824
v -4.0488 		-7.5071 		56
v 14.403 		10.867 		17.788
v -24.657 		-2.5 		53.859
v -3.8921 		-8.1748 		55.4
v -3.3737 		-7.4795 		55.4
v -3.4708 		-7.6402 		55.4
v -3.6848 		-7.9032 		55.4
v 9.927 		-2.511 		5.615
v -24.613 		-3.018 		53.824
v -3.785 		-7.776 		55.663
v -5.3331 		-18.432 		55.296
v -6.144 		-18.3517 		55.296
v -5.3853 		-18.432 		55.4
v -6.144 		-18.3867 		56
v -5.6866 		-18.432 		56
v 9.289 		-4.947 		5.615
v -5.182 		-17.764 		56.6
v 8.247 		-7.231 		5.615
v -5.182 		-17.764 		56
v -5.6865 		-18.432 		56
v 10.618 		-5.441 		7.029
v 9.472 		-7.955 		7.029
v -4.679 		-4.45 		56.772
v -6.144 		-18.432 		55.296
v 12.597 		14.243 		19.832
v -4.6669 		-18.432 		55.296
v 14.763 		11.079 		19.832
v -5.3331 		-18.432 		55.296
v -4.111 		-4.9243 		56.6
v -4.1116 		-4.9166 		56.6
v -4.248 		-4.4075 		56.6
v -5 		-18.242 		53.395
v -4.1091 		-4.9279 		56.6
v -5.252 		-4.14 		56.835
v -5.769 		-4.262 		56.898
v -4.9697 		-18.432 		54.693
v -5 		-18.432 		54.6728
v -25.725 		-1.982 		51.482
v -25.454 		-1.982 		52.311
v -25.081 		-1.982 		53.096
v -5.317 		-5.119 		56.974
v -5.342 		-5.055 		56.974
v -5.41 		-4.943 		56.974
v -5.452 		-4.896 		56.974
v -25.568 		-1.5 		51.439
v -5.499 		-4.856 		56.974
v -5.603 		-4.802 		56.974
v -25.304 		-1.5 		52.247
v -5.686 		-4.785 		56.974
v -24.941 		-1.5 		53.012
v -5.878 		-4.825 		56.974
v 12.288 		1.331 		24
v -6.055 		-4.648 		56.936
v 15.969 		7.433 		17.788
v -24.994 		-0.768 		51.279
v 16.359 		7.579 		19.832
v -24.755 		-0.768 		52.01
v 7.858 		-4.414 		4.34
v 24.869 		2.415 		16.109
v -4.525 		-5.84 		56.772
v -4.461 		-5.432 		56.772
v -25.505 		-2.5 		52.333
v 25.713 		2.165 		14.571
v -25.129 		-2.5 		53.125
v 26.189 		1.768 		15.21
v -24.717 		-3.914 		52.878
v -4.1693 		-6.0031 		56.6
v -4.1652 		-5.9952 		56.6
v -24.941 		-3.5 		53.012
v 26.582 		1.25 		15.262
v -4.1476 		-5.671 		56.6
v -4.1225 		-5.511 		56.6
v 26.83 		0.647 		15.294
v -25.304 		-3.5 		52.247
v -5.185 		-5.328 		56.955
v -25.454 		-3.018 		52.311
v -5.225 		-5.584 		56.955
v 25.147 		2.415 		14
v 24.973 		2.415 		12.414
v -25.081 		-3.018 		53.096
v 25.675 		2.165 		12.858
v -25.779 		-2.5 		51.497
v 26.268 		1.768 		14
v 26.189 		1.768 		12.79
v -25.192 		-3.914 		51.757
v -25.568 		-3.5 		51.439
v 26.665 		1.25 		14
v 26.582 		1.25 		12.739
v -25.725 		-3.018 		51.482
v 26.915 		0.647 		14
v 26.83 		0.647 		12.706
v -25.945 		-1.982 		49.75
v -25.89 		-1.982 		50.624
v 6.928 		-6.453 		4.34
v -25.782 		-1.5 		49.75
v 25.562 		1.768 		10.453
v -25.729 		-1.5 		50.602
v -25.473 		-1.086 		50.567
v 25.952 		1.768 		11.601
v -25.139 		-0.768 		50.521
v 5.156 		-1.651 		2.249
v 4.737 		-3.252 		2.249
v -24.773 		-0.568 		49.391
v -24.75 		-0.568 		50.468
v 25.929 		1.25 		10.301
v 26.336 		1.25 		11.499
v 6.833 		-1.953 		3.215
v 6.337 		-3.848 		3.215
v 26.577 		0.647 		11.434
v 1.651 		-0.506 		0.818
v 1.141 		-2.452 		0.818
v 25.026 		1.768 		9.366
v 3.41 		-1.336 		1.447
v 3.071 		-2.632 		1.447
v 25.37 		1.25 		9.168
v 2.516 		-3.848 		1.447
v 25.587 		0.647 		9.043
v 26.16 		0.647 		10.206
v 22.906 		2.165 		16.005
v 0.011 		-4.102 		0.818
v 23.197 		2.165 		14.816
v 1.764 		-4.947 		1.447
v 23.794 		2.415 		14.895
v 0.837 		-5.895 		1.447
v 4.052 		-4.755 		2.249
v -5.0303 		-18.432 		54.693
v 3.122 		-6.112 		2.249
v -4.9595 		-18.432 		54.7133
v 1.976 		-7.284 		2.249
v -5.0405 		-18.432 		54.7133
v 22.042 		0.647 		14.664
v -7.168 		-17.408 		55.4
v 21.698 		0.647 		15.946
v -8.0786 		-17.408 		56
v 21.912 		0.647 		15.316
v -7.738 		-17.408 		56
v -7.9516 		-17.408 		55.4
v 5.526 		-5.625 		3.215
v -7.9499 		-17.3612 		55.4
v 4.427 		-7.231 		3.215
v -7.738 		-17.408 		55.4
v 21.775 		1.25 		16.355
v -7.168 		-17.408 		55.296
v -7.738 		-17.408 		55.7458
v -7.095 		-17.625 		56.6
v -6.958 		-18.355 		56
v -7.095 		-17.625 		56
v 22.221 		1.25 		15.039
v -6.755 		-17.625 		56
v -6.755 		-17.625 		55.4
v -7.168 		-17.5338 		55.4
v 22.296 		1.768 		16.194
v -7.168 		-18.2554 		55.4
v -7.168 		-18.2503 		55.296
v -7.6025 		-18.2263 		55.6801
v -7.7006 		-18.2191 		55.7298
v -7.717 		-18.218 		55.74
v -7.3446 		-18.2678 		56
v -7.605 		-18.242 		56
v -8.1365 		-18.1894 		56
v 5.667 		-8.296 		4.34
v 22.683 		1.768 		14.748
v -7.6004 		-18.2126 		55.4
v -8.1365 		-18.0892 		56
v -8.1365 		-18.0805 		56
v -7.717 		-18.1946 		55.74
v 4.111 		-9.886 		4.34
v 2.309 		-11.177 		4.34
v -7.9761 		-18.0985 		55.4
v -8.0263 		-18.114 		56
v 23.223 		2.165 		13.592
v 23.037 		2.165 		12.382
v -7.7001 		-18.1992 		55.7295
v 0.316 		-12.127 		4.34
v 23.794 		2.415 		13.106
v 6.833 		-9.296 		5.615
v 5.09 		-11.079 		5.615
v -7.4158 		-17.4791 		55.5833
v -7.6805 		-17.4207 		55.7174
v -7.717 		-17.4126 		55.74
v 24.452 		2.5 		13.755
v -7.024 		-0.248 		40
v -7.203 		-0.863 		40
v -7.5182 		-1.024 		40
v -7.5186 		-0.7435 		40
v -6.2019 		-18.346 		55.296
v 22.042 		0.647 		13.336
v 7.917 		-10.227 		7.029
v -7.5174 		-0.432 		40
v -7.794 		-0.483 		40
v -7.894 		-0.987 		40
v -7.8964 		-1.024 		40
v -6.9934 		-18.1767 		54.2841
v 22.312 		1.25 		13.652
v 5.999 		-12.188 		7.029
v -7.483 		-0.435 		39.969
v -7.4469 		-1.024 		39.936
v -7.463 		-0.726 		39.95
v -7.4474 		-0.7211 		39.936
v 21.912 		0.647 		12.684
v -7.618 		-18.289 		54.623
v 3.071 		-12.525 		5.615
v 0.837 		-13.591 		5.615
v 22.041 		1.25 		12.289
v -7.5297 		-18.1771 		54.6433
v -7.5942 		-18.1729 		54.6586
v -7.2847 		-18.1738 		54.4586
v -7.273 		-1.5 		40
v -7.894 		-2.013 		40
v 3.778 		-13.778 		7.029
v 1.321 		-14.95 		7.029
v -7.595 		-18.178 		54.693
v -8.105 		-18.138 		54.864
v -7.603 		-18.1707 		54.6613
v -7.671 		-18.1549 		54.693
v 22.732 		1.768 		14
v 22.683 		1.768 		13.252
v 0.649 		-8.235 		2.249
v 3.071 		-8.618 		3.215
v -7.9947 		-18.0646 		54.8494
v -8.155 		-18.0189 		54.9076
v 1.5 		-9.743 		3.215
v 22.593 		2.165 		11.242
v -6.6787 		-18.1614 		53.9724
v -6.8744 		-18.1739 		54.1861
v -6.759 		-18.406 		53.867
v 2.164 		-17.319 		10.234
v 5.526 		-16.875 		12
v 2.516 		-18.31 		12
v 23.331 		2.415 		11.378
v 5.969 		-17.66 		13.857
v 2.82 		-19.162 		13.857
v 23.655 		2.5 		10.718
v 6.337 		-18.31 		15.792
v 3.071 		-19.868 		15.792
v 24.527 		2.415 		10.882
v -6.468 		-18.265 		53.648
v 21.698 		0.647 		12.054
v -6.702 		-18.166 		53.276
v 21.404 		0.647 		11.457
v -7.059 		-18.321 		53.677
v -2.297 		16.731 		25
v -2.216 		17.35 		25
v 21.034 		0.647 		10.904
v -2.297 		16.731 		26
v -2.216 		17.35 		26
v -6.2964 		-18.1131 		53.395
v 21.62 		1.25 		11.333
v -6.4905 		-18.1477 		53.7552
v -6.2571 		-18.1194 		53.4109
v 22.296 		1.768 		11.806
v 21.964 		1.768 		11.134
v -5 		-18.5 		56
v -5 		-18.435 		54.693
v -5 		-18.5 		56
v 22.686 		2.415 		10.201
v -7.717 		-18.868 		55.74
v -7.431 		-18.868 		55.595
v 22.761 		2.415 		8.239
v -7.539 		-18.49 		54.388
v 24.056 		2.415 		9.927
v -7.107 		-18.528 		54.045
v 24.26 		2.165 		9.149
v -6.92 		-18.474 		53.276
v 21.959 		2.165 		10.195
v -8.159 		-19.14 		53.395
v 21.419 		2.165 		9.581
v 20.805 		2.165 		9.042
v -7.96 		-19.15 		53.262
v -7.847 		-19.116 		53.276
v 21.509 		2.415 		8.859
v -7.588 		-18.81 		53.634
v -7.19 		-18.741 		53.276
v 20.772 		1.25 		10.228
v 21.301 		1.768 		10.229
v -7.447 		-18.473 		53.904
v 24.353 		1.768 		8.358
v -7.895 		-18.585 		54.052
v 20.125 		2.165 		8.587
v 20.096 		0.647 		9.966
v 19.543 		0.647 		9.596
v 18.946 		0.647 		9.302
v -5 		-17.921 		52.118
v 19.668 		1.25 		9.38
v 19.042 		1.25 		9.071
v 20.178 		1.768 		9.244
v -6.1059 		-17.7259 		51.8794
v -6.132 		-17.821 		51.682
v -6.062 		-17.967 		52.024
v 19.194 		1.768 		8.704
v -6.058 		-17.8159 		52.118
v -6.0454 		-17.836 		52.1929
v 16.668 		0.647 		8.937
v -6.0563 		-17.8183 		52.1271
v 18.039 		1.25 		8.779
v -6.611 		-18.218 		52.893
v -6.499 		-17.9596 		52.8643
v -6.6168 		-18.0258 		53.1745
v -6.6238 		-18.0298 		53.1932
v -6.624 		-18.0285 		53.1881
v -6.6382 		-18.0325 		53.2095
v 17 		1.25 		8.665
v -6.4402 		-17.9408 		52.7662
v -6.4153 		-17.9359 		52.7371
v 17.748 		1.768 		8.317
v -6.473 		-17.9449 		52.7957
v -6.4726 		-17.9445 		52.794
v -6.4708 		-17.9433 		52.7883
v 17 		1.768 		8.268
v -6.494 		-17.999 		52.757
v 24.668 		1.25 		8.116
v 24.866 		0.647 		7.964
v -6.6033 		-18.0408 		53.2286
v 21.122 		2.5 		7.831
v 20.596 		2.415 		6.709
v 21.96 		2.415 		7.537
v 21.375 		2.165 		6.422
v -6.2246 		-17.9193 		52.5954
v -6.2109 		-17.9111 		52.5575
v 22.642 		1.768 		6.647
v 23.553 		1.768 		7.447
v -6.2432 		-17.8402 		52.2881
v -6.2348 		-17.8523 		52.3327
v 23.834 		1.25 		7.166
v -6.2218 		-17.8344 		52.2565
v -6.2563 		-17.8345 		52.2707
v -6.2742 		-17.8304 		52.2614
v 22.884 		1.25 		6.332
v 24.011 		0.647 		6.989
v -6.389 		-18.081 		52.6
v 20.547 		1.768 		5.438
v -6.58 		-18.235 		52.499
# 7494 vertices

g group_0_11909273

usemtl color_11909273
s 0

f 2 	3 	1
f 6911 	94 	4
f 7 	8 	9
f 12 	13 	8
f 9 	8 	13
f 13 	117 	9
f 10 	30 	16
f 18 	117 	13
f 7404 	10 	16
f 11 	7405 	23
f 2 	19 	20
f 21 	24 	20
f 24 	3 	20
f 2 	20 	3
f 23 	38 	11
f 6866 	121 	19
f 20 	19 	121
f 13 	12 	21
f 13 	21 	20
f 337 	15 	28
f 20 	26 	18
f 20 	18 	13
f 6714 	35 	39
f 32 	6714 	39
f 36 	38 	30
f 41 	33 	34
f 46 	42 	45
f 42 	10 	45
f 11 	45 	10
f 43 	44 	47
f 42 	30 	10
f 11 	38 	45
f 6821 	63 	6714
f 38 	36 	46
f 38 	46 	45
f 35 	24 	21
f 26 	37 	21
f 27 	37 	26
f 35 	21 	37
f 12 	18 	26
f 12 	26 	21
f 51 	46 	36
f 51 	36 	50
f 56 	57 	61
f 58 	61 	57
f 55 	56 	61
f 60 	61 	58
f 61 	62 	55
f 62 	46 	55
f 51 	55 	46
f 46 	62 	367
f 367 	42 	46
f 367 	30 	42
f 50 	64 	55
f 50 	55 	51
f 64 	67 	56
f 64 	56 	55
f 67 	69 	57
f 67 	57 	56
f 125 	59 	124
f 69 	71 	57
f 72 	63 	66
f 74 	64 	36
f 75 	64 	74
f 76 	78 	75
f 78 	71 	75
f 69 	75 	71
f 67 	75 	69
f 64 	75 	67
f 50 	36 	64
f 48 	79 	54
f 66 	65 	68
f 30 	361 	36
f 77 	73 	70
f 75 	74 	62
f 75 	62 	61
f 54 	85 	52
f 80 	81 	82
f 124 	52 	85
f 99 	86 	43
f 89 	90 	88
f 87 	88 	90
f 90 	93 	87
f 72 	24 	35
f 35 	6714 	63
f 72 	35 	63
f 7028 	91 	77
f 24 	72 	3
f 103 	73 	91
f 77 	91 	73
f 93 	90 	95
f 96 	87 	93
f 96 	93 	97
f 47 	99 	43
f 1 	3 	94
f 72 	94 	3
f 102 	104 	105
f 106 	107 	108
f 68 	4 	66
f 94 	66 	4
f 113 	109 	111
f 159 	8 	158
f 7 	158 	8
f 72 	66 	94
f 109 	123 	114
f 18 	12 	135
f 159 	135 	12
f 8 	159 	12
f 139 	2259 	135
f 118 	119 	113
f 52 	124 	59
f 101 	114 	100
f 37 	27 	115
f 37 	115 	116
f 120 	112 	125
f 92 	112 	122
f 59 	125 	112
f 113 	119 	109
f 120 	122 	112
f 129 	114 	123
f 123 	109 	126
f 119 	126 	109
f 2402 	145 	127
f 100 	114 	129
f 128 	39 	37
f 18 	135 	117
f 14 	9 	117
f 115 	141 	142
f 136 	181 	140
f 44 	140 	181
f 115 	27 	141
f 27 	121 	141
f 144 	141 	121
f 144 	121 	145
f 135 	134 	142
f 135 	142 	141
f 146 	148 	150
f 141 	144 	139
f 141 	139 	135
f 148 	80 	82
f 148 	82 	150
f 149 	147 	132
f 151 	116 	144
f 145 	151 	144
f 142 	144 	116
f 115 	142 	116
f 148 	146 	81
f 148 	81 	80
f 147 	680 	203
f 139 	144 	142
f 139 	142 	134
f 146 	150 	81
f 82 	81 	150
f 203 	137 	147
f 152 	65 	66
f 150 	131 	146
f 153 	131 	150
f 136 	146 	131
f 150 	154 	155
f 150 	155 	153
f 66 	63 	152
f 136 	140 	156
f 136 	156 	146
f 65 	152 	68
f 84 	83 	154
f 155 	154 	83
f 86 	156 	43
f 44 	43 	156
f 44 	156 	140
f 131 	153 	133
f 92 	122 	98
f 157 	160 	122
f 158 	166 	159
f 99 	156 	86
f 167 	139 	159
f 134 	159 	139
f 134 	135 	159
f 161 	163 	151
f 161 	151 	145
f 167 	159 	166
f 170 	171 	169
f 177 	173 	170
f 168 	169 	171
f 167 	2259 	139
f 170 	169 	88
f 170 	88 	87
f 89 	168 	171
f 89 	171 	90
f 2402 	161 	145
f 121 	127 	145
f 168 	171 	165
f 128 	37 	151
f 116 	151 	37
f 171 	170 	173
f 160 	110 	122
f 98 	122 	110
f 163 	174 	151
f 174 	130 	151
f 128 	151 	130
f 177 	170 	87
f 87 	96 	177
f 171 	173 	131
f 176 	95 	171
f 90 	171 	95
f 162 	160 	157
f 171 	131 	165
f 168 	184 	171
f 176 	173 	95
f 93 	95 	173
f 180 	179 	157
f 162 	157 	179
f 178 	173 	177
f 172 	164 	179
f 177 	96 	97
f 177 	97 	178
f 178 	97 	173
f 93 	173 	97
f 220 	207 	179
f 162 	179 	164
f 136 	131 	178
f 173 	178 	131
f 136 	178 	181
f 172 	179 	207
f 173 	176 	181
f 173 	181 	178
f 99 	47 	181
f 181 	47 	44
f 156 	99 	181
f 176 	171 	184
f 181 	176 	184
f 246 	247 	168
f 190 	191 	189
f 189 	191 	187
f 193 	183 	182
f 196 	183 	193
f 196 	6907 	183
f 197 	199 	192
f 200 	201 	196
f 187 	191 	202
f 191 	194 	205
f 191 	205 	202
f 197 	192 	188
f 175 	201 	200
f 187 	202 	198
f 199 	204 	192
f 132 	147 	137
f 200 	196 	193
f 137 	203 	138
f 192 	204 	195
f 2115 	138 	203
f 204 	6692 	195
f 205 	194 	7491
f 201 	175 	53
f 53 	6671 	201
f 199 	197 	165
f 165 	131 	199
f 2115 	143 	138
f 204 	199 	133
f 199 	131 	133
f 208 	130 	210
f 174 	210 	130
f 89 	88 	169
f 89 	169 	168
f 106 	185 	184
f 106 	184 	107
f 211 	101 	212
f 100 	212 	101
f 216 	102 	105
f 207 	220 	219
f 220 	222 	219
f 222 	225 	224
f 223 	224 	225
f 226 	6445 	227
f 232 	228 	224
f 339 	209 	231
f 73 	233 	209
f 70 	73 	209
f 219 	222 	228
f 226 	227 	1882
f 222 	224 	228
f 230 	209 	233
f 233 	73 	103
f 234 	236 	224
f 6879 	2025 	6841
f 335 	236 	234
f 6538 	390 	6508
f 233 	2279 	230
f 230 	2279 	231
f 232 	224 	236
f 214 	165 	197
f 238 	216 	237
f 236 	335 	240
f 237 	216 	105
f 102 	216 	104
f 104 	216 	238
f 238 	237 	104
f 105 	104 	237
f 246 	168 	165
f 249 	264 	245
f 246 	165 	214
f 245 	260 	241
f 262 	259 	49
f 107 	184 	247
f 107 	247 	108
f 49 	241 	262
f 184 	168 	247
f 2228 	464 	243
f 129 	251 	212
f 129 	212 	100
f 248 	250 	239
f 252 	111 	109
f 109 	114 	252
f 269 	258 	252
f 265 	266 	267
f 268 	258 	269
f 259 	79 	48
f 250 	254 	257
f 256 	280 	291
f 262 	241 	260
f 255 	269 	214
f 256 	291 	261
f 48 	49 	259
f 211 	212 	263
f 212 	251 	263
f 85 	54 	79
f 211 	263 	101
f 114 	101 	263
f 263 	252 	114
f 260 	245 	264
f 264 	249 	253
f 251 	270 	263
f 252 	263 	270
f 264 	253 	266
f 7484 	7485 	257
f 268 	269 	118
f 119 	118 	269
f 292 	3231 	291
f 255 	268 	269
f 274 	265 	267
f 270 	272 	252
f 269 	252 	272
f 272 	126 	269
f 119 	269 	126
f 269 	272 	214
f 247 	272 	4227
f 272 	270 	126
f 123 	126 	270
f 276 	4 	279
f 217 	271 	218
f 221 	271 	7466
f 235 	221 	7466
f 278 	29 	273
f 274 	277 	265
f 253 	267 	266
f 123 	270 	251
f 123 	251 	129
f 278 	31 	29
f 274 	276 	277
f 278 	275 	31
f 272 	246 	214
f 273 	280 	278
f 278 	280 	256
f 279 	277 	276
f 292 	291 	280
f 282 	279 	4
f 278 	256 	275
f 284 	285 	283
f 68 	296 	288
f 282 	68 	288
f 282 	4 	68
f 213 	287 	206
f 348 	349 	273
f 284 	283 	281
f 206 	287 	229
f 285 	188 	283
f 188 	285 	197
f 290 	288 	289
f 214 	285 	255
f 289 	306 	293
f 214 	197 	285
f 285 	284 	255
f 293 	310 	295
f 297 	298 	299
f 297 	299 	300
f 296 	289 	288
f 60 	75 	61
f 60 	76 	75
f 306 	289 	301
f 301 	289 	296
f 185 	106 	108
f 185 	108 	247
f 308 	3241 	307
f 310 	293 	306
f 304 	305 	303
f 300 	299 	312
f 300 	312 	313
f 297 	313 	312
f 297 	312 	298
f 314 	315 	313
f 297 	6528 	313
f 295 	310 	318
f 2690 	308 	307
f 2690 	7172 	308
f 302 	2688 	307
f 311 	308 	7172
f 305 	304 	320
f 319 	300 	313
f 325 	305 	320
f 315 	6844 	319
f 315 	319 	313
f 317 	322 	6842
f 6845 	6842 	322
f 328 	326 	327
f 317 	316 	323
f 317 	323 	322
f 333 	334 	331
f 330 	331 	334
f 292 	280 	332
f 332 	490 	3371
f 3353 	3292 	332
f 339 	22 	6
f 371 	2946 	340
f 339 	273 	25
f 15 	337 	340
f 320 	329 	325
f 273 	339 	348
f 339 	25 	22
f 309 	398 	304
f 347 	404 	346
f 346 	400 	342
f 304 	7489 	309
f 273 	349 	488
f 338 	342 	391
f 329 	303 	325
f 348 	339 	345
f 303 	305 	325
f 17 	339 	6
f 330 	353 	355
f 209 	339 	5
f 354 	355 	353
f 17 	5 	339
f 303 	413 	304
f 351 	344 	595
f 343 	595 	344
f 230 	231 	209
f 334 	434 	330
f 231 	441 	339
f 353 	330 	434
f 303 	329 	442
f 345 	339 	441
f 358 	359 	360
f 358 	360 	361
f 303 	442 	413
f 363 	361 	360
f 363 	360 	364
f 363 	74 	361
f 368 	372 	6508
f 369 	370 	6508
f 227 	6445 	370
f 367 	358 	361
f 30 	367 	361
f 340 	337 	366
f 340 	366 	371
f 369 	6508 	372
f 366 	377 	381
f 366 	381 	371
f 364 	359 	358
f 364 	358 	363
f 376 	380 	350
f 357 	353 	376
f 434 	376 	353
f 358 	374 	375
f 74 	363 	375
f 74 	36 	361
f 358 	375 	363
f 392 	6886 	386
f 390 	6538 	389
f 350 	357 	376
f 379 	399 	378
f 378 	367 	379
f 62 	379 	367
f 409 	362 	382
f 362 	365 	382
f 380 	382 	365
f 365 	350 	380
f 386 	6886 	384
f 442 	329 	385
f 387 	240 	336
f 378 	374 	358
f 378 	358 	367
f 254 	442 	385
f 62 	74 	375
f 62 	375 	379
f 375 	399 	379
f 442 	254 	250
f 388 	6508 	390
f 368 	6508 	388
f 335 	336 	240
f 377 	412 	381
f 389 	6886 	392
f 337 	3108 	366
f 340 	2946 	15
f 336 	338 	387
f 375 	374 	394
f 393 	394 	374
f 391 	387 	338
f 385 	398 	257
f 415 	396 	399
f 378 	399 	396
f 368 	388 	397
f 362 	409 	347
f 391 	342 	401
f 396 	393 	378
f 374 	378 	393
f 385 	320 	398
f 399 	375 	394
f 394 	408 	415
f 394 	415 	399
f 400 	401 	342
f 1982 	372 	397
f 398 	320 	304
f 426 	402 	403
f 254 	385 	257
f 368 	397 	372
f 400 	346 	404
f 403 	402 	405
f 402 	406 	405
f 395 	1978 	397
f 405 	407 	403
f 408 	403 	407
f 393 	403 	408
f 408 	394 	393
f 404 	347 	409
f 320 	385 	329
f 294 	417 	321
f 377 	366 	3109
f 410 	384 	383
f 294 	318 	417
f 295 	318 	294
f 416 	414 	415
f 415 	414 	396
f 386 	410 	392
f 386 	384 	410
f 417 	420 	324
f 321 	417 	324
f 324 	420 	327
f 414 	403 	396
f 393 	396 	403
f 389 	395 	390
f 390 	395 	397
f 408 	407 	416
f 408 	416 	415
f 397 	388 	390
f 381 	412 	418
f 389 	392 	395
f 421 	328 	420
f 414 	425 	403
f 395 	392 	410
f 412 	411 	419
f 412 	419 	418
f 424 	328 	421
f 327 	420 	328
f 411 	412 	3109
f 287 	437 	286
f 352 	595 	422
f 328 	424 	356
f 1985 	229 	287
f 424 	428 	356
f 430 	431 	845
f 431 	492 	845
f 412 	377 	3109
f 432 	485 	845
f 430 	845 	485
f 428 	434 	356
f 434 	334 	356
f 345 	3489 	348
f 444 	443 	5949
f 797 	798 	442
f 5949 	445 	444
f 426 	403 	425
f 435 	446 	444
f 441 	2279 	345
f 231 	2279 	441
f 429 	433 	411
f 419 	411 	433
f 5951 	446 	435
f 443 	444 	446
f 448 	449 	447
f 444 	447 	449
f 444 	449 	435
f 447 	444 	450
f 445 	450 	444
f 712 	708 	442
f 4642 	4630 	344
f 422 	4686 	352
f 452 	451 	448
f 442 	798 	810
f 449 	448 	451
f 456 	458 	453
f 454 	453 	458
f 460 	458 	459
f 456 	459 	458
f 459 	456 	453
f 437 	549 	547
f 454 	460 	453
f 463 	7352 	439
f 453 	49 	48
f 2228 	3890 	464
f 439 	4551 	438
f 244 	243 	464
f 453 	48 	459
f 465 	4595 	468
f 464 	3890 	470
f 473 	440 	4551
f 436 	4551 	440
f 438 	4551 	436
f 463 	4551 	439
f 457 	455 	469
f 470 	469 	455
f 475 	4861 	477
f 469 	484 	457
f 470 	455 	244
f 464 	470 	244
f 475 	477 	7352
f 454 	458 	460
f 1994 	1993 	477
f 530 	457 	484
f 454 	486 	460
f 463 	7360 	475
f 432 	845 	489
f 478 	7353 	476
f 490 	280 	273
f 490 	273 	488
f 490 	332 	280
f 489 	845 	491
f 7353 	478 	479
f 479 	481 	7353
f 427 	845 	492
f 1992 	1991 	476
f 349 	3474 	488
f 348 	3489 	349
f 3474 	3654 	488
f 482 	7353 	481
f 3653 	3371 	488
f 481 	1992 	479
f 490 	488 	3371
f 493 	592 	487
f 485 	432 	494
f 454 	493 	537
f 478 	1992 	476
f 479 	1992 	478
f 477 	476 	1994
f 1992 	481 	482
f 587 	592 	460
f 493 	460 	592
f 454 	460 	493
f 453 	448 	515
f 7353 	482 	496
f 448 	453 	524
f 495 	881 	482
f 49 	453 	515
f 1992 	482 	495
f 495 	876 	1992
f 453 	480 	524
f 432 	489 	494
f 524 	480 	529
f 500 	501 	502
f 502 	516 	504
f 510 	3361 	505
f 491 	494 	489
f 504 	506 	502
f 506 	509 	502
f 515 	447 	49
f 497 	511 	507
f 512 	502 	513
f 514 	502 	512
f 501 	513 	502
f 448 	447 	515
f 503 	504 	516
f 450 	49 	447
f 509 	517 	502
f 518 	503 	516
f 514 	520 	502
f 522 	501 	521
f 523 	501 	522
f 500 	521 	501
f 452 	448 	524
f 533 	536 	1738
f 532 	533 	1738
f 527 	513 	525
f 501 	525 	513
f 525 	501 	523
f 531 	3456 	530
f 528 	521 	500
f 529 	6141 	6140
f 529 	6140 	524
f 521 	528 	522
f 527 	523 	528
f 822 	1738 	536
f 2280 	530 	3456
f 500 	502 	521
f 474 	466 	519
f 508 	519 	466
f 499 	3475 	498
f 522 	521 	502
f 714 	832 	536
f 518 	516 	534
f 518 	534 	535
f 516 	502 	518
f 517 	518 	502
f 483 	811 	529
f 483 	529 	480
f 523 	527 	525
f 522 	528 	523
f 540 	537 	449
f 542 	3380 	539
f 540 	486 	537
f 486 	454 	537
f 1600 	828 	546
f 437 	547 	541
f 544 	3385 	545
f 469 	3890 	484
f 484 	3890 	544
f 550 	546 	828
f 545 	531 	544
f 531 	530 	544
f 484 	544 	530
f 435 	493 	543
f 543 	493 	487
f 435 	449 	537
f 493 	435 	537
f 526 	1271 	552
f 547 	551 	541
f 552 	532 	526
f 549 	551 	547
f 533 	532 	553
f 552 	553 	532
f 553 	555 	536
f 553 	536 	533
f 545 	3385 	557
f 714 	536 	555
f 2969 	498 	556
f 557 	556 	498
f 557 	3385 	556
f 542 	561 	3380
f 546 	553 	552
f 556 	560 	2969
f 427 	555 	548
f 531 	545 	498
f 557 	498 	545
f 553 	548 	555
f 551 	568 	559
f 550 	548 	553
f 546 	550 	553
f 540 	562 	563
f 540 	563 	486
f 559 	580 	579
f 3063 	3071 	539
f 568 	580 	559
f 564 	54 	565
f 427 	492 	555
f 566 	460 	565
f 567 	566 	565
f 561 	542 	539
f 52 	572 	54
f 566 	567 	460
f 603 	572 	573
f 59 	608 	52
f 572 	52 	573
f 567 	565 	54
f 572 	603 	666
f 609 	666 	603
f 572 	567 	54
f 585 	581 	472
f 48 	54 	459
f 581 	462 	461
f 581 	461 	465
f 468 	582 	465
f 726 	725 	590
f 568 	583 	580
f 465 	468 	581
f 468 	467 	581
f 467 	472 	581
f 666 	710 	572
f 569 	583 	568
f 570 	585 	471
f 472 	471 	585
f 585 	570 	571
f 585 	571 	574
f 585 	574 	575
f 585 	575 	576
f 585 	576 	577
f 585 	577 	578
f 341 	594 	343
f 588 	586 	587
f 7493 	189 	583
f 351 	595 	352
f 419 	3114 	418
f 579 	593 	637
f 601 	606 	341
f 341 	606 	685
f 595 	343 	594
f 687 	422 	595
f 579 	580 	593
f 583 	597 	580
f 583 	187 	597
f 587 	586 	592
f 582 	468 	595
f 582 	595 	594
f 580 	597 	593
f 598 	3891 	600
f 596 	3892 	598
f 604 	605 	602
f 603 	602 	605
f 591 	590 	599
f 600 	599 	590
f 607 	685 	606
f 189 	187 	583
f 602 	608 	604
f 462 	606 	601
f 604 	608 	605
f 609 	605 	608
f 607 	606 	610
f 607 	610 	611
f 600 	590 	598
f 590 	584 	598
f 596 	598 	584
f 607 	606 	581
f 462 	581 	606
f 612 	613 	614
f 597 	615 	651
f 630 	4569 	617
f 618 	617 	4579
f 462 	601 	618
f 462 	618 	4579
f 413 	442 	810
f 617 	618 	616
f 612 	614 	619
f 619 	631 	612
f 608 	59 	612
f 616 	625 	617
f 625 	626 	617
f 622 	617 	626
f 620 	621 	623
f 620 	623 	624
f 666 	608 	612
f 629 	631 	619
f 666 	612 	631
f 628 	630 	627
f 630 	616 	627
f 597 	651 	593
f 649 	4569 	628
f 187 	198 	615
f 627 	634 	628
f 634 	635 	628
f 633 	628 	635
f 629 	632 	631
f 615 	597 	187
f 655 	644 	636
f 1306 	641 	1369
f 1798 	1801 	655
f 1791 	1798 	655
f 7487 	7489 	7451
f 586 	588 	638
f 638 	588 	642
f 627 	636 	644
f 591 	641 	726
f 650 	1371 	641
f 634 	627 	644
f 634 	644 	645
f 628 	633 	647
f 648 	649 	647
f 628 	647 	649
f 637 	593 	639
f 589 	646 	643
f 639 	593 	651
f 644 	648 	645
f 652 	645 	648
f 652 	648 	647
f 655 	648 	644
f 638 	640 	646
f 1485 	1493 	640
f 600 	3891 	599
f 635 	634 	645
f 635 	645 	652
f 592 	586 	646
f 638 	646 	586
f 641 	591 	654
f 599 	654 	591
f 654 	599 	680
f 633 	635 	630
f 635 	625 	630
f 616 	630 	625
f 603 	605 	609
f 650 	641 	657
f 654 	657 	641
f 603 	573 	602
f 656 	658 	653
f 652 	662 	635
f 573 	52 	602
f 652 	661 	662
f 647 	661 	652
f 657 	654 	680
f 602 	52 	608
f 613 	612 	59
f 653 	658 	793
f 625 	635 	662
f 660 	6723 	659
f 657 	659 	650
f 628 	4569 	630
f 608 	666 	609
f 567 	572 	710
f 617 	622 	630
f 590 	591 	726
f 632 	674 	667
f 664 	668 	656
f 647 	633 	622
f 633 	630 	622
f 666 	632 	667
f 622 	669 	647
f 710 	666 	667
f 673 	678 	664
f 821 	699 	670
f 664 	678 	668
f 661 	647 	669
f 656 	668 	658
f 606 	622 	626
f 606 	626 	610
f 606 	607 	622
f 607 	669 	622
f 663 	621 	670
f 620 	1445 	1597
f 2323 	2757 	662
f 662 	626 	625
f 665 	623 	663
f 621 	663 	623
f 610 	626 	611
f 671 	611 	626
f 607 	611 	671
f 607 	671 	669
f 672 	1599 	623
f 666 	631 	632
f 664 	1390 	673
f 2292 	2320 	103
f 679 	642 	588
f 640 	638 	642
f 673 	6690 	678
f 6689 	6690 	673
f 646 	589 	592
f 675 	681 	7450
f 676 	7450 	681
f 659 	680 	660
f 659 	657 	680
f 677 	7450 	690
f 1369 	641 	1371
f 585 	669 	607
f 585 	607 	581
f 594 	341 	685
f 7049 	7050 	680
f 7052 	7049 	680
f 147 	149 	680
f 595 	685 	687
f 685 	607 	687
f 669 	687 	607
f 582 	594 	685
f 582 	685 	465
f 685 	595 	468
f 685 	468 	465
f 688 	868 	686
f 686 	643 	688
f 868 	688 	683
f 1306 	1307 	641
f 688 	1722 	683
f 423 	422 	692
f 558 	487 	589
f 692 	691 	423
f 558 	589 	686
f 687 	692 	422
f 686 	589 	643
f 413 	810 	689
f 693 	679 	588
f 693 	588 	694
f 523 	502 	525
f 538 	525 	502
f 522 	502 	523
f 520 	538 	502
f 690 	413 	689
f 695 	696 	502
f 564 	459 	54
f 413 	690 	7450
f 696 	697 	502
f 697 	698 	502
f 963 	1046 	702
f 702 	947 	675
f 565 	459 	564
f 700 	703 	502
f 703 	695 	502
f 702 	704 	947
f 459 	565 	460
f 567 	453 	460
f 715 	718 	701
f 706 	707 	528
f 706 	528 	500
f 706 	500 	4492
f 473 	866 	521
f 710 	480 	567
f 717 	832 	716
f 453 	567 	480
f 718 	705 	701
f 667 	674 	711
f 727 	832 	717
f 710 	667 	711
f 716 	832 	714
f 713 	684 	668
f 466 	474 	709
f 699 	466 	709
f 668 	678 	713
f 6444 	809 	519
f 684 	715 	701
f 711 	829 	483
f 480 	710 	483
f 711 	483 	710
f 713 	715 	684
f 663 	670 	699
f 699 	709 	663
f 665 	663 	709
f 809 	842 	709
f 321 	719 	720
f 715 	7164 	718
f 1101 	1107 	6469
f 720 	721 	321
f 294 	321 	721
f 719 	1364 	6644
f 719 	722 	720
f 721 	720 	724
f 719 	720 	725
f 719 	725 	726
f 678 	6559 	713
f 720 	721 	725
f 727 	737 	843
f 738 	843 	737
f 1107 	1108 	6469
f 730 	731 	778
f 732 	778 	731
f 715 	7161 	7164
f 735 	734 	732
f 736 	734 	735
f 790 	732 	734
f 717 	716 	743
f 743 	716 	555
f 727 	717 	743
f 737 	727 	485
f 714 	555 	716
f 745 	784 	747
f 430 	743 	431
f 555 	431 	743
f 741 	749 	746
f 485 	494 	738
f 485 	738 	737
f 748 	749 	741
f 494 	733 	738
f 749 	884 	746
f 750 	744 	745
f 4407 	4490 	502
f 729 	2577 	730
f 751 	744 	750
f 753 	767 	729
f 753 	729 	728
f 750 	745 	747
f 756 	757 	2577
f 757 	758 	2577
f 758 	760 	2577
f 755 	756 	2577
f 731 	2577 	732
f 754 	755 	2577
f 7428 	751 	750
f 760 	761 	2577
f 752 	701 	759
f 730 	2577 	731
f 684 	701 	752
f 761 	766 	2577
f 732 	2577 	735
f 731 	767 	732
f 759 	765 	748
f 762 	766 	761
f 766 	736 	2577
f 735 	2577 	736
f 748 	765 	749
f 735 	732 	767
f 730 	767 	731
f 730 	729 	767
f 736 	735 	767
f 770 	771 	769
f 768 	769 	771
f 772 	728 	729
f 772 	729 	768
f 749 	765 	891
f 729 	730 	768
f 771 	772 	768
f 658 	684 	752
f 732 	773 	774
f 732 	774 	768
f 731 	732 	768
f 773 	732 	776
f 777 	776 	732
f 747 	763 	750
f 732 	735 	777
f 768 	774 	769
f 701 	705 	759
f 730 	731 	768
f 782 	780 	691
f 423 	691 	775
f 736 	777 	735
f 759 	705 	765
f 705 	802 	765
f 765 	802 	891
f 7432 	7431 	750
f 780 	779 	691
f 779 	775 	691
f 729 	730 	778
f 778 	732 	786
f 781 	786 	787
f 784 	791 	763
f 789 	691 	792
f 691 	3757 	3920
f 784 	763 	747
f 787 	786 	790
f 781 	778 	786
f 1155 	1156 	4554
f 796 	788 	785
f 741 	788 	748
f 796 	748 	788
f 791 	764 	763
f 732 	790 	786
f 653 	793 	783
f 4554 	2496 	795
f 1155 	4554 	795
f 787 	790 	807
f 708 	764 	791
f 783 	793 	785
f 792 	795 	794
f 708 	791 	784
f 793 	796 	785
f 790 	2883 	2884
f 3922 	795 	792
f 789 	782 	691
f 790 	2884 	815
f 790 	815 	807
f 752 	796 	793
f 426 	406 	402
f 752 	793 	658
f 359 	364 	360
f 752 	759 	796
f 299 	298 	312
f 796 	759 	748
f 658 	668 	684
f 247 	4227 	185
f 797 	800 	798
f 799 	787 	801
f 985 	4227 	986
f 268 	4227 	269
f 986 	4227 	268
f 859 	798 	800
f 246 	272 	247
f 269 	4227 	272
f 156 	181 	184
f 801 	807 	1558
f 486 	803 	460
f 803 	588 	460
f 587 	460 	588
f 7247 	511 	497
f 799 	781 	787
f 4224 	185 	4227
f 4181 	4179 	185
f 589 	487 	592
f 71 	78 	111
f 1558 	1508 	801
f 800 	442 	708
f 113 	111 	78
f 442 	800 	797
f 806 	486 	563
f 803 	486 	806
f 511 	804 	507
f 60 	58 	78
f 511 	808 	804
f 699 	837 	466
f 787 	807 	801
f 118 	113 	258
f 118 	258 	268
f 709 	474 	809
f 78 	76 	60
f 6432 	529 	811
f 483 	829 	811
f 806 	694 	588
f 806 	588 	803
f 798 	818 	810
f 812 	803 	806
f 812 	806 	814
f 124 	85 	817
f 76 	60 	416
f 808 	813 	804
f 808 	820 	813
f 851 	837 	699
f 821 	817 	699
f 851 	699 	816
f 816 	699 	817
f 416 	407 	76
f 816 	817 	822
f 816 	822 	823
f 406 	426 	405
f 425 	405 	426
f 824 	826 	822
f 825 	672 	665
f 623 	665 	672
f 825 	826 	824
f 709 	826 	665
f 826 	825 	665
f 823 	822 	826
f 810 	818 	966
f 674 	828 	829
f 829 	711 	674
f 830 	829 	828
f 828 	832 	823
f 826 	829 	823
f 828 	823 	829
f 828 	833 	830
f 833 	806 	830
f 803 	830 	806
f 705 	805 	802
f 79 	835 	836
f 831 	850 	844
f 836 	837 	79
f 85 	79 	837
f 810 	966 	689
f 7122 	850 	831
f 840 	834 	855
f 855 	847 	840
f 836 	466 	837
f 835 	466 	836
f 841 	842 	843
f 838 	281 	827
f 841 	709 	842
f 826 	709 	841
f 845 	811 	829
f 838 	284 	281
f 846 	837 	841
f 846 	841 	843
f 845 	829 	830
f 845 	830 	848
f 829 	841 	845
f 826 	841 	829
f 843 	845 	841
f 85 	837 	851
f 852 	849 	784
f 851 	816 	85
f 816 	817 	85
f 1009 	847 	855
f 851 	837 	1281
f 846 	1281 	837
f 854 	849 	852
f 837 	851 	856
f 837 	856 	841
f 851 	816 	823
f 851 	823 	856
f 57 	71 	847
f 718 	805 	705
f 856 	727 	841
f 832 	727 	856
f 823 	832 	856
f 843 	841 	727
f 828 	829 	845
f 812 	848 	830
f 812 	830 	803
f 983 	969 	847
f 784 	2701 	852
f 708 	784 	859
f 562 	814 	806
f 562 	806 	563
f 252 	840 	111
f 847 	71 	840
f 111 	840 	71
f 522 	473 	521
f 500 	521 	866
f 694 	806 	833
f 694 	833 	693
f 718 	7216 	805
f 839 	859 	860
f 516 	862 	534
f 518 	922 	482
f 523 	473 	522
f 866 	4492 	500
f 440 	473 	525
f 523 	525 	473
f 860 	784 	849
f 438 	7358 	439
f 436 	7358 	438
f 861 	554 	868
f 859 	839 	798
f 861 	868 	864
f 864 	683 	682
f 860 	859 	784
f 538 	7358 	440
f 525 	538 	440
f 436 	440 	7358
f 868 	683 	864
f 805 	869 	802
f 7360 	476 	477
f 477 	475 	7360
f 7360 	463 	439
f 7360 	439 	7358
f 868 	554 	686
f 479 	478 	7360
f 554 	558 	686
f 478 	476 	7360
f 869 	865 	802
f 479 	7360 	481
f 854 	852 	2789
f 516 	518 	481
f 862 	516 	481
f 863 	862 	481
f 7360 	863 	481
f 619 	614 	870
f 509 	506 	518
f 506 	504 	518
f 503 	518 	504
f 620 	629 	871
f 624 	629 	620
f 619 	871 	629
f 509 	518 	517
f 642 	679 	693
f 642 	693 	872
f 670 	825 	821
f 824 	821 	825
f 6439 	869 	805
f 825 	670 	672
f 482 	4762 	495
f 876 	495 	4762
f 1135 	798 	875
f 693 	833 	828
f 693 	828 	674
f 693 	674 	679
f 4762 	878 	876
f 674 	825 	828
f 672 	825 	674
f 825 	824 	828
f 824 	822 	828
f 832 	828 	822
f 888 	903 	885
f 876 	878 	881
f 496 	482 	881
f 876 	881 	495
f 2789 	1135 	854
f 883 	905 	887
f 746 	884 	877
f 879 	881 	878
f 877 	1187 	959
f 884 	1187 	877
f 112 	92 	890
f 888 	889 	903
f 889 	890 	903
f 891 	884 	749
f 1992 	876 	878
f 1992 	878 	879
f 892 	893 	894
f 894 	897 	892
f 895 	892 	897
f 854 	1135 	875
f 948 	898 	882
f 883 	882 	898
f 800 	708 	859
f 948 	882 	903
f 882 	885 	903
f 899 	900 	896
f 901 	896 	900
f 883 	898 	904
f 904 	905 	883
f 886 	887 	905
f 903 	890 	902
f 839 	875 	798
f 900 	906 	901
f 904 	897 	905
f 860 	854 	875
f 907 	908 	909
f 910 	897 	904
f 894 	905 	897
f 875 	839 	860
f 911 	912 	909
f 907 	909 	912
f 902 	890 	92
f 854 	860 	849
f 914 	916 	910
f 897 	910 	916
f 915 	916 	914
f 895 	897 	916
f 802 	865 	891
f 917 	919 	913
f 911 	913 	919
f 968 	1482 	915
f 891 	918 	884
f 798 	1135 	818
f 912 	911 	919
f 1135 	1132 	818
f 891 	865 	918
f 926 	920 	902
f 903 	902 	920
f 913 	911 	923
f 922 	923 	911
f 911 	909 	922
f 908 	922 	909
f 918 	1187 	884
f 922 	908 	907
f 926 	924 	920
f 898 	920 	910
f 924 	915 	920
f 910 	920 	914
f 914 	920 	915
f 929 	915 	924
f 928 	929 	924
f 914 	904 	932
f 910 	904 	914
f 930 	932 	904
f 873 	931 	874
f 865 	867 	918
f 98 	1238 	92
f 933 	92 	1238
f 918 	867 	927
f 917 	934 	919
f 931 	919 	934
f 931 	934 	874
f 933 	902 	92
f 947 	1114 	921
f 933 	936 	902
f 926 	902 	936
f 1242 	936 	1238
f 933 	1238 	936
f 535 	935 	922
f 923 	922 	935
f 1242 	1243 	936
f 518 	535 	922
f 936 	939 	924
f 936 	924 	926
f 940 	939 	936
f 940 	936 	938
f 873 	1399 	931
f 920 	941 	942
f 920 	942 	903
f 945 	946 	944
f 943 	944 	946
f 939 	940 	924
f 928 	924 	940
f 921 	925 	947
f 898 	948 	949
f 948 	942 	941
f 948 	941 	949
f 948 	903 	942
f 941 	920 	898
f 941 	898 	949
f 876 	495 	922
f 495 	482 	922
f 482 	481 	518
f 904 	898 	949
f 904 	949 	950
f 876 	922 	907
f 876 	907 	878
f 949 	951 	950
f 878 	907 	912
f 878 	912 	879
f 914 	961 	910
f 910 	961 	898
f 944 	950 	951
f 944 	951 	945
f 904 	950 	953
f 904 	953 	930
f 690 	689 	952
f 954 	906 	955
f 954 	955 	956
f 950 	944 	943
f 923 	917 	913
f 950 	943 	957
f 950 	957 	953
f 690 	952 	958
f 960 	946 	951
f 945 	951 	946
f 960 	951 	962
f 961 	962 	951
f 951 	949 	961
f 949 	898 	961
f 899 	934 	917
f 923 	900 	917
f 935 	900 	923
f 906 	900 	935
f 899 	917 	900
f 961 	915 	929
f 963 	702 	965
f 743 	485 	727
f 430 	485 	743
f 968 	953 	967
f 932 	930 	968
f 930 	953 	968
f 957 	967 	953
f 555 	492 	431
f 677 	958 	965
f 967 	1771 	968
f 2022 	6463 	2023
f 961 	914 	932
f 961 	932 	968
f 677 	690 	958
f 1115 	1116 	6469
f 968 	915 	961
f 965 	7450 	677
f 858 	255 	284
f 1703 	1906 	845
f 57 	847 	58
f 969 	58 	847
f 958 	963 	965
f 1064 	1072 	845
f 970 	840 	258
f 252 	258 	840
f 969 	970 	78
f 58 	969 	78
f 113 	78 	970
f 258 	113 	970
f 858 	284 	838
f 983 	847 	1009
f 974 	975 	976
f 977 	979 	976
f 978 	979 	977
f 974 	976 	979
f 952 	689 	966
f 981 	982 	976
f 981 	976 	977
f 958 	1046 	963
f 857 	840 	985
f 970 	986 	840
f 985 	840 	986
f 983 	990 	969
f 970 	969 	986
f 988 	989 	984
f 958 	952 	1054
f 986 	969 	990
f 985 	986 	990
f 985 	986 	858
f 986 	268 	255
f 972 	6698 	973
f 952 	1058 	1054
f 1082 	1058 	952
f 995 	6943 	994
f 986 	255 	858
f 971 	1082 	952
f 993 	992 	996
f 982 	981 	995
f 982 	995 	999
f 703 	698 	695
f 698 	697 	695
f 696 	695 	697
f 1000 	855 	834
f 976 	1002 	988
f 978 	977 	988
f 976 	988 	977
f 989 	988 	1002
f 975 	1002 	976
f 994 	1003 	984
f 994 	984 	995
f 855 	1000 	990
f 1005 	1004 	1002
f 989 	1002 	1004
f 983 	60 	990
f 76 	990 	60
f 857 	985 	1000
f 998 	874 	934
f 985 	990 	1000
f 416 	983 	1007
f 60 	983 	416
f 983 	1009 	1007
f 1006 	1007 	1009
f 1006 	1009 	1010
f 1006 	1010 	1011
f 1008 	1002 	1012
f 975 	1012 	1002
f 1009 	855 	1013
f 1014 	1005 	1008
f 1002 	1008 	1005
f 1013 	1015 	1010
f 1013 	1010 	1009
f 1015 	1016 	1011
f 1015 	1011 	1010
f 899 	1017 	934
f 1017 	1018 	934
f 1018 	1019 	934
f 1019 	993 	934
f 993 	996 	934
f 996 	1020 	934
f 1021 	6668 	1020
f 6940 	991 	1022
f 1026 	1028 	1025
f 1431 	1025 	1028
f 1013 	855 	1023
f 1024 	1013 	1023
f 407 	1023 	990
f 1016 	1015 	1024
f 1013 	1024 	1015
f 76 	407 	990
f 990 	1023 	855
f 1030 	428 	1029
f 1031 	1032 	1026
f 1028 	1026 	1032
f 1030 	1033 	428
f 675 	7450 	965
f 407 	405 	1023
f 405 	425 	1023
f 1034 	1035 	1036
f 1034 	1036 	1037
f 1038 	994 	1022
f 6940 	1022 	994
f 1663 	1027 	1290
f 1007 	1006 	1024
f 1007 	1024 	1023
f 1023 	1055 	1007
f 1037 	1036 	1039
f 1027 	2012 	1293
f 1024 	1006 	1016
f 1011 	1016 	1006
f 1038 	1029 	994
f 1033 	1030 	1040
f 1038 	1040 	1030
f 1029 	1038 	1030
f 1003 	994 	1029
f 675 	947 	925
f 1293 	1553 	1027
f 1032 	1031 	1035
f 1032 	1035 	1034
f 1042 	1043 	1044
f 1042 	1044 	1045
f 1078 	702 	1046
f 1049 	1045 	1044
f 1049 	1044 	1050
f 1055 	1023 	1045
f 1055 	1045 	1049
f 1051 	1053 	1041
f 1052 	1023 	425
f 1052 	1045 	1023
f 491 	845 	1070
f 958 	1054 	1046
f 416 	1007 	1057
f 1057 	1007 	1056
f 1041 	6920 	984
f 414 	416 	1057
f 1059 	1056 	1007
f 1041 	1029 	6920
f 1056 	1042 	1045
f 1041 	984 	1029
f 1003 	1029 	984
f 1056 	1045 	1052
f 1056 	1052 	1057
f 1041 	989 	1004
f 1057 	1052 	425
f 1057 	425 	414
f 1007 	1055 	1059
f 1041 	984 	989
f 1061 	845 	1060
f 1062 	1040 	1038
f 1062 	1038 	1063
f 433 	429 	1077
f 1022 	1123 	1038
f 1070 	845 	1072
f 1050 	1043 	1042
f 1050 	1042 	1049
f 995 	984 	1063
f 984 	1041 	1063
f 1062 	1063 	1041
f 1062 	1041 	1053
f 1065 	1066 	1067
f 1065 	1067 	1068
f 1069 	1068 	1067
f 1069 	1067 	1071
f 995 	1063 	999
f 1068 	1069 	1073
f 1073 	1049 	1068
f 1055 	1049 	1073
f 1042 	1068 	1049
f 733 	1074 	1095
f 1088 	1082 	971
f 411 	3783 	429
f 1076 	1004 	1005
f 1074 	733 	494
f 974 	979 	1005
f 1076 	1005 	979
f 702 	1078 	1105
f 675 	965 	702
f 1059 	1080 	1079
f 1059 	1079 	1056
f 1083 	974 	1005
f 1083 	1005 	1014
f 1106 	3789 	1085
f 3789 	3788 	1085
f 1079 	1065 	1068
f 1081 	1061 	1060
f 1042 	1056 	1079
f 1042 	1079 	1068
f 1064 	1081 	1072
f 1059 	1055 	1073
f 1059 	1073 	1080
f 1064 	1061 	1081
f 971 	1126 	1088
f 433 	1077 	1084
f 1070 	1074 	491
f 494 	491 	1074
f 1077 	1075 	1085
f 1077 	1085 	1084
f 1054 	1078 	1046
f 1070 	1072 	1074
f 1058 	1082 	1078
f 1081 	1074 	1072
f 1089 	1090 	1091
f 1082 	1094 	1078
f 1184 	5227 	1092
f 1089 	1092 	1090
f 1076 	1093 	1004
f 1093 	1087 	1004
f 1041 	1004 	1087
f 1054 	1058 	1078
f 1071 	1066 	1065
f 1071 	1065 	1069
f 978 	988 	1076
f 1717 	1783 	6469
f 1108 	1115 	6469
f 1784 	1963 	6469
f 978 	1076 	979
f 1094 	1105 	1078
f 1098 	1097 	1096
f 1098 	1096 	1099
f 1076 	6921 	1093
f 988 	6921 	1076
f 984 	6921 	988
f 1100 	1129 	1098
f 1097 	1098 	1129
f 1097 	1129 	1069
f 1065 	1097 	1069
f 428 	424 	1029
f 1094 	1082 	1088
f 1077 	3783 	1075
f 1783 	1784 	6469
f 1079 	1080 	1103
f 1080 	1121 	1103
f 1117 	3789 	1106
f 1181 	3802 	1117
f 6940 	994 	6943
f 1103 	1111 	1097
f 1104 	1094 	1088
f 1103 	1097 	1065
f 1103 	1065 	1079
f 1073 	1129 	1080
f 1053 	1051 	1062
f 1040 	1062 	1051
f 1040 	1051 	1033
f 1102 	1106 	1075
f 1085 	1075 	1106
f 1102 	1113 	1106
f 1083 	1014 	1008
f 1083 	1008 	1012
f 1100 	1098 	1099
f 1100 	1099 	1109
f 1094 	1104 	1105
f 1110 	1146 	1041
f 1111 	1112 	1096
f 1146 	1051 	1041
f 1102 	1075 	3785
f 1110 	1041 	1248
f 1248 	1041 	1087
f 1119 	1111 	1103
f 1096 	1097 	1111
f 1106 	1113 	1117
f 434 	428 	1033
f 1060 	845 	1118
f 1112 	1111 	1109
f 1100 	1109 	1111
f 1051 	1146 	1033
f 1121 	1122 	1119
f 1119 	1103 	1121
f 952 	818 	971
f 1063 	1038 	1124
f 1124 	1038 	1123
f 1119 	1163 	1125
f 1132 	1126 	818
f 1153 	3456 	1124
f 1095 	1074 	1101
f 1119 	1125 	1111
f 971 	818 	1126
f 1129 	1100 	1128
f 1073 	1069 	1129
f 1100 	1111 	1128
f 1125 	1128 	1111
f 1163 	1128 	1125
f 1123 	1130 	1110
f 1127 	1101 	1074
f 1121 	1080 	1129
f 1123 	1110 	1124
f 1127 	1131 	1107
f 1127 	1107 	1101
f 1129 	1128 	1122
f 1129 	1122 	1121
f 818 	952 	966
f 1033 	1146 	434
f 1146 	1137 	434
f 1022 	991 	1134
f 1138 	434 	1137
f 1139 	434 	1138
f 1107 	1131 	1108
f 1140 	1123 	1134
f 1022 	1134 	1123
f 1131 	1230 	1115
f 1131 	1115 	1108
f 1140 	1134 	1141
f 1123 	1140 	1130
f 1137 	1130 	1140
f 1139 	1138 	1143
f 1115 	1230 	1116
f 1138 	1141 	1139
f 1140 	1141 	1137
f 1138 	1137 	1141
f 1144 	1139 	1141
f 1127 	1074 	1081
f 1145 	1146 	1110
f 1127 	1081 	1060
f 1146 	1145 	1137
f 1110 	1130 	1137
f 1110 	1137 	1145
f 1131 	1060 	1118
f 1127 	1060 	1131
f 1147 	1132 	3222
f 1145 	1110 	1248
f 1147 	1126 	1132
f 1118 	1120 	1131
f 1145 	1148 	1149
f 4553 	4550 	1142
f 1149 	1150 	1153
f 1148 	1143 	1149
f 1138 	1149 	1143
f 1138 	1139 	1149
f 1150 	1149 	1139
f 1088 	1147 	1104
f 1126 	1147 	1088
f 1145 	1149 	1153
f 1151 	1153 	1150
f 1153 	1124 	1145
f 1113 	1102 	3785
f 7296 	1158 	1154
f 1162 	1164 	1906
f 1120 	1906 	1164
f 1118 	845 	1120
f 1084 	1085 	3788
f 1906 	1907 	1162
f 1158 	1160 	1159
f 1182 	3802 	1181
f 5083 	5093 	3806
f 893 	905 	894
f 1174 	1181 	1113
f 1117 	1113 	1181
f 1163 	1165 	1169
f 1128 	1163 	1169
f 1167 	1171 	1172
f 1176 	1178 	1175
f 1179 	1175 	1178
f 1119 	1122 	1176
f 1178 	1176 	1122
f 1172 	1180 	1177
f 1172 	1177 	1167
f 1176 	1175 	1165
f 1176 	1165 	1163
f 880 	1493 	1177
f 1180 	880 	1177
f 1176 	1163 	1119
f 1169 	1178 	1128
f 1122 	1128 	1178
f 1169 	1168 	1179
f 1169 	1179 	1178
f 1166 	1259 	1177
f 1174 	1173 	1182
f 1174 	1182 	1181
f 1048 	1047 	959
f 1090 	1183 	1091
f 1177 	905 	1166
f 7296 	3392 	1158
f 5227 	5163 	1090
f 1183 	1090 	5163
f 1047 	1170 	959
f 1186 	5227 	1185
f 1185 	5227 	1184
f 1090 	1092 	5227
f 1558 	807 	815
f 1092 	1327 	1184
f 1189 	1190 	1159
f 1160 	1191 	1159
f 1189 	1159 	1191
f 1193 	1197 	1192
f 1194 	1196 	1193
f 1197 	1193 	1196
f 1197 	1000 	1192
f 834 	1192 	1000
f 1158 	1159 	1154
f 1066 	1071 	1067
f 1190 	1226 	1159
f 1043 	1050 	1044
f 1198 	1089 	1091
f 1091 	1194 	1198
f 1193 	1198 	1194
f 1110 	1145 	1124
f 1189 	1191 	1199
f 1096 	1112 	1099
f 1109 	1099 	1112
f 1204 	5163 	1203
f 1191 	1160 	1199
f 1633 	1199 	1160
f 3542 	1087 	1086
f 1199 	1633 	1200
f 1200 	1633 	1201
f 1207 	1208 	1209
f 1202 	1203 	5163
f 5163 	1205 	1183
f 1204 	1205 	5163
f 7306 	7296 	1210
f 1211 	1212 	1213
f 840 	857 	1214
f 1211 	1213 	1216
f 1210 	7296 	1215
f 1214 	1192 	834
f 1214 	834 	840
f 1189 	1217 	1190
f 1217 	1215 	1190
f 7296 	1190 	1215
f 1214 	1213 	1193
f 1214 	1193 	1192
f 1197 	1196 	1211
f 1197 	1211 	1216
f 1213 	1214 	1216
f 719 	726 	722
f 722 	726 	1220
f 1221 	1792 	1222
f 997 	1031 	998
f 998 	1026 	1025
f 753 	772 	767
f 772 	771 	767
f 770 	767 	771
f 1026 	998 	1031
f 2292 	6703 	2293
f 2293 	6703 	1363
f 1363 	6644 	1364
f 1216 	1214 	857
f 1224 	1039 	997
f 997 	1036 	1035
f 1031 	997 	1035
f 857 	1000 	1216
f 1036 	997 	1039
f 1197 	1216 	1000
f 1035 	1227 	1036
f 1039 	1036 	1227
f 1226 	1225 	404
f 838 	1219 	858
f 400 	404 	7332
f 1161 	1909 	1228
f 1229 	858 	1219
f 1229 	985 	858
f 1229 	4239 	985
f 1196 	1194 	1212
f 1196 	1212 	1211
f 1722 	1171 	1167
f 1233 	1507 	1152
f 1213 	1212 	1234
f 943 	946 	960
f 1116 	1230 	1152
f 1233 	1152 	1230
f 1232 	6959 	1218
f 1193 	1213 	1198
f 1234 	1198 	1213
f 957 	943 	960
f 957 	960 	962
f 957 	962 	967
f 1234 	1294 	1089
f 1234 	1089 	1198
f 1235 	1256 	1236
f 1235 	1236 	1237
f 1235 	1238 	1256
f 98 	1256 	1238
f 1212 	1239 	1234
f 1294 	1234 	1239
f 1131 	1120 	1230
f 1237 	1240 	1238
f 1237 	1238 	1235
f 1218 	6959 	6982
f 1091 	1212 	1194
f 1230 	1162 	1161
f 1230 	1161 	1233
f 1240 	1241 	1238
f 1241 	1242 	1238
f 1239 	1212 	1091
f 962 	1245 	1246
f 1268 	962 	1246
f 1164 	1162 	1230
f 1086 	6944 	1232
f 1120 	1164 	1230
f 1139 	1143 	1148
f 1139 	1148 	1150
f 1268 	967 	962
f 1161 	1228 	1233
f 1151 	1150 	1139
f 1151 	1139 	1144
f 1236 	1251 	1237
f 1249 	1237 	1251
f 1237 	1252 	1241
f 1237 	1241 	1240
f 1087 	3542 	1248
f 1242 	1246 	1245
f 1242 	1245 	1243
f 1244 	1247 	1219
f 1229 	1219 	1247
f 1257 	1236 	1256
f 1145 	1248 	1255
f 1236 	1257 	1258
f 1236 	1258 	1259
f 1236 	1259 	1251
f 1255 	1148 	1145
f 98 	1264 	1256
f 1237 	1249 	1259
f 1237 	1259 	1258
f 1250 	1731 	1253
f 1237 	1258 	1263
f 1603 	1254 	1731
f 1260 	1256 	1264
f 1148 	1255 	1150
f 1265 	1266 	1263
f 1237 	1263 	1266
f 1266 	1268 	1237
f 1252 	1237 	1268
f 1265 	1269 	1266
f 1269 	1268 	1266
f 526 	532 	1738
f 1241 	1252 	1268
f 1272 	1273 	1268
f 1241 	1268 	1273
f 1273 	1274 	1241
f 1242 	1241 	1274
f 1271 	1270 	1861
f 1262 	1283 	827
f 1861 	552 	1271
f 1274 	1275 	1246
f 1274 	1246 	1242
f 1245 	1275 	1274
f 1245 	1274 	1243
f 1272 	1268 	1275
f 1246 	1275 	1268
f 1276 	1277 	1279
f 1770 	1776 	1275
f 1245 	1770 	1275
f 1356 	1357 	1277
f 1277 	1276 	1282
f 1268 	1269 	967
f 1249 	1251 	1259
f 1249 	1166 	1259
f 1166 	905 	893
f 1278 	1262 	1261
f 893 	1347 	1259
f 1278 	1283 	1262
f 1259 	1166 	893
f 1356 	1277 	1282
f 1283 	838 	827
f 1177 	1349 	1167
f 1287 	1935 	1286
f 1244 	1219 	1283
f 1177 	1259 	1349
f 1346 	1349 	1259
f 1285 	1935 	1288
f 1259 	1166 	1249
f 846 	1276 	1279
f 846 	1279 	1281
f 1254 	817 	1281
f 1283 	1278 	1244
f 1263 	1258 	1257
f 6435 	1282 	846
f 838 	1283 	1219
f 1272 	1265 	1273
f 1265 	1260 	1273
f 1263 	1260 	1265
f 1264 	1273 	1260
f 1257 	1256 	1309
f 1276 	846 	1282
f 1091 	1183 	1239
f 1286 	1285 	1291
f 1225 	7326 	404
f 7326 	7332 	404
f 1291 	1285 	1288
f 1294 	1092 	1089
f 1289 	4683 	1288
f 1288 	4683 	1285
f 1334 	1244 	1278
f 1247 	1244 	1350
f 1350 	1345 	4241
f 1285 	1286 	1462
f 5607 	1296 	1295
f 1289 	1288 	1462
f 1285 	1462 	1288
f 5343 	4243 	1340
f 1297 	1208 	1207
f 1223 	1221 	1207
f 1297 	1207 	1221
f 1297 	1221 	1222
f 1299 	1296 	1298
f 1284 	1287 	1291
f 1299 	1300 	1296
f 1195 	1297 	1302
f 1301 	1302 	1297
f 1222 	1301 	1297
f 1291 	1287 	1286
f 1300 	1250 	1296
f 4243 	4241 	1340
f 1345 	1341 	4241
f 1296 	1250 	1295
f 1253 	1295 	1250
f 1253 	1254 	1295
f 1364 	719 	324
f 321 	324 	719
f 7296 	7327 	1190
f 1220 	726 	1307
f 1263 	1257 	1309
f 1308 	1278 	1261
f 1299 	1298 	1757
f 1310 	1757 	1298
f 1311 	728 	778
f 729 	778 	728
f 1256 	1260 	1309
f 1260 	1263 	1309
f 1308 	1261 	1303
f 1310 	1298 	1304
f 1315 	1316 	1314
f 98 	110 	1264
f 1318 	1427 	1315
f 1335 	1320 	1264
f 1273 	1264 	1320
f 1273 	1320 	1321
f 1183 	1322 	1239
f 728 	1311 	2577
f 729 	728 	2577
f 1272 	1328 	1329
f 1342 	1265 	1329
f 1272 	1329 	1265
f 1185 	1184 	1326
f 1327 	1326 	1184
f 1186 	1185 	1325
f 1326 	1325 	1185
f 1311 	1312 	2577
f 2282 	2577 	1318
f 728 	1311 	753
f 1269 	1265 	1343
f 1342 	1343 	1265
f 1320 	1329 	1328
f 1320 	1328 	1321
f 1323 	1643 	1324
f 2359 	2356 	2358
f 1294 	1327 	1092
f 1357 	1323 	1277
f 1313 	1333 	2357
f 1333 	110 	2358
f 1334 	1278 	1308
f 1335 	1333 	1313
f 110 	1333 	1335
f 1335 	1313 	2358
f 1319 	1295 	1323
f 1294 	1322 	1327
f 1279 	1277 	1323
f 1335 	1264 	110
f 1320 	1335 	1338
f 1295 	1319 	1317
f 1322 	1294 	1239
f 1338 	1339 	1329
f 1338 	1329 	1320
f 1328 	1339 	1338
f 1328 	1338 	1321
f 1340 	1326 	1341
f 1327 	1344 	1326
f 1329 	1339 	1342
f 1203 	1202 	1340
f 1203 	1340 	1341
f 1328 	1776 	1339
f 1340 	1341 	1332
f 1345 	1326 	1344
f 1291 	1336 	1284
f 2416 	1778 	1343
f 1341 	1326 	1345
f 1345 	1204 	1341
f 1203 	1341 	1204
f 1284 	1899 	1336
f 1345 	1344 	1204
f 1205 	1204 	1344
f 2282 	1315 	1316
f 1312 	1318 	2577
f 1316 	1315 	1314
f 1346 	1259 	1347
f 1340 	1332 	1331
f 1344 	1327 	1322
f 1205 	1344 	1322
f 1205 	1322 	1183
f 1279 	1323 	1281
f 1295 	1281 	1323
f 1315 	2282 	1318
f 1341 	1334 	1332
f 1318 	1315 	1314
f 1311 	728 	772
f 1345 	1350 	1334
f 1345 	1334 	1341
f 772 	753 	1311
f 1323 	1357 	1643
f 1295 	1254 	1281
f 1350 	1244 	1334
f 1353 	1351 	1352
f 1199 	1789 	1189
f 1789 	1787 	1189
f 1315 	1352 	1314
f 1341 	1340 	4241
f 1789 	1199 	1792
f 1200 	1792 	1199
f 1352 	1315 	1318
f 1314 	1352 	1318
f 1200 	1201 	1301
f 1200 	1301 	1222
f 1200 	1222 	1792
f 1201 	1302 	1301
f 1316 	1361 	1353
f 1351 	1353 	1361
f 1360 	1351 	1361
f 1370 	1359 	1358
f 1370 	1373 	1359
f 324 	1363 	1364
f 1373 	1303 	1359
f 1209 	1208 	1366
f 1208 	1297 	1366
f 1297 	1367 	1366
f 1365 	1366 	1367
f 1357 	1356 	1355
f 1354 	1355 	6463
f 1356 	6463 	1355
f 1282 	6463 	1356
f 1363 	1368 	1364
f 1363 	1364 	1369
f 1363 	1369 	1371
f 1368 	1372 	1369
f 1368 	1369 	1364
f 726 	641 	1307
f 1373 	1308 	1303
f 1375 	1376 	1369
f 1372 	1374 	1369
f 1374 	1375 	1369
f 1306 	1375 	1374
f 1306 	1369 	1376
f 1305 	1306 	1376
f 1331 	1373 	1370
f 1331 	1332 	1373
f 1377 	1379 	1381
f 1377 	1381 	1382
f 1497 	7331 	1378
f 1385 	1378 	1386
f 1380 	1386 	1378
f 1385 	1497 	1378
f 1332 	1334 	1308
f 1332 	1308 	1373
f 1386 	1388 	1385
f 502 	698 	1036
f 1035 	1036 	698
f 5481 	1291 	1267
f 1036 	1039 	700
f 1036 	700 	502
f 1227 	1035 	703
f 698 	703 	1035
f 1224 	1001 	1039
f 700 	1039 	1001
f 1316 	1427 	1391
f 1039 	1227 	700
f 703 	700 	1227
f 700 	4511 	1039
f 1392 	1393 	1381
f 1394 	2282 	1393
f 1396 	2282 	1395
f 1377 	1392 	1381
f 1377 	1381 	1379
f 1167 	1349 	1348
f 1349 	2422 	1348
f 2282 	1316 	1391
f 1379 	1361 	1381
f 1349 	1347 	2422
f 1347 	1349 	1346
f 1397 	1389 	1387
f 1377 	1361 	1379
f 1391 	1381 	1361
f 1316 	1391 	1361
f 1389 	1397 	1400
f 1404 	1381 	1402
f 1401 	1402 	1381
f 873 	874 	1399
f 874 	998 	1399
f 1025 	1399 	998
f 1389 	1403 	1390
f 1404 	1379 	1381
f 1379 	1404 	1377
f 1400 	1403 	1389
f 1352 	1351 	1381
f 1351 	1406 	1381
f 1401 	1381 	1406
f 1403 	673 	1390
f 1352 	1381 	1353
f 1391 	1353 	1381
f 1406 	1351 	1360
f 1403 	6689 	673
f 1316 	1353 	1391
f 1408 	1311 	778
f 1312 	1311 	1408
f 878 	4800 	879
f 1408 	778 	1413
f 1413 	778 	781
f 188 	192 	1400
f 879 	1410 	881
f 1410 	1412 	881
f 1400 	1397 	188
f 1405 	1414 	1407
f 192 	195 	1400
f 1231 	1414 	1405
f 195 	1403 	1400
f 879 	1409 	1410
f 1411 	881 	1412
f 1348 	1414 	1231
f 195 	6689 	1403
f 1412 	1411 	1992
f 1231 	1167 	1348
f 1415 	1382 	1381
f 879 	1409 	1992
f 1409 	1410 	1992
f 1410 	1412 	1992
f 1411 	1469 	1992
f 1415 	1381 	1417
f 883 	885 	882
f 1419 	1424 	1418
f 888 	885 	1425
f 1415 	1417 	1420
f 1425 	889 	888
f 1418 	1424 	1422
f 1411 	1422 	1424
f 881 	1411 	896
f 1424 	896 	1411
f 895 	885 	883
f 888 	885 	895
f 890 	889 	895
f 888 	895 	889
f 1469 	1411 	1422
f 1418 	1419 	1422
f 1469 	1422 	1419
f 893 	892 	886
f 887 	886 	892
f 1426 	1421 	1416
f 1412 	919 	1411
f 1381 	1391 	1427
f 880 	1180 	1428
f 1426 	1429 	1421
f 1315 	1427 	1316
f 1421 	1430 	1423
f 895 	916 	890
f 929 	928 	916
f 890 	916 	928
f 890 	928 	938
f 1429 	1430 	1421
f 938 	928 	940
f 896 	1424 	899
f 1423 	653 	783
f 1427 	1417 	1381
f 1025 	1431 	1399
f 1417 	1432 	1420
f 1430 	653 	1423
f 1180 	2813 	880
f 1431 	931 	1399
f 1172 	2813 	1180
f 1433 	1434 	1429
f 1417 	1427 	1432
f 1418 	919 	931
f 1434 	1440 	1429
f 1422 	1411 	919
f 1435 	614 	613
f 919 	1418 	1422
f 59 	1438 	613
f 1435 	1437 	614
f 870 	614 	1437
f 1433 	1429 	1426
f 1439 	1436 	1438
f 1436 	613 	1438
f 1318 	1408 	1427
f 931 	1431 	1473
f 1438 	619 	1439
f 871 	619 	1438
f 1441 	1439 	619
f 1437 	1441 	619
f 870 	1437 	619
f 1429 	1440 	1430
f 1410 	1409 	879
f 1410 	879 	912
f 1430 	656 	653
f 1410 	912 	919
f 1410 	919 	1412
f 1443 	1445 	1438
f 1445 	1458 	1597
f 871 	1438 	620
f 1284 	1336 	1444
f 1442 	1444 	1336
f 1440 	656 	1430
f 1438 	1445 	620
f 1336 	1337 	1442
f 1287 	1462 	1286
f 1444 	1462 	1287
f 1284 	1444 	1287
f 1433 	1387 	1434
f 632 	629 	1483
f 1476 	1483 	629
f 1389 	1434 	1387
f 1443 	1449 	1450
f 1443 	1450 	1445
f 1439 	1441 	1436
f 1435 	1436 	1441
f 1434 	1390 	1440
f 1452 	1439 	1453
f 475 	1955 	1953
f 1456 	1437 	1455
f 1441 	1437 	1456
f 1454 	1455 	1437
f 1389 	1390 	1434
f 1457 	112 	890
f 664 	656 	1440
f 1457 	1438 	112
f 59 	112 	1438
f 1447 	4721 	1448
f 1390 	664 	1440
f 1451 	4721 	1447
f 1438 	1457 	1443
f 1443 	1457 	1458
f 890 	1458 	1457
f 1603 	1597 	1458
f 890 	938 	1458
f 1953 	1952 	475
f 1448 	1447 	475
f 1447 	1451 	475
f 1451 	4554 	475
f 1458 	1460 	1449
f 1458 	1449 	1443
f 1450 	1460 	1458
f 1450 	1458 	1445
f 1459 	1426 	1416
f 1425 	1461 	1463
f 889 	1425 	1463
f 1461 	1452 	1463
f 1453 	1463 	1452
f 1464 	1465 	1459
f 1450 	1449 	1460
f 613 	1466 	1435
f 613 	1436 	1466
f 1436 	1435 	1466
f 1318 	1312 	1408
f 1437 	1435 	1466
f 1427 	1408 	1413
f 1435 	1441 	1466
f 1993 	1955 	477
f 1432 	1427 	1413
f 1461 	1466 	1439
f 1461 	1439 	1452
f 1437 	1466 	1467
f 1437 	1467 	1454
f 1465 	1426 	1459
f 1418 	4744 	1419
f 1466 	1461 	885
f 1425 	885 	1461
f 1426 	1465 	1433
f 799 	1470 	781
f 887 	1467 	883
f 1466 	883 	1467
f 4744 	3359 	1468
f 888 	1463 	885
f 889 	1463 	888
f 1466 	885 	1463
f 1413 	781 	1470
f 1471 	1468 	3359
f 1439 	1466 	1463
f 1439 	1463 	1453
f 1473 	3359 	1475
f 1474 	1475 	3359
f 799 	1676 	1470
f 1476 	1466 	1456
f 895 	883 	1479
f 1476 	1479 	883
f 1466 	1476 	883
f 1441 	1456 	1466
f 1468 	1471 	1469
f 1471 	1473 	1469
f 2051 	1469 	1473
f 1473 	1475 	2051
f 629 	624 	1476
f 1599 	1709 	1476
f 1468 	1992 	1469
f 1465 	1472 	1481
f 892 	1482 	887
f 1482 	1483 	887
f 1454 	1467 	1455
f 1483 	1455 	1467
f 887 	1483 	1467
f 1475 	1474 	1471
f 1477 	1415 	1420
f 1471 	1474 	1468
f 1476 	1456 	1455
f 1476 	1455 	1483
f 1474 	1478 	2051
f 1420 	1484 	1477
f 1475 	1474 	2051
f 1599 	1476 	624
f 1992 	1468 	1474
f 1472 	1465 	1464
f 1482 	1711 	1483
f 1481 	1433 	1465
f 1473 	1475 	1471
f 1478 	1480 	1474
f 1992 	1474 	1480
f 1433 	1481 	1387
f 642 	1488 	640
f 1477 	1484 	1689
f 640 	1488 	1485
f 1485 	1488 	886
f 1419 	1469 	1424
f 2051 	2056 	1469
f 1420 	1486 	1484
f 893 	886 	1488
f 1419 	1418 	931
f 1469 	1419 	931
f 688 	643 	1489
f 1487 	1490 	1481
f 1468 	931 	1471
f 1489 	1491 	1492
f 1420 	1432 	1486
f 643 	646 	1493
f 646 	640 	1493
f 1468 	1469 	931
f 1493 	1489 	643
f 1489 	1494 	1491
f 1697 	1484 	1486
f 1473 	1471 	931
f 1432 	1470 	1486
f 1487 	1481 	1472
f 1473 	1431 	1475
f 1474 	1475 	1431
f 1387 	1490 	1397
f 1478 	1474 	1431
f 1495 	1385 	1388
f 1490 	283 	1397
f 1432 	1413 	1470
f 1480 	1478 	1028
f 1991 	1992 	1028
f 1431 	1028 	1478
f 1495 	1496 	1385
f 1496 	1497 	1385
f 1387 	1481 	1490
f 1498 	1499 	1500
f 1993 	1994 	1032
f 1499 	1501 	1500
f 1503 	1501 	1384
f 1499 	1384 	1501
f 827 	281 	1487
f 1952 	1034 	1448
f 1448 	1034 	1447
f 1502 	1504 	1679
f 1487 	281 	1490
f 1451 	1447 	1037
f 281 	283 	1490
f 899 	1424 	1017
f 993 	2013 	992
f 283 	188 	1397
f 1019 	2013 	993
f 1713 	1504 	1505
f 1500 	1501 	1497
f 1498 	1500 	1497
f 1497 	1496 	1498
f 2013 	996 	992
f 1501 	1503 	1497
f 1365 	1367 	1386
f 1365 	1386 	1380
f 801 	1508 	1502
f 1495 	1388 	1496
f 1367 	1496 	1388
f 1367 	1388 	1386
f 1513 	1506 	1521
f 1516 	2049 	1514
f 1510 	1509 	1498
f 1499 	1498 	1509
f 1510 	1512 	1509
f 1509 	1512 	1517
f 1446 	1462 	1444
f 1515 	1517 	1512
f 1521 	1522 	1513
f 1384 	1509 	1383
f 1384 	1499 	1509
f 1446 	1511 	1462
f 1513 	1518 	1672
f 1545 	1544 	1514
f 1233 	1546 	1514
f 1233 	1514 	1507
f 1517 	1524 	1509
f 1544 	1567 	1516
f 1683 	1516 	1565
f 1555 	1540 	1297
f 1367 	1297 	1496
f 1560 	1515 	1297
f 1515 	1512 	1297
f 1228 	1157 	1523
f 1520 	1523 	1157
f 1521 	1506 	2117
f 1512 	1510 	1297
f 1496 	1510 	1498
f 1542 	1523 	1520
f 1496 	1297 	1510
f 1267 	1735 	1519
f 1195 	1555 	1297
f 1531 	1522 	1521
f 1502 	799 	801
f 1509 	1524 	1809
f 1502 	1508 	1504
f 1518 	1522 	1459
f 1524 	1862 	1809
f 1508 	1525 	1504
f 1525 	1505 	1504
f 1383 	1509 	1809
f 1526 	1527 	1528
f 1525 	1529 	1505
f 1513 	1522 	1518
f 1459 	1416 	1518
f 1528 	1021 	1526
f 964 	1526 	1021
f 1532 	1535 	1647
f 1533 	1535 	1532
f 964 	1021 	1534
f 1525 	1508 	1558
f 1540 	1533 	1530
f 1532 	1530 	1533
f 1530 	1524 	1517
f 1522 	1531 	1464
f 1464 	1459 	1522
f 1569 	1524 	1530
f 1546 	2050 	1545
f 1546 	1571 	2050
f 1543 	2050 	1571
f 2046 	1472 	1464
f 1525 	1541 	1547
f 1530 	1532 	1647
f 1525 	1547 	1837
f 1551 	1538 	1550
f 1549 	1550 	1536
f 1552 	1539 	1551
f 1536 	1537 	1549
f 1548 	1549 	1537
f 1531 	2046 	1464
f 1290 	1027 	1553
f 1536 	1550 	1538
f 1527 	1526 	1552
f 1666 	1667 	1530
f 1292 	2012 	1048
f 1538 	1551 	1539
f 1647 	1666 	1530
f 1539 	1552 	1526
f 1595 	1548 	1537
f 1290 	1187 	1663
f 1662 	1663 	1187
f 1290 	1553 	1187
f 1187 	1553 	959
f 1535 	1533 	1555
f 1540 	1555 	1533
f 1530 	1517 	1560
f 1540 	1530 	1560
f 918 	927 	1187
f 1557 	1556 	1563
f 5289 	1267 	1519
f 1556 	1562 	1563
f 1560 	1297 	1540
f 1553 	1293 	959
f 1520 	1543 	1542
f 1292 	959 	1293
f 1292 	1048 	959
f 1517 	1515 	1560
f 1516 	1514 	1544
f 1545 	2050 	1544
f 1561 	1556 	1554
f 1561 	1562 	1556
f 1545 	1514 	1546
f 1647 	1588 	1666
f 1567 	2049 	1565
f 1565 	1516 	1567
f 1570 	1564 	1566
f 1524 	1569 	1862
f 1570 	1566 	1572
f 1542 	1543 	1573
f 1568 	1416 	1579
f 1573 	1543 	1571
f 1546 	1233 	1571
f 1577 	1578 	2096
f 1576 	2096 	1578
f 1562 	1568 	1579
f 1571 	1233 	1573
f 1289 	1935 	1576
f 1572 	1574 	1598
f 7455 	1574 	1566
f 1523 	1542 	1233
f 1573 	1233 	1542
f 1578 	1577 	1580
f 1572 	1566 	1574
f 1568 	1562 	1561
f 1570 	1572 	1583
f 1579 	1582 	1562
f 1584 	1585 	1581
f 1577 	1581 	1585
f 1586 	1552 	1551
f 1527 	1552 	1528
f 1586 	1528 	1552
f 1562 	1582 	1563
f 1747 	1589 	1581
f 2253 	1588 	1587
f 1590 	3646 	964
f 3648 	3649 	1591
f 1570 	1583 	1632
f 1494 	1489 	880
f 1493 	880 	1489
f 1423 	1582 	1579
f 1577 	1585 	1580
f 1588 	1647 	1535
f 1580 	1291 	1578
f 1576 	1578 	1291
f 1735 	1291 	1580
f 1288 	1289 	1291
f 1555 	1587 	1535
f 1594 	1590 	1593
f 1595 	1591 	1594
f 1590 	964 	1593
f 1534 	1593 	964
f 1590 	1594 	1591
f 1576 	1291 	1289
f 1588 	1535 	1587
f 1537 	1591 	1595
f 1578 	4683 	1576
f 1518 	1416 	1568
f 1585 	1584 	1580
f 1735 	1580 	1584
f 1020 	2017 	1021
f 1021 	2017 	1593
f 1534 	1021 	1593
f 1735 	1584 	1589
f 905 	1493 	886
f 1485 	886 	1493
f 1493 	905 	1177
f 1596 	642 	872
f 1488 	642 	1596
f 1416 	1421 	1579
f 1572 	1598 	1583
f 1576 	4683 	1289
f 1578 	1580 	4683
f 1589 	4683 	1584
f 621 	620 	1597
f 670 	621 	1597
f 929 	916 	1709
f 624 	623 	1599
f 674 	632 	1600
f 1483 	1600 	632
f 1428 	1494 	880
f 1421 	1423 	1579
f 1596 	1492 	1491
f 1596 	1491 	1494
f 880 	1488 	1494
f 893 	1488 	880
f 1596 	1494 	1488
f 892 	895 	1479
f 892 	1479 	1482
f 1428 	1180 	1494
f 880 	1494 	1180
f 1580 	1644 	1585
f 1574 	1592 	1624
f 1603 	1458 	1604
f 938 	1604 	1458
f 936 	1704 	938
f 1267 	1291 	1735
f 1479 	1476 	1709
f 1479 	1709 	916
f 929 	1770 	961
f 1482 	968 	1711
f 916 	915 	1482
f 916 	1482 	1479
f 120 	1603 	1604
f 1574 	1624 	1598
f 1556 	1620 	1554
f 1558 	815 	819
f 1558 	819 	1605
f 1620 	1646 	1554
f 1223 	1207 	1302
f 1209 	1195 	1207
f 1195 	1302 	1207
f 1583 	1598 	1634
f 1606 	1223 	1302
f 1605 	819 	1618
f 1541 	1605 	1618
f 1610 	1611 	1609
f 1606 	1615 	1608
f 1608 	1615 	1609
f 1616 	1609 	1615
f 1555 	1609 	1616
f 1525 	1558 	1605
f 1610 	1609 	1555
f 409 	1614 	1613
f 1606 	1619 	1615
f 1623 	4592 	1616
f 1616 	1621 	1623
f 1607 	1622 	1612
f 1619 	1625 	1615
f 1625 	1626 	1615
f 1616 	1615 	1626
f 1620 	1622 	1607
f 1627 	1616 	1626
f 1988 	1624 	1592
f 1622 	1629 	1612
f 1613 	1226 	409
f 404 	409 	1226
f 1988 	937 	1637
f 1622 	1699 	1629
f 1612 	1629 	1617
f 1637 	1624 	1988
f 1154 	1159 	1630
f 1631 	1630 	1159
f 1631 	1159 	1613
f 1226 	1613 	1159
f 1556 	1557 	1620
f 1621 	1616 	1635
f 1525 	1605 	1541
f 1620 	1557 	1622
f 1616 	1627 	1635
f 1618 	1636 	1541
f 1622 	1557 	1699
f 4150 	1635 	1627
f 1547 	1541 	1636
f 1598 	1637 	1634
f 1606 	1302 	1619
f 1638 	1619 	1639
f 1624 	1637 	1598
f 1201 	1619 	1302
f 1625 	1619 	1638
f 1625 	4152 	1626
f 1627 	1626 	4150
f 4153 	4150 	1626
f 1636 	1618 	1641
f 1633 	1638 	1639
f 1639 	1619 	1201
f 1576 	1462 	1578
f 1637 	937 	1027
f 1233 	1228 	1523
f 1201 	1633 	1639
f 1576 	1289 	1462
f 1580 	1578 	1644
f 1462 	1644 	1578
f 1632 	1583 	1649
f 1611 	1610 	1209
f 1583 	1656 	1649
f 1366 	1611 	1209
f 1195 	1209 	1610
f 1645 	1646 	1642
f 1653 	1654 	1649
f 1511 	1644 	1462
f 1650 	1671 	5774
f 1656 	1583 	1634
f 1668 	1569 	1648
f 1280 	1559 	1644
f 1645 	1642 	1640
f 1607 	1642 	1646
f 1569 	1530 	1648
f 1607 	1646 	1620
f 1530 	1667 	1648
f 1667 	1668 	1648
f 1686 	1554 	1646
f 1670 	5774 	1671
f 1632 	1649 	1654
f 1652 	1632 	1654
f 1362 	1650 	1354
f 1653 	1649 	1655
f 1641 	1628 	1651
f 1362 	1671 	1650
f 1649 	1656 	1657
f 1658 	1656 	1634
f 1650 	5629 	1330
f 1661 	1658 	1634
f 1651 	1628 	1664
f 1649 	1657 	1655
f 1643 	1650 	1330
f 1555 	1195 	1610
f 1634 	1637 	1661
f 1661 	1637 	1662
f 1355 	1354 	1650
f 1355 	1650 	1643
f 1637 	1027 	1663
f 1663 	1662 	1637
f 1643 	1357 	1355
f 1187 	1665 	1655
f 1655 	1657 	1187
f 1653 	1655 	1665
f 1654 	1653 	1665
f 1657 	1656 	1187
f 1656 	1658 	1187
f 1658 	1661 	1187
f 1554 	1686 	1660
f 1662 	1187 	1661
f 1554 	1660 	1561
f 1687 	1690 	1667
f 6463 	2066 	1362
f 1669 	1660 	1659
f 1669 	1672 	1660
f 1672 	1568 	1561
f 1652 	1654 	1665
f 1660 	1672 	1561
f 1187 	927 	1665
f 2066 	2036 	1362
f 1506 	1513 	1669
f 1667 	1674 	1668
f 2036 	2033 	1362
f 1667 	1690 	1674
f 2338 	2339 	959
f 1513 	1672 	1669
f 4842 	1628 	1641
f 1674 	1696 	1668
f 1518 	1568 	1672
f 1727 	741 	746
f 1687 	1667 	1666
f 1676 	799 	1502
f 1679 	1504 	1713
f 1676 	1502 	1679
f 1678 	1557 	1563
f 1684 	2083 	1683
f 1678 	1691 	1681
f 1563 	1582 	1688
f 1645 	1680 	1686
f 1682 	1689 	1695
f 1688 	1678 	1563
f 2337 	1690 	1687
f 1688 	1691 	1678
f 1684 	2090 	1685
f 1685 	2099 	2086
f 1693 	1694 	1677
f 1692 	2344 	1696
f 1582 	1423 	783
f 1718 	1682 	1695
f 783 	1688 	1582
f 2022 	2066 	6463
f 1697 	1689 	1484
f 1688 	785 	1691
f 783 	785 	1688
f 1693 	1677 	1675
f 785 	788 	1691
f 1694 	1680 	1677
f 1064 	845 	1061
f 1906 	1120 	845
f 226 	1869 	6445
f 1702 	1703 	845
f 1694 	1659 	1680
f 1689 	1697 	1698
f 1659 	1660 	1686
f 1698 	1695 	1689
f 1680 	1659 	1686
f 1674 	1690 	1696
f 1702 	845 	1701
f 1696 	1690 	1692
f 122 	120 	1604
f 122 	1604 	1704
f 1629 	1699 	1700
f 2308 	1706 	1693
f 1700 	1707 	1741
f 1486 	1470 	1676
f 1243 	1759 	936
f 1604 	938 	1704
f 1706 	1708 	1694
f 1697 	1486 	1676
f 1697 	1679 	1698
f 1710 	929 	1709
f 1600 	1483 	1711
f 1697 	1676 	1679
f 1701 	1875 	1702
f 1596 	872 	693
f 1703 	1702 	1705
f 1703 	1705 	1906
f 1492 	1596 	1171
f 1698 	1679 	1713
f 1706 	1694 	1693
f 1557 	1678 	1699
f 1659 	1694 	1708
f 1678 	1681 	1699
f 1901 	6469 	1116
f 1708 	1669 	1659
f 1963 	1964 	6469
f 1699 	1681 	1700
f 1700 	1715 	1707
f 1717 	6469 	1716
f 1973 	1981 	6504
f 682 	683 	1719
f 683 	1722 	1719
f 1506 	1669 	1708
f 1681 	1715 	1700
f 1715 	1720 	1707
f 1834 	6785 	1833
f 1719 	1714 	682
f 1830 	1833 	6785
f 1644 	1511 	1280
f 1722 	1231 	1719
f 1707 	1720 	1712
f 1584 	1585 	1726
f 1780 	1747 	1726
f 1585 	1644 	1726
f 1723 	1725 	1721
f 1681 	1724 	1715
f 1725 	1640 	1721
f 1584 	1726 	1589
f 1725 	1645 	1640
f 1691 	1724 	1681
f 1724 	1727 	1715
f 1644 	1728 	1726
f 1675 	1677 	1723
f 1677 	1680 	1725
f 1726 	1728 	1780
f 788 	741 	1724
f 1725 	1723 	1677
f 1489 	1722 	688
f 1724 	741 	1727
f 1645 	1725 	1680
f 1715 	1727 	1720
f 1167 	1231 	1722
f 1686 	1646 	1645
f 1171 	1722 	1492
f 1489 	1492 	1722
f 1720 	1727 	1769
f 670 	1597 	1599
f 670 	1599 	672
f 1584 	1581 	1589
f 674 	1600 	693
f 674 	693 	679
f 1691 	788 	1724
f 672 	674 	1600
f 672 	1600 	1599
f 1710 	1709 	1603
f 1710 	1603 	1731
f 1745 	1746 	1729
f 693 	1600 	1711
f 1581 	1730 	1747
f 1711 	1710 	1709
f 1599 	1600 	1709
f 1711 	1709 	1600
f 124 	817 	1732
f 125 	124 	1732
f 125 	1732 	1733
f 1760 	1763 	1729
f 125 	1733 	1734
f 1729 	1763 	1737
f 817 	1254 	1732
f 816 	1281 	817
f 851 	1281 	816
f 817 	821 	1732
f 817 	1732 	1738
f 817 	1738 	822
f 821 	824 	1738
f 821 	1738 	1732
f 1741 	1736 	1617
f 1739 	4303 	1742
f 1617 	1629 	1741
f 825 	672 	1738
f 824 	825 	1738
f 672 	1599 	1743
f 1743 	1738 	672
f 6774 	1841 	6631
f 1742 	6631 	1739
f 1741 	1744 	1736
f 674 	828 	1600
f 845 	427 	828
f 1599 	1597 	1734
f 1599 	1734 	1743
f 1748 	1747 	1730
f 1734 	1603 	125
f 120 	125 	1603
f 1739 	1742 	1853
f 1749 	1853 	1742
f 4303 	4306 	1752
f 1742 	4303 	1752
f 1730 	2131 	1754
f 1732 	1254 	1733
f 1700 	1741 	1629
f 1734 	1597 	1603
f 1730 	1754 	1748
f 1762 	7039 	1765
f 1734 	1603 	1709
f 1734 	1709 	1743
f 1764 	7039 	1768
f 1589 	1747 	1735
f 1747 	1748 	1735
f 1743 	1709 	526
f 822 	536 	832
f 1745 	1607 	1612
f 1748 	1754 	1735
f 1754 	1753 	1735
f 427 	548 	828
f 548 	550 	828
f 1741 	1707 	1744
f 1745 	1612 	1746
f 122 	1704 	1731
f 122 	1731 	157
f 1753 	1751 	1735
f 1750 	1755 	1752
f 1707 	1712 	1744
f 1731 	1704 	1757
f 1756 	1757 	1704
f 1601 	1742 	1752
f 1750 	1601 	1752
f 1754 	4683 	1748
f 1748 	4683 	1747
f 1747 	4683 	1589
f 1274 	1759 	1243
f 1756 	1704 	1759
f 1704 	936 	1759
f 1755 	1749 	1752
f 1742 	1752 	1749
f 1746 	1760 	1729
f 1751 	4683 	1753
f 1766 	1710 	1767
f 1584 	4683 	1585
f 1766 	1770 	929
f 962 	961 	1770
f 1710 	1766 	929
f 1245 	962 	1770
f 1272 	1275 	1776
f 1750 	1762 	1601
f 1762 	1765 	1601
f 1711 	968 	1771
f 1269 	1771 	967
f 1759 	1770 	1766
f 1759 	1766 	1756
f 1763 	2654 	1737
f 1755 	1750 	1772
f 1750 	1762 	1772
f 1765 	1772 	1762
f 1769 	1774 	1758
f 1757 	1756 	1773
f 1757 	1773 	1775
f 1759 	1274 	1773
f 1769 	877 	1774
f 1752 	1742 	7114
f 746 	877 	1769
f 1321 	1773 	1273
f 1274 	1273 	1773
f 1338 	1773 	1321
f 1772 	1813 	1755
f 1758 	1774 	1761
f 1756 	1766 	1776
f 1756 	1776 	1773
f 1759 	1773 	1776
f 1759 	1776 	1770
f 1774 	2309 	1761
f 1767 	1777 	1776
f 1767 	1776 	1766
f 1585 	4683 	1580
f 1328 	1272 	1776
f 1769 	1727 	746
f 1617 	1760 	1746
f 1612 	1617 	1746
f 1735 	2830 	1519
f 1269 	1343 	1771
f 2415 	2923 	2416
f 1768 	2725 	1764
f 1617 	1736 	1760
f 693 	3100 	1596
f 7039 	7040 	1768
f 6504 	6469 	1964
f 1589 	1726 	1747
f 1763 	2666 	2654
f 1747 	1780 	1748
f 1748 	1780 	1754
f 1964 	1973 	6504
f 2236 	1696 	1575
f 1754 	1790 	1753
f 6508 	370 	6445
f 1378 	1785 	1380
f 1365 	1380 	1785
f 1786 	1611 	1366
f 1754 	1780 	1790
f 7419 	7319 	1787
f 1210 	1215 	1787
f 1873 	845 	1869
f 1215 	1217 	1787
f 1217 	1189 	1787
f 1779 	7040 	1791
f 1798 	1791 	7042
f 1788 	1793 	1782
f 1223 	2239 	1221
f 1729 	1793 	1794
f 1796 	1378 	7420
f 1602 	1768 	1779
f 1794 	1745 	1729
f 1602 	1779 	1791
f 7420 	7419 	1796
f 1789 	1796 	1787
f 1789 	1792 	1799
f 1795 	1366 	1365
f 1795 	1365 	1785
f 1642 	1607 	1745
f 1718 	1695 	1797
f 1642 	1745 	1794
f 7040 	7042 	1791
f 1796 	1789 	1799
f 1800 	1796 	1799
f 7042 	1801 	1798
f 1729 	1782 	1793
f 1378 	1796 	1785
f 1796 	1802 	1785
f 1800 	1802 	1796
f 1795 	1785 	1802
f 1804 	1695 	1698
f 1640 	1793 	1721
f 1798 	1801 	1602
f 1804 	1797 	1695
f 1794 	1793 	1640
f 1801 	4569 	655
f 1640 	1642 	1794
f 1804 	1962 	1797
f 1713 	1804 	1698
f 1739 	7114 	1742
f 1752 	7114 	1750
f 1765 	1762 	7114
f 1764 	1765 	7114
f 1810 	1808 	1807
f 1779 	1768 	7114
f 1764 	7114 	1768
f 1779 	7114 	1791
f 1383 	1809 	1806
f 1852 	1853 	1815
f 1755 	1813 	1749
f 1813 	1814 	1749
f 1809 	1862 	1859
f 1811 	1737 	1816
f 1737 	1811 	1729
f 2348 	1812 	2349
f 1816 	1820 	1810
f 1805 	1821 	1803
f 1820 	1822 	1810
f 1805 	1806 	1821
f 1682 	2393 	1477
f 1819 	1586 	1818
f 2393 	1682 	1718
f 1689 	1682 	1477
f 1810 	1822 	1808
f 1817 	1818 	2845
f 1818 	1819 	2845
f 1826 	4506 	1827
f 1782 	1729 	1811
f 1830 	4507 	1833
f 6785 	6784 	1826
f 6785 	1826 	1827
f 1826 	1905 	1819
f 1827 	1905 	1826
f 1806 	1809 	1821
f 1831 	1828 	1529
f 2176 	1850 	1824
f 2176 	1824 	1821
f 1841 	1839 	4303
f 1525 	1837 	1831
f 1824 	1803 	1821
f 1820 	2685 	1822
f 1834 	1833 	1832
f 1525 	1831 	1529
f 1828 	1505 	1529
f 1828 	1831 	1825
f 1825 	1831 	1829
f 1827 	1830 	6785
f 1830 	1833 	1852
f 1833 	1832 	1852
f 1836 	1407 	1398
f 1837 	1829 	1831
f 1840 	1838 	1823
f 1823 	1824 	1840
f 1832 	1839 	1834
f 1839 	1841 	1834
f 1837 	1547 	1842
f 1714 	1719 	1405
f 6774 	1834 	1841
f 1832 	1839 	1852
f 1852 	1839 	1853
f 1841 	1853 	1839
f 1840 	1843 	1838
f 1405 	1836 	1714
f 1833 	7114 	1832
f 1405 	1407 	1836
f 1739 	6631 	1740
f 1719 	1231 	1405
f 157 	1731 	1757
f 1636 	1845 	1842
f 1847 	1947 	1846
f 1731 	1757 	1767
f 1731 	1767 	1710
f 1740 	6631 	1841
f 1771 	1778 	693
f 1711 	1771 	693
f 1710 	1711 	1771
f 1710 	1771 	1767
f 1740 	1739 	1853
f 1841 	1740 	1853
f 1775 	157 	1757
f 1777 	1767 	1757
f 1777 	1757 	1775
f 1778 	1777 	1767
f 1778 	1767 	1771
f 1842 	1547 	1636
f 7114 	1818 	1817
f 1734 	1254 	1603
f 1850 	1851 	1840
f 1851 	1850 	1835
f 1818 	7114 	1819
f 1826 	7114 	1827
f 1731 	1250 	1757
f 1733 	1254 	1734
f 1830 	7114 	1833
f 1839 	1832 	7114
f 1849 	1871 	1865
f 1710 	526 	1709
f 1738 	1743 	526
f 1271 	526 	1710
f 1839 	7114 	1841
f 1739 	1740 	7114
f 1841 	7114 	1740
f 1854 	1855 	1600
f 546 	1854 	1600
f 1904 	1830 	1852
f 1827 	1830 	1904
f 1711 	1600 	1855
f 1824 	1850 	1840
f 1849 	1874 	1871
f 1835 	2600 	1851
f 1855 	1860 	1711
f 1860 	1890 	1711
f 1641 	1845 	1636
f 1856 	1852 	1815
f 1857 	1852 	1856
f 1858 	1852 	1857
f 1858 	1915 	1852
f 1814 	1815 	1853
f 1749 	1814 	1853
f 1890 	1891 	1711
f 1821 	1809 	1859
f 1641 	1912 	1845
f 1847 	1846 	3790
f 1847 	3790 	1848
f 2840 	1858 	1857
f 1845 	1912 	1844
f 1846 	1899 	1847
f 1854 	552 	1855
f 1826 	1819 	4506
f 1818 	4622 	1819
f 1861 	1855 	552
f 546 	552 	1854
f 1864 	1947 	1866
f 1866 	1947 	1865
f 1868 	1835 	1867
f 845 	6445 	1869
f 1860 	1855 	1861
f 1701 	845 	1873
f 1860 	1861 	1890
f 1717 	1716 	1875
f 1705 	1875 	1716
f 1651 	1872 	1916
f 1651 	1664 	1872
f 1705 	1702 	1875
f 1253 	1731 	1254
f 1866 	1865 	3790
f 1864 	1866 	3790
f 1846 	1864 	3790
f 1877 	1879 	1807
f 1871 	1874 	3790
f 1865 	1871 	3790
f 1300 	1757 	1250
f 1879 	1880 	1807
f 1901 	1705 	1716
f 1899 	1846 	1864
f 1866 	1899 	1864
f 1880 	1810 	1807
f 1872 	1881 	1878
f 1875 	1783 	1717
f 1784 	1783 	1882
f 1783 	1875 	1882
f 1874 	1876 	3790
f 1291 	3790 	1876
f 1865 	1871 	1899
f 1883 	1884 	1879
f 1872 	1664 	1881
f 1876 	1337 	1291
f 1271 	1710 	1270
f 1888 	1270 	1710
f 226 	1882 	1869
f 1883 	1879 	1877
f 1866 	1865 	1899
f 1874 	1899 	1871
f 1876 	1899 	1874
f 1888 	1710 	1885
f 1884 	1886 	1879
f 1875 	1869 	1882
f 1886 	1887 	1880
f 1847 	4424 	1846
f 1847 	1848 	4424
f 1873 	1869 	1875
f 1878 	1881 	1889
f 1886 	1880 	1879
f 1865 	1866 	4424
f 1875 	1701 	1873
f 1880 	1887 	1811
f 1881 	1894 	1889
f 1891 	1895 	1711
f 227 	370 	1882
f 1871 	1865 	3971
f 1442 	1874 	3971
f 1871 	3971 	1874
f 1811 	1816 	1880
f 1874 	1442 	1876
f 1880 	1816 	1810
f 1771 	1711 	1895
f 1507 	1514 	2053
f 1771 	1895 	1893
f 1886 	1884 	1956
f 1900 	1152 	1896
f 1901 	1116 	1900
f 1781 	1886 	1956
f 1888 	1885 	1897
f 1892 	1933 	1935
f 1887 	1886 	1781
f 1927 	1933 	1892
f 1270 	1897 	1861
f 1781 	1782 	1887
f 1285 	1286 	1935
f 1892 	1935 	1287
f 1890 	1861 	1891
f 1897 	1891 	1861
f 1811 	1887 	1782
f 1897 	1895 	1891
f 1716 	6469 	1901
f 1152 	1900 	1116
f 1966 	1921 	1781
f 1270 	1888 	1897
f 1956 	1966 	1781
f 1161 	1162 	1907
f 1893 	1895 	1897
f 1336 	1337 	1892
f 1937 	1910 	1771
f 1910 	1911 	1771
f 1908 	2939 	1778
f 1284 	1336 	1892
f 4506 	4507 	1827
f 1778 	1771 	1911
f 1904 	1905 	1827
f 2845 	1819 	1905
f 1909 	1161 	1907
f 1876 	1892 	1337
f 1287 	1284 	1892
f 1157 	1228 	1909
f 1911 	1913 	1778
f 1913 	1908 	1778
f 1899 	1284 	1287
f 1849 	1892 	1876
f 1874 	1849 	1876
f 1337 	1336 	1291
f 1911 	1943 	1914
f 1905 	1904 	1915
f 1904 	1852 	1915
f 1912 	1641 	1651
f 1876 	1337 	1899
f 1337 	1336 	1899
f 1912 	1651 	1916
f 1442 	1337 	1876
f 1917 	1903 	2296
f 1913 	1914 	1908
f 1912 	1916 	3896
f 1917 	1675 	1903
f 1913 	1911 	1914
f 1917 	1693 	1675
f 1300 	1299 	1757
f 3901 	1872 	1878
f 1930 	1931 	1777
f 1896 	2053 	1920
f 1901 	1900 	1705
f 1920 	1705 	1900
f 3901 	1878 	1922
f 1921 	1923 	1781
f 1923 	1788 	1782
f 1922 	1878 	1889
f 1923 	1929 	1788
f 1920 	1900 	1896
f 1923 	1782 	1781
f 1767 	1777 	1931
f 1892 	1849 	1918
f 1157 	1920 	1520
f 1922 	1889 	1926
f 1906 	1705 	1907
f 1924 	1928 	1921
f 1928 	1929 	1923
f 1919 	1927 	1918
f 1920 	1907 	1705
f 1936 	1767 	1931
f 1909 	1907 	1920
f 1926 	1889 	1934
f 1909 	1920 	1157
f 1892 	1918 	1927
f 1885 	1710 	1767
f 1932 	1922 	1926
f 1928 	1923 	1921
f 1721 	1788 	1929
f 1889 	1898 	1934
f 1723 	1721 	1929
f 1885 	1767 	1936
f 1926 	1934 	3925
f 1937 	1771 	1893
f 1932 	1926 	3925
f 1721 	1793 	1788
f 1938 	1924 	2021
f 1938 	1940 	1928
f 1289 	1288 	1935
f 1713 	1505 	1942
f 1938 	1903 	1940
f 1931 	1930 	1943
f 1943 	1930 	1914
f 1938 	1928 	1924
f 1942 	1505 	1828
f 1723 	1929 	1940
f 1939 	1828 	1825
f 1942 	1828 	1939
f 1940 	1929 	1928
f 1914 	1930 	1925
f 1902 	1903 	1938
f 1885 	1936 	1897
f 1943 	1897 	1936
f 1902 	1938 	2021
f 1940 	1903 	1675
f 1943 	1936 	1931
f 1675 	1723 	1940
f 1893 	1897 	1937
f 1944 	1946 	1947
f 1943 	1937 	1897
f 1718 	1949 	1945
f 1910 	1937 	1943
f 1945 	1949 	1948
f 1911 	1910 	1943
f 1949 	1718 	1797
f 1864 	1846 	1947
f 1944 	1947 	1847
f 1950 	1884 	1883
f 3737 	3739 	1955
f 1953 	1955 	3739
f 1950 	1956 	1884
f 1947 	1946 	1954
f 2023 	6463 	2024
f 1957 	1960 	1951
f 1965 	1967 	1957
f 1959 	1961 	1956
f 1849 	1865 	1947
f 1957 	1967 	1960
f 1962 	1949 	1797
f 1982 	1978 	6504
f 1918 	1849 	1947
f 1848 	1944 	1847
f 1959 	1956 	1950
f 6532 	6504 	1978
f 1947 	1954 	1918
f 1961 	1966 	1956
f 1949 	1962 	1958
f 1978 	1975 	6532
f 1957 	2633 	1965
f 1966 	1924 	1921
f 1958 	1948 	1949
f 1919 	1954 	1946
f 1919 	1918 	1954
f 1969 	1970 	1959
f 1970 	1961 	1959
f 1868 	1867 	1870
f 6882 	6855 	6885
f 1970 	1971 	1961
f 1971 	1924 	1966
f 1835 	1850 	1867
f 6885 	6855 	1975
f 1971 	1966 	1961
f 6855 	6532 	1975
f 1965 	1976 	1967
f 1979 	1980 	1970
f 1974 	1976 	1965
f 1982 	6504 	1981
f 1976 	2085 	1967
f 1964 	1963 	1983
f 1963 	1882 	1983
f 1968 	1859 	1863
f 864 	682 	1976
f 1969 	1979 	1970
f 369 	1983 	370
f 1447 	1448 	2496
f 1448 	1952 	2496
f 1882 	1963 	1784
f 4098 	1958 	1939
f 1983 	1973 	1964
f 1804 	1713 	1942
f 1975 	1978 	395
f 2007 	1995 	395
f 1974 	864 	1976
f 861 	864 	1974
f 1882 	370 	1983
f 372 	1982 	1981
f 1982 	397 	1978
f 1953 	1952 	1984
f 682 	1714 	2085
f 1983 	372 	1973
f 1981 	1973 	372
f 369 	372 	1983
f 4721 	1984 	1952
f 1448 	4721 	1952
f 1448 	475 	1952
f 2001 	1999 	6885
f 1985 	287 	286
f 1985 	286 	1988
f 1992 	1480 	3905
f 1480 	1478 	3905
f 3904 	3905 	1478
f 2260 	2259 	1999
f 1993 	1994 	3737
f 1991 	3737 	1994
f 2010 	1977 	1972
f 3737 	1955 	1993
f 1975 	1995 	6885
f 1995 	1996 	6885
f 2039 	1994 	1984
f 1993 	1984 	1994
f 1955 	1984 	1993
f 1997 	2001 	6885
f 475 	477 	1955
f 1028 	1032 	1994
f 1955 	1993 	1032
f 1034 	1952 	1032
f 2268 	2260 	2438
f 1991 	1994 	2000
f 1992 	1991 	2000
f 2039 	2000 	1994
f 1998 	2010 	1972
f 1994 	476 	1991
f 384 	6886 	383
f 286 	2002 	1988
f 2005 	6886 	2006
f 2003 	1919 	1977
f 1480 	2000 	1478
f 2051 	1478 	2000
f 1992 	2000 	1480
f 383 	6886 	2004
f 1975 	395 	1995
f 2007 	2008 	1996
f 2007 	1996 	1995
f 1480 	1028 	1992
f 1998 	2154 	2159
f 1991 	1028 	1994
f 1996 	2008 	1997
f 1955 	1032 	1953
f 1953 	1032 	1952
f 2009 	1999 	2001
f 2003 	1927 	1919
f 1037 	1447 	1034
f 2008 	2009 	2001
f 2008 	2001 	1997
f 2010 	1998 	2159
f 395 	410 	2007
f 2007 	410 	383
f 2002 	2012 	1988
f 2004 	2008 	383
f 2007 	383 	2008
f 1927 	2011 	1933
f 2009 	2008 	2005
f 2004 	2005 	2008
f 2003 	1977 	2010
f 2003 	2010 	2011
f 2003 	2011 	1927
f 1292 	1293 	2012
f 2005 	2006 	2009
f 937 	1988 	2012
f 937 	2012 	1027
f 996 	2017 	1020
f 286 	2018 	2002
f 3417 	2015 	1946
f 286 	437 	2018
f 1980 	1971 	1970
f 2012 	2002 	2018
f 2019 	2032 	2016
f 1804 	1942 	1962
f 1962 	1939 	1958
f 1962 	1942 	1939
f 2022 	2023 	2014
f 2024 	2025 	2016
f 2016 	2014 	2024
f 2023 	2024 	2014
f 2026 	1934 	1898
f 2025 	2019 	2016
f 2024 	6463 	2025
f 1968 	1863 	1575
f 2021 	1971 	1980
f 1924 	1971 	2021
f 2025 	6879 	2019
f 1979 	2287 	1980
f 1821 	1859 	2176
f 1569 	1859 	1862
f 2032 	2019 	2257
f 2254 	2257 	2019
f 1863 	1859 	1569
f 2029 	1984 	2030
f 2030 	1984 	2028
f 2028 	1984 	2027
f 2031 	2032 	2257
f 2029 	578 	2030
f 2030 	578 	2028
f 1569 	1668 	1863
f 2236 	1863 	1668
f 2069 	2119 	2036
f 2018 	437 	541
f 2038 	3472 	2041
f 1047 	1048 	2012
f 2018 	1047 	2012
f 2043 	2035 	2097
f 1362 	1354 	6463
f 2040 	2114 	1673
f 1671 	1362 	2040
f 1047 	2018 	1170
f 1673 	1670 	2040
f 2050 	1514 	2049
f 2097 	2100 	2043
f 2018 	2044 	2266
f 2029 	2037 	1984
f 2039 	1984 	2037
f 2043 	2100 	2046
f 2029 	2037 	3004
f 2039 	3004 	2037
f 1683 	2047 	1516
f 2049 	1516 	2047
f 2030 	7114 	2029
f 1152 	1507 	1896
f 2041 	2000 	2038
f 2000 	2039 	2038
f 2039 	2038 	3004
f 2052 	3472 	2051
f 2041 	3472 	2052
f 2050 	2053 	1514
f 1896 	1507 	2053
f 2581 	2042 	2062
f 2049 	1544 	2050
f 1985 	1988 	1592
f 2052 	2051 	2000
f 2018 	2054 	2044
f 2053 	2050 	1543
f 2000 	2041 	2052
f 2018 	541 	2054
f 1567 	1544 	2049
f 1989 	4069 	1990
f 2054 	2055 	2044
f 2044 	2055 	2045
f 2055 	2054 	541
f 2057 	3911 	2059
f 541 	551 	2055
f 2047 	1565 	2049
f 2062 	2042 	2061
f 1543 	1920 	2053
f 1543 	1520 	1920
f 3011 	1951 	2060
f 2015 	2020 	2070
f 2026 	2064 	2063
f 2060 	2073 	2065
f 1960 	2073 	2060
f 2066 	2069 	2036
f 2015 	2070 	2074
f 2015 	2074 	1946
f 2064 	2068 	2063
f 1951 	1960 	2060
f 2069 	2066 	2022
f 2022 	2014 	2069
f 2068 	2077 	2072
f 2073 	2075 	2065
f 2068 	2071 	2077
f 2078 	2073 	1960
f 1670 	1671 	2040
f 2065 	2075 	2067
f 2110 	5813 	2112
f 5813 	1673 	2114
f 1960 	1967 	2078
f 2074 	1919 	1946
f 2078 	2079 	2073
f 2082 	2083 	1685
f 1684 	1685 	2083
f 2070 	2020 	2080
f 2083 	2084 	1683
f 2081 	1934 	2026
f 2073 	2079 	2075
f 2076 	2080 	2020
f 2047 	1683 	2084
f 2081 	2026 	2088
f 1967 	2085 	2078
f 1685 	2086 	2082
f 2079 	2078 	2087
f 2074 	2070 	2080
f 2088 	2026 	2063
f 2085 	2087 	2078
f 1972 	1977 	2076
f 2082 	2101 	2083
f 2089 	2083 	2090
f 2020 	1972 	2076
f 2083 	2092 	2084
f 2089 	2092 	2083
f 2091 	2084 	2092
f 2080 	2076 	1977
f 2094 	2063 	2068
f 1976 	682 	2085
f 1919 	2074 	2080
f 2091 	1565 	2084
f 2047 	2084 	1565
f 2092 	2089 	1683
f 1683 	2089 	1684
f 2103 	2094 	2068
f 2090 	1684 	2089
f 2085 	1714 	2087
f 2080 	1977 	1919
f 2169 	2093 	1933
f 1714 	1836 	2087
f 2090 	2083 	2101
f 1933 	2011 	2169
f 2063 	2094 	2088
f 1935 	2093 	2096
f 2072 	2103 	2068
f 1531 	2043 	2046
f 1683 	2091 	2092
f 1935 	1933 	2093
f 2091 	1683 	1565
f 2101 	2082 	2099
f 2099 	1685 	2101
f 2101 	1685 	2090
f 2098 	2086 	2099
f 2072 	2545 	2103
f 2105 	2046 	2100
f 2046 	2105 	1472
f 2105 	1487 	1472
f 2096 	1576 	1935
f 1303 	1261 	2097
f 1581 	2096 	2093
f 2093 	2102 	2106
f 1261 	1262 	2100
f 2545 	4247 	2103
f 1363 	1371 	1372
f 1363 	1372 	1368
f 2100 	2097 	1261
f 1581 	2093 	2106
f 1262 	827 	2105
f 138 	1371 	137
f 2105 	2100 	1262
f 2096 	1581 	1577
f 2105 	827 	1487
f 143 	1371 	138
f 2034 	2033 	2104
f 2109 	1506 	1708
f 2034 	2104 	2040
f 2107 	2040 	2104
f 4683 	1899 	1286
f 2109 	1708 	1706
f 2114 	2107 	2112
f 2114 	2040 	2107
f 2106 	2102 	2111
f 2113 	2109 	2108
f 2115 	203 	680
f 2112 	5813 	2114
f 2116 	2106 	2111
f 2109 	2113 	2117
f 2117 	1506 	2109
f 2120 	2061 	2042
f 2056 	2058 	1469
f 2111 	2131 	2116
f 1424 	1469 	2058
f 2124 	2125 	2117
f 2056 	2061 	2051
f 2058 	2061 	2056
f 2062 	2061 	2058
f 2051 	2061 	2120
f 2062 	2061 	2120
f 2120 	2362 	2062
f 2052 	7114 	2051
f 1581 	2106 	2116
f 2126 	2190 	2127
f 2079 	2129 	2095
f 2087 	2129 	2079
f 2111 	2132 	2131
f 2129 	2130 	2095
f 2119 	2122 	2121
f 1581 	2116 	1730
f 2057 	2059 	1424
f 2014 	2016 	2119
f 2058 	2057 	1424
f 2119 	2126 	2123
f 2145 	1424 	2059
f 2095 	2130 	2128
f 2059 	2183 	2057
f 2016 	2126 	2119
f 2130 	4846 	2128
f 2028 	2027 	7114
f 2087 	1836 	2129
f 2037 	2029 	7114
f 2028 	7114 	2030
f 2132 	2909 	2131
f 2038 	2039 	7114
f 2037 	7114 	2039
f 2116 	2131 	1730
f 1836 	1398 	2129
f 2052 	2041 	7114
f 2056 	2051 	7114
f 2038 	7114 	2041
f 2129 	1398 	2130
f 2133 	2134 	2131
f 2134 	2135 	2131
f 2135 	1751 	2131
f 1751 	1753 	2131
f 2057 	2058 	7114
f 2056 	7114 	2058
f 2119 	2123 	2122
f 2132 	2854 	2909
f 2131 	2136 	2133
f 2139 	2062 	2138
f 2061 	2062 	2139
f 2137 	2138 	2062
f 2062 	2183 	2137
f 2119 	2104 	2033
f 2136 	2131 	2140
f 2909 	2140 	2131
f 2033 	2036 	2119
f 2134 	1735 	2135
f 2069 	2014 	2119
f 2061 	2139 	2120
f 2031 	2016 	2032
f 2016 	2031 	2141
f 1735 	2134 	2133
f 2136 	1735 	2133
f 2031 	2147 	2141
f 2126 	2016 	2141
f 2059 	3911 	2145
f 2150 	2145 	3931
f 3045 	4683 	3041
f 2140 	4683 	2136
f 1753 	1754 	2131
f 2146 	2142 	2067
f 1735 	1751 	2135
f 2141 	2148 	2144
f 2067 	2075 	2146
f 2146 	2149 	2142
f 2147 	2148 	2141
f 1753 	4683 	1754
f 2135 	4683 	1751
f 1017 	1424 	2145
f 1751 	1753 	1790
f 2135 	1751 	1790
f 2142 	2149 	2143
f 2134 	2135 	1790
f 2134 	1790 	2133
f 3911 	3931 	2145
f 1790 	2136 	2133
f 2157 	2151 	3932
f 3931 	2151 	2150
f 2075 	2079 	2095
f 2162 	2158 	3933
f 2155 	3932 	2158
f 2136 	4857 	2140
f 2095 	2146 	2075
f 2151 	1018 	2150
f 2150 	1018 	2145
f 2204 	2854 	2132
f 1017 	2145 	1018
f 2186 	2184 	2151
f 2156 	2157 	3932
f 3931 	3932 	2151
f 2124 	2117 	2113
f 2163 	3996 	2165
f 1521 	2125 	1531
f 1019 	2155 	2013
f 2013 	2155 	2158
f 551 	2182 	2055
f 2125 	1521 	2117
f 2193 	2188 	2158
f 2156 	2155 	1019
f 2157 	2156 	1019
f 2055 	2182 	2161
f 2156 	2187 	2157
f 2160 	2173 	2154
f 2035 	2043 	2125
f 1018 	2151 	1019
f 2146 	2128 	2149
f 2157 	1019 	2151
f 2095 	2128 	2146
f 2154 	2173 	2159
f 2124 	2035 	2125
f 2157 	2187 	2151
f 2128 	4840 	2149
f 1531 	2125 	2043
f 2158 	2162 	2013
f 2165 	996 	2163
f 2162 	2163 	2013
f 2010 	2159 	2169
f 2013 	2163 	996
f 2200 	2196 	2165
f 3144 	2200 	2165
f 2155 	7114 	2158
f 3006 	2171 	2168
f 2172 	2035 	2124
f 2171 	2174 	2168
f 2164 	2017 	2165
f 2175 	2177 	2172
f 2164 	3144 	2165
f 1359 	2177 	2175
f 2059 	7114 	2145
f 1867 	1850 	2176
f 2155 	2156 	7114
f 2156 	2157 	7114
f 2157 	2151 	7114
f 2150 	7114 	2151
f 2177 	2035 	2172
f 1968 	1870 	2176
f 2162 	2158 	7114
f 2177 	2097 	2035
f 2176 	1870 	1867
f 7114 	2163 	2162
f 2011 	2010 	2169
f 2351 	2346 	7114
f 2165 	7114 	2164
f 2163 	7114 	2165
f 2167 	2175 	2172
f 2159 	2173 	2178
f 2137 	2183 	2181
f 1859 	1968 	2176
f 2169 	2159 	2178
f 1358 	1359 	2175
f 2169 	2178 	2102
f 2152 	2201 	2153
f 2168 	2174 	2170
f 2203 	2205 	2153
f 2616 	2580 	2183
f 2618 	2613 	2186
f 2183 	2184 	2616
f 2186 	2187 	2618
f 6614 	2206 	2153
f 2169 	2102 	2093
f 2058 	2183 	2062
f 2206 	2209 	2153
f 2209 	2210 	2153
f 2210 	2213 	2153
f 2058 	2057 	2183
f 2184 	2183 	2145
f 2145 	2183 	2059
f 2213 	2215 	2153
f 3011 	2060 	2171
f 2173 	2160 	2185
f 2060 	2065 	2171
f 2150 	2151 	2184
f 2145 	2150 	2184
f 2173 	2185 	2189
f 2205 	6614 	2153
f 2171 	2065 	2174
f 2065 	2067 	2174
f 2156 	2188 	2187
f 2174 	2067 	2220
f 2196 	2188 	3072
f 2107 	2104 	2215
f 2195 	2618 	2187
f 2189 	2185 	2198
f 2186 	2151 	2187
f 2192 	2173 	2189
f 2104 	2118 	2153
f 2189 	2198 	2199
f 2183 	2184 	2181
f 2184 	2186 	2181
f 2180 	2181 	2186
f 2187 	2179 	2186
f 2208 	2191 	2188
f 2188 	2191 	2187
f 2179 	2187 	2191
f 2180 	2186 	2179
f 3305 	3301 	2048
f 2118 	2119 	2153
f 2178 	2111 	2102
f 4066 	3305 	2048
f 2173 	2192 	2178
f 2119 	2118 	2104
f 2215 	2104 	2153
f 2048 	1990 	4066
f 2119 	2121 	2153
f 2111 	2178 	2192
f 2121 	2122 	2153
f 4068 	1990 	4069
f 2122 	2123 	2153
f 2132 	2111 	2192
f 2188 	2193 	2194
f 2188 	2194 	2195
f 2188 	2195 	2187
f 2126 	2127 	2153
f 2192 	2204 	2132
f 2190 	2153 	2127
f 2193 	2196 	2194
f 2196 	2200 	2194
f 2155 	2158 	2188
f 2156 	2155 	2188
f 2158 	2196 	2193
f 2193 	2188 	2196
f 2187 	3072 	2188
f 2123 	2126 	2153
f 2270 	2143 	2197
f 2185 	3058 	2198
f 2142 	2143 	2270
f 2162 	2163 	2196
f 3058 	2199 	2198
f 2158 	2162 	2196
f 2163 	2165 	2196
f 2192 	2189 	2199
f 3072 	2200 	2196
f 2229 	2203 	2153
f 2204 	2192 	2199
f 2208 	2188 	2193
f 2199 	3062 	3073
f 2193 	2196 	2208
f 2199 	3073 	2204
f 2164 	2346 	3144
f 2211 	3941 	2212
f 2982 	2170 	2202
f 2216 	2202 	2170
f 2206 	6419 	2209
f 2216 	2207 	2202
f 2219 	3941 	2211
f 2342 	2219 	1548
f 2211 	2212 	1548
f 2218 	2224 	2217
f 2220 	2216 	2170
f 551 	559 	2182
f 2115 	2242 	143
f 2218 	2225 	2224
f 3452 	345 	2279
f 2320 	2279 	103
f 242 	1371 	143
f 243 	1371 	242
f 2229 	2153 	2201
f 243 	244 	1371
f 2161 	2182 	2223
f 2280 	1371 	244
f 2182 	2226 	2223
f 2201 	2152 	2227
f 2226 	2182 	559
f 2227 	2152 	2153
f 559 	579 	2226
f 680 	3890 	2230
f 2217 	2224 	2533
f 3891 	598 	3892
f 2224 	2225 	2436
f 2201 	2227 	2229
f 2231 	2226 	2232
f 2436 	2450 	2224
f 1303 	2177 	1359
f 1303 	2097 	2177
f 1802 	1800 	1799
f 2231 	2223 	2226
f 1802 	1786 	1795
f 1366 	1795 	1786
f 2232 	2226 	579
f 637 	2232 	579
f 1575 	1863 	2236
f 1223 	1606 	2239
f 2229 	2539 	6632
f 1792 	1221 	2239
f 2227 	2543 	2229
f 242 	2230 	2228
f 243 	242 	2228
f 6632 	6703 	2229
f 2231 	2598 	2237
f 2228 	2230 	3890
f 2230 	2242 	680
f 2115 	680 	2242
f 2230 	242 	2242
f 143 	2242 	242
f 2238 	2241 	2240
f 2539 	2229 	2543
f 2045 	2244 	2243
f 2229 	6702 	2203
f 2055 	2161 	2244
f 1395 	2282 	1394
f 2161 	2223 	2244
f 2241 	6233 	2247
f 2055 	2244 	2045
f 2190 	2227 	2153
f 2190 	2126 	2141
f 2238 	2240 	2294
f 1608 	2246 	1606
f 2239 	1606 	2246
f 2246 	1799 	2239
f 1609 	2246 	1608
f 1792 	2239 	1799
f 2248 	2249 	2234
f 1786 	1802 	1611
f 1802 	2246 	1611
f 1799 	2246 	1802
f 1609 	1611 	2246
f 2244 	2223 	2245
f 2273 	2249 	2248
f 2251 	2517 	2245
f 1668 	1696 	2236
f 2248 	2234 	2233
f 2221 	2222 	3943
f 2190 	2141 	2144
f 702 	1105 	704
f 1666 	1588 	1687
f 2263 	2264 	4667
f 2227 	2190 	2144
f 2262 	4667 	2265
f 2252 	3046 	947
f 704 	3061 	2253
f 947 	704 	2252
f 4622 	1818 	4619
f 2144 	2467 	2544
f 2544 	2227 	2144
f 2221 	1550 	2222
f 1549 	2222 	1550
f 2251 	2245 	2223
f 2254 	2255 	288
f 282 	288 	2255
f 2253 	2252 	704
f 1587 	2252 	2253
f 3941 	3942 	2212
f 2251 	2223 	2231
f 2254 	7 	2255
f 2254 	2255 	2259
f 2212 	2256 	1549
f 1549 	2256 	2222
f 2237 	2251 	2231
f 3137 	3139 	2222
f 2264 	2310 	4667
f 2258 	2251 	2237
f 6897 	1999 	2259
f 6885 	1999 	6894
f 1996 	1997 	6885
f 2261 	2424 	6886
f 2004 	6886 	2005
f 2316 	4640 	2315
f 457 	2280 	455
f 6894 	1999 	6897
f 2170 	2174 	2220
f 244 	455 	2280
f 2220 	2270 	2216
f 2324 	1371 	2280
f 2257 	2254 	288
f 2257 	288 	290
f 2249 	2235 	2234
f 469 	470 	3890
f 2249 	2271 	2235
f 680 	599 	3891
f 2271 	2113 	2108
f 2271 	2108 	2235
f 2220 	2142 	2270
f 2249 	2273 	2274
f 3491 	345 	3452
f 2067 	2142 	2220
f 2274 	2275 	2271
f 457 	530 	2280
f 2274 	2271 	2249
f 2275 	2113 	2271
f 2250 	2225 	2218
f 2272 	2277 	2250
f 2124 	2113 	2275
f 2166 	2167 	2274
f 2250 	2277 	2225
f 2166 	2274 	2273
f 2275 	2274 	2167
f 2280 	2325 	2324
f 2216 	2281 	2207
f 2167 	2172 	2275
f 2216 	2270 	2281
f 2207 	2281 	2276
f 2172 	2124 	2275
f 1393 	2282 	1381
f 2283 	2175 	2167
f 1358 	2175 	2283
f 2166 	2283 	2167
f 2284 	2289 	1987
f 2285 	2284 	2276
f 2278 	2276 	2284
f 2281 	2285 	2276
f 3510 	3508 	2582
f 1980 	2287 	2288
f 3510 	2582 	3505
f 2288 	2021 	1980
f 2288 	1902 	2021
f 2289 	2300 	1987
f 2300 	2303 	1987
f 2295 	1371 	2324
f 2290 	2291 	2288
f 2298 	2282 	2297
f 2285 	2289 	2284
f 327 	326 	2292
f 327 	2292 	2293
f 2290 	2302 	2291
f 2293 	1363 	327
f 324 	327 	1363
f 2302 	2304 	2291
f 2287 	2290 	2288
f 2197 	2285 	2281
f 1902 	2288 	2291
f 2281 	2270 	2197
f 1372 	1371 	2295
f 1374 	1372 	2295
f 1902 	2291 	2296
f 2297 	2282 	1396
f 2299 	2282 	2298
f 2296 	1903 	1902
f 2285 	2300 	2289
f 2241 	2305 	2240
f 1986 	1987 	2303
f 2291 	2304 	2296
f 2241 	2247 	2305
f 2304 	2307 	2296
f 2307 	2308 	1917
f 2265 	3140 	2262
f 2263 	2262 	3140
f 2308 	1693 	1917
f 1550 	2262 	1551
f 2045 	2341 	2266
f 2263 	2262 	1550
f 2264 	2263 	1550
f 2044 	2045 	2266
f 2265 	1551 	2262
f 2221 	3943 	2310
f 3943 	4667 	2310
f 2307 	1917 	2296
f 2339 	2266 	2341
f 2221 	2310 	1550
f 2310 	2264 	1550
f 2306 	6431 	2311
f 2341 	2045 	2340
f 2302 	2233 	2304
f 2264 	3140 	2310
f 2306 	2311 	2312
f 2233 	2234 	2304
f 2234 	2235 	2307
f 2312 	2393 	2306
f 2235 	2308 	2307
f 2314 	4640 	2316
f 2307 	2304 	2234
f 4506 	1819 	4622
f 2265 	2313 	1551
f 2311 	1477 	2312
f 2313 	2314 	1551
f 2339 	2338 	2266
f 2308 	2235 	2108
f 1551 	2314 	2316
f 1774 	877 	959
f 2311 	1415 	1477
f 2308 	2108 	1706
f 2316 	3140 	2314
f 2313 	2314 	3140
f 2309 	1774 	959
f 2312 	1477 	2393
f 2109 	1706 	2108
f 2262 	7114 	2265
f 2285 	2197 	2303
f 2300 	2285 	2303
f 328 	2317 	2292
f 328 	2292 	326
f 331 	330 	2318
f 331 	2318 	2319
f 1551 	2316 	1586
f 655 	636 	2323
f 333 	331 	2319
f 333 	2319 	2320
f 2320 	2321 	334
f 2320 	334 	333
f 662 	661 	655
f 2323 	662 	655
f 2318 	2279 	2319
f 233 	103 	2279
f 2319 	2279 	2320
f 2318 	2322 	2319
f 2316 	2315 	1586
f 2321 	2320 	991
f 2292 	2317 	2320
f 991 	2320 	2317
f 2318 	2319 	2324
f 2318 	2324 	2325
f 687 	669 	671
f 687 	671 	2326
f 4619 	2327 	2315
f 2322 	2328 	2324
f 2322 	2324 	2319
f 2327 	4619 	1817
f 669 	585 	687
f 2329 	999 	2324
f 2328 	2329 	2324
f 691 	692 	2330
f 692 	687 	2330
f 2326 	2330 	687
f 2324 	999 	2295
f 1391 	1381 	2282
f 975 	2282 	2299
f 585 	578 	687
f 692 	687 	578
f 1987 	3301 	2347
f 2343 	2347 	3301
f 2327 	1817 	1586
f 2315 	2327 	1586
f 1818 	1586 	1817
f 1987 	2048 	3301
f 1765 	1764 	2725
f 1817 	2845 	2327
f 2315 	2327 	2845
f 2211 	7114 	2212
f 2264 	2310 	7114
f 2263 	2264 	7114
f 2262 	2263 	7114
f 1687 	1588 	2334
f 2313 	2265 	7114
f 2314 	7114 	2316
f 2315 	2316 	7114
f 2327 	2315 	7114
f 1817 	2327 	7114
f 1170 	2018 	2338
f 2392 	7114 	2342
f 2018 	2266 	2338
f 2337 	1687 	2334
f 2340 	2243 	2336
f 2334 	2400 	2337
f 2840 	1857 	1856
f 2219 	2342 	3941
f 1987 	2347 	2278
f 2334 	2333 	2400
f 2212 	1549 	1548
f 2851 	1905 	1915
f 1765 	2725 	1772
f 1772 	2732 	1813
f 2337 	2344 	1692
f 1692 	1690 	2337
f 2211 	1548 	2219
f 2331 	3275 	2207
f 2212 	3146 	2211
f 3933 	3996 	2162
f 2163 	2162 	3996
f 2331 	2276 	2335
f 2207 	2276 	2331
f 2164 	2165 	3996
f 2346 	2164 	3996
f 2278 	2284 	1987
f 2393 	1718 	2332
f 2278 	2347 	2276
f 2276 	2347 	2335
f 2352 	3989 	2353
f 1905 	2852 	2845
f 2335 	2347 	2343
f 1812 	2348 	2077
f 996 	2165 	2017
f 2164 	2346 	2017
f 2851 	1915 	1858
f 3996 	3997 	2346
f 577 	4721 	578
f 3992 	2353 	3989
f 2027 	2028 	578
f 2349 	2350 	2348
f 2353 	1593 	2017
f 2351 	2352 	2017
f 2346 	2351 	2017
f 2353 	2017 	2352
f 2357 	1333 	2355
f 1333 	2358 	2356
f 2051 	3004 	2052
f 2346 	2351 	3144
f 2353 	3144 	2352
f 2352 	3144 	2351
f 2358 	2357 	2359
f 2357 	2358 	1313
f 2360 	2361 	3992
f 2353 	3992 	2361
f 2360 	3992 	2363
f 2120 	2042 	2362
f 2364 	2365 	2358
f 1338 	2358 	2365
f 1335 	2358 	1338
f 2385 	2375 	3963
f 2362 	3004 	2120
f 1593 	2360 	1594
f 2403 	1342 	1339
f 2183 	2062 	2362
f 2363 	1594 	2360
f 2361 	2360 	1593
f 2361 	2360 	3145
f 2360 	2363 	3145
f 2416 	1343 	1342
f 2364 	2367 	2368
f 2364 	2368 	2365
f 2120 	2139 	2362
f 2349 	2366 	2350
f 2355 	2356 	2357
f 2359 	2357 	2356
f 1593 	2353 	2361
f 2369 	2359 	2370
f 3144 	2353 	3145
f 2361 	3145 	2353
f 2357 	2376 	2371
f 2374 	2371 	2376
f 2373 	2374 	2376
f 2379 	2350 	2366
f 2377 	2358 	160
f 110 	160 	2358
f 2200 	2386 	2194
f 2363 	2372 	1594
f 2349 	6965 	2366
f 2364 	2358 	2377
f 2364 	2377 	2378
f 2378 	2380 	2367
f 2378 	2367 	2364
f 2375 	1594 	2372
f 2368 	2380 	2378
f 2368 	2378 	2365
f 2383 	2384 	2382
f 2381 	2382 	2384
f 3146 	3145 	2375
f 2375 	3145 	2372
f 2379 	6973 	2301
f 2385 	3963 	2387
f 3144 	2386 	2200
f 2381 	2369 	2382
f 2370 	2382 	2369
f 2368 	2367 	2380
f 2200 	3072 	2386
f 2388 	2437 	2389
f 6973 	2379 	2366
f 2390 	2437 	2388
f 2196 	2200 	2208
f 2386 	2208 	2200
f 2375 	2385 	1594
f 2389 	2390 	2388
f 2379 	2301 	2306
f 2387 	1595 	2385
f 2208 	3023 	2191
f 2391 	2379 	2306
f 1594 	2385 	1595
f 2338 	959 	1170
f 2309 	959 	2339
f 3024 	2179 	2191
f 2339 	2341 	2309
f 2341 	2340 	2309
f 2385 	3146 	2375
f 2387 	3146 	2385
f 2336 	2309 	2340
f 2180 	3030 	2181
f 3030 	2987 	2181
f 2332 	2391 	2306
f 2247 	2250 	2305
f 2294 	2240 	2305
f 2243 	2340 	2045
f 2260 	2257 	2254
f 2260 	2254 	2259
f 2243 	2394 	2469
f 2469 	2471 	2243
f 2305 	2214 	2294
f 208 	2261 	130
f 127 	130 	2261
f 2260 	2261 	2259
f 2261 	127 	2259
f 2305 	2217 	2214
f 2267 	2257 	290
f 2268 	2267 	2257
f 2268 	2257 	2260
f 2388 	2381 	2396
f 2384 	2396 	2381
f 1696 	2344 	2345
f 2397 	2269 	2261
f 2397 	2261 	208
f 2342 	1548 	1595
f 2269 	2261 	2260
f 2269 	2260 	2268
f 2355 	1333 	2388
f 2345 	1575 	1696
f 2387 	2392 	1595
f 2392 	2342 	1595
f 1333 	2356 	2388
f 2354 	2345 	2344
f 2356 	2355 	2388
f 2400 	2401 	2344
f 2257 	2405 	4862
f 2387 	2392 	3146
f 2342 	3146 	2392
f 2337 	2400 	2344
f 2164 	7114 	2346
f 2254 	158 	7
f 2257 	4862 	2254
f 2381 	2388 	2359
f 2381 	2359 	2369
f 2259 	167 	2260
f 2383 	2382 	2396
f 2388 	2396 	2382
f 2352 	7114 	2353
f 2359 	2388 	2382
f 2359 	2382 	2370
f 2400 	2399 	2401
f 2357 	2371 	2403
f 2404 	2398 	2403
f 2398 	2388 	2403
f 2357 	2403 	2388
f 127 	2261 	2402
f 2261 	2413 	2402
f 2372 	7114 	2375
f 2267 	2405 	2257
f 2405 	2406 	4862
f 1339 	1777 	2403
f 2260 	2407 	2268
f 2374 	2403 	2371
f 1469 	1419 	4744
f 2333 	2399 	2400
f 1412 	4763 	1411
f 2409 	2408 	5043
f 2407 	2260 	4944
f 2411 	2412 	2410
f 2388 	2410 	2412
f 2413 	5055 	2402
f 2269 	2413 	2261
f 2398 	2410 	2388
f 1473 	1471 	3359
f 2333 	2417 	2399
f 2412 	2373 	2376
f 2412 	2376 	2388
f 2376 	2357 	2388
f 208 	210 	2414
f 208 	2414 	2397
f 2411 	2415 	2416
f 2374 	2373 	2416
f 2373 	2412 	2416
f 2411 	2416 	2412
f 2480 	2399 	2417
f 2374 	2416 	2403
f 2403 	2416 	1342
f 2333 	2334 	2417
f 2419 	1347 	893
f 290 	289 	2405
f 290 	2405 	2267
f 879 	4800 	1409
f 2268 	2407 	2405
f 2268 	2405 	2267
f 1410 	4763 	1412
f 2405 	2407 	2408
f 2406 	2405 	2408
f 2406 	2408 	2409
f 2413 	2269 	2397
f 2413 	2397 	2414
f 2413 	2414 	2421
f 2269 	2407 	2413
f 2268 	2407 	2269
f 2409 	2413 	2407
f 2409 	2407 	2408
f 2420 	2422 	2575
f 2393 	2332 	2306
f 2422 	2420 	1348
f 2438 	2444 	2268
f 1999 	2438 	2260
f 2422 	1347 	2419
f 2453 	2426 	2261
f 2396 	2390 	2398
f 2389 	2398 	2390
f 2305 	2250 	2218
f 2384 	2383 	2396
f 2006 	6886 	2424
f 2423 	2424 	2261
f 2411 	2410 	2415
f 2404 	2415 	2410
f 2398 	2404 	2410
f 2305 	2218 	2217
f 2423 	2261 	2426
f 2396 	2430 	2390
f 2389 	2437 	2398
f 2009 	2428 	1999
f 2438 	1999 	2428
f 2437 	2390 	2430
f 2391 	2332 	2431
f 2398 	2430 	2396
f 2424 	2423 	2009
f 2428 	2009 	2423
f 160 	162 	2430
f 160 	2430 	2377
f 2378 	2377 	2430
f 2378 	2430 	2432
f 2433 	2448 	2917
f 2009 	2006 	2424
f 2453 	2428 	2426
f 2432 	2433 	2378
f 2423 	2426 	2428
f 2454 	2404 	2435
f 2434 	2435 	2404
f 2415 	2486 	2923
f 2267 	2031 	2257
f 2415 	2404 	2486
f 2454 	2486 	2404
f 2277 	2436 	2225
f 2432 	2435 	2434
f 2432 	2434 	2433
f 2277 	2429 	2436
f 162 	2439 	2437
f 2445 	2447 	2268
f 2440 	2437 	2439
f 2437 	2430 	162
f 2440 	2439 	2443
f 2445 	2268 	2444
f 2439 	2430 	2440
f 2398 	2440 	2430
f 2439 	162 	2446
f 2439 	2446 	2443
f 2432 	2430 	2439
f 2446 	2448 	2439
f 2432 	2439 	2448
f 2446 	2439 	2440
f 2448 	2451 	2435
f 2448 	2435 	2432
f 2449 	2344 	2401
f 2434 	2451 	2448
f 2434 	2448 	2433
f 2436 	2442 	2458
f 2481 	2418 	2449
f 2460 	2452 	2269
f 2418 	2499 	2449
f 2435 	2451 	2454
f 2481 	2449 	2401
f 2453 	2269 	2452
f 2489 	2465 	2442
f 2243 	2514 	2395
f 2442 	2465 	2458
f 2418 	2500 	2499
f 2458 	2450 	2436
f 2672 	2224 	2450
f 2457 	2460 	2269
f 2455 	2534 	2461
f 2461 	2538 	2463
f 2458 	2464 	2450
f 2462 	2444 	2428
f 2438 	2428 	2444
f 2425 	2431 	2427
f 2462 	2428 	2452
f 2453 	2452 	2428
f 2452 	2460 	2462
f 2464 	2465 	2466
f 2444 	2462 	2445
f 2462 	2447 	2445
f 2458 	2465 	2464
f 2332 	1718 	2431
f 2507 	2462 	2457
f 2431 	1718 	1945
f 2465 	2468 	2466
f 2460 	2457 	2462
f 2354 	2459 	2345
f 2459 	2441 	2520
f 2261 	2269 	2453
f 2507 	2457 	2269
f 2467 	2144 	2148
f 2441 	2459 	2354
f 2463 	2541 	2461
f 2394 	2470 	2469
f 2147 	2031 	2267
f 2148 	2147 	2267
f 2467 	2148 	2267
f 2336 	2243 	2471
f 2472 	2470 	2394
f 2473 	2472 	2395
f 2394 	2395 	2472
f 2474 	2473 	2395
f 2395 	2456 	2474
f 2469 	2470 	2309
f 2344 	2441 	2354
f 2532 	2309 	2470
f 2470 	2472 	2532
f 2472 	2473 	2532
f 2471 	2469 	2309
f 2473 	2474 	2532
f 2441 	2344 	2449
f 2550 	2551 	2451
f 2404 	2920 	2434
f 2447 	2476 	2268
f 2475 	2268 	2476
f 2456 	2532 	2474
f 2277 	2272 	2429
f 2477 	2429 	2272
f 2483 	2484 	2603
f 2479 	2480 	2478
f 2417 	1588 	2480
f 2334 	1588 	2417
f 2309 	2336 	2471
f 2482 	2418 	2481
f 2399 	2481 	2401
f 2481 	2399 	2480
f 2436 	2485 	2442
f 2476 	2518 	2475
f 2485 	2429 	2477
f 2419 	893 	2487
f 2485 	2436 	2429
f 2485 	2488 	2489
f 2447 	2462 	2476
f 2419 	2487 	2422
f 2518 	2476 	2462
f 2442 	2485 	2489
f 2475 	2518 	2483
f 2479 	2481 	2480
f 2493 	2484 	2490
f 2483 	2490 	2484
f 2528 	2491 	2478
f 1398 	1407 	2494
f 2525 	2523 	2483
f 2491 	2481 	2478
f 2494 	2492 	1398
f 2481 	2491 	2530
f 2495 	2494 	1407
f 2481 	2530 	2482
f 1407 	1414 	2495
f 2484 	2559 	2603
f 2500 	2418 	2482
f 1414 	1348 	2420
f 2478 	2481 	2479
f 2420 	2495 	1414
f 2440 	2443 	2446
f 2398 	2437 	2498
f 2440 	2498 	2437
f 2440 	2398 	2498
f 2504 	2505 	2501
f 2504 	2501 	2502
f 2501 	2505 	2506
f 2503 	2465 	2497
f 2508 	2501 	2506
f 2509 	2508 	2506
f 2441 	2449 	2499
f 2489 	2488 	2497
f 2511 	2577 	2510
f 2507 	2269 	2511
f 2509 	2506 	2504
f 2505 	2504 	2506
f 2500 	2482 	2530
f 2489 	2497 	2465
f 2395 	2394 	2243
f 2510 	2577 	2513
f 2497 	3079 	2503
f 2245 	2514 	2244
f 2465 	2503 	2468
f 2243 	2244 	2514
f 2516 	2535 	2577
f 2490 	2523 	2516
f 2514 	2245 	2517
f 2490 	2516 	2493
f 2251 	2258 	2521
f 2525 	2483 	2518
f 2517 	2251 	2521
f 2395 	2514 	2517
f 2499 	2892 	2520
f 2517 	2521 	2538
f 2499 	2520 	2441
f 2523 	2529 	2516
f 2529 	2535 	2516
f 2530 	2536 	2500
f 2294 	2214 	2524
f 2511 	2510 	2518
f 2478 	2480 	2253
f 1588 	2253 	2480
f 2527 	2478 	2253
f 2478 	2527 	2528
f 2490 	2483 	2523
f 2524 	2214 	2533
f 2515 	2577 	2535
f 2395 	2517 	2534
f 2528 	2530 	2491
f 2525 	2529 	2523
f 2527 	2537 	2528
f 2518 	2462 	2507
f 2214 	2217 	2533
f 2525 	2518 	2510
f 2395 	2534 	2456
f 2455 	2456 	2534
f 2525 	2535 	2529
f 2510 	2513 	2525
f 2533 	2531 	2524
f 2538 	2461 	2534
f 2517 	2538 	2534
f 2513 	2515 	2535
f 2513 	2535 	2525
f 2528 	2537 	2530
f 2507 	2511 	2518
f 6632 	2539 	2540
f 2532 	2541 	2522
f 2522 	2541 	2526
f 2543 	2227 	2544
f 2446 	162 	2512
f 2533 	2224 	2597
f 2512 	2547 	2446
f 2448 	2446 	2547
f 2448 	2547 	2548
f 2448 	2548 	2549
f 2539 	720 	2540
f 2543 	720 	2539
f 2267 	2594 	2467
f 2467 	2594 	2544
f 2545 	2072 	2546
f 2020 	2542 	1972
f 2544 	2594 	2543
f 719 	6644 	720
f 2551 	2553 	2451
f 2553 	2554 	2451
f 2454 	2451 	2554
f 2072 	2077 	2546
f 2531 	2533 	2552
f 2348 	2546 	2077
f 2559 	2556 	2603
f 2554 	2486 	2454
f 2563 	2546 	2350
f 2509 	2504 	2502
f 2563 	2350 	2572
f 2553 	2547 	2554
f 2547 	2508 	2554
f 2512 	2508 	2547
f 2509 	2554 	2508
f 2546 	2348 	2350
f 2548 	2551 	2550
f 2548 	2550 	2549
f 2501 	2555 	2502
f 725 	2603 	2557
f 2542 	2552 	1972
f 164 	2586 	2555
f 2556 	2557 	2603
f 2501 	2508 	2555
f 2379 	2572 	2350
f 2509 	2555 	2558
f 2502 	2555 	2509
f 584 	590 	725
f 164 	2555 	2512
f 2508 	2512 	2555
f 162 	164 	2512
f 2560 	2561 	2558
f 2561 	2562 	2558
f 2509 	2558 	2562
f 2509 	2562 	2554
f 2546 	2563 	2545
f 3892 	596 	2516
f 2566 	2570 	2516
f 2042 	2999 	2362
f 2561 	2564 	2562
f 2556 	2566 	2565
f 2556 	2565 	2557
f 2562 	2564 	2554
f 2486 	2554 	2564
f 2566 	2516 	2565
f 2567 	3004 	2362
f 2547 	2553 	2561
f 2560 	2568 	2561
f 2547 	2561 	2568
f 2557 	596 	584
f 2568 	2569 	2547
f 2548 	2547 	2569
f 2565 	596 	2557
f 2493 	2516 	2570
f 2566 	2556 	2570
f 2559 	2570 	2556
f 2569 	2571 	2551
f 2569 	2551 	2548
f 2550 	2571 	2569
f 2550 	2569 	2549
f 2484 	2493 	2559
f 2570 	2559 	2493
f 2561 	2553 	2571
f 2551 	2571 	2553
f 1422 	1411 	4763
f 2268 	2475 	2603
f 2486 	2564 	2928
f 2565 	2516 	596
f 2516 	3893 	3892
f 2537 	2536 	2530
f 2487 	893 	2573
f 2573 	893 	2574
f 3506 	2516 	2578
f 2812 	2574 	2813
f 3205 	3214 	2536
f 2593 	2543 	2594
f 2557 	584 	725
f 2039 	2037 	3472
f 2038 	2039 	3472
f 742 	754 	2577
f 2575 	2422 	2576
f 3472 	2056 	2051
f 2269 	2592 	2577
f 2577 	2511 	2269
f 2515 	2513 	2577
f 2576 	2814 	2575
f 2422 	2487 	2576
f 2487 	2573 	2576
f 2573 	2574 	2576
f 2062 	2183 	2580
f 2581 	2062 	2580
f 2568 	2560 	2558
f 2568 	2558 	2583
f 2689 	2587 	2584
f 2558 	2555 	2585
f 2578 	2516 	2577
f 2582 	2578 	2577
f 2555 	2586 	2585
f 2585 	2586 	2558
f 2583 	2558 	2586
f 293 	2594 	2588
f 172 	2586 	164
f 289 	293 	2588
f 289 	2588 	2405
f 2583 	2586 	2568
f 2568 	2586 	2589
f 2569 	2568 	2589
f 2569 	2589 	2590
f 2594 	2267 	2588
f 2405 	2588 	2267
f 2407 	2268 	2591
f 2689 	2584 	2579
f 2571 	3082 	2561
f 2409 	2408 	2407
f 2409 	2407 	2591
f 739 	2577 	2592
f 2592 	2269 	2413
f 2584 	745 	744
f 294 	721 	2593
f 2587 	745 	2584
f 2804 	2809 	2561
f 295 	294 	2593
f 295 	2593 	2594
f 1991 	1992 	3905
f 293 	295 	2594
f 2589 	2595 	2596
f 2589 	2596 	2590
f 3905 	3737 	1991
f 2309 	2532 	1761
f 1133 	440 	473
f 2584 	744 	751
f 2456 	2455 	2532
f 2541 	2532 	2455
f 2461 	2541 	2455
f 1840 	2579 	1843
f 2232 	2598 	2231
f 2599 	2600 	2601
f 721 	2543 	2593
f 720 	2543 	721
f 721 	724 	2593
f 639 	2598 	2232
f 2601 	2602 	2619
f 721 	2593 	2603
f 721 	2603 	725
f 2232 	637 	639
f 724 	2604 	2603
f 724 	2603 	2593
f 1409 	4800 	1410
f 2475 	2483 	2603
f 2604 	2605 	2606
f 2606 	2591 	2603
f 2604 	2606 	2603
f 2591 	2268 	2603
f 1998 	1972 	2552
f 2552 	2533 	2608
f 2533 	2597 	2608
f 2608 	1998 	2552
f 2600 	2599 	2579
f 2608 	2154 	1998
f 739 	740 	2577
f 742 	2577 	740
f 1835 	2602 	2601
f 1835 	2601 	2600
f 2600 	1840 	1851
f 2600 	2579 	1840
f 2611 	2612 	2610
f 2615 	2184 	2614
f 2616 	2184 	2615
f 2184 	2186 	2614
f 2613 	2614 	2186
f 2610 	2617 	2637
f 2612 	2617 	2610
f 2668 	2620 	2602
f 2602 	2620 	2619
f 2015 	4100 	2622
f 4100 	2015 	3417
f 2519 	2524 	2623
f 2524 	2531 	2623
f 784 	745 	2691
f 2622 	2519 	2623
f 6308 	2612 	2611
f 2020 	2622 	2623
f 2691 	745 	2587
f 2531 	2552 	2623
f 2617 	2612 	6155
f 2623 	2552 	2542
f 2622 	2020 	2015
f 2701 	784 	2691
f 2020 	2623 	2542
f 2624 	2625 	1870
f 4844 	2572 	2379
f 4844 	2379 	2425
f 2628 	1951 	2880
f 2628 	1957 	1951
f 739 	2632 	740
f 2880 	1951 	3011
f 2629 	2630 	2627
f 2379 	2391 	2425
f 754 	742 	2632
f 2632 	742 	740
f 2605 	742 	740
f 2605 	740 	739
f 742 	2605 	754
f 2391 	2431 	2425
f 2631 	2633 	2626
f 1220 	756 	2605
f 756 	755 	754
f 2279 	2318 	330
f 2279 	330 	355
f 356 	334 	2321
f 356 	2321 	991
f 2280 	2279 	2318
f 2280 	2318 	2325
f 2626 	2633 	2628
f 757 	756 	734
f 756 	755 	734
f 755 	754 	734
f 2632 	734 	754
f 2328 	2322 	2321
f 2328 	2321 	2329
f 758 	757 	734
f 991 	999 	2329
f 991 	2329 	2321
f 2633 	1957 	2628
f 2630 	2286 	2634
f 2635 	2636 	974
f 2636 	2282 	974
f 975 	974 	2282
f 762 	734 	766
f 760 	734 	761
f 762 	761 	734
f 760 	758 	734
f 736 	766 	734
f 2634 	2286 	2238
f 999 	2329 	2328
f 999 	2328 	2325
f 2280 	2282 	2325
f 975 	2325 	2282
f 999 	2325 	975
f 736 	767 	734
f 1382 	734 	767
f 2238 	2519 	2634
f 2631 	2639 	2633
f 770 	769 	1220
f 769 	774 	1220
f 2637 	2639 	2631
f 757 	756 	1220
f 2639 	1965 	2633
f 754 	2605 	756
f 774 	773 	1220
f 2238 	2294 	2519
f 2294 	2524 	2519
f 773 	776 	760
f 758 	1220 	760
f 757 	1220 	758
f 773 	760 	1220
f 762 	761 	776
f 761 	760 	776
f 776 	767 	773
f 2617 	2621 	2637
f 766 	762 	777
f 776 	777 	762
f 777 	736 	766
f 767 	770 	769
f 767 	769 	774
f 774 	773 	767
f 767 	776 	777
f 767 	777 	736
f 1220 	1307 	722
f 1307 	1306 	722
f 2522 	2709 	2707
f 1306 	1305 	722
f 2522 	2707 	2609
f 7166 	2690 	2642
f 2643 	2646 	2645
f 767 	1361 	1382
f 3229 	3227 	2638
f 2643 	2627 	2646
f 1758 	2607 	1712
f 1712 	1720 	1758
f 1305 	1376 	1306
f 2607 	1761 	2609
f 2607 	1758 	1761
f 2609 	2532 	2522
f 2646 	2630 	4088
f 1761 	2532 	2609
f 1220 	1307 	2649
f 2650 	1220 	2649
f 1306 	2664 	1307
f 1720 	1769 	1758
f 2653 	2651 	2652
f 2650 	770 	1220
f 2655 	2656 	2657
f 2655 	2657 	2651
f 2655 	2651 	2653
f 3243 	2641 	3244
f 2659 	172 	2660
f 1868 	1870 	2625
f 2646 	2627 	2630
f 2661 	1870 	1968
f 3246 	3245 	2662
f 4088 	2630 	2665
f 1306 	2663 	2664
f 2649 	1307 	2664
f 2624 	1870 	2661
f 5158 	2627 	2643
f 1737 	2654 	2658
f 2317 	722 	1374
f 1305 	1376 	722
f 1376 	1375 	1374
f 1374 	1375 	1306
f 5152 	5158 	2643
f 1374 	722 	1376
f 1968 	1575 	2661
f 1394 	1382 	1395
f 1736 	1763 	1760
f 1393 	1382 	1394
f 2665 	2630 	2634
f 1736 	2666 	1763
f 1868 	2625 	2602
f 2665 	2634 	2519
f 1377 	1382 	1392
f 1393 	1392 	1382
f 1736 	1744 	2666
f 1835 	1868 	2602
f 1377 	1382 	1361
f 5152 	2643 	2644
f 2666 	2667 	2654
f 2298 	2297 	1374
f 1394 	1374 	1395
f 1395 	1374 	1396
f 2672 	2597 	2224
f 1394 	1393 	1374
f 2625 	2668 	2602
f 2666 	2673 	2667
f 1375 	1306 	1374
f 2654 	2667 	2658
f 2608 	2597 	2669
f 2658 	2671 	2694
f 1375 	1374 	1376
f 1402 	1401 	1374
f 2667 	2671 	2658
f 2672 	2450 	2464
f 1393 	1392 	1374
f 2669 	2597 	2672
f 2673 	2666 	1744
f 1376 	1374 	1401
f 1401 	1406 	1376
f 1406 	1360 	1376
f 1404 	1402 	1374
f 1392 	1377 	1374
f 1404 	1374 	1377
f 2673 	2675 	2667
f 1306 	1376 	2663
f 308 	2640 	3241
f 2648 	3241 	2640
f 302 	307 	3241
f 1360 	2663 	1376
f 2676 	302 	3241
f 1406 	1361 	1401
f 2667 	2675 	2671
f 1402 	1401 	1361
f 1360 	1361 	1406
f 1404 	1402 	1361
f 1404 	1361 	1377
f 2681 	2683 	3279
f 2295 	2317 	1374
f 2673 	1744 	1712
f 1712 	2607 	2673
f 2298 	2677 	2299
f 2297 	1382 	2298
f 1395 	1382 	1396
f 1396 	1382 	2297
f 2675 	2673 	2607
f 2677 	2298 	1382
f 2684 	2679 	3279
f 2661 	2894 	2678
f 1374 	2295 	2298
f 2299 	2298 	2295
f 2607 	2609 	2675
f 2674 	2624 	2661
f 2567 	3032 	2362
f 2681 	3279 	2680
f 2674 	2670 	2624
f 1816 	2682 	1820
f 2992 	2138 	2988
f 2138 	2992 	2139
f 2139 	2995 	2362
f 2661 	2678 	2674
f 2679 	2680 	3279
f 1737 	2682 	1816
f 1820 	2682 	2685
f 2625 	2624 	2670
f 3358 	3302 	2718
f 2183 	2362 	3032
f 2184 	2183 	3032
f 3279 	2642 	2686
f 2684 	3279 	2686
f 2682 	2695 	2685
f 2694 	2695 	2682
f 302 	2676 	2688
f 3032 	2186 	2184
f 2625 	2670 	2668
f 2676 	2687 	2688
f 2601 	2689 	2599
f 2601 	2619 	2689
f 2690 	307 	2688
f 2689 	2691 	2587
f 2696 	7275 	2685
f 2689 	2700 	2691
f 2692 	2386 	3072
f 2681 	2680 	2693
f 2687 	2693 	2680
f 2701 	2691 	2700
f 2692 	3068 	2386
f 2619 	2620 	2689
f 2683 	2681 	2693
f 2689 	2579 	2599
f 1737 	2658 	2682
f 2620 	2698 	2689
f 2679 	2688 	2680
f 2687 	2680 	2688
f 2180 	2179 	3029
f 2700 	2689 	2698
f 2690 	2688 	2684
f 2679 	2684 	2688
f 2682 	2658 	2694
f 3029 	3030 	2180
f 2685 	2695 	2696
f 3943 	2222 	3942
f 2256 	3942 	2222
f 2686 	2642 	2690
f 2262 	2263 	4667
f 2684 	2686 	2690
f 2313 	2265 	4639
f 4667 	4639 	2265
f 4639 	4640 	2313
f 2702 	2706 	2696
f 3941 	2342 	3964
f 2703 	2704 	3300
f 2711 	3372 	2710
f 2222 	2221 	3137
f 2256 	2222 	3139
f 2694 	2671 	2699
f 2264 	2263 	3140
f 2704 	2705 	3300
f 2694 	2699 	2695
f 2696 	2695 	2702
f 2699 	2702 	2695
f 2265 	2313 	3140
f 2845 	2844 	2316
f 2705 	2708 	3300
f 3241 	3300 	2708
f 2676 	3241 	2708
f 2315 	2845 	2316
f 3989 	2352 	3997
f 2671 	2707 	2699
f 2675 	2707 	2671
f 2701 	2700 	2714
f 3992 	4002 	2363
f 2703 	3372 	2711
f 2672 	2464 	2669
f 3963 	2375 	2372
f 3963 	3964 	2387
f 2392 	3964 	2342
f 2698 	2721 	2700
f 2154 	2608 	2669
f 2219 	2211 	3146
f 2464 	2466 	2717
f 2351 	2346 	3997
f 2351 	3997 	2352
f 2963 	3376 	2713
f 2669 	2715 	2154
f 3376 	3358 	2712
f 2720 	2712 	3358
f 2719 	2720 	3358
f 2701 	2714 	2716
f 2701 	2789 	852
f 2715 	2464 	2717
f 2363 	2372 	3145
f 2716 	3242 	1135
f 2715 	2717 	2726
f 2699 	2709 	2702
f 2727 	2466 	2468
f 2725 	2732 	1772
f 2707 	2709 	2699
f 2721 	2714 	2700
f 2709 	2722 	2702
f 1791 	2725 	1779
f 2727 	2717 	2466
f 2717 	2727 	2726
f 661 	669 	2725
f 655 	661 	2725
f 2702 	2722 	2706
f 2154 	2715 	2160
f 2609 	2707 	2675
f 1768 	1779 	2725
f 2669 	2464 	2715
f 655 	2725 	1791
f 2732 	2725 	2731
f 2725 	669 	2731
f 2659 	2586 	172
f 2929 	2839 	669
f 2589 	2586 	2659
f 2729 	2730 	2660
f 2728 	2729 	2660
f 2659 	2660 	2730
f 2589 	2659 	2730
f 2724 	2723 	2721
f 2730 	2734 	2595
f 2730 	2595 	2589
f 2596 	2734 	2730
f 2596 	2730 	2590
f 2736 	2737 	2738
f 2736 	2738 	2739
f 2652 	2740 	2741
f 2652 	2741 	2653
f 3250 	2714 	2748
f 2596 	2595 	2734
f 2732 	2731 	1813
f 2741 	2742 	2653
f 2715 	2726 	2160
f 1814 	1813 	2733
f 2731 	2733 	1813
f 2743 	2655 	2742
f 2653 	2742 	2655
f 2733 	2735 	1815
f 2733 	1815 	1814
f 3175 	2746 	2745
f 2744 	2745 	2746
f 3217 	2747 	2727
f 3250 	2716 	2714
f 2745 	2736 	2739
f 2745 	2739 	3175
f 2185 	2160 	2726
f 2736 	2745 	2737
f 2744 	2737 	2745
f 2744 	2746 	2737
f 2738 	2737 	2746
f 2735 	669 	2839
f 2733 	2731 	669
f 2746 	2749 	2744
f 2742 	2744 	2749
f 2742 	2750 	2744
f 2709 	2526 	2722
f 626 	662 	671
f 1396 	1374 	2297
f 2526 	2709 	2522
f 356 	991 	2317
f 356 	2317 	328
f 2752 	2753 	2754
f 2752 	2754 	2755
f 3058 	2185 	2751
f 999 	991 	2317
f 999 	2317 	2295
f 2726 	2727 	2747
f 2758 	662 	2757
f 2763 	671 	2758
f 2754 	2759 	2760
f 975 	2299 	2295
f 975 	2295 	999
f 2726 	2747 	2751
f 671 	662 	2758
f 2761 	2762 	2756
f 2774 	671 	2763
f 1083 	2766 	974
f 974 	2766 	2635
f 2767 	2768 	2769
f 2726 	2751 	2185
f 2772 	2773 	2771
f 2770 	2771 	2773
f 2765 	2775 	2764
f 4470 	2946 	2757
f 1144 	1141 	1153
f 1144 	1153 	1151
f 2758 	2947 	2763
f 2785 	2777 	2776
f 2947 	2948 	2774
f 2947 	2774 	2763
f 2790 	2777 	2785
f 1012 	2779 	1083
f 2778 	1083 	2779
f 2721 	2748 	2714
f 2781 	2782 	2783
f 2781 	2783 	2784
f 2781 	2788 	2782
f 2787 	2782 	2788
f 2793 	2795 	2792
f 2794 	2795 	2793
f 2791 	2792 	2795
f 2783 	2792 	2784
f 2791 	2784 	2792
f 2701 	2716 	2789
f 740 	2781 	739
f 2796 	739 	2784
f 754 	2824 	742
f 1135 	2789 	2716
f 2777 	2798 	2797
f 755 	756 	754
f 2781 	742 	2788
f 2777 	2790 	2798
f 2784 	739 	2781
f 2791 	2796 	2784
f 742 	2781 	740
f 2824 	2788 	742
f 2657 	2804 	2750
f 2780 	2786 	2802
f 2791 	2795 	2796
f 2796 	2795 	2794
f 2742 	2741 	2750
f 2740 	2750 	2741
f 2803 	2743 	2749
f 2742 	2749 	2743
f 2740 	2652 	2750
f 2651 	2750 	2652
f 2794 	2807 	2795
f 2780 	2802 	2800
f 2804 	2805 	2746
f 2746 	2744 	2804
f 2744 	2750 	2804
f 2657 	2750 	2651
f 2806 	2746 	2805
f 2807 	4250 	2781
f 2791 	2807 	2784
f 2788 	2781 	4251
f 2807 	2791 	2795
f 2804 	2561 	3082
f 2637 	2621 	2639
f 2655 	2743 	2656
f 2809 	2656 	2743
f 2803 	2809 	2743
f 2803 	2810 	2809
f 2810 	3084 	2809
f 2639 	2621 	1974
f 2781 	2837 	2784
f 2804 	2657 	2656
f 2804 	2656 	2809
f 2837 	2781 	2788
f 2564 	2561 	2809
f 2639 	1974 	1965
f 3692 	2794 	2808
f 2795 	2808 	2794
f 893 	2813 	2574
f 2621 	861 	1974
f 2808 	2795 	2791
f 2811 	2812 	2813
f 2808 	2791 	2784
f 724 	720 	723
f 2721 	2799 	2724
f 2814 	2576 	2821
f 2849 	2820 	2605
f 2817 	1220 	2816
f 2819 	2822 	2832
f 1220 	2605 	2816
f 2816 	2605 	2820
f 2817 	2820 	2816
f 736 	734 	2823
f 736 	2823 	2824
f 2822 	2670 	2674
f 2788 	2824 	2787
f 2823 	2787 	2824
f 2825 	2818 	2815
f 2822 	2819 	2670
f 758 	2824 	757
f 2827 	2670 	2819
f 760 	2824 	758
f 757 	2824 	756
f 761 	2824 	760
f 754 	756 	2824
f 2798 	2826 	2797
f 766 	2824 	761
f 762 	766 	761
f 736 	2824 	766
f 2827 	2698 	2668
f 2668 	2670 	2827
f 2784 	2807 	2781
f 4250 	4251 	2781
f 2816 	2831 	2817
f 2801 	2799 	2819
f 2828 	2834 	2829
f 2831 	769 	770
f 2136 	2140 	1735
f 2828 	2833 	2834
f 2820 	2831 	2816
f 1735 	5002 	2830
f 774 	2835 	773
f 2776 	2777 	2834
f 773 	2835 	776
f 2835 	774 	2831
f 769 	2831 	774
f 2833 	2776 	2834
f 2836 	1519 	2830
f 687 	2929 	669
f 2735 	2733 	669
f 2837 	777 	2835
f 776 	2835 	777
f 777 	2837 	2824
f 777 	2824 	736
f 2929 	2840 	2839
f 2842 	2848 	2838
f 2840 	2929 	2841
f 2824 	2837 	2788
f 2834 	2838 	2829
f 2735 	2839 	1815
f 1856 	1815 	2839
f 2834 	2842 	2838
f 2839 	2840 	1856
f 2842 	2834 	2777
f 2840 	2841 	1858
f 2777 	2797 	2842
f 3975 	2817 	2843
f 2851 	1858 	2841
f 2929 	2844 	2851
f 2848 	2846 	2838
f 2849 	2843 	2820
f 2847 	2843 	2849
f 2816 	2820 	2843
f 2849 	2850 	2847
f 2845 	2851 	2844
f 2841 	2929 	2851
f 2852 	2851 	2845
f 2848 	2842 	2797
f 3140 	2316 	2844
f 2847 	2856 	2855
f 2797 	2826 	2848
f 2847 	2850 	2856
f 2605 	2850 	2849
f 2825 	2857 	2818
f 2626 	2818 	2631
f 1905 	2851 	2852
f 2631 	2818 	2857
f 2859 	2860 	2869
f 2859 	2869 	2861
f 2859 	2861 	2862
f 2848 	2858 	2846
f 2863 	671 	2774
f 2863 	2866 	671
f 2860 	671 	2866
f 2825 	2932 	2864
f 2826 	2865 	2858
f 2850 	2605 	2856
f 2866 	2867 	2860
f 2864 	2610 	2857
f 2856 	2605 	2855
f 2867 	2868 	2860
f 2864 	2857 	2825
f 2857 	2610 	2637
f 2869 	2860 	2868
f 2857 	2637 	2631
f 2856 	2850 	4248
f 2820 	4248 	2849
f 2849 	4248 	2850
f 2824 	2788 	4251
f 2611 	2610 	2864
f 2861 	2951 	2862
f 2826 	2858 	2848
f 2831 	2820 	2849
f 2863 	2774 	2953
f 2835 	2831 	2849
f 2835 	2849 	2850
f 2953 	2958 	2866
f 2953 	2866 	2863
f 2855 	2853 	3218
f 2958 	2867 	2866
f 2865 	3195 	2858
f 2858 	3195 	3419
f 2868 	2867 	2960
f 2855 	3218 	2837
f 2856 	2855 	2837
f 2869 	2868 	2960
f 2835 	2850 	2837
f 2856 	2837 	2850
f 2861 	2869 	2951
f 2827 	2819 	2799
f 2808 	2784 	2837
f 2871 	2873 	2870
f 2877 	2783 	2632
f 2782 	2787 	2632
f 2874 	2875 	2876
f 2827 	2799 	2698
f 2874 	2876 	2872
f 734 	2632 	2823
f 2782 	2632 	2783
f 2873 	2878 	2870
f 2823 	2632 	2787
f 2793 	2792 	2877
f 2783 	2877 	2792
f 2876 	2879 	2872
f 2698 	2620 	2668
f 2878 	2880 	2994
f 4116 	2881 	2783
f 2783 	2782 	4116
f 2787 	4116 	2782
f 2799 	2721 	2698
f 1382 	4093 	734
f 2792 	2783 	2881
f 2787 	2823 	4116
f 734 	4093 	2823
f 2815 	2818 	2873
f 2873 	2818 	2626
f 2793 	2792 	2881
f 2873 	2871 	2815
f 790 	734 	2823
f 2782 	2783 	2883
f 2873 	2626 	2878
f 2884 	2889 	2944
f 2878 	2628 	2880
f 2884 	2883 	2889
f 2626 	2628 	2878
f 2886 	2887 	2885
f 2887 	2888 	2885
f 790 	2823 	2787
f 2782 	2883 	2787
f 790 	2787 	2883
f 2872 	2888 	2887
f 2887 	2874 	2872
f 3692 	2889 	2793
f 2792 	2793 	2889
f 2499 	2500 	2892
f 2576 	2574 	2821
f 2885 	2893 	2891
f 2678 	2894 	2895
f 2888 	2893 	2885
f 2574 	2812 	2821
f 2811 	2821 	2812
f 2888 	2872 	2893
f 2459 	2520 	2895
f 2896 	2893 	2872
f 2894 	2345 	2895
f 2494 	2900 	2897
f 2894 	1575 	2345
f 2872 	2879 	2896
f 2895 	2345 	2459
f 2494 	2495 	2900
f 2891 	2903 	2901
f 2891 	2893 	2903
f 2492 	2494 	2897
f 2896 	2904 	2893
f 2871 	2964 	2899
f 3107 	2897 	2900
f 2895 	2520 	2921
f 2871 	2899 	2815
f 2900 	2905 	3107
f 2893 	2904 	2903
f 2896 	2882 	2904
f 2900 	2495 	2907
f 2907 	2905 	2900
f 2879 	2882 	2896
f 2907 	2908 	2905
f 2678 	2895 	2921
f 2420 	2575 	2907
f 2902 	2801 	2819
f 2819 	2832 	2902
f 2495 	2420 	2907
f 2204 	2914 	2854
f 2908 	2907 	2575
f 2575 	2814 	2908
f 2661 	1575 	2894
f 1171 	2813 	1172
f 2915 	2813 	1171
f 2904 	2910 	2903
f 893 	880 	2813
f 2912 	2729 	2728
f 2729 	2912 	2805
f 2806 	2805 	2912
f 2718 	2719 	3358
f 1338 	2365 	1773
f 2704 	2918 	2919
f 2365 	2378 	2917
f 1775 	2365 	2917
f 1775 	1773 	2365
f 2704 	2703 	2918
f 2911 	2801 	2902
f 2703 	2711 	2918
f 1776 	1777 	1339
f 2906 	2899 	2898
f 2920 	2403 	1777
f 2404 	2403 	2920
f 2902 	2832 	2921
f 2899 	2906 	2922
f 1771 	1343 	1778
f 1778 	2416 	2923
f 2922 	2825 	2815
f 2932 	2825 	2922
f 2704 	2919 	2705
f 2378 	2433 	2917
f 2922 	2815 	2899
f 2920 	2925 	2451
f 2451 	2434 	2920
f 2326 	671 	2927
f 2687 	2708 	2919
f 2923 	2486 	2928
f 2860 	2927 	671
f 2705 	2919 	2708
f 2926 	2922 	2906
f 2687 	2676 	2708
f 2713 	2918 	2711
f 2712 	2918 	2713
f 2917 	157 	1775
f 2326 	2927 	2930
f 2931 	2930 	2927
f 2926 	2932 	2922
f 2919 	2693 	2687
f 1775 	2917 	2920
f 1775 	2920 	1777
f 1778 	2923 	693
f 2718 	2919 	2719
f 2933 	4181 	2934
f 1777 	1778 	2923
f 1777 	2923 	2920
f 2918 	2719 	2919
f 4181 	2935 	2934
f 157 	2917 	180
f 2924 	180 	2917
f 2925 	2920 	2917
f 2925 	2917 	2924
f 2918 	2720 	2719
f 2928 	3573 	2923
f 2928 	2925 	2920
f 2928 	2920 	2923
f 2674 	2678 	2921
f 2921 	2822 	2674
f 1757 	1310 	1775
f 2832 	2822 	2921
f 2720 	2918 	2712
f 2919 	2718 	2916
f 2919 	2916 	2693
f 2711 	2710 	2713
f 1925 	1930 	1777
f 2938 	2923 	2937
f 2939 	2937 	1778
f 2923 	1778 	2937
f 2932 	2936 	2890
f 2864 	2932 	2890
f 2921 	2520 	2892
f 2936 	2932 	2926
f 2892 	2911 	2921
f 2890 	2611 	2864
f 2683 	2693 	2916
f 2902 	2921 	2940
f 2911 	2902 	2940
f 2998 	3039 	2937
f 2648 	3239 	3241
f 3300 	3356 	2703
f 2921 	2911 	2940
f 2936 	183 	6907
f 1914 	2998 	1908
f 6907 	2890 	2936
f 2911 	2536 	3214
f 2937 	2939 	2998
f 2911 	3214 	3316
f 2941 	2906 	2898
f 2933 	2934 	337
f 2883 	2783 	2889
f 2792 	2889 	2783
f 2934 	2935 	337
f 2943 	337 	2935
f 3475 	499 	505
f 2710 	3372 	2697
f 2945 	2926 	2906
f 2946 	2947 	2758
f 3372 	3373 	2697
f 2945 	2906 	2941
f 2949 	2926 	2945
f 2946 	371 	2947
f 3028 	2955 	2920
f 183 	2936 	2949
f 4469 	4466 	6734
f 2947 	418 	2948
f 1925 	1777 	2991
f 2953 	2774 	2948
f 2952 	2962 	3380
f 2954 	3380 	2962
f 2956 	3380 	2954
f 2944 	815 	2884
f 2949 	2936 	2926
f 2958 	2959 	2867
f 183 	2949 	182
f 2959 	2960 	2867
f 2961 	2869 	2960
f 815 	2944 	819
f 2951 	2869 	2961
f 182 	2949 	3776
f 2948 	2950 	2953
f 2953 	2950 	2958
f 2965 	3380 	2963
f 2958 	2950 	2959
f 2961 	2960 	3142
f 2950 	3142 	2959
f 2960 	2959 	3142
f 2898 	2899 	2964
f 2898 	2964 	3930
f 2944 	1618 	819
f 499 	498 	2969
f 505 	499 	2969
f 2972 	505 	2969
f 3696 	2975 	2889
f 2972 	2974 	510
f 2972 	510 	505
f 2973 	4191 	2976
f 2977 	2976 	4191
f 2889 	2975 	2944
f 510 	2974 	2697
f 2962 	2952 	2979
f 2944 	2975 	1618
f 2970 	2973 	2943
f 2968 	2970 	2943
f 2935 	2968 	2943
f 1641 	1618 	2975
f 2979 	2952 	2965
f 2973 	2976 	3141
f 2976 	2977 	3141
f 3000 	2978 	2971
f 2966 	3141 	2977
f 3000 	3006 	2978
f 2954 	2972 	2956
f 2969 	2956 	2972
f 2978 	3006 	2980
f 2943 	2973 	3141
f 2975 	3696 	2981
f 2984 	2985 	2876
f 2931 	2950 	2930
f 2202 	3273 	2982
f 2987 	2988 	2989
f 3030 	2987 	2990
f 2991 	1777 	2957
f 2989 	2988 	2992
f 2989 	2992 	2993
f 2993 	2992 	2995
f 2993 	2995 	2996
f 2875 	2984 	2876
f 2996 	2995 	2997
f 2996 	2997 	2999
f 2999 	3001 	3002
f 3004 	2995 	3003
f 2998 	2957 	2955
f 3000 	2971 	2994
f 2876 	3005 	2879
f 2957 	2998 	2991
f 3005 	2876 	2985
f 692 	3003 	687
f 3003 	2992 	687
f 2987 	687 	2988
f 1925 	2991 	1914
f 2988 	687 	2992
f 3000 	3011 	3006
f 2998 	1914 	2991
f 2992 	3003 	2995
f 2995 	3004 	2997
f 3005 	2882 	2879
f 2939 	1908 	2998
f 3005 	3007 	2882
f 2980 	2168 	2982
f 3032 	2997 	2995
f 3032 	2995 	2992
f 3032 	2992 	2988
f 2987 	3032 	2988
f 692 	578 	3003
f 5699 	2924 	3014
f 2168 	2980 	3006
f 2029 	3003 	578
f 2997 	2567 	2999
f 2168 	2170 	2982
f 2938 	3008 	2923
f 2042 	3001 	2999
f 3004 	3003 	2029
f 3004 	2038 	2041
f 3000 	2994 	2880
f 3012 	3013 	2985
f 2041 	2052 	3004
f 2880 	3011 	3000
f 3012 	3018 	3013
f 2567 	2362 	2999
f 2942 	3014 	2917
f 2924 	2917 	3014
f 2171 	3006 	3011
f 2051 	2120 	3004
f 2997 	3004 	2567
f 3021 	3033 	3013
f 2997 	3032 	2567
f 3012 	2985 	2984
f 2137 	2181 	2987
f 3018 	3019 	3013
f 2137 	2988 	2138
f 2992 	2995 	2139
f 3012 	3017 	3018
f 2567 	2362 	2995
f 2997 	2567 	2995
f 2925 	3015 	2920
f 3019 	3021 	3013
f 3028 	2920 	3027
f 2985 	3013 	3025
f 3128 	3024 	3026
f 3013 	3033 	3025
f 3029 	3128 	3026
f 2955 	2957 	2920
f 2204 	3073 	2914
f 2985 	3025 	3005
f 2989 	2990 	2987
f 1777 	2920 	2957
f 3031 	3025 	3033
f 687 	3029 	2929
f 2929 	3024 	3144
f 2914 	3043 	2854
f 3035 	3036 	2923
f 3029 	3026 	2929
f 3023 	3144 	3024
f 3005 	3034 	3007
f 3026 	3024 	2929
f 3035 	2923 	3008
f 3025 	3034 	3005
f 687 	2987 	3030
f 687 	3030 	3029
f 3031 	3037 	3025
f 3038 	3034 	3037
f 3025 	3037 	3034
f 2987 	3030 	3032
f 3032 	3030 	3029
f 3032 	3029 	3026
f 3032 	3026 	3024
f 3032 	3024 	3023
f 3039 	3028 	3027
f 3092 	3034 	3040
f 3042 	3040 	3034
f 3015 	3060 	3027
f 2140 	2909 	3041
f 3038 	3042 	3034
f 3024 	2191 	3023
f 3028 	3039 	2955
f 3010 	2761 	2756
f 3010 	2756 	3009
f 3026 	2179 	3024
f 2998 	2955 	3039
f 2179 	3026 	3029
f 3021 	3019 	3010
f 3039 	3060 	3035
f 2909 	2854 	3043
f 2938 	2937 	3039
f 2988 	2137 	2987
f 2892 	2500 	2536
f 3008 	2938 	3039
f 3018 	3009 	3019
f 2536 	2911 	2892
f 3044 	3045 	3043
f 2909 	3043 	3045
f 3035 	3008 	3039
f 3046 	1114 	947
f 2979 	2974 	2962
f 3082 	5902 	2925
f 2710 	2979 	2963
f 2979 	2965 	2963
f 2710 	2697 	2979
f 2909 	3045 	3041
f 3027 	2920 	3015
f 4392 	3046 	2252
f 2974 	2972 	2962
f 2954 	2962 	2972
f 3048 	2925 	5903
f 3192 	704 	1105
f 2963 	2713 	2710
f 2974 	2979 	2697
f 2967 	2956 	2969
f 3047 	3049 	3182
f 3033 	3010 	3031
f 3052 	2928 	3051
f 5002 	1735 	3041
f 2140 	3041 	1735
f 3010 	3033 	3021
f 3051 	2928 	3050
f 3041 	3045 	5002
f 3038 	3037 	3010
f 3031 	3010 	3037
f 3193 	3053 	3219
f 2133 	2136 	4683
f 2140 	3041 	4683
f 4683 	3045 	3044
f 3054 	2928 	3036
f 1104 	1147 	3053
f 3050 	2928 	3054
f 3653 	488 	3654
f 3055 	3056 	3057
f 3203 	2527 	2253
f 531 	498 	3475
f 3057 	3056 	3059
f 3056 	3060 	3059
f 3078 	3074 	3055
f 3063 	539 	3380
f 3056 	3051 	3050
f 3056 	3050 	3060
f 3058 	3062 	2199
f 2956 	2967 	3380
f 3052 	3051 	3056
f 3203 	2253 	3064
f 3061 	704 	3190
f 3063 	3380 	2967
f 3061 	3065 	3064
f 3060 	3048 	5903
f 3068 	3124 	3067
f 3381 	560 	3385
f 556 	3385 	560
f 2971 	3016 	3210
f 2971 	2978 	3016
f 3060 	3015 	3048
f 3039 	3027 	3060
f 2195 	3123 	3069
f 561 	3071 	3380
f 3036 	3035 	3060
f 3016 	2978 	3020
f 2978 	2980 	3020
f 3067 	3144 	3068
f 3054 	3036 	3060
f 3071 	560 	3381
f 3068 	3144 	3023
f 3020 	2980 	3022
f 3050 	3054 	3060
f 2980 	2982 	3022
f 560 	3071 	2969
f 3063 	2969 	3071
f 561 	539 	3071
f 3058 	3075 	3062
f 3063 	2967 	2969
f 2712 	2713 	3376
f 2952 	3380 	2965
f 3380 	3378 	2963
f 2914 	3073 	3062
f 2914 	3062 	3075
f 3371 	3368 	332
f 3065 	3187 	3064
f 2916 	2718 	3302
f 3067 	3072 	3068
f 3023 	3068 	3072
f 3023 	3072 	3032
f 3074 	3084 	3052
f 3619 	3084 	3078
f 3078 	3084 	3074
f 3122 	2195 	2194
f 3122 	2194 	2692
f 2386 	2692 	2194
f 2759 	3009 	2760
f 3056 	3055 	3074
f 3074 	3052 	3056
f 2924 	2917 	2448
f 2549 	2569 	2924
f 2186 	3032 	2187
f 3072 	2187 	3032
f 3067 	3122 	2692
f 3009 	3018 	3017
f 2590 	3080 	2569
f 2590 	2730 	3080
f 2549 	2924 	2448
f 3080 	2924 	2569
f 2692 	3144 	3067
f 2503 	3079 	3081
f 3009 	2759 	2754
f 2571 	2925 	3082
f 3067 	2692 	3072
f 2550 	2451 	2925
f 3067 	3068 	2692
f 2208 	2386 	3068
f 2925 	2571 	2550
f 3023 	2208 	3068
f 2809 	3084 	2564
f 3022 	2982 	3273
f 3086 	3010 	3085
f 3009 	3085 	3010
f 3080 	3087 	3088
f 3085 	2762 	2761
f 3085 	2761 	3086
f 3024 	3127 	3023
f 2762 	3085 	2756
f 3009 	2756 	3085
f 3029 	3131 	3128
f 2729 	3080 	2730
f 3080 	2729 	3091
f 3087 	3080 	3091
f 3030 	3133 	3029
f 3131 	3029 	3133
f 3040 	3093 	3092
f 2805 	3094 	2729
f 3091 	2729 	3094
f 3133 	3030 	2990
f 2805 	3082 	3094
f 3095 	3094 	3082
f 3070 	3069 	3123
f 3086 	2761 	3010
f 2805 	2804 	3082
f 2990 	2989 	2930
f 2326 	2930 	2989
f 2989 	2993 	2326
f 2996 	2330 	2993
f 2928 	2564 	3084
f 2326 	2993 	2330
f 3099 	3153 	3086
f 3153 	3040 	3086
f 3042 	3086 	3040
f 3038 	3086 	3042
f 3010 	3086 	3038
f 3009 	3010 	3019
f 1171 	1596 	3100
f 2996 	2999 	2330
f 3002 	2330 	2999
f 3090 	3111 	3097
f 2915 	1171 	3100
f 3099 	3103 	3159
f 3101 	3102 	3104
f 3103 	3099 	3105
f 3086 	3105 	3099
f 2765 	2764 	3105
f 3103 	3105 	2764
f 3089 	3921 	3110
f 3040 	3153 	3093
f 3101 	3104 	2943
f 337 	2943 	3104
f 3104 	3106 	337
f 3108 	337 	3106
f 3159 	3103 	3170
f 3110 	3090 	3089
f 2764 	3170 	3103
f 3090 	3110 	3111
f 3112 	418 	3114
f 2950 	2948 	418
f 2794 	2793 	2796
f 2950 	418 	3112
f 2904 	2882 	3113
f 2882 	3007 	3113
f 2877 	2796 	2793
f 3079 	3083 	3081
f 3112 	3114 	3135
f 2910 	2904 	3113
f 3113 	3034 	3092
f 2793 	2881 	2794
f 2943 	2983 	3101
f 2807 	2794 	2881
f 3007 	3034 	3113
f 2983 	3102 	3101
f 2913 	2910 	3113
f 3116 	3117 	3115
f 3117 	3118 	3115
f 3092 	3154 	3113
f 3118 	3119 	3115
f 3157 	3120 	3115
f 3116 	3115 	3120
f 3113 	3121 	2913
f 2468 	2503 	3081
f 3155 	3156 	3113
f 3112 	2990 	2950
f 2930 	2950 	2990
f 2195 	3122 	3123
f 3122 	3067 	3124
f 3126 	3115 	3125
f 3119 	3125 	3115
f 3127 	3124 	3023
f 3068 	3023 	3124
f 3121 	3150 	3129
f 3024 	3128 	3127
f 2468 	3081 	2727
f 3129 	3151 	3152
f 3083 	7160 	3132
f 3083 	3132 	3081
f 2990 	3112 	3133
f 3121 	3129 	3765
f 3135 	3096 	3123
f 3096 	3070 	3123
f 3122 	3124 	3123
f 3135 	3123 	3124
f 3135 	3124 	3127
f 3135 	3127 	3128
f 3135 	3128 	3131
f 3135 	3131 	3133
f 3135 	3133 	3112
f 3107 	2905 	3575
f 3136 	2844 	2859
f 2860 	2859 	2844
f 2844 	2929 	2860
f 2929 	2931 	2860
f 2927 	2860 	2931
f 3140 	4667 	3137
f 2908 	3581 	2905
f 3139 	3137 	3138
f 4506 	4622 	3136
f 180 	2924 	3080
f 2924 	3080 	3082
f 2924 	3082 	2925
f 2212 	2256 	3139
f 3084 	3573 	2928
f 2925 	2928 	3084
f 2925 	3084 	3082
f 2310 	3140 	2221
f 3137 	2221 	3140
f 3088 	180 	3080
f 3095 	3082 	3080
f 3095 	3080 	3088
f 3098 	3573 	3084
f 3098 	3095 	3082
f 3098 	3082 	3084
f 3138 	3142 	3139
f 2929 	3139 	2931
f 3143 	2983 	3141
f 2943 	3141 	2983
f 2931 	3139 	3142
f 2931 	3142 	2950
f 2923 	3036 	2928
f 2928 	3052 	3084
f 3155 	3113 	3154
f 3145 	2929 	3144
f 3145 	3146 	2929
f 3139 	2929 	3146
f 3121 	3113 	3156
f 2342 	2219 	3146
f 3147 	3148 	3121
f 3139 	3146 	2212
f 3148 	3150 	3121
f 2692 	2386 	3144
f 3147 	3121 	3149
f 3156 	3149 	3121
f 3125 	3134 	3126
f 3129 	3150 	3151
f 3119 	3118 	3624
f 3116 	3120 	3624
f 3116 	3120 	3117
f 3120 	3134 	3117
f 2330 	3002 	691
f 3149 	3153 	3147
f 3147 	3153 	3148
f 3001 	691 	3002
f 3117 	3134 	3118
f 3153 	3782 	3148
f 3150 	3148 	3782
f 3125 	3119 	3134
f 3151 	3150 	3782
f 3118 	3134 	3119
f 3116 	3624 	3117
f 3117 	3624 	3118
f 3154 	3092 	3093
f 3516 	3624 	3120
f 3159 	3153 	3099
f 3154 	3093 	3153
f 3155 	3154 	3153
f 3156 	3155 	3153
f 3149 	3156 	3153
f 3096 	3002 	3070
f 3069 	3070 	3001
f 3001 	3070 	3002
f 3114 	3002 	3135
f 3120 	3157 	5350
f 3158 	5350 	3157
f 3160 	3165 	3161
f 3098 	3084 	3619
f 3167 	4823 	3159
f 2738 	2660 	2739
f 2912 	2728 	2738
f 3162 	3163 	3164
f 3171 	3096 	3135
f 3163 	2767 	2769
f 3163 	2769 	3164
f 2738 	2746 	2912
f 2767 	3163 	2768
f 3162 	2768 	3163
f 3135 	3002 	3096
f 2660 	2738 	2728
f 3162 	3164 	2768
f 2769 	2768 	3164
f 3161 	3165 	3166
f 2746 	2806 	2912
f 2770 	2773 	3169
f 3167 	3169 	2773
f 3070 	3096 	3168
f 3069 	3070 	3168
f 2764 	2775 	3170
f 2803 	2811 	2810
f 2813 	2810 	2811
f 3171 	3168 	3096
f 3167 	3159 	3169
f 3170 	3169 	3159
f 3094 	2806 	2912
f 2728 	3091 	2912
f 3094 	2912 	3091
f 3173 	2813 	2915
f 3173 	2915 	3100
f 3172 	3167 	2772
f 2773 	2772 	3167
f 179 	180 	3088
f 179 	3088 	3087
f 3174 	2771 	3169
f 2770 	3169 	2771
f 2775 	2765 	3170
f 3105 	3170 	2765
f 2821 	3319 	2814
f 3086 	4737 	3105
f 2746 	3175 	3176
f 2785 	2885 	2790
f 3739 	2496 	1952
f 2785 	2886 	2885
f 172 	3228 	2660
f 2660 	3230 	2739
f 3177 	2739 	3180
f 2798 	2790 	2885
f 3178 	2749 	3176
f 3321 	2749 	3179
f 3179 	2749 	3178
f 2746 	3176 	2749
f 3175 	2739 	3177
f 2885 	2891 	2798
f 2037 	792 	3472
f 2798 	3181 	2826
f 2811 	3321 	2821
f 2803 	3321 	2811
f 2749 	3321 	2803
f 2891 	3181 	2798
f 3077 	3182 	3066
f 2891 	2901 	3181
f 3047 	3182 	3077
f 3184 	5433 	3183
f 3186 	3501 	3185
f 3185 	3211 	2605
f 3214 	3187 	3182
f 3126 	3658 	3189
f 3125 	3126 	3189
f 3182 	3187 	3065
f 2794 	3692 	2793
f 3182 	3065 	3066
f 3182 	3049 	3299
f 3118 	3189 	3117
f 2865 	2826 	3181
f 3316 	3214 	3182
f 3119 	3189 	3118
f 3182 	3299 	3316
f 3064 	2253 	3061
f 3116 	3501 	3120
f 3125 	3189 	3119
f 3190 	704 	3192
f 3193 	3049 	3047
f 3117 	3189 	3218
f 3219 	3049 	3193
f 3189 	2808 	3218
f 3218 	2808 	2837
f 3192 	3194 	3190
f 2808 	3688 	3692
f 3190 	3066 	3065
f 3077 	3066 	3190
f 3190 	3065 	3061
f 2808 	3189 	3688
f 3196 	3197 	2807
f 3196 	2807 	2881
f 3191 	2910 	2913
f 3194 	3077 	3190
f 3184 	3183 	3158
f 3198 	3158 	3183
f 7160 	3346 	3132
f 3194 	3047 	3077
f 4468 	3224 	722
f 3194 	3193 	3047
f 1105 	3199 	3192
f 3420 	3191 	3201
f 3199 	3194 	3192
f 2870 	3097 	3111
f 3199 	3193 	3194
f 3097 	2994 	2971
f 3199 	1104 	3193
f 1105 	1104 	3199
f 2870 	2994 	3097
f 3053 	3193 	1104
f 2913 	3201 	3191
f 3202 	3200 	2843
f 3111 	3110 	2964
f 3121 	3201 	2913
f 2964 	2871 	3111
f 2871 	2870 	3111
f 3202 	3211 	3212
f 2870 	2878 	2994
f 3121 	3765 	3201
f 2853 	3211 	3202
f 3205 	3204 	3064
f 2847 	3202 	2843
f 3064 	3187 	3205
f 3213 	3490 	3212
f 3187 	3214 	3205
f 2847 	2855 	3202
f 2855 	2853 	3202
f 2853 	2855 	2605
f 3212 	3211 	3185
f 2853 	2605 	3211
f 3213 	3212 	3185
f 3204 	2537 	2527
f 2855 	4249 	2853
f 3204 	2536 	2537
f 3203 	3204 	2527
f 2855 	2856 	4249
f 2853 	4249 	3211
f 3207 	3216 	3428
f 3204 	3205 	2536
f 4250 	2807 	3197
f 3116 	3117 	3212
f 3211 	3212 	3218
f 2853 	3211 	3218
f 3204 	3203 	3064
f 3219 	3221 	3049
f 3217 	3317 	2747
f 3212 	3213 	3116
f 3299 	3049 	3221
f 3302 	3303 	2683
f 3071 	3381 	3382
f 5432 	723 	3224
f 3382 	3380 	3071
f 3222 	3219 	3223
f 3219 	3222 	3221
f 3090 	3210 	3209
f 2723 	2724 	3250
f 2724 	2799 	3250
f 335 	234 	3226
f 335 	3226 	3227
f 335 	3227 	3229
f 3230 	2660 	3228
f 3180 	2739 	3230
f 3226 	2647 	3227
f 2647 	2638 	3227
f 2806 	3232 	2912
f 3232 	3228 	2912
f 3233 	3230 	3232
f 2728 	2912 	3228
f 3226 	3725 	3766
f 2813 	3179 	3235
f 2810 	2813 	3235
f 3226 	3227 	3236
f 3226 	3236 	3237
f 3234 	3233 	3232
f 3234 	3232 	3235
f 3227 	3229 	3238
f 3227 	3238 	3236
f 3228 	3232 	3230
f 3177 	3176 	3175
f 3237 	3236 	2648
f 3239 	2648 	3238
f 3238 	2648 	3236
f 3177 	3180 	3240
f 3858 	3089 	3208
f 3180 	3230 	3240
f 3180 	3233 	3177
f 3230 	3233 	3180
f 3176 	3177 	3233
f 3089 	3090 	3209
f 1135 	3242 	3222
f 3231 	3241 	3239
f 3238 	3229 	3239
f 3231 	3239 	3229
f 3178 	3234 	3179
f 3234 	3235 	3179
f 3239 	3238 	3244
f 3243 	3244 	3238
f 3243 	3238 	3247
f 3209 	3208 	3089
f 3248 	3091 	3228
f 3249 	3091 	3248
f 2728 	3228 	3091
f 3244 	3245 	3239
f 3241 	3239 	3245
f 3097 	3210 	3090
f 3266 	3265 	3327
f 3241 	3245 	3246
f 3097 	2971 	3210
f 2806 	3094 	3232
f 3243 	3244 	3251
f 3244 	3245 	3251
f 3246 	3251 	3245
f 3095 	3329 	3094
f 3294 	3288 	3329
f 336 	335 	3229
f 336 	3229 	3252
f 3250 	2721 	2723
f 3235 	3297 	3098
f 2810 	3235 	3098
f 3226 	3766 	3227
f 3227 	3850 	3229
f 3250 	3242 	2716
f 2748 	2721 	3250
f 3248 	3254 	3255
f 3248 	3255 	3249
f 3258 	3262 	3239
f 3234 	3256 	3257
f 3234 	3257 	3233
f 3241 	3258 	3239
f 3259 	207 	3260
f 3259 	3228 	207
f 172 	207 	3228
f 3242 	3250 	3222
f 3260 	3264 	3265
f 3260 	3265 	3266
f 3248 	3228 	3266
f 3228 	3259 	3266
f 3260 	3266 	3259
f 3326 	3327 	3265
f 3266 	3267 	3254
f 3266 	3254 	3248
f 3016 	3020 	3263
f 3245 	3268 	3246
f 3255 	3267 	3266
f 3255 	3266 	3249
f 3261 	3222 	3250
f 3231 	3252 	3258
f 3231 	3258 	3241
f 3269 	3270 	3271
f 3269 	3271 	3272
f 3241 	3246 	3258
f 3270 	3240 	3271
f 3230 	3271 	3240
f 3020 	3022 	3263
f 3255 	3254 	3267
f 3262 	3258 	3268
f 3268 	3258 	3246
f 3229 	2638 	3231
f 3270 	3274 	3177
f 3270 	3177 	3240
f 3356 	3372 	2703
f 3176 	3274 	3276
f 3176 	3276 	3178
f 3274 	3439 	3277
f 3278 	3439 	3274
f 3277 	3278 	3274
f 1132 	1135 	3222
f 3274 	3277 	3281
f 3308 	3280 	2662
f 3246 	2662 	3280
f 3274 	3282 	3277
f 2331 	3409 	3275
f 3274 	3270 	3283
f 3269 	3283 	3270
f 3308 	2662 	3284
f 3285 	3276 	3281
f 3274 	3281 	3276
f 3273 	2202 	3275
f 3272 	3271 	3283
f 3274 	3283 	3271
f 3177 	3274 	3271
f 3230 	3180 	3271
f 3177 	3271 	3180
f 3251 	3246 	3280
f 3251 	3280 	3284
f 3251 	3284 	3286
f 3251 	3286 	3279
f 2202 	2207 	3275
f 3223 	1147 	3222
f 336 	3252 	3287
f 3222 	3261 	3221
f 3233 	3257 	3176
f 3257 	3288 	3176
f 3289 	3290 	3288
f 3290 	3274 	3288
f 3282 	3274 	3290
f 3176 	3288 	3274
f 338 	336 	3287
f 338 	3287 	3291
f 338 	3291 	3292
f 3369 	3416 	3293
f 3288 	3232 	3329
f 3094 	3329 	3232
f 3295 	3289 	3294
f 3231 	292 	3291
f 3287 	3231 	3291
f 3252 	3231 	3287
f 3289 	3288 	3294
f 3053 	3223 	3219
f 3287 	4766 	3291
f 3297 	3276 	3296
f 3234 	3178 	3256
f 3297 	3256 	3178
f 3178 	3276 	3297
f 3285 	3296 	3276
f 1147 	3223 	3053
f 1990 	4067 	4066
f 3252 	3287 	3298
f 3252 	3298 	3258
f 3333 	3098 	3296
f 3287 	3291 	3300
f 3287 	3300 	3298
f 3288 	3257 	3256
f 3288 	3256 	3297
f 3291 	3292 	3300
f 3235 	3232 	3288
f 3235 	3288 	3297
f 3258 	3298 	3241
f 3298 	3300 	3241
f 2801 	3250 	2799
f 3294 	3265 	3264
f 3306 	3279 	3303
f 3295 	3294 	3264
f 2801 	3304 	3261
f 3464 	3326 	3265
f 3279 	3306 	3307
f 3294 	3467 	3265
f 3464 	3265 	3467
f 3307 	3251 	3279
f 3332 	3467 	3294
f 3309 	3280 	3308
f 2801 	2911 	3304
f 3305 	4066 	3414
f 3301 	3305 	3414
f 3296 	3553 	3333
f 3297 	3296 	3098
f 3310 	3308 	3284
f 3310 	3284 	3309
f 3280 	3309 	3284
f 2813 	3173 	3179
f 2801 	3261 	3250
f 3314 	3303 	3312
f 3307 	3306 	3314
f 3306 	3303 	3314
f 3302 	3312 	3303
f 3560 	3454 	3173
f 3179 	3173 	3311
f 3268 	3309 	3262
f 3309 	3308 	3262
f 3318 	3303 	3310
f 3262 	3303 	3302
f 3299 	3221 	3304
f 3308 	3310 	3303
f 3306 	3303 	3318
f 3262 	3308 	3303
f 3316 	3304 	2911
f 3309 	3308 	3310
f 3261 	3304 	3221
f 3318 	3307 	3306
f 3217 	3320 	3317
f 3287 	3252 	4766
f 3229 	3850 	3252
f 2747 	3317 	2751
f 3299 	3304 	3316
f 2821 	3321 	3319
f 3321 	3561 	3319
f 3243 	3330 	3244
f 3322 	3323 	3369
f 3321 	3179 	3311
f 3244 	4755 	3245
f 3058 	2751 	3317
f 3320 	3324 	3317
f 3568 	3560 	3100
f 3173 	3100 	3560
f 179 	3087 	3325
f 3463 	3326 	3464
f 3325 	3087 	3266
f 3249 	3266 	3087
f 3091 	3249 	3087
f 3058 	3317 	3324
f 4755 	3244 	3330
f 3331 	3294 	3329
f 3332 	3294 	3331
f 4774 	3245 	4756
f 3084 	2810 	3098
f 3058 	3324 	3075
f 3282 	3290 	3278
f 3277 	3282 	3278
f 3269 	3272 	3283
f 3264 	3260 	3272
f 3334 	4903 	3075
f 3307 	3314 	3335
f 3342 	3302 	3303
f 3290 	3264 	3278
f 3283 	3278 	3264
f 3289 	3264 	3290
f 3272 	3283 	3264
f 3324 	3334 	3075
f 3306 	3307 	3335
f 3264 	3289 	3295
f 3335 	3328 	3307
f 3251 	3307 	3328
f 3363 	6617 	3336
f 4773 	4776 	3268
f 3282 	3290 	3281
f 3290 	3296 	3281
f 3285 	3281 	3296
f 3363 	3336 	3337
f 3225 	3343 	3442
f 3335 	3307 	3318
f 3313 	4059 	4060
f 4133 	3444 	4060
f 3437 	3315 	3313
f 3292 	3291 	5166
f 3315 	3408 	4071
f 3340 	3335 	3339
f 3341 	3335 	3340
f 3314 	3339 	3335
f 3337 	3338 	3363
f 3303 	3335 	3342
f 3306 	3335 	3303
f 3345 	3342 	3335
f 3341 	3345 	3335
f 3001 	2042 	2581
f 3081 	3217 	2727
f 3081 	3132 	3217
f 3245 	4773 	3268
f 2057 	2058 	3911
f 3365 	3363 	3338
f 3217 	3132 	3320
f 3335 	3318 	3341
f 3339 	3314 	3312
f 3339 	3312 	3347
f 3324 	3346 	3334
f 3320 	3132 	3346
f 2615 	2614 	3764
f 2613 	3767 	2614
f 3346 	7160 	3215
f 3320 	3346 	3324
f 3188 	3351 	3220
f 3312 	3302 	3342
f 3757 	3001 	2581
f 3347 	3312 	3342
f 3346 	3352 	3334
f 2580 	3759 	2581
f 3353 	3354 	342
f 338 	3292 	342
f 3353 	342 	3292
f 3292 	3291 	292
f 292 	332 	3292
f 3220 	3351 	3379
f 2616 	2615 	3762
f 3346 	3355 	3352
f 3220 	3379 	5428
f 3353 	3292 	7179
f 3762 	2615 	3764
f 3764 	2614 	3767
f 3356 	3353 	3354
f 3346 	3215 	3355
f 3767 	2613 	2618
f 3292 	3353 	3356
f 3292 	3356 	3300
f 510 	2697 	3361
f 3352 	3360 	3357
f 1468 	1469 	4744
f 3352 	3355 	3362
f 2683 	2916 	3302
f 3279 	2683 	3303
f 3352 	3362 	3360
f 3361 	3660 	505
f 3365 	3338 	3364
f 3355 	5378 	3362
f 5378 	3355 	3215
f 3349 	3363 	5731
f 346 	342 	3354
f 346 	3354 	3367
f 3363 	3365 	3364
f 3363 	3364 	5731
f 3360 	2780 	3357
f 347 	346 	3367
f 347 	3367 	3368
f 3364 	3338 	3370
f 3368 	3371 	347
f 362 	347 	3371
f 3360 	2786 	2780
f 3338 	3337 	3370
f 3367 	3354 	332
f 3354 	3353 	332
f 3368 	3367 	332
f 3362 	2786 	3360
f 3353 	7179 	3354
f 5250 	2786 	3362
f 3354 	7307 	3367
f 3364 	3370 	5731
f 3354 	3367 	3372
f 3354 	3372 	3356
f 476 	4861 	478
f 3367 	3368 	3373
f 3367 	3373 	3372
f 3383 	6766 	3384
f 3368 	3371 	3375
f 3368 	3375 	3373
f 3361 	2697 	3373
f 3361 	3373 	3375
f 3220 	5428 	3350
f 3376 	2963 	3378
f 6766 	3383 	1526
f 3385 	3366 	3386
f 3302 	3358 	3262
f 3388 	3358 	3376
f 3388 	3376 	3378
f 3380 	3389 	3378
f 3388 	3378 	3389
f 3374 	3390 	3387
f 3390 	3374 	3377
f 3382 	3381 	3358
f 3381 	3385 	3358
f 3262 	3358 	3385
f 3376 	3382 	3358
f 3377 	3421 	3436
f 3796 	3391 	3351
f 3376 	3378 	3382
f 3380 	3382 	3378
f 3377 	3436 	3390
f 3351 	3391 	3379
f 3386 	3392 	3385
f 3262 	3385 	3392
f 5166 	7179 	3292
f 3403 	6768 	3395
f 3379 	3391 	3396
f 3398 	3399 	3388
f 3358 	3388 	3399
f 3367 	7307 	3368
f 5428 	3379 	3396
f 3390 	3400 	3397
f 3660 	1633 	3392
f 5731 	3395 	3394
f 3390 	3461 	3400
f 3376 	3358 	3399
f 3349 	5731 	3394
f 3393 	3397 	3404
f 3411 	6767 	3405
f 3396 	3391 	3401
f 3412 	3369 	3293
f 3393 	3404 	1941
f 3397 	3400 	3404
f 3401 	3407 	3396
f 3412 	3293 	3414
f 3400 	3413 	3404
f 3408 	3414 	4071
f 3402 	3403 	3406
f 3395 	3406 	3403
f 2901 	2865 	3181
f 3404 	1944 	1941
f 3405 	3402 	3406
f 3408 	3315 	3409
f 3301 	3293 	3416
f 3418 	3301 	3416
f 3410 	3406 	3384
f 3322 	3369 	3412
f 3410 	3411 	3406
f 3293 	3301 	3414
f 3400 	3461 	3413
f 3406 	3411 	3405
f 3409 	3323 	3412
f 3322 	3412 	3323
f 3409 	3412 	3414
f 3409 	3414 	3408
f 2865 	3191 	3195
f 2910 	3191 	2865
f 2865 	2903 	2910
f 3416 	3369 	3323
f 3417 	1944 	3404
f 3404 	3413 	3417
f 2343 	3301 	3418
f 3413 	3415 	3417
f 2865 	2901 	2903
f 2335 	3418 	3409
f 3409 	3416 	3323
f 3416 	3409 	3418
f 3671 	4206 	3438
f 2331 	2335 	3409
f 7344 	7345 	3426
f 3426 	3434 	7344
f 3425 	7345 	7370
f 2335 	2343 	3418
f 3195 	3420 	3419
f 3417 	1946 	1944
f 3420 	3195 	3191
f 3431 	3432 	4134
f 3432 	4133 	4134
f 3420 	3207 	3422
f 4134 	3435 	3431
f 3201 	3207 	3420
f 3420 	3422 	3424
f 3313 	4060 	3444
f 7370 	3427 	3425
f 3426 	3425 	3430
f 3216 	3188 	3428
f 3425 	3427 	3430
f 3566 	3430 	3427
f 3420 	3424 	5464
f 3432 	3433 	4133
f 3444 	4133 	3433
f 3430 	3434 	3426
f 3492 	3207 	3428
f 3437 	3432 	3253
f 3421 	3453 	3436
f 7344 	3434 	3438
f 3253 	3432 	3431
f 3290 	3289 	3296
f 3440 	3277 	3439
f 3253 	3431 	3435
f 3343 	3225 	3344
f 3253 	3263 	3437
f 3430 	3438 	3434
f 3443 	3225 	3442
f 3344 	3441 	417
f 3442 	3343 	417
f 3430 	3566 	5266
f 3442 	417 	3443
f 3343 	3344 	417
f 3437 	3433 	3432
f 1952 	1953 	3739
f 3344 	3519 	3343
f 3441 	3519 	3344
f 3445 	3344 	3343
f 3344 	3445 	3441
f 3437 	3313 	3444
f 3437 	3444 	3433
f 5266 	3944 	3430
f 3442 	3449 	3445
f 3442 	3445 	3343
f 3443 	3559 	3449
f 3442 	3443 	3449
f 3430 	3944 	3673
f 3376 	7294 	3378
f 3483 	3476 	3224
f 3447 	3448 	3445
f 3446 	3447 	3445
f 3441 	3445 	3448
f 3450 	3446 	3449
f 3449 	3446 	3445
f 3565 	3563 	973
f 3380 	7301 	3389
f 980 	3555 	973
f 3448 	3447 	3224
f 3447 	3446 	3224
f 3446 	3450 	3224
f 3399 	7294 	3376
f 3450 	3574 	3224
f 3574 	3484 	3224
f 3450 	3482 	3446
f 3389 	3398 	3388
f 3447 	3446 	3482
f 3448 	3447 	3482
f 1188 	7305 	3389
f 3446 	3447 	3451
f 4360 	3451 	3448
f 3448 	3451 	3447
f 4360 	4377 	3451
f 4238 	3451 	4377
f 3563 	3564 	972
f 3451 	3450 	3446
f 3361 	3375 	3366
f 3386 	3366 	3375
f 3386 	3375 	3392
f 3278 	3283 	3439
f 3475 	3495 	531
f 3632 	3631 	3440
f 3277 	3440 	3454
f 3277 	3454 	3281
f 3421 	3423 	3453
f 3439 	219 	3440
f 3494 	3497 	531
f 3494 	531 	3495
f 3423 	3429 	3453
f 3272 	3439 	3283
f 3272 	3260 	3439
f 3632 	3440 	3457
f 3455 	3457 	3440
f 3453 	3429 	3458
f 3459 	3505 	2282
f 2577 	2282 	3505
f 3157 	3115 	3469
f 3502 	3505 	3459
f 3457 	3455 	3460
f 3436 	3461 	3390
f 3282 	3281 	3454
f 3454 	3460 	3455
f 3282 	3454 	3455
f 3436 	3453 	3461
f 3458 	3462 	3461
f 3904 	1478 	1474
f 3890 	680 	3891
f 3439 	3260 	219
f 207 	219 	3260
f 3455 	3440 	219
f 3462 	3466 	3461
f 2578 	3507 	3506
f 3471 	3528 	3158
f 2578 	2582 	3508
f 3158 	3198 	3471
f 3473 	3471 	3198
f 2577 	3505 	2582
f 3157 	3469 	3158
f 3471 	3158 	3469
f 3471 	3469 	3470
f 3458 	3461 	3453
f 3660 	3659 	505
f 3469 	3470 	3516
f 3157 	3469 	3516
f 3477 	3473 	3476
f 3183 	3476 	3473
f 3183 	3473 	3198
f 3477 	3476 	3479
f 3478 	3479 	3476
f 3890 	3366 	544
f 3385 	544 	3366
f 3461 	3466 	3413
f 3482 	3483 	3481
f 3480 	3481 	3483
f 5432 	3224 	3183
f 3183 	3224 	3476
f 3483 	3484 	3480
f 3483 	3224 	3484
f 2516 	3894 	3893
f 3374 	5638 	3485
f 3484 	3483 	3482
f 3485 	3487 	3377
f 350 	3488 	3489
f 350 	3489 	3491
f 3207 	3492 	3422
f 3489 	345 	3491
f 3489 	3488 	349
f 3474 	349 	3488
f 3490 	3476 	3483
f 3490 	3483 	3484
f 3488 	3493 	3489
f 3200 	3202 	3490
f 3428 	3188 	3220
f 3488 	3489 	3494
f 3488 	3494 	3495
f 3493 	3496 	3494
f 3493 	3494 	3489
f 3485 	3377 	3374
f 3451 	3200 	3490
f 3422 	3492 	3424
f 3456 	531 	3497
f 3428 	3220 	3492
f 3487 	3421 	3377
f 3478 	3476 	3498
f 3490 	3498 	3476
f 3500 	3494 	3499
f 3497 	3494 	3500
f 3496 	3499 	3494
f 3501 	3490 	3213
f 3498 	3490 	3501
f 3202 	3212 	3490
f 3601 	3421 	3487
f 3158 	3471 	3184
f 3478 	3184 	3471
f 3479 	3478 	3471
f 3492 	3220 	3350
f 3213 	3185 	3501
f 3498 	3501 	3184
f 3478 	3498 	3184
f 2516 	3506 	3486
f 3478 	3482 	3479
f 3481 	3526 	3482
f 3478 	3498 	3482
f 3501 	3482 	3498
f 2578 	3508 	3507
f 3184 	3501 	3186
f 355 	354 	3452
f 355 	3452 	2279
f 2279 	2280 	3456
f 2279 	3456 	3452
f 3509 	3188 	3216
f 3213 	4249 	3501
f 3213 	3212 	4249
f 3212 	3211 	4249
f 3479 	3470 	3478
f 3470 	3469 	3478
f 3498 	3478 	3469
f 2282 	2636 	3459
f 3509 	3533 	3512
f 3218 	3212 	3117
f 3459 	2282 	3456
f 2280 	3456 	2282
f 3157 	3501 	3469
f 3120 	3501 	3157
f 972 	973 	3563
f 3452 	3456 	3497
f 3452 	3497 	3491
f 3554 	3555 	980
f 3565 	973 	3555
f 3491 	3497 	3500
f 3498 	3469 	3501
f 3213 	3501 	3116
f 3491 	3500 	3513
f 3499 	3513 	3500
f 3473 	3477 	3479
f 3473 	3479 	3471
f 4406 	3502 	2636
f 3459 	2636 	3502
f 3115 	5319 	3517
f 3529 	980 	987
f 3456 	3497 	3459
f 3502 	3459 	3497
f 3502 	3497 	3500
f 3502 	3500 	3499
f 3517 	3528 	3115
f 3452 	3514 	2279
f 2318 	2279 	3514
f 3515 	3516 	4531
f 3188 	3509 	3512
f 2318 	3514 	2322
f 2321 	2322 	1134
f 3514 	1134 	2322
f 3527 	3529 	987
f 2280 	2325 	3456
f 3500 	3497 	1153
f 3351 	3188 	3512
f 2325 	999 	1124
f 1063 	1124 	999
f 999 	2325 	2328
f 999 	2328 	2329
f 4531 	3516 	3519
f 2282 	1012 	975
f 3459 	1012 	2282
f 3519 	3516 	3515
f 3452 	354 	353
f 3452 	353 	3514
f 3512 	3518 	3792
f 1083 	3520 	3521
f 1083 	3521 	2766
f 357 	350 	3491
f 357 	3491 	3523
f 3551 	3517 	3552
f 353 	357 	3523
f 353 	3523 	3514
f 980 	3556 	3554
f 3522 	3792 	3518
f 3524 	3525 	3516
f 3523 	4436 	3514
f 3512 	3792 	3351
f 3456 	1153 	3497
f 3469 	3115 	3470
f 3470 	3115 	3528
f 2325 	1124 	3456
f 3527 	987 	3531
f 964 	3535 	987
f 3502 	3538 	3459
f 3520 	4420 	3521
f 991 	2321 	1134
f 4436 	1134 	3514
f 3551 	318 	3528
f 1134 	4436 	1141
f 3529 	3527 	3532
f 3532 	3527 	3531
f 3263 	3022 	3437
f 3531 	987 	3535
f 3022 	3273 	3437
f 3534 	3533 	3536
f 964 	3537 	3535
f 3437 	3273 	3275
f 3530 	3533 	3509
f 3538 	2779 	1012
f 1012 	3459 	3538
f 3437 	3409 	3315
f 3539 	3540 	3534
f 2778 	3541 	1083
f 3541 	3520 	1083
f 3535 	3532 	3531
f 3533 	3534 	3540
f 3275 	3409 	3437
f 3537 	3532 	3535
f 3463 	3464 	3467
f 3463 	3467 	3468
f 3470 	3528 	3545
f 3545 	3528 	3471
f 3546 	3547 	3465
f 3455 	3465 	3547
f 3548 	3455 	3547
f 3282 	3455 	3548
f 3282 	3548 	3290
f 2635 	2766 	3521
f 2635 	3521 	2636
f 3289 	3290 	3548
f 3528 	3517 	3551
f 4423 	4406 	3521
f 2636 	3521 	4406
f 3470 	3545 	3471
f 3470 	3545 	3516
f 3209 	3549 	3208
f 3468 	3467 	3332
f 3210 	3016 	3549
f 3547 	3553 	3548
f 3562 	3208 	3549
f 3516 	3551 	3524
f 3552 	3524 	3551
f 3296 	3289 	3548
f 3296 	3548 	3553
f 3557 	3556 	980
f 417 	318 	3551
f 980 	3529 	3557
f 3562 	3549 	3544
f 3443 	417 	3559
f 3551 	3559 	417
f 3549 	3263 	3253
f 3311 	3173 	3454
f 3460 	3454 	3560
f 3559 	3551 	3525
f 3516 	3525 	3551
f 3555 	3554 	3558
f 3554 	3556 	3558
f 3556 	3557 	3558
f 3532 	3558 	3557
f 3545 	3479 	3516
f 3479 	3482 	3516
f 3526 	3516 	3482
f 3479 	3545 	3470
f 3562 	3544 	3543
f 3532 	3557 	3529
f 3526 	3481 	3519
f 3526 	3519 	3515
f 3427 	7370 	3564
f 3321 	3631 	3561
f 3525 	3524 	3559
f 3552 	3559 	3524
f 3210 	3549 	3209
f 3564 	3563 	3566
f 3563 	3565 	3566
f 3525 	3519 	3481
f 3525 	3481 	3480
f 3525 	3480 	3559
f 3558 	3566 	3565
f 3558 	3565 	3555
f 3321 	3311 	3454
f 3549 	3016 	3263
f 3427 	3564 	3566
f 3463 	3547 	3567
f 3468 	3547 	3463
f 3546 	3567 	3547
f 3463 	3567 	3569
f 3525 	3442 	3519
f 3327 	3325 	3266
f 3326 	3463 	3569
f 3515 	4531 	3526
f 3562 	3961 	3206
f 3571 	3547 	3570
f 3468 	3570 	3547
f 3206 	3208 	3562
f 3225 	3443 	3517
f 3552 	3517 	3443
f 3332 	3570 	3468
f 3559 	3443 	3525
f 3333 	3553 	3572
f 3668 	3572 	3553
f 3553 	3547 	3668
f 3571 	3668 	3547
f 3559 	3552 	3443
f 693 	3573 	3100
f 3568 	3100 	3573
f 3443 	3442 	3525
f 3343 	3519 	3442
f 3585 	4188 	3584
f 3449 	3574 	3450
f 3480 	3574 	3559
f 3484 	3574 	3480
f 3574 	3449 	3559
f 3574 	3482 	3450
f 3484 	3482 	3574
f 3451 	3490 	3450
f 3574 	3450 	3490
f 3583 	4202 	3579
f 3574 	3490 	3484
f 3482 	3501 	4249
f 3578 	3580 	3579
f 2905 	3581 	3575
f 3593 	3591 	1538
f 1538 	1539 	3593
f 3594 	3593 	1539
f 4188 	4202 	3584
f 1526 	3587 	1539
f 3581 	3586 	3576
f 3580 	3585 	3584
f 3592 	1537 	1536
f 3581 	3590 	3586
f 3594 	1539 	3595
f 3587 	3595 	1539
f 4188 	3598 	3599
f 3511 	3504 	3582
f 3581 	3576 	3575
f 4188 	3585 	3598
f 3504 	3589 	3582
f 3587 	3383 	3588
f 3384 	3588 	3383
f 2908 	3590 	3581
f 3591 	3592 	1536
f 3592 	3604 	1537
f 3579 	3580 	3583
f 3584 	3583 	3580
f 3504 	3622 	3589
f 1536 	1538 	3591
f 3611 	4136 	4183
f 3589 	3487 	3485
f 3592 	3591 	3596
f 3591 	3593 	3596
f 3593 	3594 	3596
f 3588 	3596 	3594
f 3588 	3594 	3595
f 3602 	3605 	4186
f 3582 	3589 	3485
f 3590 	3597 	3586
f 4186 	3599 	3600
f 4186 	3600 	3602
f 3650 	1537 	3604
f 3597 	3805 	3586
f 3590 	2908 	2814
f 3544 	3600 	3599
f 3604 	3592 	3596
f 3612 	4186 	3605
f 3590 	2814 	3319
f 3601 	3984 	3423
f 3319 	3597 	3590
f 3544 	3605 	3602
f 3544 	3602 	3600
f 3561 	3597 	3319
f 3601 	3614 	3984
f 3601 	3423 	3421
f 3088 	3325 	3329
f 3088 	3329 	3095
f 3588 	3595 	3587
f 3603 	3429 	3423
f 3332 	3331 	3327
f 3332 	3327 	3326
f 3580 	3543 	3585
f 693 	2923 	3573
f 3333 	3573 	3098
f 3423 	3984 	3603
f 3333 	3331 	3098
f 3332 	3331 	3333
f 3331 	3329 	3098
f 3095 	3098 	3329
f 3610 	4183 	3612
f 3603 	4508 	3429
f 3333 	3606 	3573
f 3572 	3606 	3333
f 3544 	3549 	3605
f 220 	179 	3325
f 220 	3325 	3607
f 222 	220 	3607
f 222 	3607 	3608
f 3596 	3650 	3604
f 3622 	3609 	3589
f 3611 	4183 	3610
f 2638 	3608 	3607
f 2638 	3607 	3325
f 3080 	7230 	3088
f 3325 	3327 	3607
f 3588 	3384 	3406
f 3325 	3607 	3613
f 3325 	3613 	3329
f 3253 	3612 	3549
f 3605 	3549 	3612
f 3327 	3331 	3613
f 3327 	3613 	3607
f 3617 	3613 	3332
f 3618 	3613 	3617
f 3616 	3613 	3618
f 3331 	3332 	3613
f 3611 	3610 	3253
f 3098 	3619 	3333
f 3588 	3623 	3596
f 3253 	3610 	3612
f 225 	222 	3608
f 225 	3608 	2638
f 2638 	2640 	3616
f 2638 	3616 	3608
f 3435 	3611 	3253
f 3616 	3618 	3608
f 3608 	3618 	3617
f 3609 	3487 	3589
f 3608 	3617 	3326
f 3332 	3326 	3617
f 3624 	3516 	6596
f 3609 	3601 	3487
f 3617 	3333 	3618
f 3332 	3333 	3617
f 3616 	3618 	3333
f 3333 	3619 	3616
f 2640 	3616 	2641
f 2641 	3616 	3619
f 3588 	5750 	3620
f 3664 	3656 	3624
f 2638 	3621 	2647
f 3620 	3627 	3588
f 3609 	3614 	3601
f 3157 	3516 	3120
f 3614 	3615 	3603
f 3569 	3651 	3326
f 3621 	2638 	3608
f 2881 	4116 	3196
f 3237 	3735 	2648
f 2640 	2648 	3616
f 3615 	4508 	3603
f 3616 	2648 	3735
f 3560 	3546 	3460
f 3546 	3465 	3460
f 3588 	3406 	5750
f 3457 	3460 	3465
f 3627 	3623 	3588
f 3567 	3571 	3569
f 3546 	3571 	3567
f 3656 	5411 	3657
f 3570 	3569 	3571
f 3560 	3568 	3606
f 3568 	3573 	3606
f 3626 	3573 	3606
f 3572 	3628 	3606
f 3626 	3606 	3628
f 3625 	1218 	3550
f 224 	223 	2647
f 224 	2647 	3621
f 3627 	3629 	3623
f 5415 	5411 	3664
f 3629 	6223 	3623
f 3622 	3630 	3609
f 3631 	3684 	3561
f 3454 	3440 	3631
f 3633 	5425 	3634
f 3457 	3465 	3632
f 3638 	3644 	3632
f 3624 	3633 	3634
f 3321 	3454 	3631
f 3550 	1218 	1206
f 3577 	3629 	3627
f 3636 	3638 	3635
f 3632 	3635 	3638
f 3663 	3645 	1590
f 3645 	3646 	1590
f 3640 	5415 	3641
f 3625 	1232 	1218
f 3637 	1232 	3625
f 3631 	3632 	3644
f 5425 	3642 	3643
f 3634 	5425 	3643
f 3465 	3455 	219
f 3637 	1086 	1232
f 3537 	964 	3646
f 3635 	3632 	3465
f 3637 	3542 	1086
f 3646 	3645 	3647
f 3475 	3474 	3488
f 3475 	3488 	3495
f 3644 	3638 	3560
f 3638 	3546 	3560
f 3496 	3493 	3513
f 3496 	3513 	3499
f 3636 	3546 	3638
f 3647 	3532 	3537
f 3647 	3537 	3646
f 3640 	5445 	3639
f 3641 	5445 	3640
f 3639 	5445 	3642
f 3666 	1590 	1591
f 3499 	3496 	3502
f 3495 	3475 	3507
f 3506 	3507 	3475
f 3486 	3506 	3475
f 3496 	3495 	3508
f 3507 	3508 	3495
f 3643 	3642 	5436
f 3634 	3643 	5436
f 1591 	1537 	3648
f 3650 	3648 	1537
f 3502 	3496 	3510
f 3508 	3510 	3496
f 3640 	3624 	3639
f 219 	3635 	3465
f 3649 	3648 	3652
f 3648 	3650 	3652
f 3510 	3505 	3502
f 3596 	3652 	3650
f 3538 	3541 	2779
f 3541 	2778 	2779
f 3570 	3661 	3651
f 3570 	3651 	3569
f 3649 	3666 	1591
f 362 	3653 	3654
f 3674 	3636 	3635
f 3624 	3634 	3643
f 3624 	3643 	3642
f 3642 	3639 	3624
f 3624 	3640 	3641
f 3654 	3655 	362
f 365 	362 	3655
f 3655 	3654 	3474
f 3596 	3623 	3652
f 3653 	3371 	1630
f 3115 	3658 	5383
f 3657 	5383 	3658
f 3653 	3654 	3659
f 3653 	3659 	3660
f 3115 	3126 	3658
f 3654 	3655 	3662
f 3654 	3662 	3659
f 3665 	3571 	3636
f 3663 	1590 	3666
f 3546 	3636 	3571
f 3659 	3887 	3475
f 3475 	505 	3659
f 3570 	3332 	3661
f 3677 	3676 	4203
f 3652 	3667 	3666
f 3652 	3666 	3649
f 3668 	3571 	3665
f 4206 	3671 	3669
f 3645 	3663 	3667
f 3645 	3667 	3647
f 7344 	3438 	4206
f 3667 	3663 	3666
f 3667 	3672 	3647
f 3668 	3678 	3572
f 3636 	3674 	3675
f 3670 	3669 	3673
f 3532 	3647 	3672
f 3669 	3671 	3673
f 3673 	3671 	3430
f 3674 	228 	3675
f 3430 	3671 	3438
f 219 	228 	3635
f 228 	3674 	3635
f 3578 	4202 	3676
f 228 	232 	3675
f 3701 	3705 	232
f 4202 	4203 	3676
f 4203 	3670 	3677
f 3652 	3685 	3686
f 3578 	3676 	3580
f 3673 	3580 	3676
f 3676 	3677 	3673
f 3667 	3652 	3686
f 3673 	3677 	3670
f 3636 	3675 	3665
f 3705 	3736 	3675
f 3665 	3675 	3736
f 3679 	3572 	3678
f 3673 	3944 	3680
f 3668 	3665 	3678
f 3736 	3678 	3665
f 5646 	5647 	3672
f 3560 	3606 	3644
f 3672 	5647 	5645
f 3672 	3667 	3686
f 3644 	3606 	3682
f 3681 	3682 	3606
f 3681 	3606 	3683
f 3652 	3623 	3685
f 5445 	3641 	3134
f 3657 	3658 	3134
f 3664 	3656 	3134
f 3126 	3134 	3658
f 3656 	3657 	3134
f 3686 	6280 	3687
f 3664 	3134 	3641
f 3687 	3672 	3686
f 3684 	3631 	3693
f 3657 	3658 	3624
f 3641 	3664 	3624
f 3658 	3126 	3624
f 3657 	3624 	3656
f 3126 	3125 	3624
f 3125 	3119 	3624
f 3682 	3681 	3693
f 3657 	3656 	3688
f 3631 	3644 	3682
f 3682 	3693 	3631
f 3658 	3657 	3688
f 3690 	3691 	3689
f 3681 	3689 	3691
f 3688 	3189 	3658
f 3689 	3681 	3678
f 3681 	3683 	3678
f 3679 	3678 	3683
f 3623 	6223 	3685
f 3778 	3812 	3684
f 6223 	6225 	3685
f 6225 	6275 	3686
f 3686 	3685 	6225
f 3693 	3778 	3684
f 3688 	3656 	3664
f 3693 	3681 	3695
f 3691 	3695 	3681
f 3688 	3641 	3696
f 3639 	3696 	3640
f 3695 	3697 	3698
f 3695 	3698 	3693
f 3695 	3699 	3697
f 3699 	3695 	3690
f 3691 	3690 	3695
f 3688 	3664 	3641
f 3640 	3696 	3641
f 3698 	3697 	3689
f 3690 	3689 	3697
f 3690 	3697 	3699
f 3692 	3688 	3696
f 3700 	1825 	1829
f 1825 	3700 	3694
f 3696 	2889 	3692
f 3698 	3703 	3704
f 3698 	3704 	3693
f 3706 	3705 	3702
f 3701 	3702 	3705
f 3707 	1829 	1837
f 1829 	3707 	3700
f 236 	3742 	232
f 3700 	3707 	3708
f 3675 	232 	3705
f 3706 	3736 	3705
f 3709 	2981 	3696
f 3689 	3678 	3698
f 3678 	3710 	3698
f 3703 	3698 	3710
f 3736 	3710 	3678
f 3642 	3709 	3639
f 3696 	3639 	3709
f 3642 	3643 	3709
f 3707 	1837 	1842
f 3633 	3709 	3634
f 3643 	3634 	3709
f 3707 	1845 	1844
f 3707 	1842 	1845
f 3561 	3684 	3711
f 3597 	3561 	3711
f 3715 	3683 	3573
f 3606 	3573 	3683
f 3706 	3702 	3716
f 3704 	3710 	3683
f 3703 	3710 	3704
f 3679 	3683 	3710
f 3326 	3651 	3608
f 3717 	3712 	3718
f 3694 	3719 	3713
f 3717 	3720 	3712
f 3713 	3719 	3722
f 3713 	3722 	3714
f 3694 	3700 	3719
f 3679 	3628 	3572
f 3724 	3626 	3723
f 3628 	3723 	3626
f 3580 	3680 	3543
f 234 	224 	3621
f 234 	3621 	3725
f 3714 	3722 	4362
f 3598 	3585 	3543
f 234 	3725 	3226
f 1422 	4763 	1418
f 3714 	4362 	4347
f 3651 	3728 	3608
f 3719 	3700 	3708
f 3680 	3580 	3673
f 3725 	3621 	3766
f 3728 	3766 	3621
f 3543 	3544 	3599
f 3247 	3735 	3237
f 3599 	3598 	3543
f 3680 	3562 	3543
f 3616 	3735 	3618
f 3958 	3959 	3680
f 3707 	3726 	3708
f 3262 	3855 	3239
f 3238 	3855 	3247
f 3683 	3715 	3723
f 3724 	3723 	3715
f 3621 	3608 	3728
f 3727 	2898 	3930
f 3907 	2496 	3739
f 3533 	3540 	3518
f 3540 	3539 	3730
f 3540 	3730 	3731
f 2941 	2898 	3727
f 3730 	3732 	3731
f 3522 	3518 	3540
f 3533 	3518 	3512
f 3540 	3731 	3522
f 3728 	3651 	3735
f 3661 	3735 	3651
f 3707 	3729 	3726
f 3332 	3617 	3661
f 3628 	3679 	3738
f 3734 	3741 	3727
f 3710 	3736 	3738
f 3737 	2056 	3472
f 3728 	3735 	3769
f 3803 	3539 	3804
f 3804 	3534 	3536
f 3737 	3472 	3739
f 3740 	3741 	3734
f 3661 	3617 	3735
f 2056 	3908 	3911
f 3773 	3628 	3738
f 3710 	3738 	3679
f 3752 	3763 	3741
f 3771 	3773 	3738
f 3771 	3738 	3736
f 3911 	2058 	2056
f 3701 	3742 	3702
f 3539 	3803 	3730
f 3740 	3752 	3741
f 3732 	3730 	3803
f 3743 	3744 	3742
f 3744 	3745 	3742
f 3702 	3742 	3745
f 3702 	3745 	3716
f 3747 	3530 	3746
f 3740 	3734 	3733
f 3748 	3743 	3742
f 3747 	3749 	3530
f 3533 	3530 	3749
f 2155 	2156 	3932
f 3701 	232 	3742
f 3933 	2158 	3932
f 3706 	3716 	3745
f 3750 	3748 	3745
f 2941 	3727 	3741
f 3533 	3749 	3751
f 3706 	3745 	3748
f 3536 	3533 	3751
f 3753 	3743 	3748
f 3747 	3746 	3804
f 3748 	3754 	3755
f 3747 	3804 	3749
f 3536 	3751 	3804
f 3756 	3771 	3755
f 3749 	3804 	3751
f 3788 	3757 	3002
f 3001 	3002 	3757
f 3788 	3759 	3757
f 3760 	3746 	3530
f 3758 	3754 	3750
f 3748 	3750 	3754
f 3746 	3760 	3782
f 3748 	3742 	236
f 3762 	3808 	3764
f 3808 	3767 	3764
f 3886 	3768 	3767
f 3769 	3855 	3766
f 3775 	3776 	3763
f 3069 	3768 	3070
f 3886 	3096 	3768
f 3070 	3768 	3096
f 3765 	3207 	3201
f 3769 	3766 	3728
f 3152 	3130 	3770
f 3001 	3757 	691
f 3759 	3920 	3757
f 3748 	3771 	3706
f 3736 	3706 	3771
f 3755 	3771 	3748
f 3761 	3762 	3919
f 2941 	3741 	3763
f 3787 	3760 	3770
f 3916 	3919 	3762
f 3931 	3911 	3764
f 2941 	3763 	2945
f 3765 	3770 	3772
f 3774 	3628 	3773
f 3129 	3152 	3770
f 3933 	3932 	3767
f 3773 	3771 	3774
f 3765 	3129 	3770
f 3744 	3750 	3745
f 3770 	3530 	3509
f 3763 	3752 	3775
f 3744 	3758 	3750
f 3770 	3509 	3772
f 3765 	3772 	3216
f 3723 	3704 	3683
f 3776 	2949 	2945
f 3777 	3758 	3723
f 3757 	3759 	3069
f 3001 	3757 	3069
f 3759 	3761 	3069
f 3761 	3762 	3069
f 3762 	3764 	3069
f 3764 	3767 	3069
f 3767 	3768 	3069
f 3750 	3723 	3758
f 3704 	3723 	3745
f 3750 	3745 	3723
f 3776 	2945 	3763
f 3765 	3216 	3207
f 3757 	2581 	3759
f 3759 	2580 	2616
f 3759 	2616 	3761
f 3509 	3216 	3772
f 3761 	2616 	3762
f 3778 	3693 	3779
f 3768 	3767 	2618
f 3779 	3780 	3781
f 3779 	3781 	3899
f 3069 	3768 	2618
f 3069 	2618 	2195
f 3899 	3778 	3779
f 3746 	3782 	3804
f 3109 	4227 	3783
f 3693 	3704 	3745
f 3693 	3745 	3779
f 4239 	3785 	3783
f 3745 	3750 	3779
f 3780 	3779 	3758
f 3750 	3758 	3779
f 3628 	3774 	3723
f 3770 	3130 	3787
f 3530 	3770 	3760
f 3777 	3723 	3774
f 3109 	366 	3108
f 3783 	411 	3109
f 3785 	1075 	3783
f 429 	3783 	1077
f 3793 	3794 	1173
f 3769 	3735 	3247
f 3618 	3735 	3617
f 3002 	3114 	3788
f 3760 	3787 	3782
f 3759 	3788 	3789
f 3130 	3782 	3787
f 3850 	3766 	3855
f 3130 	3152 	3782
f 3152 	3151 	3782
f 5425 	3721 	3712
f 3633 	3721 	5425
f 3718 	3712 	3721
f 3789 	1117 	3802
f 433 	1084 	3788
f 3238 	3239 	3855
f 3114 	419 	3788
f 419 	433 	3788
f 3856 	3845 	3771
f 3774 	3771 	3845
f 3717 	3718 	5436
f 3721 	3633 	5436
f 3634 	5436 	3633
f 3351 	3792 	3796
f 3795 	4245 	3797
f 4245 	3798 	3797
f 3721 	5436 	3718
f 3883 	3881 	5436
f 3626 	3724 	3715
f 3626 	3715 	3573
f 3798 	3160 	3161
f 3717 	5436 	3720
f 3799 	5832 	3576
f 3795 	5091 	3794
f 5075 	1173 	3794
f 3718 	3624 	3717
f 3797 	5181 	3795
f 3792 	3522 	3801
f 3166 	5180 	3798
f 3796 	3792 	3801
f 3720 	3717 	3624
f 3718 	3721 	3624
f 3633 	3624 	3721
f 3796 	3801 	3401
f 5445 	5436 	3642
f 3391 	3796 	3401
f 3576 	3586 	3799
f 3802 	3761 	3759
f 3802 	3759 	3789
f 3586 	3805 	3799
f 3762 	3761 	3806
f 3802 	3806 	3761
f 3805 	3807 	3800
f 3806 	3808 	3762
f 3807 	3348 	3800
f 3767 	3808 	3809
f 2981 	3810 	2986
f 2986 	3810 	3076
f 2981 	3709 	3810
f 3805 	3800 	3799
f 3709 	3811 	3810
f 3534 	3804 	3539
f 3597 	3711 	3805
f 3807 	3805 	3711
f 3810 	3811 	3885
f 3812 	3807 	3711
f 3804 	3782 	4742
f 3717 	3811 	3718
f 3709 	3718 	3811
f 3153 	3159 	4778
f 3153 	4778 	3782
f 3711 	3684 	3812
f 4898 	4778 	3159
f 3810 	3885 	3889
f 3174 	3172 	2771
f 2772 	2771 	3172
f 3167 	4824 	4823
f 3813 	4824 	3172
f 3167 	3172 	4824
f 3743 	3754 	3744
f 3720 	3791 	3811
f 3717 	3720 	3811
f 3813 	3172 	3814
f 3174 	3814 	3172
f 3718 	3709 	3721
f 3633 	3721 	3709
f 3754 	3758 	3744
f 3754 	3743 	3753
f 3754 	3753 	3755
f 3816 	3813 	3815
f 3814 	3815 	3813
f 3756 	3755 	3754
f 3885 	3811 	3881
f 3791 	3881 	3811
f 3781 	3780 	3777
f 3758 	3777 	3780
f 3819 	3820 	3821
f 3840 	4895 	3839
f 3827 	3821 	3826
f 3825 	3826 	3821
f 3820 	3825 	3821
f 3823 	3822 	3828
f 3328 	3828 	3822
f 3330 	3328 	3822
f 3755 	3753 	3829
f 3825 	3818 	3817
f 3825 	3817 	3826
f 3831 	3821 	3827
f 3831 	3827 	3832
f 3754 	3755 	3829
f 3754 	3829 	3833
f 3756 	3754 	3836
f 3833 	3836 	3754
f 3748 	236 	3753
f 240 	3753 	236
f 3756 	3836 	3771
f 3836 	3833 	3829
f 3774 	3837 	3777
f 3821 	3852 	3875
f 3777 	3837 	3838
f 3777 	3838 	3781
f 3835 	3830 	3824
f 3875 	3817 	3819
f 3753 	3853 	3829
f 3720 	3791 	3712
f 3883 	5461 	3881
f 3819 	3821 	3875
f 3824 	4895 	3840
f 3841 	3838 	3837
f 3841 	3837 	3842
f 3841 	3842 	3843
f 3771 	3836 	3856
f 3774 	3844 	3837
f 3842 	3837 	3844
f 3844 	3774 	3845
f 3842 	3847 	3843
f 3846 	3843 	3847
f 3790 	3786 	3784
f 3842 	3845 	3847
f 3790 	3848 	3786
f 3845 	3842 	3844
f 3848 	3733 	3786
f 3828 	3844 	3823
f 3823 	3844 	3845
f 3848 	3740 	3733
f 3850 	3227 	3766
f 4766 	3252 	3850
f 240 	3854 	3853
f 3834 	3880 	3849
f 3852 	3821 	3851
f 3831 	3851 	3821
f 3752 	3740 	5484
f 3854 	3829 	3853
f 240 	3853 	3753
f 3740 	3848 	5484
f 3827 	3852 	3851
f 3832 	3827 	3851
f 3826 	3940 	3827
f 3854 	3856 	3829
f 3836 	3829 	3856
f 3857 	3858 	3206
f 3856 	3859 	3860
f 3861 	3856 	3860
f 3858 	3208 	3206
f 3845 	3856 	3861
f 3859 	3330 	3860
f 3822 	3860 	3330
f 3839 	5461 	3862
f 5461 	3883 	3867
f 3861 	3860 	3847
f 3845 	3861 	3847
f 3864 	3863 	3860
f 3847 	3860 	3863
f 3863 	3864 	3865
f 5436 	5473 	3862
f 3840 	3839 	5473
f 3845 	3861 	3823
f 3822 	3823 	3861
f 3822 	3861 	3860
f 3835 	3840 	3839
f 3835 	3839 	3862
f 3881 	3712 	3791
f 3847 	3863 	3846
f 3328 	3866 	3828
f 3844 	3828 	3866
f 3862 	5461 	3867
f 3861 	3866 	3860
f 3864 	3860 	3866
f 3862 	3867 	5436
f 3844 	3866 	3861
f 3844 	3861 	3845
f 3868 	3869 	3863
f 3868 	3863 	3865
f 3870 	3871 	3872
f 3870 	3872 	3873
f 3867 	3624 	3862
f 3869 	3874 	3863
f 3876 	3877 	3878
f 3818 	3819 	3817
f 3879 	3877 	3876
f 3839 	3906 	3862
f 3876 	3878 	3879
f 3835 	3824 	3840
f 4791 	4771 	3854
f 3869 	3868 	3874
f 3846 	3841 	3843
f 3791 	5436 	3881
f 3720 	5436 	3791
f 3867 	3883 	5436
f 4832 	4834 	3882
f 3835 	3862 	3624
f 3624 	3867 	3883
f 3624 	3883 	3881
f 3624 	3881 	3791
f 3791 	3720 	3624
f 3884 	3882 	4834
f 3767 	3809 	3886
f 3899 	3781 	3888
f 3838 	3888 	3781
f 3662 	3887 	3659
f 3135 	3096 	3886
f 3707 	1844 	3729
f 3841 	3846 	3888
f 3802 	1182 	3806
f 1182 	5083 	3806
f 3841 	3888 	3838
f 3895 	3894 	3486
f 2516 	3486 	3894
f 3366 	3890 	3361
f 1912 	3968 	1844
f 1418 	4763 	4744
f 3874 	3888 	3863
f 3846 	3863 	3888
f 1912 	3896 	3968
f 1474 	3359 	3898
f 1474 	3898 	3904
f 3889 	3906 	3897
f 1916 	1872 	3901
f 3810 	3897 	3076
f 3907 	794 	2496
f 3810 	3889 	3897
f 3896 	3901 	3900
f 3472 	792 	794
f 3904 	3898 	3902
f 3889 	3885 	3906
f 3896 	1916 	3901
f 3881 	3883 	3885
f 794 	795 	2496
f 3902 	3908 	3904
f 2056 	3905 	3908
f 3901 	1922 	3910
f 3904 	3908 	3905
f 3905 	2056 	3737
f 3739 	3472 	3907
f 794 	3907 	3472
f 3901 	3910 	4074
f 3914 	3902 	5005
f 5005 	5007 	3914
f 3913 	3918 	3857
f 1446 	3917 	1511
f 3918 	3858 	3857
f 3919 	5000 	3920
f 3917 	1280 	1511
f 3918 	3921 	3858
f 4999 	3922 	3920
f 3917 	1922 	1932
f 3921 	3089 	3858
f 3908 	3914 	3762
f 3916 	3762 	3914
f 3902 	3914 	3908
f 3919 	3920 	3761
f 3910 	1922 	3917
f 3759 	3761 	3920
f 3922 	691 	3920
f 792 	691 	3922
f 3923 	3924 	3918
f 3917 	3925 	1280
f 3979 	3912 	3909
f 3785 	3793 	1113
f 3923 	3734 	3924
f 3979 	4120 	4882
f 4115 	4120 	3979
f 5093 	5109 	3808
f 3923 	3918 	3913
f 3798 	5180 	3797
f 3166 	3798 	3161
f 3924 	3921 	3918
f 3928 	3929 	3935
f 3930 	3921 	3924
f 3764 	3767 	3932
f 3768 	3996 	3767
f 3069 	3168 	3768
f 3168 	3996 	3768
f 3930 	3110 	3921
f 3135 	3886 	3171
f 3886 	3809 	3998
f 3930 	2964 	3110
f 3929 	3928 	3882
f 3834 	6997 	4503
f 3733 	3734 	3923
f 3929 	3882 	3884
f 3932 	3931 	3764
f 3762 	3764 	3911
f 3911 	3908 	3762
f 3727 	3924 	3734
f 3727 	3930 	3924
f 3884 	3934 	3929
f 3165 	3143 	3141
f 3165 	3141 	3166
f 3138 	3168 	3171
f 3138 	3171 	3142
f 4207 	3817 	3875
f 3927 	3903 	3912
f 3915 	3935 	4081
f 3927 	3939 	3903
f 3939 	3915 	3903
f 3137 	4667 	3138
f 4226 	4213 	4198
f 3940 	4198 	3875
f 3936 	4032 	3937
f 3928 	3935 	3939
f 3929 	3934 	3935
f 3938 	4033 	3913
f 3875 	3852 	3940
f 3935 	3915 	3939
f 3941 	3964 	3138
f 3852 	3827 	3940
f 3939 	3927 	3928
f 2256 	2212 	3942
f 3926 	3928 	3927
f 3913 	3857 	3938
f 3926 	3882 	3928
f 3947 	3849 	3880
f 3943 	3942 	3138
f 3941 	3138 	3942
f 3946 	3948 	3949
f 4293 	4295 	4289
f 3680 	3944 	3954
f 3953 	3945 	3946
f 3953 	3946 	3949
f 3953 	3949 	4289
f 3956 	3958 	3954
f 3141 	3951 	3960
f 3959 	3961 	3680
f 3917 	1932 	3925
f 3955 	3142 	3962
f 4307 	3960 	3962
f 3951 	3955 	3962
f 3951 	3962 	3960
f 3361 	3890 	3891
f 3892 	3660 	3891
f 2392 	2387 	3964
f 3361 	3891 	3660
f 3893 	3660 	3892
f 3965 	3660 	3893
f 3893 	3894 	3965
f 3964 	3963 	3138
f 4002 	3138 	3963
f 3965 	3894 	3895
f 3961 	3959 	3938
f 3371 	3653 	362
f 3966 	4012 	3141
f 3166 	3141 	4012
f 4403 	3726 	3729
f 3206 	3961 	3857
f 3967 	4307 	3142
f 4307 	3962 	3142
f 1154 	1630 	3371
f 3680 	3954 	3958
f 4397 	3726 	4403
f 3729 	1844 	3968
f 3375 	3371 	3660
f 3653 	3660 	3371
f 3562 	3680 	3961
f 4384 	4404 	3968
f 3474 	3475 	3887
f 3662 	3655 	3887
f 3474 	3887 	3655
f 3958 	3956 	3936
f 3475 	3887 	3486
f 3936 	3937 	3958
f 3934 	3969 	3935
f 3937 	3938 	3959
f 3965 	3895 	3662
f 3887 	3662 	3486
f 3897 	4899 	4950
f 3950 	3969 	5310
f 3824 	3906 	3840
f 3839 	3840 	3906
f 3935 	3950 	3957
f 4911 	3970 	3972
f 3950 	3935 	3969
f 3885 	3883 	3867
f 3867 	3862 	3906
f 3885 	3867 	3906
f 3952 	3957 	3950
f 3906 	3824 	3830
f 3972 	3630 	4911
f 3947 	3880 	4230
f 3200 	3973 	2843
f 5404 	3952 	3950
f 3880 	4216 	4230
f 4081 	3935 	3957
f 3973 	3974 	3975
f 3973 	3975 	2843
f 2816 	2843 	2817
f 5819 	3778 	3899
f 3609 	3630 	3614
f 3873 	3977 	3870
f 3615 	3614 	3630
f 3872 	3978 	3977
f 3872 	3977 	3873
f 3871 	3870 	3977
f 3871 	3977 	3978
f 3630 	3972 	3615
f 3959 	3958 	3937
f 3603 	3984 	3614
f 3961 	3938 	3857
f 4230 	4483 	3947
f 3912 	3903 	3986
f 5334 	3936 	3956
f 4042 	3995 	3166
f 3826 	4197 	3940
f 4263 	4542 	4482
f 3983 	3976 	3982
f 4015 	4024 	3976
f 3903 	3915 	3986
f 3976 	3990 	3973
f 3915 	3981 	3986
f 3976 	3983 	3990
f 3985 	3909 	3981
f 3974 	3973 	3990
f 3979 	3909 	3985
f 3986 	3981 	3912
f 2817 	3975 	1220
f 3981 	3915 	3980
f 3975 	3974 	1220
f 1307 	1220 	3974
f 3974 	3990 	1307
f 1306 	1307 	3990
f 2372 	2363 	4002
f 3138 	4002 	3168
f 3992 	3989 	3168
f 3989 	3997 	3168
f 3982 	1374 	3983
f 3995 	5180 	3166
f 3983 	1306 	3990
f 3997 	3996 	3168
f 3933 	3767 	3996
f 3982 	4024 	2820
f 2817 	3975 	2820
f 3974 	3990 	3975
f 2820 	3975 	3990
f 3990 	3983 	2820
f 3982 	2820 	3983
f 3886 	3998 	3171
f 4045 	3171 	3998
f 736 	2824 	4251
f 4446 	767 	4251
f 736 	4251 	767
f 3993 	5193 	3994
f 3974 	3975 	3999
f 2817 	2831 	3975
f 3999 	3975 	2831
f 4042 	3998 	3995
f 4000 	4001 	3993
f 4000 	3993 	3994
f 3999 	2831 	2650
f 3999 	2650 	2649
f 3963 	2372 	4002
f 2650 	2831 	770
f 3992 	3168 	4002
f 4024 	3982 	4003
f 3983 	4003 	3982
f 4024 	4003 	4101
f 4031 	4014 	3171
f 2663 	1360 	4003
f 1360 	1406 	4003
f 4004 	4005 	4006
f 4004 	4006 	4007
f 3974 	3999 	3990
f 4008 	4007 	4006
f 4008 	4006 	4009
f 3990 	3999 	4003
f 3990 	4003 	3983
f 4008 	4333 	4007
f 4010 	4007 	4011
f 4027 	3166 	4012
f 2649 	2664 	3999
f 4003 	3999 	2664
f 4003 	2664 	2663
f 3171 	4014 	3142
f 4013 	4004 	4007
f 4013 	4007 	4010
f 4013 	4010 	4028
f 4017 	4018 	4015
f 4012 	4014 	4027
f 4031 	4027 	4014
f 4019 	4015 	4018
f 4014 	4012 	3967
f 3966 	3967 	4012
f 4020 	4010 	4011
f 4020 	4011 	4021
f 4020 	4022 	4023
f 4020 	4023 	4010
f 4021 	4011 	4023
f 4021 	4023 	4022
f 3982 	3976 	4024
f 4026 	4023 	4025
f 4155 	4023 	4156
f 4026 	4156 	4023
f 4011 	4025 	4023
f 4015 	4019 	4024
f 4027 	4041 	3166
f 4017 	6536 	4018
f 4029 	4030 	4028
f 4028 	4030 	4013
f 3967 	3142 	4014
f 3936 	3988 	4032
f 4028 	4010 	4023
f 3937 	4032 	4033
f 4028 	4023 	4155
f 4026 	4029 	4156
f 4025 	4030 	4029
f 4025 	4029 	4026
f 4033 	3938 	3937
f 4034 	4035 	4036
f 4034 	4036 	4037
f 4038 	4039 	4036
f 4038 	4036 	4035
f 4032 	4048 	4033
f 4000 	3994 	4040
f 4036 	4040 	3994
f 4036 	4039 	4040
f 4156 	4040 	4039
f 4042 	3166 	4041
f 4160 	4158 	4044
f 5198 	5213 	4043
f 4031 	3171 	4046
f 4045 	4046 	3171
f 4047 	4032 	3988
f 4047 	4048 	4032
f 4033 	4048 	4049
f 4081 	3980 	3915
f 3913 	4033 	4049
f 4081 	3991 	4064
f 3913 	4049 	3923
f 3784 	3786 	4048
f 4048 	4047 	3784
f 4049 	4048 	3786
f 3733 	4049 	3786
f 3733 	3923 	4049
f 4052 	4176 	4051
f 4050 	4054 	4051
f 4054 	4053 	4051
f 3981 	3909 	3912
f 4055 	4056 	4054
f 4055 	4054 	4050
f 4050 	4177 	4054
f 4062 	4060 	4061
f 4059 	4061 	4060
f 4061 	4124 	4062
f 4072 	4057 	4064
f 4067 	1990 	4068
f 4063 	4064 	4057
f 1989 	4065 	4069
f 3981 	3980 	4064
f 4065 	1989 	6491
f 4064 	4063 	3985
f 3981 	4064 	3985
f 4063 	3979 	3985
f 4065 	4070 	4069
f 4058 	4113 	4057
f 4111 	4057 	4058
f 4071 	3414 	4066
f 4066 	4067 	4071
f 4071 	4067 	4068
f 4068 	4069 	4071
f 4057 	4467 	4058
f 4070 	4071 	4069
f 3486 	3662 	3895
f 365 	3655 	4073
f 4071 	4059 	3315
f 3313 	3315 	4059
f 3971 	4074 	1442
f 4073 	3488 	365
f 350 	365 	3488
f 3655 	1630 	4073
f 4061 	4071 	4075
f 4074 	1444 	1442
f 4073 	1630 	3488
f 4071 	4070 	4075
f 3496 	4168 	3495
f 3887 	3495 	3662
f 3475 	3495 	3887
f 3991 	4072 	4064
f 4065 	4075 	4070
f 3900 	4074 	3971
f 4071 	4061 	4059
f 3965 	3495 	4168
f 3662 	3495 	3965
f 3901 	4074 	3900
f 4075 	4065 	4076
f 4079 	4080 	4078
f 4077 	4078 	4080
f 3493 	3488 	1630
f 3654 	3653 	1630
f 3371 	3368 	1154
f 5822 	4882 	4120
f 4074 	3910 	3917
f 3896 	3900 	3971
f 4424 	3896 	3971
f 1444 	4074 	1446
f 4081 	4064 	3980
f 4074 	3917 	1446
f 1939 	3694 	4084
f 4085 	4082 	4086
f 4018 	1374 	4019
f 1376 	1306 	1375
f 4088 	4096 	3987
f 1306 	1376 	1305
f 1306 	3983 	1374
f 1825 	3694 	1939
f 4084 	3694 	3713
f 4019 	1374 	4024
f 4024 	1374 	3982
f 3713 	4106 	4084
f 2427 	4089 	4848
f 3987 	4096 	4083
f 2820 	4024 	4019
f 2820 	4019 	4018
f 2820 	4018 	4017
f 4016 	4248 	4017
f 4089 	4119 	4848
f 2431 	4089 	2427
f 4093 	4094 	4092
f 4091 	4092 	4094
f 2645 	2646 	4088
f 4089 	2431 	1945
f 4093 	1382 	1377
f 4093 	1377 	4094
f 4095 	4089 	1948
f 2297 	2298 	4094
f 1395 	1396 	4094
f 1396 	2297 	4094
f 3991 	4085 	4086
f 1377 	1392 	4094
f 1395 	4094 	1394
f 1394 	4094 	1393
f 1393 	4094 	1392
f 4072 	3991 	4086
f 1948 	4089 	1945
f 4096 	3415 	4339
f 4095 	1948 	1958
f 4097 	6383 	767
f 4091 	767 	4090
f 4091 	4094 	767
f 1361 	767 	4094
f 1361 	4094 	1377
f 4095 	1958 	4098
f 4088 	4100 	4096
f 4086 	4453 	4126
f 4091 	4090 	4099
f 4094 	4091 	4099
f 3417 	3415 	4100
f 4458 	4016 	4017
f 3415 	4096 	4100
f 4098 	1939 	4084
f 4018 	4099 	4017
f 4458 	4017 	4099
f 4086 	4126 	4072
f 4099 	4018 	4019
f 4099 	4019 	4101
f 4088 	2665 	4100
f 1401 	1402 	4101
f 1402 	1404 	4101
f 4099 	4101 	1404
f 4098 	4084 	4132
f 1377 	4094 	1404
f 4099 	1404 	4094
f 2519 	2622 	4100
f 2665 	2519 	4100
f 4024 	4101 	4019
f 4105 	4058 	4104
f 4057 	4104 	4058
f 4101 	1406 	1401
f 4107 	4105 	4104
f 4101 	4003 	1406
f 4104 	4109 	4107
f 3714 	4110 	4106
f 2677 	1382 	4093
f 4104 	4113 	4114
f 4114 	4109 	4104
f 4063 	4111 	4115
f 4106 	3713 	3714
f 4113 	4104 	4057
f 4110 	4347 	4608
f 4092 	2823 	4093
f 6385 	2823 	4092
f 4112 	4510 	4607
f 4115 	3979 	4063
f 4063 	4057 	4111
f 4110 	3714 	4347
f 4108 	4118 	3458
f 4105 	4107 	4058
f 4113 	4058 	4107
f 4108 	4112 	4118
f 4058 	4105 	4111
f 4107 	4109 	4113
f 4113 	4109 	4114
f 4109 	4111 	4107
f 4105 	4107 	4111
f 4114 	4113 	4115
f 4114 	4115 	4109
f 4111 	4109 	4115
f 4108 	3458 	3429
f 4103 	4120 	4102
f 4093 	1415 	4092
f 4092 	1415 	6437
f 2311 	6437 	1415
f 4122 	4118 	4112
f 4119 	4095 	4123
f 1415 	4093 	1382
f 4061 	4075 	4171
f 4579 	4171 	4075
f 4124 	4060 	4062
f 4123 	4095 	4098
f 4352 	4122 	4112
f 4118 	3462 	3458
f 4119 	4089 	4095
f 4119 	4123 	4129
f 4126 	4148 	4121
f 3660 	3392 	3375
f 4125 	4060 	4128
f 4124 	4128 	4060
f 4119 	4129 	4677
f 4126 	4121 	4057
f 4124 	4130 	4131
f 4128 	4124 	4131
f 4072 	4126 	4057
f 4124 	6673 	4130
f 4123 	4098 	4132
f 4129 	4123 	4132
f 4126 	4453 	4148
f 1158 	3392 	1160
f 4129 	4132 	4135
f 3435 	4134 	4136
f 3965 	1633 	3660
f 4136 	3611 	3435
f 4120 	4109 	4102
f 4050 	4137 	4055
f 1160 	3392 	1633
f 4125 	4146 	4060
f 4132 	4084 	4106
f 4137 	4138 	4056
f 4137 	4056 	4055
f 4135 	4106 	4110
f 4138 	4137 	4050
f 4138 	4050 	4054
f 4113 	4120 	4115
f 4539 	3493 	1630
f 3655 	3654 	1630
f 4058 	4467 	4105
f 4105 	4467 	4107
f 4080 	4079 	4140
f 4080 	4140 	4141
f 4107 	4102 	4109
f 4132 	4106 	4135
f 4109 	4120 	4113
f 4109 	4113 	4114
f 4133 	4060 	4146
f 4146 	4143 	4133
f 4103 	4464 	5822
f 4142 	4080 	4141
f 4134 	4133 	4139
f 4144 	4142 	4141
f 4144 	4141 	4140
f 4120 	4103 	5822
f 4464 	4606 	5822
f 4143 	4139 	4133
f 3925 	4145 	1559
f 1280 	3925 	1559
f 4539 	1630 	1631
f 4467 	4057 	4121
f 4145 	3925 	2081
f 4143 	4147 	4139
f 4143 	4146 	4147
f 4043 	4037 	4036
f 4125 	4128 	4146
f 4043 	4036 	3994
f 4043 	3994 	5198
f 4054 	4056 	4138
f 4149 	1635 	4150
f 4044 	4040 	4160
f 4156 	4160 	4040
f 1625 	1638 	4152
f 3998 	4042 	4045
f 4041 	4046 	4045
f 4041 	4045 	4042
f 4153 	1626 	4152
f 4039 	4038 	4034
f 4039 	4034 	4037
f 4152 	1638 	4168
f 2088 	4145 	2081
f 4153 	4152 	4168
f 1633 	4168 	1638
f 4039 	4037 	4156
f 4155 	4156 	4037
f 3925 	1934 	2081
f 4150 	4153 	4149
f 1559 	4157 	1644
f 4158 	4160 	4028
f 4147 	4146 	4154
f 1644 	4157 	1728
f 1635 	4149 	4159
f 4144 	4159 	4149
f 4142 	4144 	4149
f 4128 	4154 	4146
f 4029 	4028 	4160
f 4043 	4044 	4158
f 4128 	4131 	4154
f 4486 	3513 	4539
f 4145 	4157 	1559
f 4154 	4131 	4130
f 4154 	4130 	4151
f 4028 	4155 	4158
f 4158 	4155 	4037
f 4158 	4037 	4043
f 4130 	6673 	4151
f 4156 	4029 	4160
f 4145 	2088 	4157
f 4180 	4488 	4053
f 998 	4053 	997
f 4046 	4041 	4027
f 4046 	4027 	4031
f 1780 	1728 	4172
f 1780 	4172 	4247
f 3165 	4163 	3143
f 3160 	4162 	3165
f 4162 	4163 	3165
f 4163 	4164 	3143
f 4164 	4165 	3143
f 4172 	1728 	4157
f 4165 	4166 	3143
f 4166 	2983 	3143
f 4161 	998 	4124
f 4193 	1790 	1780
f 4167 	2983 	4166
f 1613 	4501 	1631
f 1633 	3965 	4168
f 4167 	4169 	2983
f 3102 	2983 	4169
f 4076 	4578 	4075
f 4080 	4142 	4077
f 4496 	4077 	4170
f 4170 	4077 	4142
f 4149 	4170 	4142
f 4157 	2088 	2094
f 4149 	4153 	4168
f 4149 	4168 	4170
f 4124 	4171 	4161
f 4595 	4161 	4171
f 4171 	4124 	4061
f 4140 	4079 	4144
f 4078 	4144 	4079
f 4595 	4599 	4053
f 4595 	4053 	4161
f 4173 	3948 	3946
f 4173 	3946 	4174
f 4530 	4523 	4078
f 4159 	4144 	1623
f 4005 	4009 	4006
f 4157 	4190 	4172
f 4020 	4021 	4022
f 4034 	4038 	4035
f 4001 	4175 	3993
f 1587 	1555 	4592
f 4050 	4051 	4177
f 4176 	4177 	4051
f 1555 	1616 	4592
f 4592 	4590 	1587
f 2933 	4461 	4179
f 4176 	4180 	4177
f 4523 	4592 	1623
f 4179 	4181 	2933
f 4053 	4054 	4180
f 4180 	4054 	4177
f 2935 	4181 	4182
f 4184 	6044 	1114
f 1114 	3046 	4184
f 4182 	4185 	2968
f 4182 	2968 	2935
f 4157 	2094 	4190
f 3612 	4183 	4186
f 2970 	2968 	4187
f 4185 	4187 	2968
f 3599 	4186 	4188
f 2973 	2970 	4189
f 4187 	4189 	2970
f 4189 	4191 	2973
f 3583 	3584 	4202
f 4192 	2977 	4191
f 3578 	3579 	4202
f 4192 	4178 	2977
f 2966 	2977 	4178
f 4194 	4195 	4196
f 4198 	3940 	4197
f 4134 	4139 	4136
f 4195 	4199 	4200
f 4195 	4200 	4196
f 4801 	4799 	6639
f 4199 	4195 	4194
f 4199 	4194 	4201
f 4801 	6684 	4179
f 4181 	185 	4182
f 4200 	4194 	4196
f 4200 	4201 	4194
f 4182 	4218 	4185
f 4185 	4218 	4187
f 4187 	4215 	4189
f 4192 	4191 	4252
f 4189 	4212 	4191
f 4191 	4212 	4252
f 4204 	4198 	4197
f 4204 	4197 	4205
f 4203 	4206 	3669
f 3669 	3670 	4203
f 4208 	4163 	4162
f 4208 	4162 	4209
f 4211 	4164 	4163
f 4211 	4163 	4208
f 3826 	3817 	4207
f 3826 	4207 	4210
f 4186 	4183 	6687
f 4212 	4165 	4164
f 4212 	4164 	4211
f 4214 	4166 	4165
f 4214 	4165 	4212
f 3875 	4213 	4207
f 4188 	4186 	6687
f 4215 	4167 	4166
f 4215 	4166 	4214
f 4218 	4169 	4167
f 4218 	4167 	4215
f 3875 	4198 	4213
f 4222 	4229 	4220
f 4221 	3104 	3102
f 4169 	4218 	3102
f 4221 	3102 	4218
f 4221 	4223 	3106
f 4221 	3106 	3104
f 3108 	3106 	4224
f 4223 	4224 	3106
f 4204 	4225 	4226
f 4204 	4226 	4198
f 4224 	4227 	3109
f 4224 	3109 	3108
f 4205 	4197 	4226
f 4205 	4226 	4225
f 3826 	4210 	4197
f 4226 	4197 	4210
f 4226 	4210 	4261
f 4222 	4217 	4228
f 4228 	4229 	4222
f 4219 	4220 	4229
f 4162 	3160 	4209
f 4209 	4257 	4208
f 4208 	4253 	4211
f 4212 	4189 	4214
f 4211 	4252 	4212
f 4214 	4189 	4215
f 4207 	4236 	4210
f 4216 	4263 	4230
f 4215 	4187 	4218
f 4224 	4223 	185
f 4218 	4182 	4221
f 4704 	4706 	4231
f 4235 	4236 	4213
f 4221 	4182 	185
f 4223 	4221 	185
f 4207 	4213 	4236
f 1780 	4247 	4193
f 4238 	3200 	3451
f 4239 	3783 	4227
f 3785 	4239 	4240
f 4238 	3973 	3200
f 4240 	4241 	3793
f 4240 	3793 	3785
f 3794 	3793 	4243
f 4241 	4243 	3793
f 3795 	3794 	4244
f 4243 	4244 	3794
f 4244 	4245 	3795
f 4246 	3798 	4245
f 3160 	3798 	4246
f 3160 	4246 	4209
f 1229 	1247 	4239
f 4227 	985 	4239
f 4172 	4190 	4247
f 4380 	4242 	4238
f 4242 	3976 	3973
f 4240 	4239 	1247
f 4242 	3973 	4238
f 4190 	2103 	4247
f 4241 	4240 	1350
f 4249 	2856 	4248
f 4246 	4260 	4209
f 4249 	4248 	4251
f 4249 	4251 	4250
f 4213 	4226 	4235
f 3946 	3945 	4252
f 3946 	4252 	4253
f 4254 	4250 	4463
f 3196 	4463 	4250
f 3197 	3196 	4250
f 4253 	4255 	4174
f 4253 	4174 	3946
f 4254 	4256 	4249
f 4254 	4249 	4250
f 4252 	4211 	4253
f 4216 	4237 	4263
f 4261 	4258 	4226
f 4257 	4209 	4260
f 4245 	5497 	4246
f 4259 	4344 	3225
f 4344 	3441 	3225
f 4262 	4258 	4261
f 4566 	4260 	4567
f 4226 	4258 	4235
f 4262 	4235 	4258
f 4173 	4264 	3949
f 4173 	3949 	3948
f 4261 	4210 	4236
f 4008 	4009 	4005
f 4008 	4005 	4004
f 4025 	4268 	4030
f 4267 	4030 	4268
f 3880 	3834 	4503
f 4266 	4269 	4270
f 4270 	4271 	4266
f 4257 	4260 	4005
f 4257 	4005 	4272
f 4263 	4237 	4529
f 4273 	4274 	4275
f 4273 	4275 	4276
f 4265 	4538 	4262
f 4279 	4273 	4278
f 4274 	4273 	4279
f 4273 	4280 	4278
f 4277 	4278 	4280
f 4287 	4259 	4266
f 4286 	3949 	4264
f 4276 	4280 	4273
f 4287 	4288 	4259
f 4538 	4526 	4262
f 4282 	4283 	4273
f 4284 	4273 	4283
f 4280 	4273 	4284
f 4280 	4284 	4285
f 4271 	4287 	4266
f 4283 	4281 	4284
f 4281 	3949 	4284
f 4286 	4284 	3949
f 3960 	4300 	3141
f 4288 	4308 	4259
f 4918 	4292 	4291
f 4292 	4293 	4291
f 4293 	4294 	4291
f 4290 	4291 	4294
f 3953 	4289 	4295
f 4294 	4293 	4289
f 4294 	4289 	4301
f 4289 	3949 	4281
f 4270 	4269 	420
f 4289 	4281 	4301
f 4290 	4282 	4273
f 4290 	4273 	4291
f 4269 	4471 	420
f 4280 	4918 	4291
f 4280 	4291 	4273
f 4293 	4292 	4285
f 4293 	4285 	4284
f 4270 	420 	4271
f 4286 	4295 	4293
f 4286 	4293 	4284
f 4307 	4300 	3960
f 4287 	4271 	420
f 4282 	4294 	4283
f 4282 	4290 	4294
f 4287 	420 	4288
f 4531 	4287 	4269
f 4008 	4004 	4333
f 4296 	4297 	4299
f 4298 	4299 	4297
f 4281 	4283 	4297
f 4298 	4297 	4283
f 4288 	4287 	4531
f 4271 	4269 	4287
f 4270 	4269 	4271
f 4300 	3966 	3141
f 4269 	4270 	4366
f 4366 	4270 	4271
f 4287 	4369 	4271
f 4301 	4302 	4304
f 4304 	4305 	4301
f 4301 	4305 	4294
f 4297 	4296 	4302
f 4297 	4302 	4301
f 4322 	4333 	4304
f 3344 	3225 	3441
f 4301 	4281 	4297
f 4305 	4298 	4283
f 4305 	4283 	4294
f 4305 	4304 	4299
f 4305 	4299 	4298
f 4296 	4004 	4302
f 4300 	4307 	3966
f 3967 	3966 	4307
f 4308 	4288 	420
f 4309 	4310 	4314
f 4309 	4314 	4312
f 4288 	4531 	4308
f 4313 	4466 	4315
f 4466 	4316 	4315
f 4316 	4470 	4321
f 4318 	4030 	4317
f 4319 	4030 	4318
f 4314 	4310 	4320
f 4320 	4030 	4319
f 4322 	4320 	4310
f 4030 	4320 	4322
f 4267 	4317 	4030
f 4288 	4363 	4287
f 4308 	4363 	4288
f 4127 	3462 	4118
f 2758 	2757 	2946
f 4324 	4321 	2757
f 4470 	2757 	4321
f 4118 	4122 	4127
f 4315 	4316 	7042
f 4313 	4315 	7042
f 4127 	3987 	4083
f 4304 	4302 	4322
f 4013 	4322 	4302
f 4030 	4322 	4013
f 4127 	2645 	3987
f 4325 	1136 	4326
f 4013 	4302 	4004
f 4316 	636 	7042
f 4318 	4327 	4328
f 4329 	4326 	1133
f 1136 	1133 	4326
f 4328 	4330 	4319
f 4328 	4319 	4318
f 4330 	4331 	4320
f 4330 	4320 	4319
f 636 	4316 	4321
f 4331 	4312 	4314
f 4331 	4314 	4320
f 636 	4321 	4324
f 2951 	4495 	2862
f 4334 	2862 	4335
f 4312 	4331 	4309
f 4333 	4309 	4331
f 4025 	4333 	4331
f 4025 	4331 	4330
f 4025 	4330 	4328
f 4025 	4328 	4327
f 4336 	4025 	4327
f 4268 	4025 	4336
f 4233 	4326 	4332
f 4332 	4329 	4217
f 4025 	4011 	4333
f 4011 	4007 	4333
f 4333 	4004 	4299
f 4296 	4299 	4004
f 4339 	3466 	3462
f 4309 	4333 	4322
f 4309 	4322 	4310
f 4338 	4499 	4340
f 4299 	4304 	4333
f 3462 	4127 	4339
f 4329 	4332 	4326
f 4127 	4083 	4339
f 4274 	4279 	4275
f 4341 	4275 	4278
f 4601 	4605 	3526
f 4602 	4601 	3526
f 6596 	3516 	3526
f 4275 	4341 	4342
f 3415 	3413 	4339
f 4190 	2094 	2103
f 4278 	4275 	4279
f 4274 	4279 	4343
f 4339 	3413 	3466
f 4259 	4345 	4344
f 4353 	41 	4346
f 4259 	4308 	4345
f 4339 	4083 	4096
f 4350 	4351 	4349
f 4348 	4349 	4351
f 420 	417 	4345
f 4112 	4607 	4352
f 34 	4346 	41
f 4308 	420 	4345
f 4344 	3519 	3441
f 4531 	3519 	4344
f 4344 	4345 	4531
f 4308 	4531 	4345
f 4359 	4354 	4358
f 4357 	4358 	4354
f 4348 	4351 	4354
f 4357 	4354 	4351
f 3448 	4360 	3441
f 4344 	3441 	4360
f 4005 	4361 	4272
f 4344 	4360 	4363
f 4344 	4363 	4345
f 4359 	4368 	4365
f 4354 	4359 	4365
f 4364 	4365 	4368
f 4366 	4271 	4369
f 4369 	4287 	4363
f 4345 	4363 	4308
f 4370 	4364 	4371
f 4368 	4371 	4364
f 4594 	4347 	4362
f 4253 	4208 	4257
f 4366 	4369 	4468
f 3448 	3224 	4360
f 3719 	4372 	3722
f 4986 	4253 	4389
f 3722 	4372 	4362
f 4360 	3224 	4363
f 4363 	3224 	4468
f 4372 	3719 	3708
f 4122 	4352 	4373
f 4363 	4468 	4369
f 4369 	3482 	4366
f 4360 	3482 	4363
f 4369 	4363 	3482
f 3448 	3482 	4360
f 4367 	4366 	3482
f 4658 	4479 	4661
f 4372 	3708 	3726
f 4355 	4376 	4373
f 4397 	4372 	3726
f 4360 	4363 	4377
f 4379 	4381 	4378
f 4385 	4384 	1944
f 4380 	4366 	4367
f 1944 	1848 	4385
f 4352 	4355 	4373
f 4379 	4378 	4984
f 4355 	4356 	4376
f 4984 	4342 	4379
f 4341 	4379 	4342
f 4380 	4369 	4366
f 4356 	2643 	4376
f 4381 	4382 	4383
f 4363 	4369 	4377
f 4380 	4377 	4369
f 4382 	4274 	4343
f 4382 	4343 	4383
f 4238 	4377 	4380
f 4373 	4127 	4122
f 4274 	4382 	4279
f 4381 	4279 	4382
f 4343 	4279 	4381
f 4343 	4381 	4383
f 4385 	3790 	4384
f 4661 	3482 	4256
f 4249 	4256 	3482
f 4383 	4386 	4375
f 4381 	4383 	4375
f 4381 	4375 	4378
f 3790 	4385 	1848
f 4398 	4375 	4386
f 4388 	4386 	4387
f 4388 	4408 	4386
f 4383 	4387 	4386
f 4384 	4385 	1899
f 1848 	1899 	4385
f 1847 	1899 	1848
f 4256 	4254 	4251
f 4256 	4251 	4248
f 4381 	4379 	4389
f 4381 	4253 	4383
f 4389 	4253 	4381
f 4346 	34 	4387
f 34 	33 	4387
f 4388 	4387 	33
f 4341 	4278 	4389
f 4341 	4389 	4379
f 4184 	4323 	4311
f 4217 	4329 	4228
f 4378 	4375 	4374
f 4329 	4325 	4326
f 4323 	4184 	3046
f 4398 	4386 	4408
f 33 	4408 	4388
f 4390 	866 	4228
f 4329 	4390 	4228
f 4346 	4387 	4353
f 4229 	4228 	866
f 4278 	4277 	4389
f 4986 	4389 	4277
f 4376 	4127 	4373
f 4393 	4408 	4253
f 4383 	4253 	4387
f 866 	4551 	4390
f 4394 	4232 	4231
f 4394 	4231 	4234
f 4394 	4234 	4395
f 3046 	4392 	4323
f 4234 	502 	4395
f 4332 	502 	4233
f 4392 	4743 	4323
f 4233 	502 	4234
f 4400 	4402 	4399
f 4401 	4402 	4400
f 4398 	4399 	4402
f 4397 	4391 	4372
f 2252 	1587 	4590
f 4350 	4349 	4399
f 4350 	4399 	4398
f 4242 	4413 	3976
f 4399 	4349 	4348
f 4399 	4348 	4400
f 4397 	4404 	4391
f 3502 	4406 	4078
f 3502 	4078 	4077
f 4402 	4405 	4351
f 4402 	4351 	4350
f 4402 	4350 	4398
f 4217 	4407 	4332
f 502 	4332 	4407
f 4398 	4402 	4375
f 3493 	4539 	3513
f 3491 	3513 	4436
f 4397 	4403 	4404
f 4408 	4393 	4398
f 4401 	4405 	4402
f 4411 	4412 	4413
f 4353 	4408 	41
f 33 	41 	4408
f 4403 	3729 	3968
f 4410 	4494 	3499
f 4017 	4413 	4016
f 4016 	4413 	4412
f 4375 	4402 	4396
f 4403 	3968 	4404
f 4402 	4416 	4396
f 4077 	4496 	3502
f 4414 	4417 	3502
f 4415 	4417 	4414
f 4398 	4393 	4402
f 4385 	4384 	3968
f 4419 	4421 	4668
f 4421 	4411 	4668
f 4413 	4668 	4411
f 4420 	4417 	4415
f 4420 	4415 	4422
f 4422 	4423 	4420
f 4423 	3521 	4420
f 4017 	4015 	4413
f 3523 	3491 	4436
f 4242 	4668 	4413
f 1864 	1846 	4424
f 3500 	1153 	4426
f 4425 	4426 	4437
f 1864 	4424 	1866
f 4437 	4426 	1153
f 3499 	3500 	4427
f 4410 	3499 	4427
f 4426 	4427 	3500
f 4429 	4430 	4428
f 4385 	3968 	4424
f 4385 	4424 	1848
f 3968 	3896 	4424
f 4015 	3976 	4413
f 4431 	4428 	4417
f 4428 	3538 	4417
f 3502 	4417 	3538
f 3538 	4428 	4430
f 4426 	4425 	4429
f 4426 	4429 	4428
f 4431 	4427 	4426
f 4431 	4426 	4428
f 3971 	1865 	4424
f 3538 	4430 	4432
f 3538 	4432 	3541
f 4248 	4434 	4256
f 4418 	4671 	4434
f 4418 	4434 	4419
f 4433 	1150 	1255
f 4017 	4016 	6536
f 1150 	4433 	1139
f 4444 	376 	4433
f 434 	1139 	376
f 4433 	376 	1139
f 4016 	4412 	6536
f 1944 	4563 	1941
f 4563 	4565 	1941
f 1153 	1141 	4437
f 4436 	4437 	1141
f 4419 	6534 	4421
f 6534 	6536 	4421
f 4412 	4411 	6536
f 4411 	4421 	6536
f 1944 	4384 	4563
f 4411 	4248 	4412
f 4432 	4430 	4429
f 4432 	4429 	4431
f 4417 	4420 	4431
f 4432 	4431 	4420
f 4412 	4248 	4016
f 2820 	4017 	4248
f 4421 	4434 	4411
f 4248 	4411 	4434
f 4435 	4440 	4439
f 4425 	4427 	4431
f 4425 	4431 	4429
f 4442 	4446 	4254
f 4445 	4446 	4442
f 4251 	4254 	4446
f 4433 	4443 	4444
f 4499 	4503 	4448
f 4499 	4448 	4340
f 4503 	4313 	4448
f 4097 	767 	4446
f 4097 	4446 	4447
f 1255 	4735 	4433
f 4334 	4335 	3136
f 4507 	4506 	4338
f 4338 	4340 	4509
f 4509 	4507 	4338
f 4303 	4509 	4340
f 4444 	4443 	376
f 4306 	4303 	4340
f 4418 	4419 	4451
f 7040 	7039 	4448
f 4448 	4313 	7040
f 4451 	4446 	4449
f 4449 	4446 	4450
f 4082 	4452 	4453
f 7042 	7040 	4313
f 4086 	4082 	4453
f 4445 	4450 	4446
f 4451 	4419 	4446
f 4434 	4446 	4419
f 4454 	4446 	4456
f 4446 	4434 	4421
f 4446 	4421 	4455
f 4455 	4456 	4446
f 4446 	4454 	4447
f 4436 	4409 	4437
f 4454 	4456 	4458
f 4457 	4796 	4459
f 4427 	4425 	4409
f 4437 	4409 	4425
f 4796 	4460 	4459
f 4427 	4409 	4410
f 3541 	4432 	4420
f 3541 	4420 	3520
f 4412 	4458 	4411
f 4458 	4456 	4411
f 4455 	4411 	4456
f 4016 	4458 	4412
f 4452 	4476 	4148
f 4459 	6932 	4457
f 337 	28 	2933
f 4453 	4452 	4148
f 316 	317 	2933
f 28 	316 	2933
f 4455 	4421 	4411
f 4254 	4463 	4442
f 3441 	4344 	417
f 4503 	4465 	4313
f 4606 	6954 	5822
f 4465 	4466 	4313
f 4316 	4466 	4469
f 4462 	1248 	3542
f 4102 	4467 	4103
f 4469 	4470 	4316
f 4471 	4269 	4266
f 4464 	4103 	4467
f 4266 	4532 	4471
f 4503 	6997 	4465
f 4472 	420 	4471
f 4344 	4345 	417
f 4121 	4148 	4467
f 6947 	6936 	4465
f 4414 	4409 	4415
f 4410 	4409 	4414
f 4473 	4415 	4409
f 4466 	4465 	6936
f 4107 	4467 	4102
f 6936 	6733 	4466
f 4423 	4422 	4078
f 4423 	4078 	4406
f 4531 	4269 	4471
f 6733 	6734 	4466
f 4472 	4531 	4471
f 4534 	4520 	420
f 4478 	4477 	4475
f 4474 	4475 	4477
f 4366 	4367 	4269
f 4471 	4269 	4367
f 4471 	4367 	4479
f 2966 	4178 	4480
f 4471 	4658 	4472
f 4353 	4387 	4408
f 4367 	4468 	4479
f 4366 	4468 	4367
f 4387 	4253 	4408
f 4393 	4416 	4402
f 4482 	4787 	4483
f 4787 	4484 	4483
f 4367 	3482 	4479
f 4436 	3513 	4486
f 706 	4220 	4219
f 4395 	4488 	4394
f 4634 	4655 	4481
f 4489 	4409 	4486
f 4436 	4486 	4409
f 4482 	4543 	4481
f 4483 	4263 	4482
f 4490 	4491 	502
f 4395 	502 	4491
f 4473 	4409 	4478
f 4489 	4478 	4409
f 4222 	4220 	706
f 4222 	706 	4492
f 6953 	7006 	4457
f 4217 	4222 	4407
f 4494 	4168 	3499
f 3496 	3499 	4168
f 4335 	2862 	4495
f 4414 	3502 	4496
f 4492 	4407 	4222
f 4335 	4495 	4337
f 4497 	4337 	4495
f 4410 	4414 	4496
f 4410 	4496 	4494
f 4488 	4395 	4550
f 4496 	4168 	4494
f 4498 	4338 	4337
f 4498 	4337 	4497
f 4474 	4477 	4500
f 4338 	4498 	4499
f 1614 	4501 	1613
f 4502 	4487 	4485
f 4492 	4390 	4407
f 4670 	4657 	4495
f 2643 	2645 	4127
f 3955 	4722 	3142
f 2645 	4088 	3987
f 4626 	4528 	4497
f 4499 	4498 	4237
f 4491 	4553 	4395
f 4529 	4237 	4498
f 4237 	4216 	4499
f 4504 	4487 	4502
f 4490 	4326 	4491
f 4491 	4326 	4325
f 2643 	4127 	4376
f 4487 	4505 	4493
f 4390 	4329 	4407
f 4490 	4407 	4329
f 4326 	4490 	4329
f 4390 	4492 	866
f 4504 	4505 	4487
f 4201 	4200 	4199
f 4108 	3429 	4508
f 4510 	4112 	4108
f 4199 	4488 	4180
f 4201 	4394 	4199
f 4560 	4435 	4562
f 4508 	4510 	4108
f 4232 	4394 	4201
f 4394 	4488 	4199
f 997 	4053 	4488
f 997 	4488 	4511
f 700 	1001 	4511
f 997 	4511 	1001
f 4335 	4337 	4506
f 3136 	4335 	4506
f 4263 	4483 	4230
f 4374 	4375 	4504
f 4498 	4497 	4528
f 4504 	4502 	4374
f 4375 	4396 	4504
f 4396 	4505 	4504
f 2844 	3136 	4640
f 4337 	4338 	4506
f 4367 	4479 	4380
f 4669 	4718 	4480
f 4669 	4480 	4655
f 3972 	3970 	4514
f 4495 	2951 	4722
f 2951 	2961 	3142
f 4401 	4416 	4405
f 4416 	4357 	4405
f 4351 	4405 	4357
f 4361 	4393 	4257
f 4361 	4257 	4272
f 4526 	4515 	4235
f 4514 	3970 	4512
f 4517 	4518 	4261
f 4262 	4261 	4518
f 4532 	6475 	4520
f 4515 	4517 	4236
f 4261 	4236 	4517
f 382 	4501 	409
f 4265 	4262 	4522
f 4518 	4522 	4262
f 4524 	4525 	4501
f 4523 	4501 	4525
f 4236 	4235 	4515
f 4527 	4475 	4474
f 4576 	4577 	4526
f 4520 	4519 	6488
f 4602 	6488 	4519
f 4500 	4530 	4474
f 4527 	4474 	4530
f 4530 	4525 	4527
f 4524 	4527 	4525
f 4527 	4524 	4501
f 4235 	4262 	4526
f 4519 	4602 	4531
f 4519 	4531 	4520
f 4526 	4538 	4576
f 4577 	4517 	4515
f 4500 	4477 	4530
f 4477 	4501 	4530
f 4520 	4534 	4532
f 4533 	4532 	4534
f 4523 	4530 	4501
f 4467 	4148 	4611
f 4475 	4527 	380
f 382 	380 	4527
f 4535 	4536 	4082
f 4542 	4263 	4529
f 1614 	409 	4501
f 4452 	4082 	4536
f 4265 	4537 	4538
f 4472 	4471 	4532
f 4533 	4472 	4532
f 4534 	420 	4533
f 4522 	4518 	4538
f 4522 	4538 	4537
f 4176 	4541 	4180
f 4535 	4540 	4536
f 4517 	4573 	4538
f 4572 	4538 	4573
f 4517 	4538 	4518
f 4199 	4180 	4541
f 4085 	4535 	4082
f 4541 	4692 	4201
f 4199 	4541 	4201
f 4548 	4516 	4546
f 4232 	4201 	4692
f 4505 	4396 	4545
f 4556 	4558 	4555
f 4400 	4516 	4401
f 4416 	4401 	4516
f 4555 	4546 	4516
f 4547 	4548 	4546
f 4416 	4516 	4548
f 4555 	4516 	4365
f 4354 	4365 	4516
f 4354 	4516 	4348
f 4400 	4348 	4516
f 4554 	1451 	2496
f 4357 	4416 	4548
f 4549 	4358 	4548
f 4357 	4548 	4358
f 4416 	4548 	4396
f 4439 	4438 	4441
f 4440 	4438 	4439
f 4440 	4435 	4552
f 4547 	4549 	4548
f 4562 	1941 	4561
f 4325 	4553 	1136
f 4396 	4548 	4545
f 4233 	4709 	4550
f 4550 	4553 	4233
f 4553 	4325 	4233
f 4561 	1941 	4565
f 4260 	4393 	4361
f 4260 	4361 	4005
f 4326 	4233 	4325
f 4548 	4416 	4260
f 4246 	4568 	4260
f 4568 	4567 	4260
f 4393 	4260 	4416
f 4551 	4550 	4329
f 4553 	4325 	4550
f 4329 	4550 	4325
f 4359 	4358 	4549
f 4547 	4546 	4549
f 4359 	4549 	4546
f 3784 	4047 	4552
f 1447 	2496 	1451
f 4555 	4365 	4364
f 4555 	4364 	4556
f 4554 	4721 	1451
f 4551 	4721 	4554
f 4554 	4551 	475
f 4329 	4390 	4551
f 4546 	4555 	4558
f 4559 	4511 	4488
f 4438 	4440 	4552
f 4364 	4370 	4556
f 4551 	4559 	4550
f 1037 	1039 	4559
f 4511 	4559 	1039
f 4368 	4359 	4546
f 4368 	4546 	4558
f 4552 	4435 	4560
f 4554 	1037 	4559
f 1451 	1037 	4554
f 1941 	4562 	4435
f 4488 	4550 	4559
f 4554 	4559 	4551
f 4550 	4395 	4553
f 4564 	4371 	4558
f 4553 	4491 	4325
f 4368 	4558 	4371
f 3784 	4563 	3790
f 4545 	4566 	4557
f 4384 	3790 	4563
f 4642 	344 	351
f 4548 	4566 	4545
f 4565 	4563 	3784
f 4685 	351 	352
f 4566 	4567 	4557
f 1899 	4565 	4563
f 1899 	4563 	4384
f 4404 	4384 	4563
f 4548 	4260 	4566
f 7042 	7021 	4569
f 1801 	7042 	4569
f 4562 	4561 	3784
f 4552 	4560 	3784
f 4599 	4595 	6913
f 341 	4618 	6913
f 4517 	4577 	4573
f 1791 	1798 	1602
f 1801 	4569 	1602
f 4076 	1602 	4569
f 4085 	4087 	4535
f 4528 	4543 	4529
f 4542 	4529 	4543
f 3952 	4544 	4535
f 4472 	4533 	420
f 4574 	4575 	4573
f 4575 	4572 	4573
f 4472 	4533 	4531
f 4533 	4534 	4531
f 4624 	4649 	4576
f 4577 	4576 	4649
f 4515 	4526 	4577
f 6488 	420 	4520
f 4529 	4498 	4528
f 4581 	5448 	4571
f 648 	655 	4569
f 649 	648 	4569
f 4572 	4576 	4538
f 4576 	4572 	4575
f 4633 	4624 	4575
f 4578 	7021 	4579
f 4493 	4505 	4580
f 4580 	4570 	4493
f 4570 	4581 	4571
f 4582 	4575 	4574
f 4582 	4574 	4583
f 4501 	382 	4527
f 4580 	4581 	4570
f 4486 	4539 	4584
f 4486 	4584 	4489
f 4579 	4075 	4578
f 4569 	4578 	4076
f 4619 	2315 	4640
f 4539 	1631 	4584
f 4477 	4478 	4489
f 4489 	4584 	4477
f 4501 	4477 	4584
f 1631 	4501 	4584
f 4578 	617 	4569
f 4579 	617 	4578
f 7022 	4585 	4579
f 4545 	4580 	4505
f 4560 	4562 	3784
f 4586 	4585 	7024
f 7033 	4587 	7024
f 4586 	7024 	4587
f 4496 	4170 	4168
f 4557 	4580 	4545
f 4587 	7033 	4588
f 7033 	6912 	4588
f 4523 	4525 	4530
f 3784 	4561 	4565
f 4593 	6912 	4595
f 4589 	4078 	4422
f 1623 	4144 	4523
f 4144 	4078 	4523
f 4589 	4530 	4078
f 1899 	4438 	4552
f 1899 	4552 	4560
f 1899 	4560 	4562
f 1899 	4562 	4561
f 1899 	4561 	4565
f 4392 	2252 	4590
f 3952 	4535 	4087
f 4579 	4585 	4171
f 4586 	4171 	4585
f 4586 	4587 	4171
f 4588 	4171 	4587
f 4535 	4544 	6237
f 4585 	4586 	462
f 462 	4579 	4585
f 4586 	4587 	462
f 461 	462 	4587
f 461 	4587 	4588
f 4347 	4594 	4591
f 4512 	4521 	4514
f 4591 	4594 	4596
f 4627 	4628 	343
f 4512 	4513 	4625
f 4536 	4540 	4452
f 4588 	4593 	4171
f 4595 	4171 	4593
f 3972 	4514 	4597
f 4596 	4372 	4391
f 4557 	4581 	4580
f 4581 	5459 	5448
f 4596 	4391 	4598
f 4593 	465 	4588
f 4595 	465 	4593
f 461 	4588 	465
f 4557 	5459 	4581
f 4560 	4552 	4598
f 4597 	3615 	3972
f 4531 	4534 	4520
f 4514 	4600 	4597
f 4519 	4520 	4534
f 4613 	4614 	4533
f 4362 	4596 	4594
f 4521 	4600 	4514
f 4519 	4520 	4601
f 4519 	4601 	4602
f 4362 	4372 	4596
f 4087 	4085 	3957
f 4440 	4598 	4552
f 4596 	4598 	4440
f 4596 	4440 	4439
f 3957 	4085 	3991
f 4081 	3957 	3991
f 4596 	4439 	4441
f 4596 	4441 	5374
f 4598 	4391 	4404
f 3526 	4531 	4602
f 4508 	3615 	4597
f 4597 	4600 	4510
f 4562 	4404 	4561
f 4404 	4562 	4598
f 4614 	4663 	4534
f 4534 	4533 	4614
f 4533 	4472 	4658
f 4598 	4562 	4560
f 3952 	4087 	3957
f 6488 	4602 	4601
f 4601 	4605 	6488
f 4597 	4510 	4508
f 4603 	6488 	4604
f 4404 	4563 	4565
f 4404 	4565 	4561
f 4607 	4510 	4600
f 4347 	4591 	4608
f 4467 	4609 	4464
f 4605 	4604 	3526
f 6596 	3526 	4604
f 6596 	4604 	4603
f 4476 	4611 	4148
f 4352 	4607 	4610
f 4610 	4355 	4352
f 4175 	4001 	4000
f 4175 	4000 	4617
f 4616 	4356 	4355
f 4599 	6913 	4618
f 4618 	341 	4623
f 4628 	4623 	343
f 343 	344 	4630
f 4610 	4616 	4355
f 4268 	4620 	4267
f 4621 	4267 	4620
f 4619 	3136 	4622
f 4681 	4643 	351
f 4371 	4327 	4370
f 4634 	4481 	4543
f 4599 	4618 	4053
f 4327 	4371 	4336
f 4564 	4567 	4371
f 4336 	4371 	4568
f 4567 	4568 	4371
f 4625 	4521 	4512
f 4618 	4623 	4053
f 4051 	4053 	4623
f 4317 	4267 	4336
f 4268 	4336 	4267
f 4576 	4575 	4624
f 4647 	4624 	4633
f 4599 	468 	4595
f 4618 	468 	4599
f 467 	468 	4623
f 4623 	468 	4618
f 4627 	343 	4630
f 4612 	4615 	4632
f 4582 	4631 	4633
f 4582 	4633 	4575
f 4625 	4513 	4629
f 4583 	4574 	4633
f 4583 	4633 	4631
f 4628 	4627 	4051
f 4573 	4644 	4574
f 4633 	4574 	4644
f 4513 	2780 	4629
f 4542 	4543 	4482
f 4611 	4615 	4612
f 4052 	4051 	4627
f 4629 	2780 	2800
f 4630 	4052 	4627
f 4644 	4573 	4649
f 4521 	4625 	4636
f 4625 	4629 	4637
f 4635 	6954 	4606
f 4625 	4637 	4636
f 4626 	4634 	4528
f 4543 	4528 	4634
f 4636 	4600 	4521
f 4630 	471 	472
f 4628 	4627 	472
f 4630 	472 	4627
f 341 	343 	4623
f 4629 	4641 	4637
f 4629 	2800 	4641
f 2314 	2313 	4640
f 3140 	2844 	4640
f 4619 	4640 	3136
f 3140 	4640 	4639
f 3140 	4639 	4667
f 4623 	4628 	4051
f 2951 	3142 	4722
f 4497 	4495 	4657
f 4628 	472 	4623
f 467 	4623 	472
f 4763 	1410 	4800
f 2966 	4480 	4718
f 4657 	4626 	4497
f 4645 	4646 	4644
f 4646 	4647 	4644
f 4633 	4644 	4647
f 4624 	4656 	4649
f 4648 	4649 	4656
f 4600 	4636 	4607
f 4624 	4647 	4656
f 4636 	4610 	4607
f 4636 	4637 	4610
f 4644 	4649 	4648
f 4644 	4648 	4645
f 4637 	4641 	4616
f 4052 	4630 	4642
f 4577 	4649 	4573
f 3902 	3898 	5005
f 5202 	4616 	4641
f 4637 	4616 	4610
f 4646 	4650 	4651
f 4646 	4651 	4647
f 4651 	4652 	4653
f 4651 	4653 	4647
f 4650 	4646 	4653
f 4650 	4653 	4652
f 4642 	570 	4630
f 4643 	570 	4642
f 471 	4630 	570
f 4645 	4653 	4646
f 1798 	7114 	1801
f 4480 	4481 	4655
f 4519 	4534 	4602
f 4663 	4602 	4534
f 4656 	4676 	4648
f 4479 	4658 	4471
f 4656 	4647 	4653
f 481 	4795 	4762
f 4613 	4533 	4658
f 4614 	4613 	4468
f 4660 	4645 	4648
f 4613 	4658 	4468
f 4479 	4468 	4658
f 4654 	4662 	4659
f 4655 	4634 	4657
f 4626 	4657 	4634
f 4654 	4909 	4662
f 4660 	4648 	4676
f 4656 	4653 	4676
f 4672 	4676 	4653
f 4614 	4613 	4661
f 4658 	4661 	4613
f 3482 	4661 	4479
f 4673 	4674 	4664
f 4653 	4645 	4672
f 4664 	4672 	4645
f 4664 	4660 	4673
f 4645 	4660 	4664
f 4468 	6530 	4614
f 4592 	4735 	4590
f 3943 	3138 	4667
f 4661 	4665 	4663
f 4661 	4663 	4614
f 4638 	4632 	4476
f 4613 	4614 	4668
f 4663 	4668 	4614
f 3141 	2966 	4718
f 4589 	4735 	4530
f 4592 	4530 	4735
f 4523 	4530 	4592
f 4663 	4665 	4671
f 4419 	4668 	4418
f 4418 	4668 	4671
f 4663 	4671 	4668
f 4670 	4669 	4657
f 4655 	4657 	4669
f 4658 	4668 	4479
f 4380 	4479 	4668
f 4668 	4658 	4613
f 4672 	4664 	4675
f 4674 	4675 	4664
f 4632 	4615 	4476
f 4668 	4242 	4380
f 4671 	6534 	4418
f 4665 	6534 	4671
f 4671 	4661 	4434
f 4665 	4661 	4671
f 4256 	4434 	4661
f 4476 	4452 	4638
f 4606 	4609 	4635
f 4677 	4129 	4678
f 4464 	4609 	4606
f 4609 	4611 	4635
f 4609 	4467 	4611
f 4587 	7114 	4588
f 4635 	4611 	4612
f 4615 	4611 	4476
f 4618 	7114 	4623
f 4627 	7114 	4630
f 4678 	4129 	4135
f 4135 	4679 	4678
f 4681 	351 	4684
f 4642 	351 	4643
f 4684 	351 	4685
f 4688 	4686 	422
f 4685 	352 	4686
f 423 	4689 	422
f 4110 	4608 	4679
f 4706 	4704 	779
f 4680 	4703 	4701
f 4679 	4135 	4110
f 4679 	4608 	4809
f 4642 	4643 	4052
f 4681 	4052 	4643
f 570 	4643 	4681
f 4688 	422 	4689
f 4691 	4689 	423
f 4683 	4705 	1899
f 4680 	4700 	4712
f 4685 	4176 	4684
f 4681 	4684 	4052
f 4680 	2048 	1987
f 4686 	4176 	4685
f 4052 	4684 	4176
f 2134 	2133 	4683
f 4687 	4682 	4680
f 2135 	2134 	4683
f 4680 	1986 	4770
f 570 	4681 	4684
f 570 	4684 	4685
f 570 	4685 	4686
f 570 	4686 	571
f 1987 	1986 	4680
f 1286 	1285 	4683
f 4680 	1990 	2048
f 1287 	1286 	1899
f 775 	4692 	423
f 4680 	4690 	4687
f 4680 	4770 	4772
f 4176 	4686 	4541
f 4769 	4677 	4678
f 4680 	4772 	4777
f 4688 	4541 	4686
f 4541 	4688 	4689
f 4688 	574 	4686
f 4689 	574 	4688
f 571 	4686 	574
f 4680 	4777 	4690
f 775 	4704 	4692
f 4691 	423 	4692
f 4694 	4695 	4693
f 4695 	4708 	4693
f 775 	779 	4704
f 4693 	4696 	4697
f 4231 	4232 	4692
f 4692 	4541 	4691
f 4689 	4691 	4541
f 1990 	4680 	1989
f 4693 	4697 	4699
f 4693 	4699 	4694
f 574 	4689 	4691
f 575 	574 	4692
f 4691 	4692 	574
f 4680 	4702 	4703
f 4682 	4702 	4680
f 5788 	4695 	4694
f 5788 	4694 	4699
f 4695 	4694 	4705
f 4699 	4705 	4694
f 4706 	779 	4707
f 4754 	4693 	4708
f 780 	782 	4709
f 4707 	780 	4709
f 4708 	4695 	5144
f 789 	792 	2029
f 4676 	4719 	4660
f 4710 	4660 	4719
f 4692 	4704 	4231
f 4676 	4672 	4675
f 4676 	4675 	4719
f 4706 	4707 	4231
f 4673 	4660 	4710
f 1989 	4680 	4711
f 4707 	4709 	4231
f 4670 	4718 	4669
f 4713 	4675 	4674
f 4713 	4674 	4714
f 4234 	4231 	4709
f 4233 	4234 	4709
f 4713 	4715 	4716
f 4713 	4716 	4675
f 4680 	4701 	4717
f 4714 	4674 	4716
f 4714 	4716 	4715
f 4716 	4673 	3945
f 4264 	3945 	4673
f 4926 	4264 	4673
f 4673 	4716 	4674
f 575 	4692 	4704
f 4706 	576 	4704
f 4707 	576 	4706
f 4709 	576 	4707
f 575 	4704 	576
f 3951 	3141 	4718
f 4720 	782 	4721
f 4717 	4700 	4680
f 4295 	4917 	3953
f 4719 	3953 	4710
f 2030 	789 	2029
f 4670 	4495 	4722
f 4551 	4550 	4709
f 4719 	4675 	4716
f 4719 	4716 	3945
f 4719 	3945 	3953
f 4673 	4710 	4926
f 4917 	4926 	4710
f 4709 	4720 	4551
f 3955 	3951 	4718
f 3955 	4718 	4722
f 4711 	4680 	4712
f 4718 	4670 	4722
f 6994 	3831 	4723
f 4721 	4551 	4720
f 4712 	6595 	4711
f 3832 	3851 	3831
f 3872 	3871 	3978
f 4204 	4205 	4225
f 576 	4709 	4720
f 577 	576 	4721
f 4720 	4721 	576
f 2028 	2027 	789
f 4721 	789 	2027
f 4724 	4725 	4726
f 789 	2030 	2028
f 4537 	4265 	4522
f 1955 	1953 	1984
f 4734 	4727 	4733
f 4415 	4589 	4422
f 4729 	4728 	4727
f 3815 	4730 	3816
f 4473 	4478 	4731
f 4589 	4415 	4731
f 4473 	4731 	4415
f 4732 	4734 	4733
f 4590 	4735 	4462
f 4666 	4763 	4800
f 4728 	4733 	4727
f 2027 	1984 	4721
f 4666 	4800 	4762
f 4582 	4583 	4631
f 4651 	4650 	4652
f 4713 	4714 	4715
f 1248 	4462 	4735
f 2027 	578 	4721
f 4666 	1136 	1142
f 3831 	4737 	4738
f 3831 	4738 	4723
f 4735 	4589 	4736
f 4731 	4736 	4589
f 4643 	7114 	4681
f 4478 	4475 	4739
f 3169 	3170 	4737
f 3105 	4737 	3170
f 4736 	4731 	4739
f 4478 	4739 	4731
f 6994 	7214 	3831
f 4736 	4443 	4735
f 4443 	4433 	4735
f 4666 	4999 	5000
f 4666 	1155 	5001
f 4735 	1255 	1248
f 4666 	1156 	1155
f 4666 	5001 	4999
f 376 	4443 	380
f 4739 	380 	4443
f 4475 	380 	4739
f 4443 	4736 	4739
f 4666 	5005 	4998
f 5000 	5007 	4666
f 4666 	5007 	5005
f 6428 	4740 	6429
f 4831 	3814 	4782
f 7114 	4721 	4720
f 2027 	4721 	7114
f 3814 	3174 	4782
f 4311 	4323 	4741
f 4550 	4551 	1156
f 1156 	4551 	4554
f 1156 	1142 	4550
f 4740 	4311 	4741
f 4553 	1142 	1136
f 4740 	3625 	3550
f 4741 	3625 	4740
f 4390 	4329 	1133
f 4761 	440 	1133
f 4323 	4743 	4741
f 4705 	4683 	4695
f 1133 	473 	866
f 1133 	866 	4390
f 4708 	4769 	4695
f 4695 	4769 	4694
f 780 	4707 	779
f 4744 	4763 	4666
f 4699 	4694 	4769
f 4720 	4709 	782
f 4743 	3637 	4741
f 789 	4721 	782
f 2037 	2029 	792
f 4744 	4666 	4998
f 4699 	4697 	5788
f 4741 	3637 	3625
f 166 	4745 	4746
f 166 	4746 	167
f 5536 	5788 	4698
f 163 	161 	174
f 4462 	4392 	4590
f 4747 	174 	2402
f 161 	2402 	174
f 4698 	4705 	4696
f 4705 	4699 	4697
f 4697 	4696 	4705
f 3898 	4998 	5005
f 174 	4747 	210
f 4462 	4743 	4392
f 2421 	2414 	4747
f 210 	4747 	2414
f 4462 	3542 	4743
f 2591 	723 	2406
f 2591 	2406 	2409
f 4743 	3542 	3637
f 3340 	3345 	3341
f 2413 	2421 	2414
f 2413 	2414 	2592
f 3340 	3339 	4751
f 4748 	5419 	4750
f 2592 	2413 	2409
f 2592 	2409 	2591
f 3399 	3398 	3347
f 3399 	3347 	3342
f 2605 	723 	2606
f 723 	2591 	2606
f 1621 	1635 	1623
f 4159 	1623 	1635
f 4698 	4748 	5536
f 4766 	3850 	3855
f 2632 	2592 	4752
f 739 	2592 	2632
f 2592 	2414 	4752
f 3856 	3854 	4771
f 2591 	2606 	2592
f 739 	2592 	2606
f 739 	2606 	2605
f 4602 	4663 	4601
f 4705 	4698 	4748
f 4705 	4748 	4750
f 5536 	4750 	4749
f 4605 	4601 	4665
f 4671 	4605 	4665
f 4663 	4665 	4601
f 3769 	3247 	3855
f 4604 	4451 	4449
f 4604 	4449 	4603
f 4750 	4749 	4705
f 4749 	5611 	4705
f 4418 	4451 	4671
f 4605 	4671 	4451
f 4605 	4451 	4604
f 3196 	4116 	4463
f 4803 	4802 	4755
f 4755 	3868 	3859
f 4756 	4803 	4755
f 3859 	3856 	4755
f 4771 	4755 	3856
f 4755 	4771 	4756
f 4757 	4760 	4758
f 4708 	4695 	4683
f 5226 	5225 	4683
f 4708 	4683 	4754
f 4761 	1133 	4666
f 3866 	4780 	3864
f 3864 	4780 	4755
f 3859 	3864 	4755
f 4705 	4438 	1899
f 3859 	4755 	3330
f 4798 	4758 	4764
f 4760 	4764 	4758
f 4608 	4591 	4765
f 3855 	4768 	4766
f 4798 	4767 	4758
f 4768 	3855 	3262
f 4769 	4708 	4754
f 4803 	4774 	4773
f 4767 	4775 	4758
f 4774 	4771 	4773
f 5022 	4773 	4771
f 4776 	4773 	5022
f 4778 	4742 	3782
f 4780 	4773 	4774
f 4774 	4803 	4756
f 4778 	4893 	4742
f 4774 	4756 	4771
f 4774 	4756 	4780
f 4756 	4755 	4780
f 4755 	4756 	3245
f 4773 	3245 	4774
f 4776 	4813 	3309
f 3308 	3309 	4813
f 4779 	4480 	4178
f 3328 	3335 	4780
f 3866 	3328 	4780
f 4480 	4779 	4481
f 4781 	4481 	4779
f 4761 	4666 	4861
f 4782 	4482 	4481
f 4782 	4481 	4781
f 4783 	4784 	4785
f 4783 	4785 	4786
f 4760 	4757 	3835
f 4482 	4782 	4787
f 4788 	4786 	4785
f 4788 	4785 	4789
f 4790 	4484 	4787
f 4759 	3835 	4757
f 4666 	1133 	1136
f 4791 	4793 	4794
f 4790 	4792 	4484
f 4457 	4484 	4792
f 4666 	4762 	4795
f 4792 	4796 	4457
f 240 	387 	4791
f 4767 	4798 	4797
f 4788 	4783 	4786
f 4460 	4796 	4799
f 4811 	4767 	4810
f 4799 	4801 	4461
f 4799 	4461 	4460
f 4808 	4767 	4804
f 4797 	4804 	4767
f 4788 	5229 	4786
f 4801 	4179 	4461
f 4793 	4791 	387
f 4769 	4678 	4805
f 4794 	4771 	4791
f 4812 	6828 	4811
f 4807 	4696 	4805
f 4697 	4805 	4696
f 4748 	4698 	4807
f 4696 	4807 	4698
f 4764 	6835 	4798
f 4797 	4798 	6835
f 4804 	4797 	6835
f 4814 	4816 	4802
f 4798 	3624 	4797
f 5634 	4749 	4807
f 4807 	4750 	4748
f 4963 	4964 	391
f 4697 	4699 	4805
f 4769 	4805 	4699
f 3835 	3624 	4764
f 4804 	4797 	3624
f 4764 	3624 	4798
f 4772 	5136 	4777
f 3854 	240 	4791
f 4805 	4679 	4809
f 4808 	4810 	4767
f 5022 	4771 	4794
f 3335 	3341 	4780
f 4846 	2492 	4849
f 3868 	4755 	4802
f 3874 	3868 	4802
f 4773 	4786 	4803
f 4805 	4678 	4679
f 4776 	4813 	4786
f 4773 	4776 	4786
f 4788 	4786 	4813
f 2492 	2130 	1398
f 4804 	6835 	4808
f 4805 	4809 	4807
f 4804 	3624 	4808
f 4776 	5022 	4813
f 4807 	4809 	5634
f 4813 	4776 	4780
f 4773 	4780 	4776
f 4750 	4807 	4749
f 4808 	3624 	4810
f 4779 	4952 	4781
f 4178 	4192 	4252
f 3169 	4737 	3174
f 4737 	4787 	3174
f 4814 	4815 	4816
f 6596 	6569 	3624
f 4811 	3624 	4812
f 4810 	3624 	4811
f 4781 	4892 	4782
f 4824 	4831 	4782
f 4817 	4818 	4819
f 4818 	4816 	4819
f 4815 	4819 	4816
f 4792 	7214 	4796
f 5136 	4772 	4770
f 4821 	4853 	4819
f 4796 	7075 	4799
f 4815 	4821 	4819
f 6581 	6639 	4799
f 4821 	4851 	4853
f 3159 	4823 	4898
f 4820 	4822 	4827
f 4824 	4825 	4826
f 4816 	4818 	4802
f 4825 	4724 	4726
f 4825 	4726 	4826
f 4724 	4825 	4725
f 4824 	4725 	4825
f 4818 	4817 	4802
f 4759 	4757 	4822
f 4726 	4725 	4824
f 4726 	4824 	4826
f 4847 	4845 	4802
f 4823 	4824 	4826
f 4828 	4823 	4826
f 4817 	4847 	4802
f 4797 	4827 	4798
f 4822 	4798 	4827
f 4829 	4828 	4830
f 4826 	4830 	4828
f 4824 	3813 	4831
f 3882 	3926 	4882
f 4832 	3882 	4833
f 4727 	4829 	4830
f 4806 	152 	63
f 4727 	4830 	4729
f 4832 	4835 	4834
f 3813 	3816 	4831
f 4730 	4831 	3816
f 4834 	4847 	4836
f 4847 	4817 	4836
f 4828 	4887 	4823
f 4819 	4836 	4817
f 4808 	4810 	6860
f 4887 	4828 	4829
f 4808 	6860 	4827
f 4797 	4804 	4827
f 4808 	4827 	4804
f 4733 	4728 	4839
f 4822 	4757 	4760
f 4822 	4760 	4764
f 4822 	4764 	4798
f 4839 	4728 	4830
f 4729 	4830 	4728
f 6860 	4810 	4811
f 4730 	3815 	4831
f 3814 	4831 	3815
f 1641 	2975 	4842
f 4842 	4843 	1628
f 3888 	4832 	4833
f 2975 	2981 	4842
f 4809 	4608 	4765
f 4835 	4832 	3888
f 4809 	4765 	5634
f 4834 	4845 	4847
f 4842 	2986 	4843
f 4843 	4854 	4852
f 4882 	3899 	4833
f 2128 	4846 	4840
f 4845 	4834 	4835
f 4840 	4846 	4841
f 1628 	4843 	4852
f 4846 	4849 	4841
f 4843 	2986 	4854
f 4845 	4835 	3874
f 4842 	2981 	2986
f 3888 	3874 	4835
f 3874 	4802 	4845
f 4976 	4841 	4849
f 4848 	4119 	4850
f 2492 	2897 	4849
f 3934 	3884 	4853
f 2130 	2492 	4846
f 2427 	4844 	2425
f 3884 	4834 	4853
f 4836 	4853 	4834
f 4853 	4836 	4819
f 5310 	4853 	4851
f 4777 	5134 	4690
f 1790 	4857 	2136
f 4853 	3969 	3934
f 3041 	2140 	4857
f 4852 	4854 	4856
f 5310 	3969 	4853
f 4193 	4857 	1790
f 4854 	4855 	4856
f 4858 	4851 	4821
f 4858 	5305 	4851
f 4821 	4815 	4858
f 5305 	4858 	4860
f 4856 	4855 	4880
f 4861 	4666 	4795
f 4855 	4854 	2986
f 4837 	4838 	152
f 68 	152 	4838
f 296 	68 	4838
f 296 	4838 	4865
f 4806 	4837 	152
f 4886 	4837 	4806
f 4746 	4745 	4838
f 4746 	4838 	4837
f 4875 	4860 	4858
f 4859 	2197 	2143
f 158 	2254 	4862
f 4860 	4863 	4864
f 4876 	296 	4865
f 4860 	4875 	4863
f 4857 	4193 	4866
f 4866 	4879 	4857
f 4859 	4868 	4878
f 4869 	166 	4862
f 158 	4862 	166
f 4870 	4815 	4814
f 4247 	4866 	4193
f 4868 	4859 	2143
f 5067 	5041 	4862
f 2143 	2149 	4868
f 4815 	4870 	4858
f 4873 	4858 	4870
f 4865 	4869 	4874
f 4745 	166 	4838
f 4865 	4838 	166
f 4869 	4865 	166
f 4872 	4874 	4869
f 4873 	4875 	4858
f 4876 	4865 	4877
f 2149 	4840 	4868
f 4857 	4879 	4871
f 4806 	4967 	4877
f 4814 	4802 	4870
f 4863 	4875 	4802
f 4864 	4863 	4867
f 4802 	4867 	4863
f 2986 	3076 	4855
f 2545 	4866 	4247
f 3897 	4950 	4855
f 4870 	4802 	4873
f 4873 	4802 	4875
f 2563 	4879 	4866
f 3927 	4882 	3926
f 2572 	4871 	4879
f 4855 	4950 	4880
f 1628 	4881 	1664
f 2563 	2572 	4879
f 1664 	4881 	1881
f 4866 	2545 	2563
f 4884 	1881 	4881
f 3888 	4833 	3899
f 4852 	4881 	1628
f 2572 	5110 	4871
f 4789 	4784 	4783
f 4789 	4783 	4788
f 4883 	5118 	5110
f 5183 	4766 	4768
f 4844 	4883 	2572
f 5061 	5062 	3341
f 4883 	5110 	2572
f 4881 	4852 	4856
f 4662 	4753 	4659
f 4824 	4782 	4826
f 4885 	4753 	4662
f 4886 	4877 	4865
f 4787 	4782 	3174
f 4830 	4782 	4839
f 4826 	4782 	4830
f 1894 	1881 	4884
f 4662 	4909 	4885
f 4884 	4888 	1894
f 4881 	4856 	4884
f 4734 	4889 	4727
f 4887 	4829 	4889
f 4727 	4889 	4829
f 4884 	4890 	4888
f 4928 	4889 	4734
f 4946 	4889 	4948
f 4892 	4891 	4732
f 4892 	4732 	4733
f 4733 	4839 	4892
f 4884 	4856 	4890
f 4856 	4880 	4890
f 4890 	4880 	4957
f 3824 	3830 	4895
f 4893 	4778 	4898
f 4900 	4896 	4895
f 4753 	4885 	3504
f 4753 	3504 	3503
f 4899 	4900 	4901
f 4898 	4894 	4893
f 4899 	4902 	4900
f 4904 	4894 	4898
f 4902 	4905 	4900
f 3075 	4903 	2914
f 4895 	3830 	4901
f 4895 	4901 	4900
f 4905 	4906 	4900
f 2914 	4903 	4654
f 4908 	4900 	4907
f 4906 	4907 	4900
f 4823 	4887 	4904
f 4910 	4654 	4903
f 4887 	4943 	4904
f 4903 	4933 	4910
f 4898 	4823 	4904
f 4654 	4910 	4909
f 4972 	4973 	4255
f 4178 	4252 	4779
f 4839 	4782 	4892
f 4973 	4779 	4252
f 4885 	4909 	4911
f 4892 	4781 	4891
f 4908 	4907 	3835
f 4908 	5147 	4950
f 4909 	4912 	4911
f 4980 	4972 	4255
f 4910 	4941 	4909
f 4899 	4901 	4897
f 4901 	3830 	4897
f 3824 	4897 	3830
f 4914 	4915 	4913
f 4915 	4916 	4913
f 4899 	4897 	4902
f 4909 	4941 	4912
f 4906 	4897 	4907
f 4902 	4897 	4905
f 4295 	4292 	4917
f 4916 	4917 	4292
f 4916 	4292 	4918
f 4916 	4918 	4919
f 4916 	4919 	4920
f 4913 	4916 	4921
f 4920 	4921 	4916
f 4911 	3504 	4885
f 4710 	3953 	4917
f 4901 	4905 	4899
f 4918 	4280 	4922
f 4911 	3630 	3622
f 4922 	4923 	4919
f 4922 	4919 	4918
f 4905 	4897 	4906
f 4923 	4924 	4920
f 4923 	4920 	4919
f 4924 	4925 	4921
f 4924 	4921 	4920
f 4902 	4899 	4905
f 3830 	3835 	4901
f 4925 	4914 	4913
f 4925 	4913 	4921
f 3970 	4911 	4912
f 4906 	4901 	4907
f 4941 	3970 	4912
f 4905 	4901 	4906
f 3835 	4907 	4901
f 4286 	4926 	4285
f 4926 	4915 	4285
f 4915 	4922 	4285
f 4914 	4925 	4915
f 4925 	4924 	4915
f 4923 	4915 	4924
f 4922 	4915 	4923
f 4280 	4285 	4922
f 4286 	4264 	4926
f 3622 	3504 	4911
f 4917 	4916 	4915
f 4917 	4915 	4926
f 3839 	3862 	5473
f 4732 	4927 	4928
f 4734 	4732 	4928
f 3824 	3840 	4897
f 4930 	4931 	4929
f 4932 	4929 	4931
f 4899 	3897 	4901
f 4901 	3897 	3906
f 4934 	4929 	4932
f 4934 	4932 	4935
f 4902 	4950 	4899
f 4342 	4938 	4936
f 4342 	4936 	4277
f 4906 	4950 	4905
f 4937 	4936 	4938
f 4937 	4938 	4939
f 3906 	3830 	4901
f 3334 	4933 	4903
f 4902 	4905 	4950
f 4950 	4906 	4907
f 4950 	4907 	4908
f 4855 	3076 	3897
f 4933 	3334 	3352
f 4877 	4886 	4806
f 878 	4762 	4800
f 4894 	4904 	4940
f 4910 	4933 	4941
f 4933 	4969 	4941
f 4865 	4874 	4942
f 4865 	4942 	4886
f 4904 	4943 	4940
f 4869 	4944 	4945
f 4869 	4945 	4872
f 3309 	3268 	4776
f 4869 	4862 	5041
f 5125 	3310 	5132
f 4887 	4946 	4943
f 3310 	5126 	3318
f 3318 	5127 	3341
f 4746 	4837 	167
f 4944 	167 	4886
f 4886 	167 	4837
f 4886 	4942 	4944
f 4945 	4944 	4942
f 4878 	4868 	4947
f 4887 	4889 	4946
f 4751 	5057 	3340
f 5166 	3291 	4766
f 4949 	4946 	4948
f 4928 	4948 	4889
f 4878 	4947 	4954
f 4840 	4841 	4947
f 4949 	4958 	4946
f 4947 	4868 	4840
f 4952 	4948 	4927
f 4928 	4927 	4948
f 4891 	4952 	4927
f 4891 	4927 	4732
f 4953 	4951 	4952
f 4951 	4949 	4952
f 4948 	4952 	4949
f 387 	391 	4794
f 4952 	4779 	4953
f 5166 	4766 	5183
f 4953 	4934 	4951
f 4935 	4951 	4934
f 5256 	4950 	5147
f 4956 	5027 	4955
f 4956 	4963 	4961
f 4960 	4961 	4963
f 4944 	2260 	167
f 4963 	4956 	4964
f 4955 	4964 	4956
f 175 	200 	5106
f 4949 	4965 	4958
f 4965 	4982 	4958
f 4965 	4966 	4982
f 4967 	175 	5112
f 4933 	3352 	3357
f 4954 	4947 	4968
f 4966 	4965 	4951
f 4949 	4951 	4965
f 4967 	53 	175
f 4933 	3357 	4969
f 4951 	4935 	4966
f 4932 	4966 	4935
f 5081 	4967 	5112
f 4970 	4966 	4931
f 4932 	4931 	4966
f 4971 	4982 	4970
f 4966 	4970 	4982
f 175 	5106 	5112
f 4972 	4970 	4930
f 4931 	4930 	4970
f 4968 	4959 	4954
f 4959 	4968 	4974
f 4512 	3970 	4941
f 4883 	2427 	4848
f 4883 	4848 	4850
f 4969 	4512 	4941
f 4969 	4513 	4512
f 4883 	4844 	2427
f 4968 	4947 	4841
f 3357 	2780 	4969
f 5118 	4883 	4850
f 4968 	4841 	4976
f 4969 	2780 	4513
f 4962 	4957 	4975
f 4976 	4974 	4968
f 4976 	4849 	4979
f 4973 	4972 	4930
f 4973 	4930 	4929
f 4934 	4953 	4973
f 4934 	4973 	4929
f 4980 	4971 	4972
f 4970 	4972 	4971
f 4957 	4988 	4975
f 4953 	4779 	4973
f 4252 	4255 	4973
f 4891 	4781 	4952
f 4980 	4937 	4971
f 4939 	4971 	4937
f 4979 	4849 	2897
f 7254 	4978 	4977
f 4939 	4938 	4984
f 4939 	4984 	4971
f 4971 	4984 	4982
f 4984 	4378 	4374
f 4978 	4985 	4983
f 4342 	4984 	4938
f 4984 	4374 	4982
f 4277 	4936 	4986
f 4937 	4980 	4986
f 4937 	4986 	4936
f 4257 	4393 	4253
f 4255 	4253 	4986
f 4255 	4986 	4980
f 7260 	7262 	4985
f 4861 	439 	4761
f 4992 	4990 	4987
f 4975 	4988 	4981
f 436 	440 	4761
f 4988 	4996 	4981
f 4795 	479 	4861
f 4989 	5011 	4985
f 4985 	7262 	7266
f 4991 	4981 	6965
f 4943 	4992 	4987
f 4989 	2286 	2630
f 4940 	4943 	4987
f 4990 	4992 	4993
f 4993 	4502 	4485
f 4993 	4485 	4990
f 4992 	4943 	4946
f 4946 	4958 	4992
f 1156 	4666 	1142
f 4955 	5047 	4964
f 4982 	4993 	4958
f 4997 	5177 	5022
f 5031 	5033 	4955
f 4794 	391 	4964
f 4793 	387 	4794
f 4988 	5257 	4996
f 5009 	5072 	4659
f 3922 	5001 	795
f 4995 	5003 	4994
f 4995 	5004 	5003
f 4981 	4996 	6414
f 2914 	4654 	5072
f 4977 	4978 	5004
f 5004 	4995 	4977
f 4117 	6414 	4996
f 5001 	3922 	4999
f 1155 	795 	5001
f 4983 	4985 	5011
f 4654 	4659 	5072
f 3359 	4744 	4998
f 4978 	4983 	5004
f 3898 	3359 	4998
f 5158 	5011 	2629
f 4962 	4888 	4890
f 4888 	5014 	5006
f 3916 	3914 	5007
f 5011 	2630 	2629
f 4958 	4993 	4992
f 5000 	3919 	3916
f 5000 	3916 	5007
f 5011 	4989 	2630
f 4999 	3920 	5000
f 4982 	4502 	4993
f 4502 	4982 	4374
f 5006 	5014 	5015
f 5018 	2828 	2829
f 4888 	4962 	5014
f 5016 	813 	4977
f 5018 	2829 	5017
f 5017 	5129 	5058
f 4964 	4997 	5022
f 4964 	5022 	4794
f 5023 	5135 	4788
f 5109 	5185 	3808
f 5014 	5019 	5015
f 5009 	5008 	5002
f 5010 	5002 	5008
f 5013 	5002 	5010
f 5014 	4962 	5019
f 5023 	4788 	4813
f 2071 	5015 	5060
f 4979 	2897 	3107
f 5060 	2077 	2071
f 5012 	5002 	5013
f 4813 	5022 	5023
f 5010 	4683 	5008
f 4813 	4780 	5023
f 4683 	5009 	5008
f 5013 	4683 	5010
f 4813 	5023 	3308
f 4967 	63 	53
f 5024 	5025 	5026
f 5024 	5026 	5027
f 5028 	5034 	5026
f 5081 	4877 	4967
f 3809 	3808 	5185
f 5013 	5012 	4683
f 5249 	4683 	5012
f 5024 	5027 	5030
f 4956 	5030 	5027
f 5031 	4955 	5027
f 4806 	63 	4967
f 4786 	5229 	4803
f 3107 	5791 	4979
f 5021 	5129 	5017
f 2829 	2838 	5021
f 5031 	5229 	4788
f 5033 	5031 	5027
f 4872 	4945 	4942
f 4872 	4942 	4874
f 5021 	5017 	2829
f 5033 	5027 	5034
f 5027 	5026 	5034
f 5038 	5039 	4876
f 5081 	5038 	4876
f 296 	4876 	5039
f 5020 	850 	497
f 5069 	301 	5039
f 5035 	5021 	2838
f 5020 	844 	850
f 2838 	2846 	5035
f 5043 	4944 	5041
f 4944 	4869 	5041
f 5020 	507 	5040
f 6600 	4712 	4700
f 5035 	5042 	5160
f 5043 	2408 	4944
f 5020 	497 	507
f 117 	135 	2259
f 2858 	5042 	5035
f 5044 	5028 	5037
f 5028 	5029 	5037
f 5036 	5037 	5029
f 2402 	5046 	4747
f 5045 	4747 	5046
f 5044 	5034 	5028
f 5035 	2846 	2858
f 4997 	4964 	5047
f 5038 	5048 	5043
f 5038 	5043 	5041
f 5038 	5041 	5039
f 5036 	5050 	5037
f 5049 	5037 	5050
f 5095 	2409 	5043
f 5034 	5047 	5033
f 4955 	5033 	5047
f 3044 	3043 	5032
f 5051 	5042 	2858
f 2858 	3419 	5051
f 5055 	5056 	5046
f 5046 	5056 	5045
f 296 	5039 	301
f 5052 	5047 	5037
f 5044 	5047 	5034
f 5037 	5047 	5044
f 5034 	5229 	5033
f 5031 	5033 	5229
f 4890 	4957 	4962
f 5050 	5229 	5049
f 5044 	5229 	5034
f 3419 	3420 	5051
f 5128 	4690 	5134
f 5019 	4962 	4975
f 5057 	5052 	5037
f 5037 	5049 	5057
f 5017 	5058 	5059
f 5061 	5057 	5049
f 5059 	5018 	5017
f 1174 	1113 	3793
f 5062 	4780 	3341
f 5060 	1812 	2077
f 3808 	3806 	5093
f 5069 	5071 	301
f 5067 	4862 	2406
f 1165 	5066 	5068
f 1168 	1169 	1165
f 5068 	1168 	1165
f 4777 	5136 	5134
f 5054 	3043 	5053
f 5070 	3043 	5054
f 2914 	5053 	3043
f 2914 	5072 	5073
f 2914 	5073 	5053
f 5067 	5074 	5041
f 5070 	5076 	3043
f 3043 	5076 	5032
f 5040 	804 	5065
f 1174 	3793 	1173
f 804 	5040 	507
f 5074 	5069 	5041
f 5079 	5071 	5078
f 5074 	5078 	5071
f 5071 	5069 	5074
f 5039 	5041 	5069
f 3045 	3044 	5002
f 1179 	5082 	1175
f 5077 	1175 	5082
f 5077 	5082 	5115
f 5119 	5065 	5016
f 5081 	5176 	5071
f 5032 	5002 	3044
f 5076 	5002 	5032
f 5053 	5073 	5002
f 5065 	813 	5016
f 5071 	5079 	5080
f 5071 	5080 	5081
f 5054 	5053 	5076
f 5053 	5002 	5076
f 5077 	5066 	1165
f 5077 	1165 	1175
f 5119 	5016 	5092
f 5084 	5081 	5085
f 5073 	5072 	5002
f 1179 	1168 	5068
f 1179 	5068 	5082
f 5080 	5081 	5084
f 5073 	5054 	5053
f 5115 	5082 	5068
f 5081 	4876 	4877
f 3044 	5032 	4683
f 1182 	1173 	5075
f 1182 	5075 	5083
f 813 	5065 	804
f 5076 	5070 	5054
f 5093 	5083 	5075
f 5087 	5088 	5089
f 5087 	5089 	5090
f 5002 	5072 	5009
f 5048 	5038 	5081
f 5105 	5091 	3795
f 5054 	5073 	5070
f 4683 	5070 	5072
f 5009 	4683 	5072
f 5086 	5092 	4994
f 5092 	4995 	4994
f 5076 	5070 	4683
f 5073 	5072 	5070
f 5094 	5078 	5074
f 5094 	5074 	5095
f 5114 	5107 	5090
f 5016 	4977 	4995
f 5093 	5075 	5091
f 5076 	4683 	5032
f 5109 	5093 	5105
f 5091 	5105 	5093
f 5092 	5016 	4995
f 5080 	5094 	5095
f 5048 	5081 	5043
f 5095 	5043 	5081
f 5080 	5095 	5081
f 5088 	5087 	5097
f 5096 	5097 	5087
f 5099 	5100 	5101
f 5099 	5101 	5102
f 5131 	2409 	5095
f 5103 	5102 	5101
f 5103 	5101 	5104
f 3044 	4871 	5032
f 3045 	4871 	3044
f 5103 	5120 	5102
f 5087 	5102 	5096
f 4747 	5045 	5056
f 5181 	3797 	5180
f 5075 	3794 	5091
f 5110 	5076 	4871
f 5382 	5020 	5098
f 5107 	5114 	5116
f 4871 	3045 	4857
f 3041 	4857 	3045
f 5108 	5250 	5098
f 5185 	5186 	3809
f 5098 	5111 	5108
f 5053 	5054 	5110
f 5070 	5110 	5054
f 5107 	5099 	5102
f 5098 	5020 	5040
f 5107 	5102 	5087
f 5087 	5090 	5107
f 5072 	5073 	5110
f 5053 	5110 	5073
f 5008 	5009 	5110
f 5072 	5110 	5009
f 5098 	5040 	5111
f 5112 	5085 	5081
f 5032 	4871 	5076
f 5070 	5076 	5110
f 5110 	5010 	5008
f 5096 	5090 	5097
f 5089 	5097 	5090
f 5110 	5013 	5010
f 5184 	5107 	5116
f 5115 	5116 	5114
f 5115 	5114 	5077
f 5078 	5094 	5080
f 5078 	5080 	5079
f 5114 	5090 	5117
f 5108 	5119 	5113
f 5056 	5055 	5085
f 5084 	5085 	5055
f 5066 	5077 	5117
f 5114 	5117 	5077
f 5108 	5111 	5119
f 5081 	5080 	5176
f 5111 	5040 	5065
f 5068 	5066 	5121
f 5120 	5121 	5096
f 5117 	5121 	5066
f 5096 	5121 	5090
f 5117 	5090 	5121
f 5096 	5102 	5120
f 5110 	5012 	5013
f 5121 	5115 	5068
f 5080 	5084 	5122
f 5121 	5120 	5116
f 5121 	5116 	5115
f 5111 	5065 	5119
f 4850 	5123 	5118
f 5184 	5116 	5120
f 5176 	306 	5071
f 5135 	5132 	4788
f 5067 	5188 	5074
f 5034 	5033 	5125
f 5034 	5125 	5126
f 5064 	5063 	5059
f 5127 	5044 	5034
f 5127 	5034 	5126
f 5095 	5191 	5131
f 5064 	5059 	5058
f 5061 	5049 	5044
f 5061 	5044 	5127
f 2408 	2407 	4944
f 5055 	5137 	5122
f 5084 	5055 	5122
f 5125 	5022 	5126
f 5126 	5022 	5127
f 5061 	5127 	5057
f 2413 	5137 	5055
f 5046 	2402 	5055
f 5125 	5062 	5126
f 5337 	5188 	2406
f 5062 	5061 	5127
f 5062 	5127 	5126
f 4788 	5132 	5031
f 5033 	5031 	5132
f 5133 	2409 	5131
f 5234 	5118 	5123
f 5125 	5033 	5132
f 5138 	5122 	5137
f 5123 	4119 	4677
f 5135 	5022 	5132
f 5023 	5022 	5135
f 4770 	5139 	5136
f 5125 	5132 	5022
f 2413 	5140 	5137
f 4677 	4769 	5123
f 2303 	5139 	1986
f 5131 	5130 	5138
f 5131 	5138 	5137
f 4780 	5062 	5132
f 5135 	4780 	5132
f 5128 	5134 	5124
f 5137 	5140 	5133
f 5137 	5133 	5131
f 5124 	5134 	5136
f 5124 	5136 	2197
f 5125 	5132 	5062
f 4780 	5135 	5023
f 5123 	4850 	4119
f 5085 	5141 	5056
f 5143 	2421 	5141
f 5136 	5139 	2197
f 5132 	3308 	5135
f 5023 	5135 	3308
f 4747 	5056 	2421
f 5056 	5141 	2421
f 3308 	5132 	3310
f 5126 	3310 	5125
f 5010 	5008 	4659
f 5126 	5127 	3318
f 5061 	3341 	5127
f 5060 	4975 	4981
f 4859 	5124 	2197
f 5019 	5060 	5015
f 4975 	5060 	5019
f 5113 	5092 	5086
f 5113 	5119 	5092
f 1812 	4981 	4991
f 5060 	4981 	1812
f 5202 	5145 	4356
f 1812 	4991 	2349
f 4900 	4908 	5147
f 5008 	5009 	4659
f 4900 	5147 	5149
f 5148 	5149 	5147
f 5148 	5150 	5149
f 5145 	2643 	4356
f 5149 	4896 	4900
f 5145 	2644 	2643
f 5146 	5152 	2644
f 5151 	5153 	5155
f 5155 	5150 	5151
f 5153 	5154 	5155
f 5823 	4896 	5149
f 5150 	5155 	5149
f 5146 	2644 	5145
f 5152 	5146 	4994
f 6618 	4702 	6617
f 4757 	4758 	4759
f 5003 	5152 	4994
f 5154 	5156 	5155
f 5156 	4759 	4758
f 4758 	5155 	5156
f 4859 	4878 	5159
f 5064 	5129 	5157
f 5003 	5158 	5152
f 5159 	5124 	4859
f 5004 	4983 	5158
f 5058 	5129 	5064
f 4983 	5011 	5158
f 5021 	5035 	5160
f 5003 	5004 	5158
f 2629 	2627 	5158
f 4961 	4960 	5030
f 4997 	5047 	4960
f 5160 	5129 	5021
f 5029 	5025 	5024
f 5203 	5112 	5106
f 5162 	5141 	5085
f 5162 	5085 	5112
f 5030 	4960 	5047
f 5024 	5030 	5047
f 5024 	5047 	5052
f 5160 	5157 	5129
f 5203 	5162 	5112
f 5029 	5024 	5052
f 5029 	5052 	5036
f 5160 	5161 	5157
f 5230 	5163 	5227
f 5122 	5138 	5141
f 5165 	5227 	5164
f 1186 	5164 	5227
f 5036 	5057 	5050
f 4751 	5050 	5057
f 5052 	5057 	5036
f 3345 	3340 	5057
f 5143 	5141 	5138
f 5143 	5138 	5140
f 5130 	5133 	5140
f 5130 	5140 	5138
f 5104 	5100 	5099
f 5104 	5099 	5103
f 5167 	5168 	5169
f 5167 	5169 	5170
f 5171 	5170 	5169
f 5171 	5169 	5173
f 5177 	4960 	5174
f 7415 	5174 	4960
f 4960 	5177 	4997
f 5080 	5175 	5176
f 5196 	5178 	5171
f 5170 	5171 	5178
f 5099 	5170 	5178
f 5120 	5103 	5178
f 5099 	5178 	5103
f 5105 	3795 	5181
f 5284 	5179 	5316
f 5166 	5183 	7144
f 5080 	5122 	5175
f 5122 	5141 	5175
f 5162 	5175 	5141
f 5172 	5175 	5162
f 301 	5071 	306
f 5107 	5184 	5182
f 5182 	5184 	5200
f 7146 	5022 	5177
f 306 	5176 	5175
f 3998 	3809 	5186
f 4768 	3262 	5183
f 5182 	5167 	5170
f 3345 	5057 	3342
f 5160 	5042 	5161
f 5099 	5107 	5182
f 5099 	5182 	5170
f 5057 	5127 	5022
f 7146 	5057 	5022
f 5184 	5120 	5178
f 5328 	310 	5331
f 5161 	5042 	5179
f 5178 	5196 	5200
f 5178 	5200 	5184
f 5051 	5187 	5042
f 5067 	2406 	5188
f 5189 	5190 	3347
f 5109 	5105 	5181
f 5109 	5181 	5185
f 4695 	5788 	5144
f 5181 	5180 	5186
f 5181 	5186 	5185
f 5331 	306 	5175
f 5191 	5074 	5188
f 5095 	5074 	5191
f 5190 	5050 	3347
f 5173 	5168 	5167
f 5173 	5167 	5171
f 4751 	3339 	5050
f 3339 	3347 	5050
f 3993 	5192 	5193
f 5175 	5172 	5331
f 4617 	5193 	5192
f 4617 	5192 	4175
f 5142 	5232 	5234
f 4000 	5222 	4617
f 4617 	5222 	5193
f 5130 	5191 	5133
f 5130 	5131 	5191
f 5243 	5217 	4867
f 5195 	5196 	5194
f 5167 	5194 	5196
f 5167 	5196 	5171
f 5232 	4693 	4754
f 5199 	5201 	5198
f 5201 	5213 	5198
f 5201 	5199 	5200
f 5200 	5199 	5182
f 5198 	3994 	5193
f 4356 	4616 	5202
f 5199 	5198 	5193
f 5199 	5193 	5194
f 5187 	5204 	5179
f 5199 	5194 	5167
f 5199 	5167 	5182
f 5145 	5202 	5205
f 5179 	5042 	5187
f 5205 	5146 	5145
f 5196 	5195 	5201
f 5196 	5201 	5200
f 5086 	4994 	5146
f 3995 	3998 	5180
f 5186 	5180 	3998
f 5203 	5106 	5197
f 5044 	5049 	5229
f 5207 	5201 	5206
f 5195 	5206 	5201
f 5243 	4867 	4802
f 5172 	5162 	5203
f 5212 	5213 	5211
f 5210 	5211 	5201
f 4267 	4621 	5212
f 4621 	5213 	5212
f 5201 	5211 	5213
f 5207 	5210 	5201
f 5225 	5142 	5234
f 4044 	4043 	5213
f 5206 	5216 	5210
f 5206 	5210 	5207
f 5216 	5218 	5211
f 5216 	5211 	5210
f 5215 	182 	3776
f 5215 	5224 	182
f 5218 	5219 	5211
f 5217 	5220 	5221
f 5217 	5221 	5214
f 4268 	5223 	4620
f 5222 	4620 	5223
f 5195 	5222 	5223
f 5195 	5223 	5219
f 5195 	5219 	5218
f 5216 	5195 	5218
f 5206 	5195 	5216
f 5217 	5587 	4867
f 4000 	4040 	5222
f 5194 	5193 	5195
f 5195 	5193 	5222
f 4620 	5222 	5213
f 4620 	5213 	4621
f 5258 	5002 	5144
f 5213 	5222 	4044
f 4040 	4044 	5222
f 4907 	6962 	4908
f 6962 	5148 	5147
f 5147 	4908 	6962
f 5142 	5225 	5226
f 5376 	5163 	5230
f 5227 	5228 	5230
f 5013 	5010 	5142
f 5249 	5012 	5142
f 5148 	6962 	5150
f 4759 	6962 	4757
f 5165 	5231 	5227
f 5221 	5220 	5229
f 5233 	5234 	5232
f 5231 	5228 	5227
f 5100 	5104 	5101
f 5232 	5236 	5233
f 5150 	6962 	5151
f 5088 	5097 	5089
f 5214 	5221 	5235
f 5151 	6962 	5153
f 5153 	6962 	5154
f 4754 	5236 	5232
f 5238 	5239 	5237
f 4759 	5156 	6962
f 1202 	5163 	5239
f 5144 	5226 	5225
f 5225 	5234 	5144
f 5229 	7194 	5235
f 5154 	6962 	5156
f 5237 	5239 	5163
f 5229 	5235 	5221
f 5156 	3835 	4759
f 5234 	5233 	5144
f 5233 	5236 	5144
f 5236 	4754 	5144
f 4754 	4708 	5144
f 3993 	4175 	5192
f 5168 	5173 	5169
f 5150 	5148 	3835
f 4908 	3835 	5147
f 5147 	3835 	5148
f 5154 	3835 	5156
f 5241 	5244 	5240
f 5228 	5240 	5244
f 4764 	4760 	3835
f 5151 	5150 	3835
f 5220 	5217 	5242
f 5233 	5236 	4683
f 4754 	4683 	5236
f 5228 	5244 	5230
f 5151 	3835 	5153
f 5154 	5153 	3835
f 5217 	5243 	5242
f 5245 	5244 	5241
f 5234 	4683 	5225
f 5233 	4683 	5234
f 5205 	5086 	5146
f 5249 	5142 	5226
f 5251 	5252 	5247
f 5251 	5247 	5248
f 4659 	5142 	5010
f 5012 	5013 	5142
f 5246 	5247 	5252
f 5269 	5256 	5151
f 5269 	5151 	5153
f 5249 	5226 	5002
f 5012 	5249 	5002
f 5226 	5144 	5002
f 5156 	4759 	5269
f 4822 	5269 	4759
f 5153 	5154 	5269
f 5269 	5154 	5156
f 5253 	2802 	2786
f 5226 	4683 	5249
f 5226 	5249 	5118
f 5110 	5118 	5249
f 5225 	5226 	5118
f 4880 	5254 	4957
f 5110 	5249 	5012
f 5253 	2786 	5250
f 5123 	5233 	5234
f 5254 	4880 	4950
f 5250 	5108 	5253
f 4769 	5236 	5123
f 5233 	5123 	5236
f 5254 	5257 	4988
f 5236 	4769 	4754
f 4957 	5254 	4988
f 5234 	5225 	5118
f 5256 	5254 	4950
f 2800 	5255 	4641
f 5267 	4687 	5268
f 5255 	2800 	2802
f 5253 	5260 	2802
f 5258 	5261 	5002
f 5255 	2802 	5260
f 4802 	4803 	5229
f 2830 	5002 	5261
f 5335 	5262 	5259
f 3532 	3672 	5263
f 5220 	5242 	5229
f 5147 	5148 	5256
f 5263 	3558 	3532
f 3558 	5263 	5265
f 5229 	5243 	4802
f 3672 	5645 	5263
f 5243 	5229 	5242
f 5645 	5265 	5263
f 5265 	3566 	3558
f 4690 	5276 	5270
f 4996 	5257 	4820
f 5262 	4687 	5267
f 4690 	5268 	4687
f 4820 	4117 	4996
f 3566 	5265 	5266
f 4820 	5257 	5269
f 5262 	5267 	5259
f 5278 	5273 	5282
f 5264 	5259 	5267
f 5256 	5148 	5150
f 5257 	5254 	5269
f 5268 	4690 	5270
f 5254 	5256 	5269
f 5229 	7198 	7194
f 5270 	5264 	5268
f 5267 	5268 	5264
f 5150 	5151 	5256
f 5265 	5271 	5266
f 5190 	7290 	5229
f 5190 	5229 	5050
f 4820 	5269 	4822
f 5266 	5271 	3944
f 5271 	3954 	3944
f 5252 	5241 	5246
f 5240 	5246 	5241
f 5214 	5273 	5659
f 5063 	5064 	5209
f 5157 	5209 	5064
f 5278 	5659 	5273
f 5208 	5063 	5209
f 5214 	5235 	5273
f 5235 	7194 	5273
f 182 	5224 	193
f 5276 	4690 	5128
f 5224 	5281 	193
f 4770 	1986 	5139
f 5128 	5124 	5276
f 5124 	5264 	5276
f 5270 	5276 	5264
f 5224 	5279 	5281
f 5278 	5282 	5659
f 5277 	5659 	5282
f 5283 	5290 	5277
f 5283 	5277 	5282
f 5197 	5281 	5279
f 5157 	5280 	5209
f 5139 	2303 	2197
f 5283 	5282 	7194
f 5275 	5280 	5284
f 200 	193 	5281
f 5280 	5286 	5284
f 7194 	5282 	5273
f 5264 	5285 	5259
f 5285 	5264 	5287
f 5280 	5161 	5286
f 5157 	5161 	5280
f 5106 	5281 	5197
f 5287 	5264 	5124
f 5124 	5159 	5287
f 4907 	4897 	6962
f 5768 	5287 	5159
f 5179 	5284 	5286
f 4687 	3336 	4682
f 5289 	5488 	1267
f 5161 	5179 	5286
f 5290 	5845 	5810
f 5810 	5277 	5290
f 5293 	5845 	5292
f 5300 	5292 	5290
f 5291 	5466 	5453
f 5288 	4244 	5326
f 1247 	1350 	4240
f 5291 	5453 	5289
f 4243 	5343 	4244
f 4897 	5466 	5291
f 1894 	5297 	1889
f 5292 	7194 	5293
f 5296 	5298 	5299
f 1889 	5297 	1898
f 5296 	5299 	5294
f 5208 	5209 	5299
f 5300 	5290 	5283
f 5845 	5290 	5292
f 5299 	5298 	5208
f 4888 	5297 	1894
f 5292 	5300 	7194
f 5283 	7194 	5300
f 5006 	1898 	5297
f 5006 	2026 	1898
f 4784 	4789 	4785
f 5297 	4888 	5006
f 4961 	5030 	4956
f 2026 	5006 	2064
f 5025 	5029 	5028
f 5025 	5028 	5026
f 5272 	5302 	5265
f 5028 	5026 	5303
f 5006 	5015 	2064
f 5265 	5302 	5304
f 5015 	2071 	2068
f 2064 	5015 	2068
f 5356 	5295 	5306
f 5320 	4851 	5305
f 5304 	5271 	5265
f 5304 	5309 	5271
f 5309 	3954 	5271
f 5376 	5274 	5163
f 5309 	3956 	3954
f 5288 	5163 	5274
f 5311 	5307 	5530
f 5281 	5106 	200
f 4851 	5320 	5310
f 5231 	5165 	5312
f 2414 	2421 	5143
f 2414 	5143 	5314
f 723 	720 	3224
f 5275 	5301 	5294
f 5275 	5294 	5299
f 5305 	4860 	5308
f 5299 	5280 	5275
f 5209 	5280 	5299
f 5315 	5343 	5312
f 1186 	1325 	5164
f 5315 	5164 	1325
f 5307 	5319 	5317
f 5812 	5301 	5316
f 5307 	5311 	5319
f 5315 	5312 	5164
f 5312 	5165 	5164
f 5275 	5284 	5301
f 5318 	5306 	5313
f 5301 	5284 	5316
f 1326 	1340 	1325
f 5311 	3517 	5319
f 5311 	3225 	3517
f 2409 	5133 	2591
f 2413 	2592 	5323
f 2413 	5323 	5140
f 5376 	5429 	5274
f 5326 	5429 	5325
f 5274 	5429 	5326
f 5327 	5143 	5323
f 5140 	5323 	5143
f 5274 	5326 	5366
f 5143 	5327 	5314
f 5326 	5325 	5237
f 5237 	5163 	5288
f 5237 	5288 	5326
f 5329 	5203 	5330
f 5334 	3956 	5309
f 5355 	5328 	5331
f 5328 	5355 	310
f 5333 	4687 	5335
f 5339 	5333 	5259
f 5172 	5203 	5331
f 5334 	3988 	3936
f 306 	5331 	310
f 4687 	5262 	5335
f 5333 	5335 	5259
f 5310 	5320 	3950
f 5336 	5334 	5332
f 6617 	4682 	3336
f 5320 	5324 	3950
f 5336 	3988 	5334
f 5338 	5191 	5337
f 5188 	5337 	5191
f 4687 	5341 	3336
f 5333 	5341 	4687
f 5341 	5340 	3336
f 5326 	5313 	5366
f 5338 	2591 	5133
f 5191 	5338 	5133
f 3950 	5324 	5404
f 1325 	1340 	5315
f 5325 	5312 	5343
f 5445 	5203 	5197
f 5237 	5325 	5343
f 5237 	5343 	5238
f 5445 	5197 	5436
f 5313 	5343 	5318
f 5343 	5239 	5238
f 5330 	5203 	5445
f 5422 	5321 	5345
f 5404 	5345 	5321
f 5326 	5343 	5313
f 5329 	5330 	5323
f 5327 	5323 	5330
f 5343 	5315 	1340
f 5239 	5343 	1340
f 5239 	1340 	1202
f 2406 	723 	5337
f 722 	3224 	720
f 5344 	5638 	3374
f 5343 	1340 	5318
f 5326 	4244 	5343
f 5338 	5363 	2591
f 5367 	5342 	5346
f 5318 	1340 	1331
f 5342 	5344 	5347
f 739 	2796 	2592
f 5342 	5347 	5346
f 5314 	5327 	5349
f 2877 	5349 	5327
f 5344 	3374 	3387
f 5344 	3387 	5347
f 4441 	5347 	4439
f 5404 	5321 	5351
f 5352 	5353 	5350
f 5353 	5354 	5350
f 4435 	5347 	3393
f 5347 	3397 	3393
f 5353 	5352 	5329
f 5203 	5329 	5352
f 5347 	3390 	3397
f 3952 	5404 	5351
f 5295 	5356 	5348
f 3393 	1941 	4435
f 5347 	5374 	5346
f 5348 	1370 	1358
f 5331 	5203 	5355
f 5352 	5355 	5203
f 3387 	3390 	5347
f 5356 	1370 	5348
f 5350 	318 	5355
f 5351 	5321 	6242
f 5337 	723 	5432
f 5306 	5318 	5356
f 5346 	5369 	5367
f 5356 	1331 	1370
f 5342 	5367 	5365
f 5318 	1331 	5356
f 5253 	5113 	5260
f 5350 	5355 	5352
f 4435 	4439 	5347
f 5108 	5113 	5253
f 5288 	5274 	4244
f 5202 	4641 	5255
f 2606 	2591 	5363
f 5358 	5353 	5323
f 5354 	5353 	5358
f 5329 	5323 	5353
f 5381 	4244 	5274
f 4245 	4244 	5381
f 5357 	3988 	5336
f 2592 	2796 	5323
f 5359 	5354 	5358
f 5359 	5358 	5361
f 5255 	5205 	5202
f 5360 	5240 	5228
f 5255 	5260 	5205
f 3988 	5357 	4047
f 5363 	5338 	5433
f 5246 	5240 	5360
f 5260 	5113 	5086
f 5364 	5342 	5365
f 2605 	2606 	3185
f 5363 	3185 	2606
f 5260 	5086 	5205
f 5371 	5358 	5370
f 2796 	5373 	5370
f 5358 	5323 	5370
f 5370 	5323 	2796
f 4441 	5374 	5347
f 5363 	5362 	5371
f 5363 	5371 	5370
f 7160 	5372 	3215
f 5346 	5374 	5369
f 5370 	5373 	3185
f 5370 	3185 	5363
f 831 	844 	5372
f 5375 	5361 	5371
f 5358 	5371 	5361
f 5360 	5429 	5377
f 5381 	5360 	5377
f 5371 	5362 	3186
f 5371 	3186 	5375
f 5376 	5230 	5244
f 5376 	5244 	5377
f 5350 	3158 	5379
f 5364 	5365 	5357
f 5369 	5357 	5367
f 5365 	5367 	5357
f 5368 	5360 	5381
f 5380 	5368 	5381
f 318 	5379 	3528
f 3215 	5382 	5378
f 5380 	5381 	5245
f 5244 	5245 	5381
f 5377 	5244 	5381
f 3528 	5379 	3158
f 844 	3215 	5372
f 5381 	5366 	5386
f 5364 	5365 	4438
f 5365 	5367 	4438
f 5369 	5374 	5367
f 4438 	5367 	5374
f 5408 	5381 	5386
f 3215 	844 	5382
f 5381 	5274 	5366
f 5472 	5317 	5319
f 3362 	5378 	5098
f 5378 	5382 	5098
f 5319 	5494 	5472
f 5408 	4245 	5381
f 5357 	5369 	4047
f 5245 	5241 	5368
f 5245 	5368 	5380
f 4440 	4047 	4439
f 3362 	5098 	5250
f 5319 	3115 	5383
f 4441 	4047 	5374
f 4439 	4047 	4441
f 5369 	5374 	4047
f 844 	5020 	5382
f 5385 	5384 	5247
f 5385 	5247 	5246
f 4441 	4438 	5374
f 5384 	5248 	5247
f 4440 	4552 	4047
f 5360 	5368 	5385
f 5385 	5388 	5384
f 5385 	5246 	5360
f 5319 	5387 	5494
f 5392 	2752 	5391
f 5390 	5391 	2752
f 5390 	2752 	2755
f 5319 	5383 	5387
f 5252 	5251 	5388
f 2755 	2754 	5393
f 2755 	5393 	5394
f 2755 	5394 	5390
f 5389 	4765 	4591
f 5379 	318 	5350
f 5365 	5364 	5389
f 5395 	5396 	5390
f 5396 	5397 	5390
f 5391 	5390 	5397
f 5391 	5397 	5398
f 5391 	5398 	5399
f 5389 	4591 	4596
f 5401 	5402 	5391
f 5392 	5391 	5402
f 5402 	5403 	5392
f 5400 	5392 	5403
f 2753 	5400 	5403
f 5354 	3134 	5350
f 3134 	3120 	5350
f 5359 	3134 	5354
f 5369 	5367 	4596
f 5389 	4596 	5367
f 5398 	2753 	5399
f 5402 	5401 	2753
f 5389 	5367 	5365
f 310 	5355 	318
f 5388 	5385 	5368
f 4596 	5374 	5369
f 5368 	5241 	5252
f 5368 	5252 	5388
f 5345 	5404 	5324
f 5305 	5308 	5409
f 5406 	5336 	5332
f 5409 	5320 	5305
f 5411 	5405 	5387
f 5406 	5410 	5336
f 5387 	5383 	5411
f 5497 	4245 	5408
f 5410 	5728 	5536
f 5411 	5407 	5405
f 5410 	5357 	5336
f 5536 	5357 	5410
f 5383 	3657 	5411
f 5342 	5603 	5414
f 5342 	5414 	5344
f 5407 	5411 	5415
f 3656 	3664 	5411
f 5412 	5345 	5324
f 3639 	5415 	3640
f 3664 	3641 	5415
f 3639 	3642 	5415
f 3642 	5425 	5415
f 5413 	5418 	5416
f 4753 	3503 	4693
f 5409 	5412 	5324
f 5415 	5425 	5426
f 5324 	5320 	5409
f 5417 	5418 	5413
f 5418 	5306 	5416
f 4693 	3503 	5419
f 5421 	5419 	3503
f 5418 	5313 	5306
f 3504 	3511 	5421
f 5422 	5423 	5424
f 5416 	5306 	5295
f 5424 	5321 	5422
f 3503 	3504 	5421
f 5386 	5417 	5448
f 5459 	5386 	5448
f 5386 	5366 	5417
f 3350 	5428 	5322
f 5417 	5366 	5418
f 5418 	5366 	5313
f 5312 	5325 	5429
f 5376 	5377 	5429
f 5403 	5402 	5430
f 5403 	5430 	5431
f 5429 	5231 	5312
f 5429 	5360 	5228
f 5429 	5228 	5231
f 5403 	5402 	2753
f 5399 	2753 	5401
f 2753 	5398 	5397
f 5322 	5428 	5438
f 5337 	5432 	5433
f 5337 	5433 	5338
f 5432 	3183 	5433
f 5397 	5396 	5434
f 5397 	5434 	5398
f 5219 	5223 	5248
f 3184 	3186 	5433
f 3186 	5362 	5433
f 5362 	5363 	5433
f 5397 	5396 	2753
f 5395 	2753 	5396
f 5427 	5322 	5438
f 5393 	2753 	5394
f 5359 	5361 	5435
f 5361 	5327 	5435
f 2877 	5327 	5361
f 5330 	5435 	5327
f 5223 	5251 	5248
f 2760 	5393 	2754
f 2877 	5361 	5375
f 5395 	5394 	2753
f 2754 	2753 	5393
f 4268 	4267 	5223
f 5212 	5437 	4267
f 5437 	5223 	4267
f 5440 	5442 	5439
f 5438 	5428 	5451
f 5443 	5441 	5442
f 5441 	5439 	5442
f 5443 	5403 	5441
f 5431 	5441 	5403
f 5435 	5445 	5359
f 3134 	5359 	5445
f 5435 	5330 	5445
f 3396 	5451 	5428
f 5444 	4571 	5448
f 4752 	2414 	5349
f 5314 	5349 	2414
f 5446 	5450 	5478
f 5384 	5447 	5248
f 5219 	5248 	5447
f 5974 	5452 	5446
f 5444 	5417 	5413
f 5438 	5451 	5454
f 5388 	5463 	5384
f 5446 	5452 	5450
f 5219 	5447 	5456
f 5425 	5457 	5426
f 5448 	5417 	5444
f 5461 	5457 	5425
f 4564 	4558 	4556
f 4564 	4556 	5447
f 5447 	5384 	5463
f 5438 	5454 	5449
f 5211 	5219 	5456
f 3396 	5458 	5451
f 5452 	5455 	5450
f 3407 	5458 	3396
f 4370 	4327 	5447
f 5456 	5447 	4327
f 4318 	5456 	4327
f 4556 	4370 	5447
f 5451 	5458 	5454
f 5452 	5460 	5455
f 5425 	3712 	5461
f 3712 	3881 	5461
f 4318 	4317 	5456
f 5211 	5456 	5212
f 5497 	4567 	5447
f 5455 	2785 	2776
f 5455 	5460 	2785
f 5461 	5737 	5457
f 5497 	5447 	5463
f 5215 	3775 	5462
f 5426 	5457 	5737
f 5461 	3839 	4895
f 3424 	3492 	5468
f 5468 	5464 	3424
f 5466 	5462 	5453
f 5464 	5468 	5470
f 5462 	5466 	5471
f 5468 	3350 	5322
f 5471 	5224 	5215
f 3492 	3350 	5468
f 5279 	5224 	5471
f 5468 	5322 	5427
f 5471 	5215 	5462
f 5427 	5470 	5468
f 5469 	5307 	5317
f 5466 	4897 	5473
f 5469 	5317 	5472
f 5465 	5478 	5476
f 5466 	5473 	5471
f 5473 	5279 	5471
f 5436 	5279 	5473
f 5465 	5467 	5446
f 3840 	5473 	4897
f 5446 	5478 	5465
f 5197 	5279 	5436
f 1291 	5481 	3790
f 5476 	5478 	5480
f 5478 	5483 	5480
f 3848 	3790 	5481
f 5478 	5450 	5483
f 3848 	5481 	5484
f 5474 	5520 	5427
f 5475 	5474 	5487
f 5480 	5489 	5485
f 5487 	5479 	5475
f 5480 	5483 	5489
f 1267 	5488 	5481
f 5488 	5490 	5484
f 5491 	5477 	5482
f 5490 	3752 	5484
f 5482 	5472 	5491
f 5491 	5486 	5477
f 5474 	5438 	5487
f 5488 	5484 	5481
f 5474 	5427 	5438
f 5420 	5493 	5492
f 5449 	5496 	5487
f 5490 	3775 	3752
f 5482 	5469 	5472
f 5493 	5518 	5492
f 5437 	5463 	5223
f 5251 	5223 	5463
f 5388 	5251 	5463
f 5491 	5494 	5486
f 5479 	5487 	5495
f 5486 	5494 	5506
f 5472 	5494 	5491
f 5487 	5496 	5495
f 4564 	5447 	4567
f 4567 	5497 	4557
f 5496 	5498 	5495
f 5483 	5455 	5489
f 4317 	5212 	5456
f 5450 	5455 	5483
f 5212 	4317 	5437
f 4336 	5497 	4317
f 5463 	5437 	5497
f 5387 	5405 	5494
f 4568 	5497 	4336
f 5437 	4317 	5497
f 4557 	5497 	5459
f 5489 	2833 	2828
f 5459 	5408 	5386
f 5449 	5487 	5438
f 5408 	5459 	5497
f 5489 	2828 	5485
f 4568 	4246 	5497
f 5496 	5449 	5499
f 5455 	2776 	5489
f 5499 	5498 	5496
f 5489 	2776 	2833
f 5458 	5499 	5454
f 5454 	5499 	5449
f 5051 	5503 	5187
f 3420 	5503 	5051
f 5663 	5896 	5501
f 5505 	5514 	5501
f 5204 	5187 	5503
f 7077 	5439 	5505
f 5439 	5441 	5505
f 5507 	5503 	5464
f 5289 	5453 	5488
f 5441 	5431 	5505
f 5430 	5505 	5431
f 5462 	5490 	5453
f 5505 	5501 	7077
f 5519 	5523 	5504
f 5509 	5510 	5511
f 5504 	5523 	5508
f 5490 	5488 	5453
f 5510 	5391 	5399
f 5510 	5399 	5511
f 5391 	5510 	5401
f 5509 	5401 	5510
f 5399 	5401 	5509
f 5399 	5509 	5511
f 5430 	5402 	5514
f 5430 	5514 	5505
f 5486 	5506 	5500
f 5518 	5515 	5423
f 5493 	6304 	5515
f 5494 	5517 	5506
f 5492 	5518 	5412
f 5502 	5519 	5504
f 3420 	5464 	5503
f 5492 	5412 	5796
f 5507 	5464 	5520
f 5405 	5517 	5494
f 5502 	6073 	5519
f 5518 	5493 	5515
f 5519 	5524 	5523
f 5419 	5421 	5522
f 6304 	5423 	5515
f 5508 	5523 	6342
f 5516 	5517 	5521
f 5640 	5414 	5522
f 5493 	5420 	6304
f 5422 	5518 	5423
f 5517 	5407 	5521
f 5519 	6077 	5524
f 5520 	5512 	5507
f 5412 	5422 	5345
f 5405 	5407 	5517
f 5398 	5434 	5513
f 5514 	5513 	5501
f 5398 	5513 	5397
f 5403 	5443 	5514
f 5403 	5514 	5402
f 5470 	5520 	5464
f 5521 	5407 	5415
f 5474 	5475 	5520
f 5475 	5512 	5520
f 5525 	5521 	5415
f 5470 	5427 	5520
f 5415 	5426 	5525
f 5526 	5682 	5528
f 3803 	6152 	5527
f 1808 	5531 	1807
f 5528 	5532 	5529
f 5475 	5540 	5512
f 5311 	5530 	5533
f 5533 	4259 	3225
f 5682 	5532 	5528
f 5535 	1808 	5534
f 4266 	4259 	5533
f 5535 	5531 	1808
f 5533 	3225 	5311
f 5535 	5537 	5531
f 4696 	4693 	5419
f 4698 	4696 	5419
f 4749 	4750 	5419
f 5529 	2874 	2887
f 5537 	5538 	5531
f 5532 	2875 	2874
f 5538 	5539 	5531
f 5532 	2874 	5529
f 7001 	4775 	7008
f 5578 	5540 	5541
f 5572 	5539 	5538
f 5546 	5544 	5543
f 1808 	1822 	5534
f 5540 	5475 	5479
f 5541 	5540 	5479
f 5554 	5547 	5479
f 5479 	5495 	5555
f 5555 	5554 	5479
f 5479 	5547 	5541
f 5545 	5552 	5549
f 5531 	5550 	1807
f 5550 	1877 	1807
f 5539 	5551 	5531
f 5490 	5462 	3775
f 5551 	5553 	5531
f 3776 	3775 	5215
f 5555 	5495 	5498
f 5553 	5550 	5531
f 5553 	5557 	5550
f 5556 	1310 	5559
f 5559 	1310 	1304
f 5550 	5560 	1877
f 5555 	5498 	5566
f 5550 	5557 	5560
f 2604 	724 	723
f 2604 	723 	2605
f 5549 	5558 	5548
f 5560 	1883 	1877
f 5554 	5561 	5598
f 5549 	5562 	5558
f 5552 	5563 	5562
f 5598 	5547 	5554
f 5564 	5565 	707
f 5564 	707 	4219
f 5564 	4219 	4229
f 5564 	4229 	5567
f 5555 	5566 	5554
f 707 	706 	4219
f 5625 	5557 	5553
f 5554 	5566 	5568
f 5554 	5568 	5561
f 5549 	5552 	5562
f 5563 	5552 	5526
f 1224 	997 	1001
f 5528 	5563 	5526
f 1883 	5560 	1950
f 5570 	5666 	5179
f 5558 	5562 	5569
f 5204 	5570 	5179
f 5562 	5571 	5569
f 5503 	5666 	5570
f 5562 	5529 	5571
f 5204 	5503 	5570
f 5563 	5529 	5562
f 5572 	5573 	5539
f 5528 	5529 	5563
f 2877 	2632 	5349
f 2632 	4752 	5349
f 5503 	5507 	5574
f 5569 	2887 	2886
f 5507 	5512 	5574
f 5575 	5539 	5573
f 5569 	5571 	2887
f 2796 	2877 	5373
f 2877 	5375 	5373
f 5529 	2887 	5571
f 5582 	5575 	5573
f 5576 	5546 	5543
f 5576 	5543 	4532
f 5574 	5512 	5578
f 4532 	4266 	5576
f 5572 	7286 	5579
f 5578 	5512 	5540
f 5604 	5606 	5414
f 5576 	5530 	5546
f 5342 	5364 	5603
f 5576 	5533 	5530
f 5577 	5694 	5680
f 5577 	5673 	5696
f 5696 	5697 	5577
f 5533 	5576 	4266
f 5422 	5412 	5518
f 5579 	5580 	5572
f 5581 	5469 	5599
f 5580 	5573 	5572
f 5580 	5582 	5573
f 5583 	5584 	5303
f 5583 	5303 	5026
f 5026 	5028 	5583
f 5585 	5583 	5028
f 5585 	5584 	5583
f 5582 	5586 	5575
f 5585 	5028 	5584
f 5303 	5584 	5028
f 4748 	4698 	5419
f 5586 	5595 	5575
f 4963 	391 	4960
f 401 	4960 	391
f 5581 	5307 	5469
f 5581 	5530 	5307
f 5578 	5738 	5574
f 5582 	5580 	5748
f 5543 	5544 	5588
f 5578 	5541 	5592
f 5748 	5751 	5582
f 5751 	5586 	5582
f 5544 	5546 	5590
f 5590 	5588 	5544
f 5575 	5591 	5539
f 5595 	5591 	5575
f 5662 	5589 	5316
f 5546 	5581 	5590
f 5539 	5591 	5551
f 5551 	5593 	5553
f 5541 	5547 	5592
f 5591 	5593 	5551
f 5581 	5546 	5530
f 5482 	5477 	5594
f 5592 	5754 	5746
f 5595 	5596 	5591
f 5591 	5597 	5593
f 5592 	5547 	5598
f 5596 	5597 	5591
f 5598 	5754 	5592
f 5482 	5594 	5599
f 5599 	5590 	5581
f 5469 	5482 	5599
f 5600 	5588 	5601
f 4696 	4698 	5788
f 4697 	4696 	5788
f 5414 	5603 	5602
f 5602 	5604 	5414
f 5588 	5600 	5686
f 5601 	5667 	5600
f 5611 	4749 	5419
f 3186 	3185 	5373
f 3186 	5373 	5375
f 5419 	5522 	5611
f 5522 	5414 	5613
f 5606 	5613 	5414
f 5612 	5522 	5613
f 5606 	5604 	5536
f 5357 	5602 	5603
f 5364 	5357 	5603
f 5605 	5609 	5607
f 5357 	5536 	5602
f 5609 	1296 	5607
f 5603 	4438 	5602
f 5608 	6441 	5610
f 5608 	5621 	6441
f 5604 	5602 	5536
f 5605 	5622 	5609
f 5604 	5602 	4438
f 5609 	1298 	1296
f 5624 	5609 	5623
f 5606 	5604 	4438
f 5364 	4438 	5603
f 5624 	1304 	5609
f 5522 	5612 	5611
f 5605 	5633 	5615
f 5615 	5616 	5605
f 5617 	5618 	5619
f 5617 	5619 	5605
f 5620 	5605 	5619
f 5616 	5617 	5605
f 5605 	5620 	5622
f 5623 	5609 	5622
f 5610 	6441 	6443
f 1298 	5609 	1304
f 4748 	4750 	5536
f 2942 	5620 	5619
f 2942 	5619 	5618
f 5611 	5612 	5536
f 4749 	5611 	5536
f 2942 	1775 	5622
f 5620 	2942 	5622
f 5612 	5613 	5536
f 5623 	1775 	5624
f 5624 	1775 	1310
f 5606 	5536 	5613
f 5625 	5553 	5593
f 5622 	1775 	5623
f 5557 	5625 	5626
f 5556 	5627 	1310
f 5624 	1310 	5627
f 4438 	4705 	5611
f 5611 	5612 	4438
f 5613 	4438 	5612
f 5606 	4438 	5613
f 5627 	5559 	1304
f 5627 	1304 	5624
f 5629 	1650 	5773
f 4765 	5389 	5628
f 5603 	5602 	5628
f 5628 	5602 	5604
f 5557 	5626 	5560
f 5855 	5631 	5629
f 5560 	5626 	1950
f 5631 	5632 	5629
f 5626 	5625 	5637
f 5364 	5603 	5389
f 5628 	5389 	5603
f 5763 	5633 	5629
f 5605 	5635 	5629
f 5626 	5639 	1959
f 4749 	5634 	5611
f 5607 	1295 	5629
f 5611 	5634 	5612
f 5626 	1959 	1950
f 5635 	5607 	5629
f 4765 	5628 	5634
f 5635 	5605 	5607
f 5604 	5606 	5628
f 5634 	5628 	5613
f 5593 	5658 	5625
f 5614 	5615 	5633
f 5625 	5658 	5636
f 5613 	5628 	5606
f 5632 	5763 	5629
f 5634 	5613 	5612
f 5625 	5636 	5637
f 5629 	5633 	5605
f 5626 	5637 	5639
f 5414 	5638 	5344
f 5421 	5640 	5522
f 3511 	3582 	5640
f 1295 	1317 	5629
f 1317 	1319 	5629
f 5640 	5421 	3511
f 1323 	1324 	5629
f 5638 	5414 	5640
f 5640 	3582 	5638
f 3582 	3485 	5638
f 1319 	1323 	5629
f 5302 	5272 	5406
f 5636 	5641 	5637
f 1643 	1330 	5629
f 5302 	5332 	5304
f 5639 	5637 	5642
f 5637 	5641 	5642
f 5406 	5332 	5302
f 5639 	1969 	1959
f 5332 	5309 	5304
f 5332 	5334 	5309
f 5639 	5642 	1969
f 5641 	5644 	5642
f 1324 	1643 	5629
f 5643 	5644 	5641
f 3687 	5646 	3672
f 5642 	5644 	1979
f 5644 	2287 	1979
f 5615 	5614 	5649
f 5648 	5617 	5649
f 5617 	5616 	5649
f 5615 	5649 	5616
f 5642 	1979 	1969
f 5618 	5650 	2942
f 5650 	5651 	2942
f 5598 	5766 	5754
f 5308 	5587 	5409
f 5598 	5775 	5766
f 5747 	5217 	5214
f 5651 	5652 	2942
f 5587 	4860 	4864
f 4864 	4867 	5587
f 5644 	6438 	2287
f 5747 	5587 	5217
f 5597 	5656 	5593
f 5308 	4860 	5587
f 5656 	5658 	5593
f 5589 	5662 	5654
f 5661 	5659 	5794
f 5661 	5660 	5659
f 5316 	5179 	5662
f 5973 	5664 	5597
f 5501 	5665 	5663
f 5662 	5666 	5654
f 5665 	5513 	5434
f 5501 	5513 	5665
f 5668 	5669 	5670
f 5656 	5597 	5664
f 5179 	5666 	5662
f 5394 	5669 	5390
f 5664 	5671 	5656
f 5390 	5669 	5395
f 5668 	5395 	5669
f 5664 	5677 	5671
f 5694 	5577 	5697
f 5656 	5671 	5658
f 5670 	5394 	5395
f 5670 	5395 	5668
f 5658 	5674 	5636
f 5670 	5701 	5668
f 5663 	5668 	5896
f 5658 	5671 	5674
f 5674 	5641 	5636
f 5601 	5675 	5667
f 5663 	5665 	5676
f 5663 	5676 	5668
f 5681 	5646 	3687
f 5434 	5396 	5676
f 5434 	5676 	5665
f 5696 	5673 	5896
f 5647 	5678 	5645
f 5397 	5513 	5676
f 5397 	5676 	5396
f 5645 	5272 	5265
f 5675 	5601 	5588
f 5671 	5677 	5679
f 5526 	5577 	5680
f 5645 	5678 	5272
f 5590 	5675 	5588
f 5680 	5682 	5526
f 5671 	5679 	5674
f 5675 	5594 	5667
f 5599 	5594 	5675
f 5674 	5643 	5641
f 6467 	5681 	3687
f 5674 	5679 	5643
f 5646 	5683 	5647
f 5694 	5682 	5680
f 5590 	5599 	5675
f 5694 	5705 	5682
f 5681 	5683 	5646
f 7165 	5594 	5477
f 5647 	5683 	5684
f 5608 	5679 	5677
f 7165 	5667 	5594
f 5679 	5608 	5610
f 5682 	5685 	5532
f 5679 	5610 	5643
f 5647 	5684 	5678
f 5685 	5682 	5705
f 5678 	5687 	5272
f 5685 	2984 	5532
f 5678 	5684 	5687
f 5687 	5406 	5272
f 5685 	3012 	2984
f 5532 	2984 	2875
f 5689 	5683 	5681
f 5691 	5692 	5669
f 5692 	5670 	5669
f 5681 	6470 	5689
f 5683 	5689 	5720
f 5600 	5688 	5686
f 5690 	5710 	5693
f 5710 	5714 	5693
f 5341 	5339 	5340
f 5657 	5653 	5655
f 5695 	5340 	5339
f 5699 	5655 	5700
f 5701 	5694 	5697
f 5699 	5713 	5617
f 5655 	5699 	5617
f 5703 	5698 	5669
f 5698 	5691 	5669
f 5700 	5655 	5617
f 5700 	5617 	5648
f 5720 	5684 	5683
f 5702 	5693 	5717
f 5693 	5714 	5717
f 5704 	5703 	5669
f 5410 	5406 	5687
f 5700 	2924 	5699
f 5706 	5704 	5669
f 5707 	2924 	5700
f 5700 	5649 	5707
f 5341 	5333 	5339
f 5708 	5709 	5705
f 7365 	5710 	5690
f 5711 	5706 	5669
f 5648 	5649 	5700
f 5707 	5649 	5712
f 5142 	4753 	5232
f 5715 	5713 	3014
f 5699 	3014 	5713
f 5340 	3337 	3336
f 5142 	4659 	4753
f 5713 	5715 	5716
f 5705 	5694 	5708
f 5701 	5708 	5694
f 4711 	6491 	1989
f 4693 	5232 	4753
f 5713 	5650 	5618
f 5618 	5617 	5713
f 5718 	5711 	5669
f 6597 	4711 	6595
f 5716 	5719 	5713
f 5685 	5705 	5722
f 5713 	5721 	5723
f 5713 	5723 	5651
f 5713 	5651 	5650
f 5669 	5724 	5718
f 5726 	5725 	5719
f 5713 	5719 	5725
f 5725 	5721 	5713
f 5720 	5728 	5684
f 5722 	3012 	5685
f 5720 	5784 	5788
f 5720 	5788 	5728
f 5724 	5669 	5729
f 4682 	6617 	4702
f 5714 	5727 	5730
f 5654 	5666 	5672
f 5730 	5736 	5714
f 5722 	5705 	5732
f 5709 	5732 	5705
f 5733 	5729 	5669
f 5733 	5669 	3009
f 5394 	3009 	5669
f 5732 	5734 	5722
f 5727 	5714 	5710
f 5666 	5503 	5672
f 5426 	5735 	5876
f 5731 	5339 	5743
f 5503 	5574 	5672
f 5574 	5738 	5672
f 5340 	5695 	3337
f 5737 	5461 	5749
f 5714 	5736 	5717
f 5672 	5738 	5741
f 5723 	5652 	5651
f 3370 	3337 	5695
f 5722 	5739 	5740
f 3017 	3012 	5740
f 3012 	5722 	5740
f 5722 	5734 	5739
f 5426 	5737 	5735
f 3370 	5695 	5731
f 5670 	5692 	5394
f 5394 	5692 	5691
f 5691 	5698 	5394
f 5698 	5703 	5394
f 5703 	5704 	5394
f 5704 	5706 	5394
f 5339 	5731 	5695
f 5737 	5742 	5735
f 5749 	5461 	4895
f 5661 	5412 	5409
f 3406 	3395 	5731
f 5741 	5738 	5745
f 5660 	5661 	5409
f 5587 	5660 	5409
f 5731 	5743 	3406
f 5745 	5738 	5578
f 3406 	5743 	5744
f 5259 	5743 	5339
f 5578 	5592 	5745
f 5743 	5259 	5285
f 5745 	5592 	5746
f 5901 	5736 	5502
f 5706 	5711 	5394
f 5711 	5718 	5394
f 5718 	5724 	5394
f 6047 	5502 	5736
f 5285 	5744 	5743
f 5741 	5745 	5746
f 5724 	5729 	5394
f 5729 	5733 	5394
f 3009 	5394 	5733
f 3406 	5744 	5750
f 5749 	4895 	4896
f 4896 	5823 	5749
f 5751 	5752 	5586
f 5692 	5709 	5670
f 5708 	5701 	5670
f 5697 	5696 	5668
f 5896 	5668 	5696
f 5761 	3620 	5750
f 5691 	5709 	5692
f 5698 	5709 	5691
f 5697 	5668 	5701
f 5703 	5732 	5698
f 5285 	5755 	5744
f 5708 	5670 	5709
f 5704 	5732 	5703
f 5805 	5754 	5756
f 5862 	5586 	5752
f 5744 	5755 	5750
f 5653 	5649 	5758
f 5712 	5649 	5653
f 5657 	5712 	5653
f 5759 	5712 	5657
f 5757 	5758 	5649
f 5614 	5757 	5649
f 5804 	5754 	5805
f 5755 	5761 	5750
f 5706 	5732 	5704
f 3620 	5761 	5762
f 5706 	5711 	5718
f 5762 	3627 	3620
f 5633 	5763 	5614
f 5718 	5739 	5706
f 5724 	5739 	5718
f 5729 	5739 	5724
f 5709 	5698 	5732
f 5764 	5631 	5855
f 5754 	5766 	5769
f 5760 	5751 	5748
f 5732 	5706 	5734
f 5733 	5740 	5729
f 5754 	5769 	5756
f 5764 	5632 	5631
f 5765 	5751 	5760
f 5740 	5733 	3009
f 5764 	5763 	5632
f 5765 	5752 	5751
f 5757 	5614 	5763
f 5739 	5729 	5740
f 5734 	5706 	5739
f 5762 	3577 	3627
f 5655 	5653 	5767
f 5764 	5767 	5653
f 5670 	5668 	7214
f 5285 	5287 	5755
f 5691 	5692 	7214
f 5692 	5670 	7214
f 5755 	5287 	5768
f 5703 	5698 	4738
f 7214 	4738 	5698
f 5698 	5691 	7214
f 5768 	5770 	5761
f 5657 	5655 	5767
f 5706 	5704 	4738
f 5724 	5718 	4738
f 5704 	5703 	4738
f 5711 	5706 	5718
f 5764 	5653 	5758
f 5764 	5758 	5763
f 5729 	5724 	4738
f 5758 	5757 	5763
f 2760 	3009 	5393
f 5561 	5771 	5598
f 5768 	5761 	5755
f 5767 	5759 	5657
f 5772 	5762 	5770
f 3009 	3017 	5740
f 5855 	5629 	5630
f 5771 	5561 	5568
f 5598 	5771 	5775
f 5568 	5779 	5771
f 5393 	3009 	2754
f 5676 	5513 	7214
f 5668 	5676 	7214
f 5629 	5773 	5774
f 1650 	5774 	5773
f 5769 	5782 	5756
f 5770 	5762 	5761
f 5772 	3577 	5762
f 5766 	5775 	5769
f 5733 	5729 	4738
f 5776 	5768 	5159
f 5776 	5777 	5770
f 5769 	5775 	5778
f 5772 	5770 	5777
f 5771 	5779 	5775
f 5781 	5778 	5775
f 5776 	5770 	5768
f 5779 	5781 	5775
f 5776 	5159 	4878
f 4878 	4954 	5776
f 5777 	5776 	4954
f 4954 	4959 	5777
f 5684 	5728 	5687
f 5214 	5659 	5747
f 5687 	5728 	5410
f 5659 	5660 	5747
f 4976 	5785 	4974
f 5689 	5784 	5720
f 5660 	5587 	5747
f 5769 	5778 	5797
f 5785 	5791 	5786
f 5797 	5783 	5769
f 5784 	5689 	6478
f 4979 	5785 	4976
f 4979 	5791 	5785
f 5782 	5769 	5783
f 5786 	5791 	5793
f 5661 	5794 	5795
f 3107 	3575 	5791
f 3575 	3576 	5793
f 5795 	5794 	5787
f 5793 	5791 	3575
f 5792 	5797 	5798
f 5792 	5783 	5797
f 5850 	4959 	5799
f 5778 	5781 	5797
f 5799 	5800 	5852
f 5412 	5661 	5796
f 5797 	5781 	5801
f 5797 	5801 	5798
f 5792 	5798 	6194
f 5799 	5852 	5850
f 5795 	5796 	5661
f 5794 	6825 	5787
f 5803 	5799 	4974
f 5796 	5790 	5420
f 5492 	5796 	5420
f 5796 	5795 	6846
f 5629 	5774 	5630
f 5796 	6846 	5790
f 4974 	5785 	5803
f 4959 	4974 	5799
f 5803 	5800 	5799
f 5746 	5754 	5804
f 5800 	5803 	5807
f 5824 	5802 	5807
f 5774 	5806 	5630
f 5806 	5774 	1673
f 1670 	1673 	5774
f 5800 	5807 	5802
f 5806 	5813 	5814
f 5809 	5294 	5811
f 5803 	5785 	5786
f 5814 	5815 	5806
f 5659 	5810 	5794
f 5809 	5296 	5294
f 1673 	5813 	5806
f 5810 	5659 	5277
f 5812 	5811 	5294
f 5807 	5803 	5786
f 5294 	5301 	5812
f 5816 	5807 	5786
f 5821 	5822 	6954
f 6954 	6952 	5821
f 2033 	2034 	1362
f 205 	5817 	5818
f 5819 	6946 	3812
f 2034 	2040 	1362
f 5818 	5817 	5809
f 5809 	5811 	5818
f 5793 	5816 	5786
f 5536 	5728 	5788
f 5749 	5742 	5737
f 3812 	3778 	5819
f 3912 	3979 	4882
f 3927 	3912 	4882
f 6478 	5258 	5784
f 5822 	5819 	3899
f 5821 	5819 	5822
f 5788 	5784 	5144
f 5749 	5823 	5753
f 5784 	5258 	5144
f 5780 	5825 	5542
f 5824 	5816 	5826
f 5910 	5825 	5780
f 5542 	5828 	5545
f 5742 	5749 	5753
f 5542 	5825 	5577
f 5742 	5753 	5941
f 5818 	5829 	5827
f 5816 	5824 	5807
f 5753 	5823 	5839
f 4833 	3882 	4882
f 5818 	5812 	5829
f 3899 	4882 	5822
f 5811 	5812 	5818
f 5830 	5808 	5794
f 5816 	5793 	5832
f 5832 	5826 	5816
f 5830 	5836 	5833
f 5835 	5826 	5832
f 5833 	5836 	5837
f 5830 	5838 	5836
f 5829 	5831 	5827
f 5829 	5840 	5831
f 6830 	5808 	5830
f 5753 	5839 	5834
f 5829 	5589 	5840
f 5837 	5841 	5833
f 3576 	5832 	5793
f 5833 	5841 	5842
f 5589 	5829 	5812
f 5835 	5832 	3799
f 5316 	5589 	5812
f 5842 	5843 	5833
f 5883 	5833 	5843
f 3799 	3800 	5835
f 5654 	5831 	5840
f 5845 	5846 	5830
f 5840 	5589 	5654
f 5838 	5830 	5846
f 5845 	5848 	5846
f 5839 	5849 	5834
f 5777 	5850 	5772
f 5830 	5794 	5810
f 5850 	5852 	5847
f 5845 	5830 	5810
f 5845 	5854 	5848
f 5851 	5654 	5853
f 5855 	5767 	5764
f 5845 	5293 	5856
f 5831 	5654 	6004
f 5850 	5847 	5772
f 5845 	5856 	5854
f 5806 	5857 	5630
f 5852 	6190 	5847
f 5855 	5630 	5857
f 5848 	7445 	5846
f 5860 	5858 	5857
f 5815 	5857 	5806
f 5837 	5836 	5846
f 5777 	4959 	5850
f 5802 	5943 	6207
f 5859 	5999 	5855
f 5846 	5836 	5838
f 5855 	5857 	5859
f 5858 	5859 	5857
f 5765 	5789 	5752
f 7194 	5854 	5856
f 5293 	7194 	5856
f 5842 	5841 	5837
f 5857 	5815 	5860
f 5843 	5837 	5844
f 5843 	5842 	5837
f 5586 	5862 	5595
f 5959 	7445 	5861
f 5595 	5864 	5596
f 5862 	5864 	5595
f 5866 	5874 	5865
f 5752 	5867 	5862
f 5789 	5867 	5752
f 5849 	6043 	6048
f 5862 	5868 	5864
f 5867 	5868 	5862
f 5500 	5506 	5869
f 5870 	7445 	5865
f 7445 	6014 	5865
f 5869 	5506 	5517
f 6036 	6032 	5865
f 5869 	5517 	5516
f 7445 	5870 	5871
f 7445 	5871 	5861
f 5869 	5516 	5872
f 5875 	5868 	5867
f 5865 	5874 	5873
f 5789 	5690 	5693
f 5702 	5789 	5693
f 5690 	5789 	5765
f 6007 	5874 	5866
f 5702 	5867 	5789
f 5702 	5875 	5867
f 5525 	5426 	5876
f 5875 	5877 	5868
f 5877 	5882 	5878
f 5735 	5742 	5876
f 5897 	5882 	5877
f 5876 	5742 	5941
f 5876 	5941 	5936
f 5978 	5879 	5677
f 5978 	5878 	5879
f 5608 	5677 	5879
f 5702 	5895 	5875
f 5521 	5880 	5516
f 5897 	5877 	5875
f 5881 	5830 	5833
f 5883 	5881 	5833
f 5878 	5882 	5884
f 5885 	5883 	5844
f 5843 	5844 	5883
f 5882 	5890 	5884
f 5878 	5884 	5879
f 5883 	5885 	5886
f 5879 	5621 	5608
f 5870 	5865 	5873
f 5879 	5884 	5621
f 5870 	5873 	5871
f 5577 	5828 	5542
f 5890 	5882 	5889
f 5828 	5552 	5545
f 5828 	5526 	5552
f 5892 	5707 	5712
f 5892 	5712 	5759
f 5716 	5715 	5719
f 5780 	5891 	5908
f 5715 	5726 	5719
f 5894 	5893 	5759
f 5892 	5759 	5893
f 5780 	5908 	5910
f 5707 	5892 	5893
f 5913 	5914 	5825
f 2917 	1775 	2942
f 5707 	5893 	2924
f 5895 	5702 	5717
f 5895 	5897 	5875
f 5904 	5891 	5898
f 5900 	5902 	3082
f 5903 	2925 	5902
f 5736 	5901 	5717
f 5911 	5825 	5910
f 5577 	5914 	5673
f 3015 	2925 	3048
f 5891 	5904 	5907
f 5906 	5905 	5900
f 5906 	5900 	5899
f 5891 	5907 	5908
f 5905 	5906 	2641
f 5902 	5900 	5909
f 5905 	5909 	5900
f 5913 	5825 	5911
f 2641 	3059 	5909
f 6709 	4700 	4717
f 5909 	3059 	5902
f 5903 	5902 	3059
f 5903 	3059 	3060
f 5898 	6213 	5904
f 6709 	4717 	6738
f 5904 	6213 	5907
f 5911 	5910 	5896
f 5907 	5896 	5908
f 6618 	4703 	4702
f 5908 	5896 	5910
f 4303 	1739 	1740
f 1750 	1752 	4306
f 5759 	5767 	5894
f 5577 	5825 	5914
f 1764 	1765 	7039
f 5767 	5912 	5894
f 1762 	4306 	7039
f 1779 	1768 	7040
f 5893 	5894 	2924
f 5894 	5912 	2924
f 5911 	5896 	5913
f 3082 	3095 	5915
f 5899 	3082 	5915
f 5899 	5900 	3082
f 5913 	5896 	5914
f 1830 	1827 	4507
f 5673 	5914 	5896
f 5924 	5925 	3095
f 1832 	1833 	4507
f 5577 	5526 	5828
f 4507 	4509 	1832
f 1839 	1832 	4509
f 5906 	5917 	2641
f 3244 	2641 	5916
f 1740 	1841 	4303
f 3244 	5916 	5918
f 5917 	5915 	5916
f 5925 	5916 	5915
f 5916 	5925 	5918
f 1839 	4509 	4303
f 1762 	1750 	4306
f 5917 	5916 	2641
f 5899 	5915 	5906
f 5917 	5906 	5915
f 1818 	1817 	4619
f 5921 	5922 	3095
f 450 	443 	452
f 445 	443 	450
f 451 	452 	443
f 451 	443 	446
f 540 	812 	814
f 540 	814 	562
f 843 	842 	835
f 843 	835 	846
f 5923 	5924 	3095
f 812 	811 	845
f 812 	845 	848
f 845 	843 	842
f 809 	811 	842
f 845 	842 	811
f 5925 	5915 	3095
f 5923 	3095 	5922
f 5627 	5556 	5559
f 2942 	5652 	3014
f 5715 	3014 	5721
f 5921 	3095 	7101
f 5986 	5920 	5990
f 5721 	3014 	5723
f 5721 	5725 	5715
f 5726 	5715 	5725
f 5921 	7106 	5929
f 5932 	5930 	3244
f 5991 	5931 	3244
f 5780 	5933 	5927
f 5723 	3014 	5652
f 5780 	5542 	5933
f 5516 	5880 	5872
f 3059 	2641 	3057
f 3057 	2641 	3055
f 5880 	5525 	5934
f 3619 	3078 	2641
f 5880 	5521 	5525
f 3055 	2641 	3078
f 5934 	5525 	5876
f 5934 	5876 	5935
f 5927 	5933 	5545
f 5935 	5876 	5936
f 223 	225 	2638
f 223 	2638 	2647
f 2648 	2640 	2638
f 2648 	2638 	2647
f 2640 	2641 	2648
f 3243 	2648 	2641
f 3226 	3237 	2648
f 3226 	2648 	2647
f 3243 	3247 	3237
f 2648 	3243 	3237
f 5939 	5940 	5938
f 5940 	5942 	5938
f 5937 	5938 	5942
f 5941 	5753 	5834
f 3328 	3330 	3251
f 3243 	3251 	3330
f 5936 	5941 	6177
f 3864 	3859 	3868
f 3864 	3868 	3865
f 3879 	3878 	3877
f 5943 	5802 	5824
f 6023 	5951 	435
f 5943 	5824 	5945
f 5945 	5946 	5944
f 5947 	5948 	5949
f 5948 	241 	5949
f 5954 	241 	5947
f 5834 	5849 	6185
f 5945 	5957 	5946
f 443 	5951 	5949
f 5947 	5949 	5951
f 5951 	5952 	5947
f 5950 	5947 	5952
f 49 	5953 	241
f 5945 	5944 	5943
f 5948 	5947 	241
f 6116 	5944 	5946
f 445 	5949 	5953
f 5149 	5955 	5823
f 5950 	5956 	5954
f 5950 	5954 	5947
f 5861 	5871 	5873
f 5826 	5957 	5945
f 5149 	5155 	5963
f 5895 	5717 	5901
f 5959 	5861 	5873
f 5963 	5955 	5149
f 5835 	5989 	5957
f 5951 	5954 	5958
f 445 	5953 	443
f 5951 	443 	5953
f 5953 	5954 	5951
f 5956 	5958 	5954
f 5949 	241 	5953
f 5839 	5823 	5955
f 5824 	5826 	5945
f 49 	450 	5953
f 5881 	5883 	5962
f 5946 	5957 	5964
f 5883 	5873 	5874
f 5964 	6033 	6132
f 5959 	5873 	5883
f 450 	452 	5953
f 452 	6140 	5953
f 5883 	5874 	5962
f 5883 	5886 	5959
f 6132 	5946 	5964
f 4758 	5976 	5155
f 5965 	5966 	5958
f 5951 	5958 	5966
f 5966 	451 	5951
f 446 	5951 	451
f 5933 	5542 	5545
f 6004 	5654 	5851
f 5998 	6140 	5965
f 5968 	5969 	5965
f 5958 	5952 	5965
f 5968 	5965 	5952
f 5854 	7194 	7445
f 5952 	5958 	5950
f 5956 	5950 	5958
f 5932 	5922 	5930
f 5921 	5930 	5922
f 5970 	5930 	5921
f 5996 	2662 	5970
f 5963 	5155 	5976
f 5895 	5960 	5897
f 7445 	5886 	5837
f 5886 	5885 	5837
f 5895 	5901 	5960
f 5844 	5837 	5885
f 5897 	5889 	5882
f 5897 	5960 	5889
f 6051 	5741 	5746
f 5886 	7445 	5959
f 5901 	5504 	5960
f 5502 	5504 	5901
f 5960 	5504 	5508
f 5839 	5955 	5961
f 5960 	5508 	5889
f 202 	5972 	5971
f 5596 	5864 	5973
f 5973 	5597 	5596
f 5974 	5446 	5467
f 5864 	5868 	5975
f 198 	202 	5971
f 5467 	5548 	5974
f 5975 	5973 	5864
f 205 	5977 	5972
f 5973 	5978 	5664
f 5975 	5978 	5973
f 4758 	6010 	5976
f 5827 	5972 	5977
f 5978 	5677 	5664
f 6009 	5963 	5976
f 202 	205 	5972
f 5868 	5877 	5975
f 5977 	205 	5818
f 5877 	5878 	5975
f 5975 	5878 	5978
f 5963 	5982 	5955
f 5974 	5558 	5452
f 5981 	5972 	5983
f 5963 	6009 	5982
f 5974 	5548 	5558
f 5955 	5982 	5961
f 5460 	5452 	5569
f 5558 	5569 	5452
f 5972 	5981 	5971
f 5569 	2785 	5460
f 5569 	2886 	2785
f 5972 	5827 	5983
f 5967 	5919 	5986
f 5976 	6010 	6018
f 5818 	5827 	5977
f 5929 	5996 	5921
f 5986 	5919 	5920
f 5957 	5989 	5964
f 5931 	5923 	5932
f 5835 	3800 	5989
f 5922 	5932 	5923
f 5931 	5932 	3244
f 5931 	5991 	5924
f 5931 	5924 	5923
f 5957 	5826 	5835
f 5989 	5994 	5964
f 5991 	3244 	5918
f 5993 	245 	5954
f 5979 	7020 	5821
f 5925 	5924 	5991
f 5925 	5991 	5918
f 5954 	5998 	5993
f 241 	5954 	245
f 5992 	245 	5993
f 6008 	6137 	6006
f 5970 	5921 	5996
f 5929 	5928 	5996
f 5995 	6045 	5997
f 5969 	6000 	5965
f 5998 	5965 	6000
f 6001 	5855 	5999
f 5983 	5988 	5981
f 6010 	4758 	4775
f 249 	245 	5992
f 249 	5992 	6176
f 5983 	6004 	5988
f 5827 	5831 	6004
f 6003 	6038 	6005
f 6009 	5976 	6018
f 5866 	6027 	6007
f 5983 	5827 	6004
f 5995 	6007 	6031
f 6180 	6183 	6006
f 6176 	5992 	5993
f 5874 	6007 	5997
f 5995 	5997 	6007
f 6004 	5851 	5988
f 6010 	4775 	7001
f 5969 	6151 	6000
f 5756 	5782 	6070
f 6003 	6011 	6038
f 6013 	7397 	4990
f 5782 	6179 	6069
f 6038 	6014 	6005
f 6013 	5985 	5984
f 6188 	5998 	6000
f 5853 	6015 	5851
f 6015 	5853 	6017
f 5990 	5920 	6020
f 6002 	5767 	5855
f 6002 	5855 	6001
f 6016 	6154 	6019
f 5952 	6019 	5968
f 6002 	5912 	5767
f 5990 	6020 	6021
f 5859 	6850 	5999
f 5999 	6849 	6001
f 5912 	7192 	2924
f 6001 	7193 	6002
f 6002 	7193 	5912
f 6023 	6022 	6195
f 5654 	5672 	6017
f 6195 	6197 	6023
f 5989 	3800 	3348
f 6023 	435 	6022
f 925 	6011 	7445
f 6005 	7445 	6003
f 6003 	7445 	6011
f 3348 	7090 	5994
f 5985 	6013 	6024
f 6005 	6014 	7445
f 5985 	6025 	5987
f 3348 	5994 	5989
f 6024 	6025 	5985
f 6028 	6029 	6030
f 6027 	6031 	6007
f 5964 	6029 	6033
f 6032 	6038 	6031
f 6033 	6029 	6028
f 6338 	6735 	6067
f 6037 	6067 	6735
f 6139 	6035 	6034
f 6029 	6034 	6035
f 6029 	6035 	6030
f 6038 	6032 	6036
f 6067 	6068 	6338
f 6014 	6038 	6036
f 6013 	4990 	4485
f 4485 	4487 	6024
f 4485 	6024 	6013
f 6031 	6027 	6032
f 5866 	5865 	6032
f 6036 	5865 	6014
f 4487 	4493 	6024
f 6027 	5866 	6032
f 4493 	6025 	6024
f 5994 	6029 	5964
f 6010 	7072 	6018
f 4493 	4570 	6025
f 6040 	6057 	6039
f 5994 	6041 	6029
f 5961 	6043 	5849
f 6039 	5997 	6045
f 5849 	5839 	5961
f 5730 	6042 	6046
f 5961 	6055 	6043
f 6039 	6045 	6040
f 6045 	6049 	6040
f 5730 	6046 	6047
f 6017 	5853 	5654
f 5982 	6055 	5961
f 6017 	5672 	5741
f 6043 	6058 	6048
f 6043 	6055 	6058
f 6051 	5746 	5804
f 6049 	6822 	6040
f 6050 	6046 	6042
f 6039 	5874 	5997
f 6053 	6040 	5881
f 6046 	6050 	6054
f 6017 	5741 	6051
f 6053 	5874 	6039
f 6017 	6051 	6052
f 6046 	6056 	6047
f 6053 	5962 	5874
f 6052 	5804 	5805
f 6054 	6056 	6046
f 6051 	5804 	6052
f 6053 	5881 	5962
f 6039 	6057 	6053
f 6053 	6057 	6040
f 6038 	6170 	6045
f 6059 	6054 	6050
f 6045 	6170 	6165
f 6134 	6136 	6060
f 6062 	5982 	6009
f 6015 	6017 	6060
f 6015 	6060 	6136
f 6060 	6052 	6061
f 6060 	6017 	6052
f 5982 	6062 	6055
f 6054 	6059 	6063
f 5780 	6064 	5920
f 5780 	5927 	6064
f 5920 	6064 	6020
f 6065 	6056 	6054
f 6055 	6062 	6058
f 6021 	6020 	6064
f 6063 	6065 	6054
f 6061 	6066 	6060
f 6065 	6076 	6056
f 5980 	6045 	6165
f 6045 	5995 	6038
f 5984 	5985 	6063
f 5995 	6031 	6038
f 5888 	6074 	6037
f 6063 	6059 	5984
f 6067 	6037 	6081
f 6074 	6081 	6037
f 6066 	6061 	6069
f 5987 	6063 	5985
f 5805 	6070 	6052
f 6081 	6068 	6067
f 7221 	6064 	6071
f 6063 	5987 	6065
f 6061 	6052 	6070
f 6034 	6029 	6044
f 6064 	5926 	6071
f 6056 	6073 	6047
f 6064 	5927 	5926
f 6044 	6029 	6041
f 6071 	5465 	7221
f 5888 	5887 	6074
f 6047 	6073 	5502
f 5465 	5926 	5467
f 5927 	5467 	5926
f 6076 	6073 	6056
f 5467 	5545 	5549
f 6076 	6077 	6073
f 7090 	921 	6041
f 5467 	5549 	5548
f 5927 	5545 	5467
f 6041 	5994 	7090
f 5465 	6071 	5926
f 5519 	6073 	6077
f 921 	1114 	6041
f 6107 	6759 	6106
f 1114 	6044 	6041
f 6065 	6078 	6076
f 6061 	6070 	6069
f 5987 	6078 	6065
f 6075 	6113 	6118
f 6070 	5805 	5756
f 6078 	6083 	6076
f 5782 	6069 	6070
f 6771 	6066 	6069
f 6018 	6161 	6009
f 6076 	6083 	6077
f 6083 	6251 	6077
f 3401 	6080 	6079
f 6080 	6082 	6168
f 6077 	6251 	5524
f 6025 	6086 	5987
f 6084 	6085 	6087
f 6088 	6084 	6087
f 5987 	6086 	6078
f 6080 	6168 	6079
f 6085 	6033 	6028
f 6085 	6028 	6030
f 6030 	6035 	6085
f 6018 	7085 	6161
f 6086 	6089 	6078
f 6035 	6087 	6085
f 6025 	4570 	6086
f 6028 	6030 	6090
f 6035 	6090 	6030
f 3407 	3401 	6079
f 6090 	5942 	6028
f 6083 	6078 	6089
f 6062 	6161 	6319
f 5942 	5940 	6033
f 6033 	6028 	5942
f 5942 	6090 	6091
f 7065 	7066 	5979
f 5979 	6072 	6093
f 6062 	6009 	6161
f 6097 	6093 	6096
f 6072 	6096 	6093
f 6022 	435 	543
f 6096 	6098 	6099
f 6096 	6099 	6097
f 6094 	5944 	6095
f 6019 	6023 	6016
f 6094 	6294 	6095
f 5952 	5951 	6023
f 6019 	5952 	6023
f 6286 	6085 	6092
f 651 	615 	6103
f 6102 	6092 	6104
f 5968 	449 	5966
f 451 	5966 	449
f 6102 	6104 	6105
f 6102 	6104 	6100
f 5971 	615 	198
f 6106 	6075 	6108
f 6084 	6088 	6092
f 6103 	615 	5971
f 6086 	4571 	6089
f 4570 	4571 	6086
f 6125 	6110 	6092
f 4571 	5444 	6089
f 6107 	6106 	6074
f 6104 	6110 	6105
f 6081 	6074 	6106
f 6110 	6100 	6104
f 6101 	6111 	6109
f 6106 	6108 	6081
f 6042 	5727 	6691
f 6103 	6112 	6111
f 6102 	5942 	6104
f 5727 	6042 	5730
f 6112 	6123 	6111
f 5730 	6047 	5736
f 6084 	6092 	6085
f 6103 	6111 	6101
f 6116 	6120 	6286
f 6107 	6074 	6114
f 6112 	6103 	5971
f 5944 	6116 	6095
f 6112 	5971 	5981
f 6095 	6100 	6116
f 6120 	6132 	6286
f 6108 	6075 	6121
f 6111 	6119 	6109
f 6121 	6075 	6122
f 6118 	6122 	6075
f 6116 	5946 	6120
f 6111 	6123 	6119
f 6113 	6081 	6118
f 6122 	6118 	6081
f 6116 	6100 	6124
f 6116 	6124 	6120
f 6122 	6081 	6121
f 6129 	6092 	6088
f 6104 	6092 	6110
f 6112 	6126 	6123
f 6127 	6105 	6125
f 6110 	6125 	6105
f 6112 	5988 	6126
f 6108 	6121 	6081
f 6100 	6110 	6125
f 6112 	5981 	5988
f 6125 	6092 	6129
f 6129 	6088 	6087
f 6129 	6087 	6124
f 6128 	6130 	6115
f 6125 	6129 	6127
f 5969 	5968 	5966
f 6124 	6100 	6125
f 6124 	6125 	6129
f 6127 	6412 	6105
f 6115 	6130 	6117
f 519 	508 	6137
f 6105 	6412 	6411
f 6132 	6033 	6286
f 6085 	6286 	6033
f 7106 	6313 	6157
f 6126 	6131 	6123
f 524 	6140 	452
f 6131 	5988 	5851
f 6131 	5851 	6015
f 6132 	6124 	6030
f 6132 	6030 	6028
f 6132 	6028 	6033
f 5988 	6131 	6126
f 6030 	6124 	6035
f 5348 	6130 	6128
f 6124 	6087 	6035
f 5295 	5348 	6128
f 508 	6135 	6137
f 6035 	6124 	6090
f 6131 	6136 	6134
f 6135 	6006 	6137
f 6131 	6015 	6136
f 5946 	6132 	6120
f 6120 	6124 	6132
f 6035 	6139 	6124
f 5954 	5953 	6140
f 5998 	5954 	6140
f 6034 	6127 	6139
f 6129 	6139 	6127
f 6183 	6465 	6008
f 6008 	6464 	6137
f 6090 	6124 	6139
f 6090 	6139 	6091
f 5966 	6432 	5969
f 6151 	5969 	6432
f 6432 	5966 	6141
f 5966 	5965 	6140
f 6141 	5966 	6140
f 466 	6435 	508
f 639 	6101 	6143
f 6137 	6466 	519
f 639 	651 	6101
f 6141 	529 	6432
f 6095 	5940 	6094
f 6094 	5940 	6295
f 6116 	5940 	6095
f 6120 	5940 	6116
f 6132 	5940 	6120
f 6033 	5940 	6132
f 5939 	6295 	5940
f 5968 	540 	449
f 651 	6103 	6101
f 6101 	6109 	6143
f 6125 	5942 	6129
f 6139 	6129 	5942
f 6110 	5942 	6125
f 6110 	6104 	5942
f 6091 	6139 	5942
f 5938 	5937 	6146
f 5938 	6146 	6147
f 6138 	6148 	6142
f 3577 	6149 	3629
f 6135 	6457 	6006
f 6144 	6148 	6138
f 6148 	2248 	6142
f 6188 	6000 	6151
f 6096 	6011 	6012
f 6096 	6038 	6011
f 6180 	6006 	6456
f 6148 	2273 	2248
f 6096 	6012 	6098
f 6142 	2248 	2233
f 5527 	6152 	6145
f 6154 	6446 	5968
f 5968 	6019 	6154
f 6016 	6191 	6154
f 6455 	6446 	6154
f 5928 	5929 	7106
f 6155 	6158 	2617
f 6099 	6098 	925
f 867 	5527 	6145
f 6152 	6167 	6164
f 2617 	6158 	2621
f 6081 	6361 	6068
f 6098 	6012 	925
f 861 	2621 	6158
f 6152 	6164 	6145
f 3803 	3804 	6152
f 6011 	925 	6012
f 6026 	6361 	6133
f 3804 	6167 	6152
f 925 	7020 	6093
f 5979 	6093 	7020
f 6159 	6162 	6155
f 6160 	6163 	6156
f 6160 	6156 	6133
f 6093 	6097 	925
f 6099 	925 	6097
f 6155 	6162 	6158
f 6161 	7085 	7092
f 554 	861 	6158
f 6162 	554 	6158
f 6159 	6169 	6162
f 6166 	6169 	6159
f 6163 	6157 	6156
f 6167 	6415 	6164
f 6169 	558 	6162
f 3804 	4742 	6167
f 6162 	558 	554
f 6168 	6082 	6172
f 6038 	6096 	6170
f 6166 	543 	6169
f 5967 	6172 	6082
f 5935 	5936 	6174
f 6022 	543 	6166
f 543 	487 	6169
f 6174 	6228 	5935
f 7304 	6172 	6175
f 867 	6145 	6173
f 487 	558 	6169
f 6172 	5967 	5986
f 927 	867 	6173
f 6174 	5936 	6177
f 6172 	5986 	5990
f 6176 	6202 	249
f 6172 	5990 	6175
f 5941 	5834 	6177
f 6186 	6176 	5998
f 5993 	5998 	6176
f 6179 	5783 	5792
f 6179 	5782 	5783
f 6182 	6183 	6180
f 6008 	6006 	6183
f 5834 	6185 	6177
f 6186 	6183 	6176
f 6183 	6182 	6176
f 6177 	6185 	6193
f 6175 	5990 	7281
f 6203 	6176 	6182
f 5772 	5847 	3577
f 6222 	6224 	6187
f 5847 	6149 	3577
f 6193 	6181 	6177
f 5847 	6190 	6149
f 5998 	6188 	6186
f 6179 	5792 	6192
f 6188 	6246 	6183
f 6188 	6183 	6186
f 6190 	6199 	6150
f 5792 	6194 	6192
f 6174 	6177 	6181
f 6179 	6192 	6184
f 6190 	6150 	6149
f 6278 	6300 	6191
f 6154 	6191 	6300
f 6193 	6185 	6198
f 6196 	6187 	5891
f 6192 	6194 	6204
f 6198 	6185 	5849
f 6193 	6198 	6206
f 6153 	6200 	6144
f 6199 	6178 	6150
f 6191 	6197 	6278
f 6199 	6201 	6178
f 6187 	6196 	6189
f 6048 	6198 	5849
f 6196 	5891 	5780
f 6191 	6016 	6197
f 5919 	6189 	6196
f 6198 	6048 	6206
f 6197 	6016 	6023
f 5919 	6196 	5920
f 6176 	6203 	6202
f 6205 	6190 	5852
f 249 	6202 	253
f 1564 	6194 	5798
f 6205 	6199 	6190
f 6216 	253 	6202
f 6196 	5780 	5920
f 6205 	6207 	6199
f 6207 	6201 	6199
f 6203 	6208 	6202
f 6208 	6209 	6202
f 6212 	6202 	6209
f 6207 	6210 	6201
f 6211 	6212 	6209
f 6192 	6204 	6214
f 6255 	253 	6261
f 5852 	5800 	6205
f 5800 	5802 	6205
f 6180 	6215 	6220
f 6212 	6216 	6202
f 6171 	5996 	5928
f 5802 	6207 	6205
f 6216 	6261 	253
f 5928 	6157 	6171
f 6157 	6163 	6171
f 6265 	6171 	6163
f 6208 	6203 	6219
f 6180 	6220 	6182
f 5891 	6224 	5898
f 2286 	7265 	5934
f 5891 	6187 	6224
f 6226 	6227 	6345
f 5898 	6224 	6213
f 6213 	6222 	6393
f 5934 	2238 	2286
f 6222 	6213 	6224
f 2241 	2238 	6228
f 5896 	5907 	6213
f 6149 	6150 	6223
f 5935 	6228 	5934
f 3522 	6323 	6229
f 3629 	6149 	6223
f 6174 	2241 	6228
f 6150 	6178 	6225
f 6229 	6397 	3522
f 6250 	6226 	6232
f 6225 	6223 	6150
f 2241 	6181 	6233
f 6217 	6231 	6230
f 2241 	6174 	6181
f 6231 	5321 	5424
f 6026 	6068 	6361
f 6242 	5321 	6231
f 6229 	6235 	6397
f 3245 	5930 	2662
f 6263 	6266 	2662
f 6266 	6252 	6232
f 4544 	3952 	6237
f 6153 	6117 	6200
f 5351 	6237 	3952
f 6160 	6133 	6361
f 6144 	6200 	6148
f 6228 	2238 	5934
f 6200 	2273 	6148
f 6233 	6193 	6244
f 6182 	6220 	6203
f 6181 	6193 	6233
f 6237 	5351 	6239
f 6254 	6255 	6270
f 6384 	6115 	6153
f 6178 	6201 	6234
f 6241 	6234 	6201
f 6242 	6239 	5351
f 6233 	2250 	2247
f 6115 	6117 	6153
f 6234 	6243 	6236
f 6117 	2166 	6200
f 6241 	6243 	6234
f 6219 	6209 	6208
f 6200 	2166 	2273
f 6236 	6245 	6238
f 6130 	2283 	6117
f 6240 	6183 	6246
f 6233 	6244 	6247
f 6117 	2283 	2166
f 6272 	6193 	6206
f 6243 	6245 	6236
f 6130 	5348 	1358
f 2283 	6130 	1358
f 6238 	6245 	6468
f 6250 	6232 	6252
f 1564 	1570 	6194
f 6194 	1570 	6204
f 6209 	6219 	6248
f 6249 	6211 	6248
f 6253 	6211 	6249
f 6209 	6248 	6211
f 6214 	6204 	1570
f 5524 	6251 	6256
f 6210 	6241 	6201
f 6253 	6257 	6211
f 6258 	6211 	6257
f 6212 	6211 	6258
f 1570 	1632 	6214
f 6160 	6361 	6250
f 6160 	6250 	6252
f 6212 	6258 	6261
f 6212 	6261 	6216
f 6226 	6250 	6227
f 6287 	6292 	6256
f 6263 	2662 	6264
f 6241 	6260 	6243
f 6256 	6292 	6259
f 6258 	6248 	6219
f 6203 	6261 	6219
f 6258 	6219 	6261
f 6264 	2662 	6265
f 6243 	6473 	6245
f 6255 	6261 	6220
f 6203 	6220 	6261
f 6260 	6473 	6243
f 6258 	6257 	6267
f 6249 	6248 	6267
f 6265 	6163 	6264
f 6258 	6267 	6248
f 6242 	6217 	6239
f 2662 	6171 	6265
f 6585 	267 	6255
f 253 	6255 	267
f 6217 	6242 	6231
f 2250 	6233 	6247
f 6244 	2272 	6247
f 6271 	5938 	6147
f 6220 	6270 	6255
f 5937 	6271 	6146
f 6273 	6217 	6218
f 6193 	6272 	6244
f 6146 	6271 	6147
f 6302 	6301 	6246
f 6240 	6246 	6301
f 6272 	6206 	6284
f 6273 	6218 	6274
f 2272 	6244 	6272
f 6253 	6267 	6257
f 4535 	6273 	6274
f 6234 	6236 	6275
f 6267 	6253 	6249
f 6268 	6235 	6276
f 4535 	6237 	6239
f 6269 	6393 	6187
f 6247 	2272 	2250
f 3686 	6275 	6279
f 4535 	6239 	6273
f 6267 	6257 	6300
f 6279 	6280 	3686
f 6268 	6276 	5967
f 6281 	6300 	6257
f 6277 	6281 	6257
f 6276 	6187 	6189
f 6225 	6178 	6275
f 6276 	6269 	6187
f 6178 	6234 	6275
f 6276 	6189 	5919
f 6423 	6282 	6195
f 6279 	6275 	6236
f 6273 	6239 	6217
f 6259 	6115 	6384
f 6236 	6238 	6279
f 6259 	6128 	6115
f 6279 	6238 	6280
f 6206 	6048 	6284
f 6238 	6467 	6280
f 6467 	3687 	6280
f 6283 	6195 	6282
f 6285 	6251 	6083
f 6092 	6303 	6286
f 6218 	4535 	6274
f 6089 	6285 	6083
f 6264 	6163 	6263
f 6163 	6160 	6263
f 6095 	6116 	6286
f 6285 	6287 	6251
f 6263 	6160 	6266
f 6252 	6266 	6160
f 6210 	6288 	6241
f 6288 	6260 	6241
f 6058 	6291 	6048
f 6251 	6287 	6256
f 6048 	6291 	6284
f 6195 	6283 	6197
f 6210 	6207 	5943
f 5943 	5944 	6210
f 6283 	6277 	6257
f 6262 	6184 	6192
f 6249 	6283 	6267
f 6262 	6192 	6293
f 6284 	6291 	6296
f 6297 	6286 	6303
f 6295 	6286 	6294
f 6262 	6293 	6312
f 6192 	6214 	6293
f 6094 	6095 	6286
f 6094 	6286 	6295
f 6249 	6278 	6283
f 6257 	6267 	6283
f 6197 	6283 	6278
f 6058 	6307 	6291
f 6231 	5424 	6289
f 6058 	6062 	6299
f 5423 	6289 	5424
f 6295 	6288 	5944
f 6294 	6288 	6295
f 5423 	6290 	6289
f 6299 	6307 	6058
f 6295 	5944 	6094
f 6291 	6307 	6296
f 6180 	6523 	6215
f 6295 	6294 	6094
f 6100 	6095 	6294
f 6611 	6532 	6301
f 6294 	6286 	6297
f 6151 	6298 	6188
f 6303 	6092 	6102
f 6294 	6297 	6288
f 6100 	6294 	6297
f 6299 	6062 	6319
f 6302 	6246 	6298
f 6188 	6298 	6246
f 5944 	6288 	6210
f 6278 	6249 	6300
f 6249 	6267 	6300
f 6305 	6300 	6281
f 6306 	6262 	6309
f 6308 	6310 	2612
f 6293 	6311 	6312
f 6214 	6316 	6293
f 6336 	6351 	6310
f 6313 	6314 	6133
f 6026 	6133 	6314
f 6262 	6312 	6309
f 6336 	6310 	6308
f 6214 	6317 	6316
f 6315 	6316 	6317
f 6026 	6314 	6068
f 6311 	6293 	6316
f 6307 	6299 	6319
f 6304 	6290 	5423
f 6337 	6338 	6068
f 6268 	5967 	6082
f 6317 	6318 	6315
f 6290 	6805 	6289
f 6317 	6321 	6318
f 5967 	6276 	5919
f 6161 	7092 	6319
f 6304 	6816 	6320
f 6214 	1632 	6317
f 6337 	6068 	6314
f 3731 	6324 	6323
f 6322 	6323 	6324
f 3731 	3732 	6324
f 1632 	1652 	6325
f 1632 	6325 	6317
f 6321 	6317 	6325
f 6105 	6288 	6303
f 6297 	6303 	6288
f 6290 	6320 	6805
f 6307 	6319 	6332
f 6309 	6312 	6375
f 6105 	6303 	6102
f 6290 	6304 	6320
f 6312 	6311 	6375
f 6303 	6102 	6297
f 6100 	6297 	6102
f 6323 	3522 	3731
f 6294 	6271 	6297
f 6316 	6375 	6311
f 6315 	6375 	6316
f 6102 	6303 	5942
f 6318 	6375 	6315
f 6321 	1665 	6318
f 6325 	1665 	6321
f 6330 	6331 	6218
f 6288 	6105 	6260
f 6287 	6285 	5413
f 6375 	6318 	1665
f 5413 	5416 	6287
f 6287 	5416 	6292
f 4535 	6218 	6331
f 6105 	6411 	6260
f 6303 	6297 	6271
f 6218 	6329 	6330
f 5939 	5938 	6295
f 6295 	5938 	6294
f 6271 	6294 	5938
f 6319 	7129 	6332
f 6292 	6128 	6259
f 6271 	5937 	6303
f 5937 	5942 	6303
f 5444 	6285 	6089
f 5444 	5413 	6285
f 1665 	6325 	1652
f 6331 	4540 	4535
f 6335 	6272 	6284
f 6335 	6284 	6340
f 6310 	6155 	2612
f 6284 	6296 	6340
f 6331 	6330 	4540
f 2272 	6272 	6335
f 6292 	5295 	6128
f 5416 	5295 	6292
f 5889 	5508 	6339
f 6335 	2477 	2272
f 5508 	6342 	6339
f 6356 	6314 	6313
f 7110 	6356 	6313
f 6218 	6327 	6329
f 6337 	6314 	6356
f 5890 	5889 	6339
f 6296 	6307 	6349
f 6338 	6337 	6075
f 6218 	6217 	6327
f 6075 	6735 	6338
f 1665 	927 	6375
f 6335 	6340 	2477
f 6221 	6226 	6345
f 6349 	6307 	6360
f 6307 	6332 	6360
f 6352 	6345 	6354
f 6340 	6296 	6349
f 6346 	6775 	6347
f 6340 	2485 	2477
f 6326 	6328 	6348
f 6333 	6358 	6334
f 6348 	6323 	6326
f 6348 	6366 	6368
f 6227 	6354 	6345
f 6235 	6229 	6348
f 6322 	6326 	6323
f 6355 	6352 	6354
f 6229 	6323 	6348
f 6349 	2488 	2485
f 6337 	6356 	6075
f 6348 	6276 	6235
f 6356 	6113 	6075
f 6368 	6369 	6269
f 2485 	6340 	6349
f 6348 	6368 	6269
f 6350 	6184 	6262
f 6359 	6353 	6334
f 6369 	6374 	6269
f 6356 	6362 	6113
f 6348 	6269 	6276
f 6352 	6355 	6356
f 6350 	6262 	6357
f 6359 	6334 	6358
f 6345 	6352 	6356
f 6353 	6359 	5261
f 6349 	6360 	2488
f 6322 	6324 	3803
f 6326 	6322 	6439
f 2488 	6360 	2497
f 6343 	6346 	6364
f 6339 	6363 	6341
f 3803 	6324 	3732
f 6347 	6364 	6346
f 6362 	6356 	6365
f 6355 	6365 	6356
f 3803 	6439 	6322
f 6328 	6326 	6439
f 6342 	6363 	6339
f 6363 	6144 	6341
f 4097 	4447 	4116
f 4463 	4116 	4447
f 4463 	4447 	4445
f 4463 	4445 	4442
f 6362 	6361 	6113
f 6365 	6361 	6362
f 6081 	6113 	6361
f 6366 	6348 	6328
f 6144 	6363 	6153
f 4445 	4447 	4450
f 6227 	6250 	6361
f 6341 	6144 	6138
f 4454 	4450 	4447
f 6367 	6775 	6370
f 5523 	5524 	6371
f 6370 	6357 	6373
f 6372 	6373 	6357
f 6354 	6227 	6361
f 6269 	6374 	6393
f 6372 	6357 	6306
f 6262 	6306 	6357
f 1374 	4018 	6536
f 2295 	1374 	6541
f 6365 	6355 	6361
f 6364 	6373 	6375
f 6353 	5261 	5258
f 6379 	6380 	6378
f 6377 	6378 	6380
f 6376 	6377 	6380
f 6354 	6361 	6355
f 6371 	6342 	5523
f 6379 	6378 	6383
f 6382 	6383 	6378
f 6373 	6372 	6375
f 6372 	6306 	6375
f 6371 	6384 	6342
f 6306 	6309 	6375
f 6385 	4091 	4090
f 6383 	6382 	4090
f 6385 	4090 	6382
f 6436 	5814 	2110
f 5813 	2110 	5814
f 6375 	6404 	6364
f 4092 	4091 	6385
f 6388 	6383 	2299
f 6387 	6388 	2299
f 6376 	6380 	6388
f 5863 	6392 	5820
f 6358 	6386 	6359
f 6379 	6383 	6388
f 6380 	6379 	6388
f 6366 	6439 	6368
f 6390 	6376 	6380
f 6358 	6381 	6386
f 6383 	4090 	2299
f 6439 	6366 	6328
f 6386 	6391 	6359
f 6395 	5820 	6392
f 6367 	6370 	6364
f 6373 	6364 	6370
f 6347 	6367 	6364
f 4091 	4094 	2299
f 2298 	2299 	4094
f 2086 	6400 	2082
f 4090 	4091 	2299
f 6368 	6439 	6369
f 6213 	6374 	6439
f 6369 	6439 	6374
f 6359 	6391 	5261
f 6390 	6380 	4097
f 6380 	6379 	4097
f 6379 	6383 	4097
f 4090 	767 	6383
f 6375 	6407 	6404
f 6222 	6187 	6393
f 5261 	6391 	2830
f 6394 	6380 	6376
f 6393 	6374 	6213
f 6396 	6389 	6395
f 6379 	6380 	6394
f 6383 	6379 	6394
f 2082 	6400 	6396
f 6375 	927 	6173
f 6429 	6398 	6381
f 3801 	3522 	6397
f 6394 	4458 	4099
f 3801 	6397 	6399
f 6381 	6398 	6386
f 4090 	6383 	4099
f 6394 	4099 	6383
f 5820 	6395 	6389
f 6396 	6400 	6389
f 6386 	6401 	6391
f 6398 	6401 	6386
f 6397 	6235 	6268
f 6405 	6406 	6395
f 6396 	6395 	6406
f 3801 	6399 	3401
f 6391 	2836 	2830
f 6392 	6500 	6395
f 6500 	6417 	6395
f 6402 	2677 	6403
f 2098 	2099 	2082
f 2082 	6396 	2098
f 2098 	6396 	6410
f 6401 	2836 	6391
f 6389 	6405 	5820
f 6406 	6405 	6389
f 6648 	6404 	6407
f 6417 	5820 	6405
f 6407 	6173 	6408
f 6385 	6382 	2677
f 6417 	6500 	5820
f 3550 	1206 	6398
f 6409 	6396 	6406
f 6398 	1206 	6401
f 4092 	6385 	2677
f 6409 	6410 	6396
f 6410 	6409 	6400
f 6406 	6389 	6409
f 6400 	6409 	6389
f 6403 	2677 	6378
f 6377 	6403 	6378
f 6173 	6407 	6375
f 4093 	4092 	2677
f 6408 	6653 	6407
f 6382 	6378 	2677
f 6173 	6145 	6408
f 2086 	2098 	6400
f 6145 	6164 	6408
f 6410 	6400 	2098
f 6382 	2823 	6385
f 4116 	2823 	6378
f 6382 	6378 	2823
f 6413 	4116 	6378
f 6377 	6413 	6378
f 6411 	6416 	6333
f 6405 	6395 	6417
f 6411 	6412 	6416
f 6416 	6358 	6333
f 6414 	6424 	6973
f 6159 	6310 	6351
f 6127 	6418 	6412
f 6973 	6424 	6427
f 6166 	6159 	6351
f 6127 	6034 	6418
f 6344 	6420 	6329
f 6155 	6310 	6159
f 6418 	6421 	6412
f 6420 	6330 	6329
f 6351 	6422 	6423
f 2210 	2209 	6419
f 6344 	6329 	6327
f 6166 	6351 	6423
f 6412 	6421 	6416
f 6419 	2213 	2210
f 6419 	2215 	2213
f 6416 	6421 	6381
f 6381 	6421 	6429
f 6419 	6614 	6587
f 6351 	6336 	6422
f 6860 	6424 	6414
f 6419 	2107 	2215
f 6420 	6344 	6798
f 6416 	6381 	6358
f 6423 	6195 	6022
f 6044 	6425 	6034
f 6423 	6022 	6166
f 6419 	2110 	2112
f 6418 	6034 	6425
f 6419 	2112 	2107
f 4540 	6330 	6426
f 6425 	6428 	6418
f 6342 	6384 	6363
f 6427 	2306 	2301
f 6421 	6418 	6428
f 6423 	6422 	6282
f 6384 	6153 	6363
f 6428 	6429 	6421
f 6371 	5524 	6256
f 6298 	6151 	6154
f 6298 	6154 	6300
f 6427 	6786 	6818
f 6458 	6457 	6135
f 6135 	508 	6433
f 6256 	6259 	6371
f 6427 	6818 	6430
f 6442 	6444 	519
f 4184 	6425 	6044
f 6371 	6259 	6384
f 6427 	6430 	6431
f 6425 	4311 	6428
f 259 	6433 	6434
f 259 	6434 	6435
f 6399 	6080 	3401
f 2306 	6427 	6431
f 6458 	1282 	6433
f 6082 	6399 	6397
f 6458 	6135 	6433
f 6377 	6378 	6430
f 6082 	6397 	6268
f 6430 	6378 	6382
f 6430 	6382 	6437
f 5643 	6438 	5644
f 5643 	5610 	6438
f 6430 	2311 	6431
f 6399 	6082 	6080
f 6430 	6437 	2311
f 6437 	6382 	6385
f 6426 	4452 	4540
f 835 	6435 	466
f 6434 	508 	6435
f 6433 	508 	6434
f 6437 	6385 	4092
f 6433 	6434 	6442
f 6433 	6442 	6466
f 6434 	6435 	6444
f 6434 	6444 	6442
f 5610 	6443 	6438
f 6413 	6390 	4116
f 4097 	4116 	6390
f 474 	519 	809
f 6403 	6388 	6402
f 6402 	6388 	6387
f 6432 	811 	6445
f 6438 	6443 	2290
f 6446 	812 	540
f 2317 	6530 	722
f 812 	6446 	6447
f 6534 	4665 	6530
f 6447 	6446 	6432
f 6447 	6432 	6445
f 6438 	2290 	2287
f 6456 	6006 	6457
f 6464 	6008 	6465
f 6466 	6137 	6464
f 6442 	519 	6466
f 5884 	5890 	6448
f 6151 	6432 	6449
f 6452 	6454 	6451
f 6453 	6454 	6452
f 6450 	6451 	6454
f 6449 	6432 	6446
f 6449 	6446 	6455
f 6376 	6453 	6377
f 6452 	6377 	6453
f 4184 	4311 	6425
f 260 	6456 	6457
f 262 	260 	6457
f 262 	6457 	6458
f 6448 	5621 	5884
f 6454 	6390 	6413
f 6454 	6413 	6459
f 6454 	6459 	6450
f 6458 	6433 	262
f 259 	262 	6433
f 6456 	6463 	6457
f 6458 	6457 	6463
f 6463 	1282 	6458
f 4311 	4740 	6428
f 6462 	6460 	6454
f 6453 	6388 	6454
f 6376 	6388 	6453
f 6462 	6454 	6388
f 6436 	2110 	6419
f 6429 	4740 	3550
f 6454 	6453 	6390
f 6376 	6390 	6453
f 6429 	3550 	6398
f 6456 	6457 	6464
f 6456 	6464 	6465
f 6457 	6458 	6466
f 6457 	6466 	6464
f 4454 	6496 	4450
f 6458 	6433 	6466
f 6238 	6468 	6467
f 6453 	6454 	6394
f 6453 	6394 	6376
f 540 	5968 	6446
f 6448 	6461 	5621
f 6460 	6496 	6454
f 812 	6447 	6445
f 812 	6445 	811
f 6496 	4454 	4458
f 811 	809 	6444
f 811 	6444 	6445
f 6394 	6496 	4458
f 6469 	6445 	6444
f 6441 	5621 	6461
f 5681 	6467 	6470
f 6441 	6471 	6443
f 6468 	6470 	6467
f 6450 	6462 	6451
f 6441 	6461 	6471
f 6443 	2302 	2290
f 6472 	6451 	6462
f 6460 	6462 	6450
f 6480 	6477 	6440
f 6443 	6471 	2302
f 6459 	6451 	6450
f 6245 	6474 	6468
f 6245 	6473 	6474
f 6448 	5890 	6341
f 6468 	6476 	6470
f 6339 	6341 	5890
f 6461 	6448 	6138
f 6474 	6476 	6468
f 6476 	6478 	6470
f 6341 	6138 	6448
f 6475 	4532 	5543
f 6138 	6142 	6461
f 6167 	6479 	6415
f 4601 	4520 	6475
f 6476 	6353 	6478
f 6471 	6461 	6142
f 6475 	4605 	4601
f 6479 	6480 	6440
f 6478 	5689 	6470
f 6471 	2233 	2302
f 6142 	2233 	6471
f 6475 	4604 	4605
f 6411 	6473 	6260
f 6411 	6333 	6473
f 6479 	6440 	6415
f 6473 	6333 	6474
f 6477 	6480 	6482
f 6476 	6474 	6334
f 6484 	6475 	6485
f 6333 	6334 	6474
f 6353 	6476 	6334
f 6740 	6741 	5887
f 6489 	5887 	6608
f 5888 	6740 	5887
f 6487 	6475 	6484
f 6490 	5887 	6489
f 5863 	5887 	6490
f 6487 	4603 	6475
f 4604 	6475 	4603
f 5258 	6478 	6353
f 6167 	4742 	6479
f 6392 	5863 	6490
f 6481 	6488 	4603
f 6481 	6484 	6485
f 6486 	6481 	6485
f 4742 	4893 	6479
f 4893 	4894 	6480
f 6484 	6481 	6487
f 4605 	4604 	6488
f 6495 	6490 	6494
f 6489 	6494 	6490
f 6487 	6481 	4603
f 6480 	6479 	4893
f 4711 	6492 	6491
f 6495 	6500 	6490
f 4894 	4940 	6482
f 5863 	5820 	6500
f 6596 	6487 	6485
f 6484 	6485 	6487
f 6486 	6596 	6485
f 6435 	835 	259
f 79 	259 	835
f 4701 	6738 	4717
f 6488 	6483 	420
f 835 	6435 	846
f 6434 	1282 	6435
f 6433 	1282 	6434
f 6494 	6489 	6493
f 6738 	4701 	6760
f 4663 	6530 	4665
f 4663 	4614 	6530
f 6483 	6488 	6481
f 6492 	4076 	6491
f 4065 	6491 	4076
f 6435 	835 	842
f 6435 	842 	6444
f 4419 	4418 	6534
f 6496 	6485 	6484
f 6499 	6497 	6498
f 842 	843 	6444
f 738 	733 	6469
f 843 	738 	6469
f 6444 	843 	6469
f 6392 	6490 	6500
f 811 	6445 	845
f 6394 	6454 	6496
f 6485 	6496 	6460
f 6460 	6450 	6485
f 6486 	6485 	6450
f 6465 	6469 	6463
f 6465 	6463 	6456
f 6492 	4711 	6597
f 6494 	5863 	6495
f 6493 	5863 	6494
f 6501 	5863 	6493
f 6151 	6449 	6455
f 6151 	6455 	6154
f 4449 	4450 	6487
f 6484 	6487 	6496
f 6496 	6487 	4450
f 264 	6523 	6502
f 6495 	5863 	6500
f 6502 	6456 	264
f 260 	264 	6456
f 4449 	6487 	4603
f 6388 	6403 	6462
f 6472 	6462 	6403
f 6523 	6180 	6502
f 6456 	6502 	6180
f 2753 	2752 	5400
f 6465 	6504 	6469
f 6501 	5887 	5863
f 6301 	6504 	6240
f 6240 	6504 	6183
f 5392 	5400 	2752
f 6493 	6561 	6505
f 6298 	6300 	6506
f 6493 	6505 	6501
f 5400 	5442 	5440
f 5400 	5440 	6507
f 6506 	6508 	6298
f 6516 	6517 	6513
f 6512 	6513 	6517
f 6515 	6516 	6513
f 6514 	6515 	6513
f 6511 	6512 	6517
f 6510 	6511 	6517
f 6509 	6510 	6517
f 6503 	421 	6483
f 6505 	6561 	6520
f 6509 	6518 	6519
f 6509 	6519 	6510
f 6519 	6522 	6511
f 6519 	6511 	6510
f 6520 	6553 	6501
f 266 	265 	6521
f 266 	6521 	6523
f 6522 	6524 	6512
f 6522 	6512 	6511
f 6505 	6520 	6501
f 264 	266 	6523
f 6524 	6525 	6513
f 6524 	6513 	6512
f 6525 	6526 	6514
f 6525 	6514 	6513
f 6522 	6527 	6524
f 6528 	6525 	6527
f 6526 	6525 	6529
f 6528 	6529 	6525
f 6524 	6527 	6525
f 6519 	6527 	6522
f 6518 	6527 	6519
f 420 	6483 	421
f 6504 	6301 	6532
f 6527 	6533 	6528
f 6528 	6533 	314
f 6529 	6528 	6516
f 6529 	6516 	6515
f 6550 	6537 	6531
f 6756 	6550 	6531
f 6465 	6183 	6504
f 6535 	6536 	6534
f 6508 	6538 	6298
f 6305 	6506 	6300
f 6541 	1374 	6536
f 6539 	6548 	6540
f 6549 	6540 	6548
f 6543 	6544 	6546
f 6506 	6305 	6545
f 6537 	6547 	6542
f 6536 	6535 	6544
f 6536 	6544 	6543
f 6841 	6463 	6504
f 6469 	6504 	6463
f 6543 	6546 	6541
f 6543 	6541 	6536
f 6554 	6551 	6548
f 6549 	6548 	6551
f 6841 	6504 	6532
f 6550 	6552 	6537
f 6542 	6531 	6537
f 6538 	6508 	6506
f 6538 	6506 	6545
f 6537 	6552 	6553
f 6504 	6508 	6469
f 6445 	6469 	6508
f 6554 	83 	6555
f 6554 	6555 	6551
f 6532 	6538 	6508
f 6532 	6508 	6504
f 84 	6555 	83
f 6890 	2019 	6879
f 6841 	2025 	6463
f 733 	1095 	6469
f 6403 	6452 	6472
f 6886 	389 	6538
f 6531 	6564 	6759
f 6557 	6759 	6564
f 6690 	6560 	6559
f 6759 	6756 	6531
f 6561 	6608 	6557
f 6608 	6606 	6558
f 6377 	6452 	6403
f 6277 	6562 	6281
f 6560 	7187 	6559
f 6556 	6557 	6608
f 6562 	6277 	6254
f 6270 	6562 	6254
f 6561 	6493 	6489
f 6451 	6472 	6452
f 6301 	6302 	6562
f 6301 	6562 	6270
f 6542 	6575 	6531
f 6557 	6564 	6561
f 6565 	6566 	6305
f 6545 	6305 	6566
f 6413 	6377 	6452
f 6451 	6459 	6452
f 6413 	6452 	6459
f 6572 	6573 	6571
f 6571 	6573 	6574
f 6570 	6283 	6282
f 6567 	6588 	6539
f 6564 	6531 	6575
f 6542 	6547 	6578
f 6542 	6578 	6575
f 6578 	6537 	6561
f 7053 	7071 	6567
f 6570 	6580 	6579
f 6577 	6579 	6580
f 6576 	6577 	6580
f 6578 	6547 	6537
f 6581 	6540 	6549
f 6581 	6549 	6639
f 6571 	6582 	7019
f 6578 	6561 	6575
f 6561 	6564 	6575
f 6790 	6582 	6571
f 6501 	6074 	5887
f 6520 	6561 	6553
f 6255 	6254 	6585
f 6584 	6585 	6254
f 6583 	6645 	6586
f 6550 	6074 	6552
f 6501 	6552 	6074
f 6582 	6485 	6475
f 6537 	6553 	6561
f 6254 	6277 	6584
f 6283 	6579 	6277
f 6584 	6277 	6579
f 6552 	6501 	6553
f 6585 	6584 	267
f 274 	267 	6584
f 4452 	6426 	4638
f 6645 	6588 	6586
f 6579 	6577 	6584
f 6574 	6573 	6948
f 4638 	6426 	7095
f 6579 	6283 	6570
f 6590 	6591 	6593
f 6573 	6596 	6574
f 6591 	6327 	6217
f 6584 	6577 	274
f 6574 	6599 	6571
f 6786 	6571 	6599
f 4712 	6600 	6595
f 6230 	6591 	6217
f 6436 	6419 	6587
f 6789 	6790 	6571
f 6215 	6605 	6270
f 6220 	6215 	6270
f 6857 	6853 	6594
f 6589 	6594 	6853
f 5814 	6436 	5815
f 6786 	6792 	6571
f 6597 	1602 	6492
f 5815 	6436 	5860
f 6607 	6611 	6270
f 6482 	6480 	4894
f 6281 	6562 	6601
f 6597 	6595 	1602
f 6595 	6600 	1602
f 6592 	1602 	6600
f 6580 	6601 	6576
f 6587 	5860 	6436
f 6497 	6592 	6603
f 6498 	6497 	6603
f 6281 	6601 	6580
f 6593 	6604 	6590
f 6600 	6668 	6592
f 6603 	6592 	6668
f 6602 	6576 	6601
f 6521 	6605 	6215
f 6607 	6270 	6605
f 6605 	6630 	6609
f 6301 	6270 	6611
f 6610 	6611 	6607
f 6610 	6607 	6609
f 6603 	6499 	6498
f 6782 	6558 	6606
f 6562 	6302 	6612
f 6613 	6601 	6612
f 6562 	6612 	6601
f 6344 	6327 	6591
f 6561 	6489 	6608
f 6298 	6538 	6302
f 6611 	6610 	6613
f 6611 	6613 	6612
f 6344 	6591 	6590
f 6558 	6556 	6608
f 6613 	6609 	6601
f 6610 	6609 	6613
f 6602 	6601 	6609
f 6607 	6605 	6609
f 3349 	6615 	3363
f 6419 	2206 	6614
f 6633 	6576 	6609
f 6616 	2205 	2203
f 6637 	6611 	6612
f 6521 	6215 	6523
f 4703 	6618 	6619
f 6705 	6700 	2203
f 6580 	6305 	6281
f 6615 	6617 	3363
f 6619 	6618 	6615
f 6617 	6615 	6618
f 6769 	6624 	6615
f 6570 	6282 	6620
f 6621 	6622 	6623
f 6577 	6576 	6623
f 6621 	6623 	6576
f 6769 	6768 	6624
f 6619 	6615 	6624
f 6614 	2205 	6616
f 6614 	6616 	6625
f 4703 	6760 	4701
f 6589 	6587 	6614
f 4703 	6619 	6760
f 6624 	6760 	6619
f 6576 	6633 	6621
f 6614 	6625 	6589
f 6594 	6589 	6625
f 6626 	6627 	6628
f 6623 	6622 	274
f 6762 	276 	6622
f 6603 	6629 	6499
f 6521 	6843 	6605
f 6623 	274 	6577
f 6616 	6598 	6625
f 6633 	6609 	6630
f 6631 	6634 	6635
f 6616 	2203 	6700
f 6588 	6646 	6548
f 6588 	6645 	6646
f 6602 	6609 	6576
f 6586 	6567 	6583
f 6633 	6812 	6621
f 6702 	2229 	6703
f 6586 	6588 	6567
f 6548 	6539 	6588
f 6583 	6567 	6563
f 6637 	6612 	6638
f 6652 	6637 	6638
f 6639 	6549 	6551
f 6639 	6551 	6640
f 2203 	6702 	6705
f 6641 	6642 	6643
f 6644 	6632 	2540
f 184 	185 	6684
f 6644 	6703 	6632
f 2540 	720 	6644
f 6652 	6638 	6866
f 6612 	6538 	6638
f 133 	153 	6646
f 6644 	1363 	6703
f 153 	155 	6646
f 6642 	6641 	6647
f 6877 	6891 	6770
f 6649 	6616 	6706
f 6616 	6649 	6598
f 6594 	6625 	6598
f 6598 	6649 	6857
f 6637 	6652 	6651
f 6648 	6407 	6653
f 6653 	6650 	6648
f 6647 	6643 	6642
f 6706 	7025 	6649
f 6628 	6636 	6626
f 1601 	6626 	6636
f 6642 	32 	6654
f 6580 	6654 	6305
f 6647 	32 	6642
f 6305 	6654 	32
f 6653 	6655 	6650
f 1601 	6657 	6626
f 6627 	6626 	6657
f 1768 	6499 	1764
f 6620 	6821 	6570
f 6657 	1765 	6629
f 6570 	6821 	6654
f 6653 	6408 	6659
f 6654 	6580 	6570
f 6497 	6499 	1768
f 6629 	1765 	6499
f 6659 	6660 	6655
f 6636 	6628 	6627
f 6636 	6627 	6657
f 6654 	6821 	6642
f 6907 	6663 	2890
f 6592 	6497 	1602
f 6663 	6308 	2611
f 6656 	6662 	6661
f 1768 	1602 	6497
f 6663 	2611 	2890
f 6653 	6659 	6655
f 6658 	6662 	6656
f 6694 	6660 	6665
f 6320 	6816 	6662
f 6664 	6666 	6663
f 6666 	6336 	6308
f 6636 	6668 	6634
f 6657 	6668 	6636
f 6603 	6668 	6629
f 6657 	6629 	6668
f 6635 	6634 	6668
f 6635 	6668 	6669
f 6666 	6308 	6663
f 6670 	6668 	6600
f 4700 	6709 	6600
f 6671 	6672 	6666
f 6658 	6320 	6662
f 6164 	6415 	6659
f 6671 	6666 	6664
f 6408 	6164 	6659
f 6672 	6336 	6666
f 6440 	6660 	6415
f 4124 	6676 	6673
f 6336 	6672 	6422
f 4124 	6675 	6676
f 6660 	6659 	6415
f 6665 	6660 	6440
f 6671 	6817 	6672
f 6440 	6477 	6665
f 4124 	6668 	6670
f 6675 	4124 	6670
f 6477 	7390 	6665
f 6859 	6662 	6667
f 6422 	6672 	6620
f 83 	6554 	155
f 6646 	155 	6554
f 7345 	7344 	6698
f 7370 	7345 	6698
f 6646 	6645 	133
f 6681 	6698 	4206
f 6650 	6655 	6677
f 6656 	6693 	6604
f 6554 	6548 	6646
f 6679 	6680 	4203
f 4206 	4203 	6681
f 6693 	6656 	6674
f 6551 	6555 	6640
f 6684 	6640 	6555
f 6656 	6661 	6674
f 84 	154 	6555
f 6684 	6555 	154
f 6680 	6681 	4203
f 6604 	6693 	6696
f 184 	146 	156
f 150 	184 	154
f 154 	184 	6684
f 6694 	6697 	6685
f 4139 	4147 	6687
f 6677 	6694 	6685
f 6697 	6691 	6685
f 6559 	678 	6690
f 195 	6692 	6689
f 6694 	6677 	6655
f 6692 	6695 	6689
f 6692 	6583 	6695
f 6689 	6695 	6690
f 7389 	6691 	6697
f 6624 	6768 	6699
f 6681 	6701 	6698
f 6665 	6697 	6694
f 6701 	6699 	6698
f 6655 	6660 	6694
f 6701 	6758 	6699
f 6697 	6665 	7390
f 6616 	6700 	6706
f 972 	7370 	6698
f 6678 	6679 	4203
f 6697 	7390 	7389
f 7344 	4206 	6698
f 6477 	7393 	7390
f 6695 	6560 	6690
f 7028 	6706 	2292
f 6857 	6649 	7026
f 2292 	6700 	6705
f 2292 	6702 	6703
f 204 	133 	6645
f 6702 	2292 	6705
f 204 	6645 	6692
f 6682 	6678 	4203
f 6645 	6583 	6692
f 6700 	2292 	6706
f 6620 	6282 	6422
f 964 	987 	6698
f 6583 	6563 	6695
f 6695 	6563 	6560
f 6622 	6711 	6707
f 6711 	6641 	6707
f 6621 	6711 	6622
f 6708 	6707 	6641
f 6643 	6708 	6641
f 6517 	6518 	6509
f 6707 	6708 	6712
f 6708 	6714 	6712
f 6713 	6712 	6714
f 6713 	6714 	6715
f 314 	6533 	6716
f 314 	6716 	6718
f 4151 	6717 	6710
f 6527 	6518 	6517
f 6723 	1371 	650
f 4154 	4151 	6710
f 1371 	6723 	6724
f 6725 	6722 	6732
f 6721 	6732 	6722
f 6721 	6719 	6732
f 6720 	6722 	6725
f 6678 	6710 	6679
f 4147 	6710 	6687
f 6929 	6727 	6726
f 6727 	6728 	6726
f 6723 	660 	6975
f 6723 	6975 	6724
f 6725 	6929 	6726
f 4147 	4154 	6710
f 6726 	6728 	6720
f 6682 	6710 	6678
f 650 	659 	6723
f 6727 	6729 	6728
f 6719 	6720 	6728
f 6682 	6683 	6710
f 5859 	5858 	6850
f 6679 	6710 	6680
f 6934 	6725 	6933
f 5888 	6037 	6735
f 6686 	6687 	6710
f 6736 	6740 	5888
f 6710 	6683 	6686
f 6732 	6719 	6728
f 6680 	6710 	6681
f 6732 	6728 	6729
f 6736 	5888 	6735
f 6720 	6725 	6726
f 6681 	6710 	6701
f 6608 	5887 	6741
f 6737 	6709 	6710
f 6730 	6734 	6733
f 6730 	6733 	6731
f 6738 	6760 	6710
f 6709 	6738 	6710
f 6797 	6832 	6742
f 6744 	6742 	6743
f 6742 	6829 	6743
f 6829 	6839 	6743
f 6737 	6670 	6709
f 6743 	6831 	6739
f 6745 	6742 	6744
f 6745 	6744 	6746
f 6717 	6737 	6710
f 6747 	6748 	6749
f 6747 	6749 	6750
f 6747 	6750 	6755
f 6557 	6556 	6740
f 6717 	4151 	6673
f 6676 	6675 	6737
f 6556 	6558 	6741
f 6752 	6797 	6751
f 6737 	6717 	6676
f 6673 	6676 	6717
f 6909 	6797 	6750
f 6675 	6670 	6737
f 6748 	6747 	6752
f 6748 	6752 	6751
f 6670 	6600 	6709
f 6742 	6745 	6754
f 6742 	6754 	6755
f 6744 	6755 	6754
f 6744 	6754 	6746
f 6743 	6747 	6744
f 6755 	6744 	6747
f 6757 	6753 	6756
f 6753 	6550 	6756
f 6736 	6735 	6759
f 6075 	6759 	6735
f 6710 	6758 	6701
f 6740 	6736 	6759
f 6710 	6760 	6758
f 6741 	6740 	6556
f 6759 	6557 	6740
f 6760 	6624 	6758
f 6707 	6712 	6762
f 6624 	6699 	6758
f 6763 	6761 	6858
f 2 	6715 	6714
f 6764 	6762 	6714
f 6631 	6635 	6669
f 6762 	1 	6714
f 2 	6714 	1
f 6707 	6762 	6622
f 6765 	6343 	6763
f 6343 	7108 	6763
f 3587 	1526 	3383
f 6762 	6711 	6621
f 3410 	3384 	6767
f 6767 	3384 	6766
f 6763 	6858 	6765
f 6767 	3411 	3410
f 6768 	3403 	3402
f 6765 	6858 	6861
f 6767 	6768 	3405
f 3402 	3405 	6768
f 6647 	6641 	6764
f 6762 	6764 	6641
f 6762 	6641 	6711
f 6769 	3395 	6768
f 3394 	3395 	6769
f 6861 	6060 	6765
f 6615 	3349 	6769
f 3394 	6769 	3349
f 6762 	6712 	276
f 6630 	6877 	6770
f 6767 	6699 	6768
f 6766 	1526 	6699
f 6698 	6699 	1526
f 276 	274 	6622
f 6060 	6771 	6765
f 6114 	6759 	6107
f 6075 	6106 	6759
f 6771 	6060 	6066
f 6773 	6772 	6774
f 6765 	6771 	6775
f 964 	6698 	1526
f 6767 	6766 	6699
f 6757 	6759 	6114
f 6756 	6759 	6757
f 6753 	6757 	6074
f 4161 	4053 	998
f 6765 	6775 	6343
f 6346 	6343 	6775
f 6074 	6757 	6114
f 6367 	6347 	6775
f 6074 	6550 	6753
f 6574 	6948 	6599
f 6069 	6776 	6771
f 6587 	6589 	6853
f 6574 	6596 	6599
f 6775 	6771 	6776
f 6786 	6427 	6599
f 934 	1020 	6668
f 6572 	6568 	6944
f 6835 	6944 	6569
f 6775 	6776 	6350
f 6608 	6741 	6606
f 934 	6668 	998
f 6568 	6569 	6944
f 6776 	6069 	6179
f 6573 	6572 	6596
f 6568 	6569 	6572
f 6596 	6572 	6569
f 6776 	6179 	6184
f 4124 	998 	6668
f 6777 	6606 	6741
f 6778 	6780 	6606
f 6811 	6606 	6780
f 6778 	6606 	6777
f 6569 	7008 	6779
f 6775 	6350 	6357
f 6806 	6811 	6780
f 6350 	6776 	6184
f 6344 	6704 	6798
f 6810 	6486 	6582
f 6357 	6370 	6775
f 6669 	6668 	1021
f 6781 	6778 	6777
f 6781 	6777 	6782
f 6781 	6783 	6778
f 6984 	7107 	6364
f 6343 	6364 	7108
f 6773 	6669 	6785
f 6774 	6669 	6773
f 6631 	6669 	6774
f 6784 	6785 	6669
f 1528 	6784 	6669
f 6779 	3624 	6569
f 6558 	6777 	6741
f 6344 	6590 	6704
f 1528 	6669 	1021
f 6783 	6780 	6778
f 6634 	6631 	1742
f 6807 	6582 	6790
f 6791 	6788 	6780
f 6783 	6791 	6780
f 6792 	6789 	6571
f 1742 	1601 	6634
f 6636 	6634 	1601
f 6782 	6606 	6781
f 6811 	6783 	6606
f 6657 	1601 	1765
f 1764 	6499 	1765
f 6781 	6606 	6783
f 6783 	6811 	6791
f 6485 	6582 	6486
f 4076 	6492 	1602
f 6786 	6948 	6792
f 6599 	6948 	6786
f 6792 	6948 	6789
f 6795 	6696 	6793
f 6696 	6693 	6793
f 6786 	6599 	6596
f 6143 	6109 	6794
f 6696 	6795 	6604
f 6789 	6948 	6790
f 2598 	6787 	2237
f 6798 	6704 	6795
f 6792 	6786 	6596
f 6790 	6789 	6596
f 6792 	6596 	6789
f 2598 	639 	6794
f 639 	6143 	6794
f 6798 	6795 	7119
f 6909 	6751 	6797
f 6739 	6832 	6752
f 6802 	6801 	6799
f 6590 	6795 	6704
f 6582 	6804 	6810
f 6590 	6604 	6795
f 6797 	6742 	6755
f 6755 	6750 	6797
f 6804 	6582 	6807
f 6591 	6805 	6593
f 6799 	6801 	6808
f 6230 	6805 	6591
f 6809 	6787 	6794
f 6794 	6109 	6809
f 1801 	7114 	4569
f 6811 	6808 	6801
f 6809 	6800 	6787
f 6486 	6810 	6481
f 6481 	6804 	6807
f 6481 	6807 	6790
f 6231 	6289 	6805
f 6231 	6805 	6230
f 6804 	6481 	6810
f 6808 	6811 	6806
f 6804 	6807 	6810
f 6805 	6604 	6593
f 6805 	6658 	6656
f 4603 	6487 	6596
f 6810 	6596 	6486
f 6807 	6790 	6810
f 6596 	6810 	6790
f 6656 	6604 	6805
f 6633 	6630 	6812
f 6770 	6812 	6630
f 6800 	6815 	6813
f 6320 	6658 	6805
f 7 	9 	6770
f 6812 	6770 	9
f 6809 	6815 	6800
f 6762 	6621 	6812
f 6812 	9 	6762
f 1 	6762 	9
f 6809 	6119 	6815
f 6814 	6427 	6424
f 6109 	6119 	6809
f 6651 	14 	6864
f 6667 	6662 	6816
f 6814 	6573 	6427
f 19 	14 	6652
f 6651 	6652 	14
f 6792 	6818 	6786
f 6708 	6764 	6714
f 6743 	6739 	6747
f 6752 	6747 	6739
f 6647 	6764 	6643
f 6708 	6643 	6764
f 6568 	6814 	6569
f 6779 	6569 	6814
f 6856 	6779 	6814
f 6123 	6131 	6815
f 6572 	6573 	6814
f 6573 	6574 	6427
f 6599 	6427 	6574
f 6714 	32 	6764
f 37 	39 	35
f 6647 	6764 	32
f 5420 	5790 	6816
f 6814 	6568 	6572
f 6131 	6134 	6815
f 6620 	6672 	6817
f 6789 	6790 	6818
f 6804 	6818 	6807
f 5420 	6816 	6304
f 6119 	6123 	6815
f 53 	63 	6817
f 6807 	6818 	6790
f 63 	6821 	6817
f 6647 	6642 	6821
f 6818 	6792 	6789
f 6821 	6620 	6817
f 6799 	6824 	6802
f 6823 	6802 	6824
f 2237 	6787 	6820
f 6816 	6822 	6819
f 6816 	6825 	6822
f 6804 	6810 	6451
f 6452 	6818 	6451
f 6818 	6804 	6451
f 6450 	6451 	6810
f 6788 	6840 	6806
f 6430 	6818 	6377
f 6452 	6377 	6818
f 6820 	2258 	2237
f 6824 	6799 	6826
f 6799 	6808 	6826
f 6810 	6486 	6450
f 6846 	6825 	6816
f 6780 	6788 	6806
f 6796 	6900 	6803
f 4775 	4767 	6828
f 6714 	6764 	6821
f 6830 	6822 	6825
f 6831 	6743 	6839
f 6764 	6647 	6821
f 6568 	7008 	6569
f 6779 	7008 	6828
f 6832 	6739 	6844
f 6833 	6844 	6739
f 6797 	6752 	6832
f 53 	6817 	6671
f 6040 	6822 	6834
f 6829 	6742 	6832
f 6739 	6831 	6833
f 4767 	4811 	6828
f 6565 	6305 	6838
f 6801 	6823 	6824
f 6826 	6801 	6824
f 315 	6836 	6837
f 315 	6837 	6839
f 32 	6838 	6305
f 6533 	6839 	6837
f 6533 	6837 	6716
f 6713 	6715 	2
f 6713 	2 	1
f 6533 	6527 	6839
f 6527 	6831 	6839
f 2 	9 	19
f 1 	9 	2
f 14 	19 	9
f 6040 	6834 	5881
f 6808 	6806 	6840
f 277 	6841 	6843
f 5830 	6834 	6822
f 6826 	6808 	6840
f 6843 	6521 	277
f 265 	277 	6521
f 6517 	319 	6844
f 6877 	6630 	6841
f 6833 	6517 	6844
f 323 	2946 	322
f 6844 	315 	6839
f 6830 	5830 	6822
f 6811 	6801 	6840
f 6826 	6840 	6801
f 6820 	6800 	6827
f 6820 	6787 	6800
f 6852 	6828 	6854
f 6840 	6788 	6811
f 6791 	6811 	6788
f 6558 	6782 	6777
f 4760 	6962 	4764
f 6825 	6846 	5787
f 6846 	5795 	5787
f 6854 	6828 	4812
f 6816 	5790 	6846
f 6573 	6572 	6944
f 5794 	5808 	6830
f 6848 	6827 	6800
f 6849 	5999 	6850
f 6800 	6813 	6848
f 6856 	6828 	6852
f 5794 	6830 	6825
f 6630 	6605 	6843
f 6841 	6630 	6843
f 6847 	6848 	6858
f 6828 	6856 	6779
f 5830 	5881 	6834
f 4810 	4808 	6835
f 6857 	7026 	7197
f 6813 	6858 	6848
f 4812 	4811 	6835
f 6852 	6854 	6835
f 4810 	6835 	4811
f 6854 	4812 	6835
f 6856 	6852 	6835
f 6853 	6851 	6587
f 6850 	5858 	6851
f 6856 	6835 	6779
f 6569 	6779 	6835
f 5858 	5860 	6851
f 6854 	3624 	6852
f 6813 	6815 	6858
f 5860 	6587 	6851
f 6856 	3624 	6779
f 6852 	3624 	6856
f 4812 	3624 	6854
f 4820 	6860 	4117
f 6598 	6857 	6594
f 6858 	6761 	6847
f 6861 	6858 	6815
f 6863 	6865 	6862
f 6667 	6816 	6880
f 6532 	6611 	6855
f 6637 	6855 	6611
f 6855 	6637 	6864
f 6861 	6815 	6134
f 6859 	6661 	6662
f 6866 	6638 	6538
f 6612 	6302 	6538
f 6674 	6661 	6859
f 6802 	6867 	6801
f 6801 	6867 	6868
f 6637 	6651 	6864
f 6859 	6693 	6674
f 6652 	6866 	19
f 26 	20 	121
f 6861 	6134 	6060
f 6532 	6855 	6841
f 6868 	6862 	6865
f 6862 	6868 	6867
f 6860 	6414 	4117
f 6866 	6538 	6871
f 6538 	6545 	6871
f 6566 	6871 	6545
f 6693 	6859 	6688
f 6538 	6532 	6855
f 6864 	6866 	6855
f 6538 	6855 	6866
f 6860 	4820 	4827
f 6566 	6874 	6871
f 39 	6871 	6874
f 4811 	6876 	6860
f 277 	6877 	6841
f 6877 	6879 	6841
f 6895 	2019 	6890
f 6880 	6881 	6872
f 6877 	6841 	6855
f 6877 	6855 	6882
f 6881 	6884 	6872
f 6967 	6873 	6883
f 1095 	1101 	6469
f 6866 	6886 	6538
f 6862 	6887 	6863
f 6893 	6887 	6862
f 6926 	6863 	6887
f 6885 	6879 	6877
f 6885 	6877 	6882
f 6866 	6871 	6888
f 6866 	6888 	6886
f 6926 	6887 	6865
f 6885 	6886 	6882
f 6886 	6866 	6882
f 6864 	6882 	6866
f 6969 	6883 	6847
f 279 	6890 	6891
f 6891 	6877 	279
f 277 	279 	6877
f 7 	6770 	6890
f 6889 	6867 	6823
f 6802 	6823 	6867
f 6891 	6890 	6770
f 6890 	6895 	7
f 6893 	6862 	6892
f 6862 	6867 	6892
f 6889 	6892 	6867
f 6885 	6882 	6894
f 6882 	6864 	6894
f 14 	117 	6894
f 14 	6894 	6864
f 27 	26 	121
f 121 	6866 	6886
f 6865 	6887 	6868
f 6887 	6893 	6868
f 6892 	6868 	6893
f 6885 	6894 	6890
f 6885 	6890 	6879
f 121 	6886 	6888
f 121 	6888 	128
f 6868 	6892 	6889
f 6823 	6801 	6889
f 6868 	6889 	6801
f 6885 	6894 	6886
f 121 	6886 	6894
f 117 	121 	6894
f 282 	2255 	6895
f 6895 	6890 	282
f 279 	282 	6890
f 6829 	6832 	6839
f 6844 	6839 	6832
f 2254 	2019 	2255
f 2255 	2019 	6895
f 6527 	6517 	6831
f 6833 	6831 	6517
f 6880 	6872 	6859
f 6900 	6842 	6845
f 6955 	6903 	6896
f 6895 	2255 	7
f 2255 	6895 	6897
f 2255 	6897 	2259
f 6895 	6890 	6894
f 6895 	6894 	6897
f 6918 	6955 	6917
f 6845 	322 	4470
f 2946 	4470 	322
f 121 	127 	6886
f 127 	2261 	6886
f 6900 	6796 	6899
f 6903 	6904 	6896
f 39 	128 	6888
f 39 	6888 	6871
f 6842 	6900 	6899
f 6749 	6901 	6902
f 6749 	6902 	6750
f 6838 	6566 	6565
f 6865 	6863 	6904
f 6750 	6902 	6905
f 6750 	6905 	6906
f 6874 	6566 	6838
f 6901 	6749 	6906
f 6901 	6906 	6905
f 6863 	6896 	6904
f 6875 	6859 	6872
f 6906 	6748 	6719
f 6720 	6719 	6748
f 6749 	6748 	6906
f 6731 	4459 	6730
f 6664 	6907 	196
f 6722 	6751 	6721
f 6909 	6721 	6751
f 6664 	6663 	6907
f 6667 	6880 	6859
f 4811 	4812 	6876
f 6852 	6876 	6854
f 15 	2946 	323
f 201 	6664 	196
f 6909 	6750 	6906
f 6854 	6876 	4812
f 6719 	6721 	6906
f 6909 	6906 	6721
f 6819 	6881 	6880
f 6814 	6424 	6860
f 6748 	6751 	6722
f 6748 	6722 	6720
f 6910 	6734 	6908
f 6730 	6908 	6734
f 201 	6671 	6664
f 6814 	6860 	6876
f 6910 	6908 	6803
f 6796 	6803 	6908
f 6816 	6819 	6880
f 6730 	4460 	6908
f 32 	39 	6874
f 32 	6874 	6838
f 6814 	6876 	6856
f 6856 	6876 	6852
f 130 	127 	121
f 130 	121 	128
f 6884 	6881 	6822
f 2259 	127 	117
f 121 	117 	127
f 6387 	2299 	6402
f 2677 	6402 	2299
f 6819 	6822 	6881
f 6712 	6713 	6911
f 6713 	1 	6911
f 6535 	6541 	6546
f 6535 	6546 	6544
f 276 	6712 	4
f 991 	6940 	2317
f 6915 	6943 	981
f 6912 	601 	6913
f 94 	6911 	1
f 6943 	6915 	6541
f 2295 	6541 	6915
f 6915 	982 	2295
f 999 	2295 	982
f 6796 	4461 	6899
f 6908 	4460 	6796
f 4461 	6796 	4460
f 6916 	977 	976
f 6911 	4 	6712
f 6915 	981 	977
f 6915 	977 	6916
f 6900 	6845 	4470
f 6916 	976 	982
f 6916 	982 	6915
f 984 	6920 	6921
f 6919 	6729 	6727
f 6919 	6727 	6922
f 6914 	6822 	6049
f 6884 	6822 	6914
f 6896 	6937 	6955
f 6925 	1093 	6921
f 6693 	6688 	6872
f 6921 	6920 	424
f 6727 	6929 	6928
f 6875 	6872 	6688
f 6920 	1029 	424
f 6927 	6928 	6929
f 6931 	6896 	6930
f 6896 	6863 	6930
f 6926 	6930 	6863
f 6693 	6872 	6793
f 6859 	6875 	6688
f 6904 	6926 	6865
f 6935 	6503 	6483
f 6732 	6933 	6725
f 6930 	6926 	6904
f 421 	6503 	6935
f 6935 	424 	421
f 6903 	6931 	6904
f 6933 	6928 	6927
f 6935 	6483 	6948
f 6904 	6931 	6930
f 5980 	7136 	6884
f 6481 	6948 	6483
f 6896 	6931 	6937
f 6929 	6725 	6934
f 7136 	6872 	6884
f 6939 	6955 	6937
f 6940 	6530 	2317
f 4468 	722 	6530
f 6727 	6928 	6942
f 6727 	6942 	6922
f 6921 	424 	6935
f 6919 	6942 	6928
f 6919 	6928 	6729
f 6943 	6534 	6940
f 6530 	6940 	6534
f 5980 	6914 	6045
f 6939 	6937 	6903
f 6939 	6903 	6918
f 6914 	5980 	6884
f 6921 	6935 	6925
f 6931 	6903 	6937
f 6914 	6049 	6045
f 6918 	6917 	6939
f 6535 	6943 	6541
f 6534 	6943 	6535
f 995 	981 	6943
f 6933 	6732 	6928
f 6729 	6928 	6732
f 6936 	6932 	6731
f 6936 	6731 	6733
f 6939 	6917 	6938
f 3348 	3807 	6946
f 6938 	6917 	6941
f 6923 	6934 	6945
f 6933 	6945 	6934
f 6945 	6933 	6949
f 6927 	6949 	6933
f 7004 	6995 	6951
f 6948 	6944 	1086
f 6929 	6934 	6924
f 6923 	6924 	6934
f 3807 	3812 	6946
f 1086 	1087 	6948
f 6947 	6932 	6936
f 6898 	6917 	6955
f 6929 	6949 	6927
f 6573 	6944 	6948
f 6951 	6949 	6950
f 6929 	6924 	6949
f 6950 	6949 	6924
f 6481 	6790 	6948
f 6898 	6955 	6957
f 6918 	6903 	6955
f 6952 	6986 	5821
f 6925 	6948 	1093
f 1087 	1093 	6948
f 6932 	6947 	6953
f 6925 	6935 	6948
f 6734 	6910 	4469
f 6955 	6939 	6938
f 6960 	6951 	6950
f 6960 	6950 	6961
f 6955 	6938 	6957
f 6941 	6957 	6938
f 6959 	6962 	6982
f 1232 	6944 	6959
f 6869 	2541 	6870
f 2541 	6869 	7170
f 6959 	6835 	6962
f 6878 	7170 	6869
f 6835 	6959 	6944
f 4757 	6962 	4760
f 6835 	4764 	6962
f 6873 	6963 	6964
f 6878 	6873 	6964
f 6883 	6966 	6967
f 6963 	6873 	6967
f 6952 	6968 	6956
f 6969 	6966 	6883
f 6974 	7044 	6972
f 6724 	6972 	1371
f 7044 	6974 	7043
f 6970 	7043 	6974
f 4991 	6965 	2349
f 6969 	6847 	6971
f 6954 	6968 	6952
f 6968 	6958 	6956
f 4635 	4612 	6968
f 6957 	6970 	6974
f 4612 	4632 	6968
f 4981 	6414 	6965
f 6963 	6967 	7170
f 6973 	2366 	6965
f 4632 	6958 	6968
f 6974 	6898 	6957
f 4635 	6968 	6954
f 7170 	6964 	6963
f 6973 	6965 	6414
f 6878 	6964 	7170
f 660 	680 	6975
f 7016 	7011 	6970
f 7010 	7043 	6970
f 4632 	7096 	6958
f 6967 	6966 	7170
f 6969 	6984 	6966
f 6989 	6991 	5821
f 6427 	2301 	6973
f 6971 	6984 	6969
f 6976 	2836 	6401
f 6401 	1206 	6976
f 6724 	6975 	6972
f 6975 	6992 	6972
f 6976 	6979 	2836
f 6978 	6980 	6974
f 6978 	6974 	6972
f 6976 	6983 	6979
f 7016 	6970 	6957
f 2836 	6979 	1519
f 7102 	7103 	6761
f 6898 	6974 	6980
f 6979 	5289 	1519
f 6981 	7102 	6761
f 6761 	6763 	6981
f 1206 	1218 	6982
f 7014 	7015 	6980
f 6982 	6976 	1206
f 7097 	6971 	6847
f 6978 	7000 	6980
f 6946 	7090 	3348
f 6982 	6983 	6976
f 6980 	7023 	6898
f 7016 	7023 	6980
f 6995 	3819 	6985
f 6923 	6995 	6985
f 3818 	6985 	3819
f 6989 	5821 	6986
f 6998 	6992 	680
f 6983 	5291 	6979
f 3819 	6995 	6987
f 3820 	3819 	6987
f 3820 	6987 	3825
f 6988 	3825 	6987
f 6987 	6990 	6988
f 6990 	7004 	6988
f 7029 	5979 	6991
f 6975 	680 	6992
f 3818 	3825 	6988
f 3818 	6988 	6985
f 6924 	6923 	6985
f 6924 	6985 	6988
f 6978 	6972 	6992
f 6979 	5291 	5289
f 6993 	6990 	6987
f 6993 	6987 	6994
f 6986 	6996 	6989
f 6923 	6945 	6995
f 6982 	6962 	6983
f 6910 	6803 	4469
f 6999 	6996 	6986
f 6995 	6945 	6951
f 6949 	6951 	6945
f 6983 	4897 	5291
f 7005 	6995 	7004
f 6992 	6998 	6978
f 6962 	4897 	6983
f 6953 	6947 	6997
f 7002 	6999 	6986
f 6960 	7003 	7004
f 6960 	7004 	6951
f 6828 	7008 	4775
f 6961 	6950 	7004
f 6961 	7004 	7003
f 6986 	6952 	7002
f 6924 	6988 	6950
f 7004 	6950 	6988
f 7005 	7004 	6990
f 6568 	6572 	7008
f 6956 	7002 	6952
f 7014 	6980 	7000
f 6998 	7000 	6978
f 6999 	7007 	6996
f 6953 	6997 	7006
f 6572 	6571 	7008
f 7009 	7002 	6977
f 7000 	7047 	7010
f 7000 	7010 	7011
f 7011 	7014 	7000
f 6993 	7012 	7005
f 6993 	7005 	6990
f 7047 	7000 	680
f 6998 	680 	7000
f 6996 	6991 	6989
f 7005 	6987 	6995
f 7010 	6970 	7011
f 3849 	7006 	3834
f 7012 	6994 	6987
f 7012 	6987 	7005
f 6571 	7019 	7018
f 4483 	4484 	3947
f 6996 	7007 	6991
f 6571 	7018 	7008
f 6997 	3834 	7006
f 7007 	6999 	7009
f 7007 	7013 	7031
f 7009 	7013 	7007
f 7015 	7011 	7016
f 7009 	6977 	7013
f 6999 	7002 	7009
f 7017 	7014 	7011
f 7017 	7011 	7015
f 7022 	4579 	7021
f 6958 	7094 	7002
f 7016 	6980 	7015
f 7002 	7094 	6977
f 7008 	7018 	7048
f 7014 	7017 	7015
f 4593 	4588 	6912
f 6941 	7023 	6957
f 7016 	6957 	7023
f 7018 	7019 	7027
f 6956 	6958 	7002
f 6917 	6898 	7023
f 6946 	7020 	7090
f 921 	7020 	925
f 4585 	7022 	7024
f 7023 	6941 	6917
f 6946 	5819 	7020
f 7024 	7022 	618
f 7021 	616 	7022
f 5819 	5821 	7020
f 6953 	4457 	6932
f 7025 	7028 	77
f 5821 	6991 	5979
f 7029 	7030 	5979
f 7065 	5979 	7030
f 418 	2947 	381
f 6991 	7031 	7032
f 7026 	6649 	7025
f 7025 	6706 	7028
f 7013 	7034 	7031
f 6913 	4595 	6912
f 103 	91 	2292
f 7013 	7112 	7034
f 7028 	2292 	91
f 7035 	7019 	7036
f 7033 	601 	6912
f 7033 	7024 	601
f 618 	601 	7024
f 7034 	7037 	7031
f 4470 	4469 	6803
f 381 	2947 	371
f 7045 	7046 	1371
f 6932 	4459 	6731
f 7029 	7038 	7030
f 7019 	7035 	7027
f 7036 	7019 	7041
f 7038 	7065 	7030
f 4578 	4569 	7021
f 7041 	7019 	6582
f 7045 	1371 	7044
f 1371 	6972 	7044
f 6582 	6475 	7041
f 7042 	616 	7021
f 7039 	4306 	4448
f 4340 	4448 	4306
f 3849 	3947 	4484
f 5588 	7035 	7036
f 7046 	132 	1371
f 5588 	7036 	5543
f 7032 	7038 	7029
f 6947 	4465 	6997
f 4503 	4499 	3880
f 7034 	7131 	7037
f 7036 	7041 	5543
f 132 	137 	1371
f 4484 	4457 	7006
f 6475 	5543 	7041
f 4216 	3880 	4499
f 7047 	680 	7050
f 616 	7042 	627
f 636 	627 	7042
f 341 	6913 	601
f 618 	7022 	616
f 7043 	7010 	7047
f 7038 	7037 	7131
f 7043 	7047 	7050
f 7031 	7037 	7038
f 7043 	7050 	7044
f 4460 	6730 	4459
f 7006 	3849 	4484
f 7032 	7031 	7038
f 7049 	7044 	7050
f 6803 	6900 	4470
f 7052 	680 	149
f 7048 	7027 	7051
f 7044 	7049 	7045
f 7052 	7045 	7049
f 7018 	7027 	7048
f 7054 	7053 	7055
f 7053 	6539 	7055
f 7131 	7136 	5980
f 7055 	6539 	6540
f 7056 	7057 	7058
f 149 	132 	7046
f 6507 	7059 	5400
f 7052 	149 	7046
f 7052 	7046 	7045
f 7061 	7062 	7060
f 7123 	7051 	7063
f 7053 	7054 	7062
f 7060 	7062 	7054
f 7027 	7064 	7063
f 7035 	7064 	7027
f 6837 	6836 	6716
f 6718 	6716 	6836
f 7064 	5686 	7063
f 6745 	6746 	6754
f 7064 	5588 	5686
f 6902 	6901 	6905
f 6157 	5928 	7106
f 3329 	7130 	3095
f 6922 	6942 	6919
f 6072 	5979 	7066
f 7027 	7063 	7051
f 5909 	5905 	2641
f 6960 	6961 	7003
f 3245 	3244 	5930
f 7012 	6993 	6994
f 7066 	7067 	6072
f 5970 	2662 	5930
f 7069 	6096 	6072
f 7123 	7063 	5686
f 7234 	3080 	7195
f 6563 	7068 	6560
f 7069 	6072 	7067
f 7070 	6226 	6221
f 7064 	7035 	5588
f 6171 	2662 	5996
f 6010 	7001 	7072
f 6563 	7071 	7068
f 7038 	7067 	7066
f 3286 	3284 	6232
f 6563 	6567 	7071
f 7067 	7038 	7069
f 6567 	6539 	7053
f 7085 	6018 	7072
f 6096 	7069 	6170
f 7053 	7062 	7071
f 7038 	7066 	7065
f 7075 	7073 	7054
f 7075 	7054 	7055
f 6165 	7069 	7038
f 7008 	7078 	7001
f 7075 	7055 	6540
f 7075 	6540 	6581
f 7008 	7048 	7078
f 6165 	7038 	7076
f 7070 	6232 	6226
f 5980 	7076 	7131
f 7087 	6232 	7086
f 7078 	7072 	7001
f 6165 	6170 	7069
f 7068 	7079 	7077
f 5980 	6165 	7076
f 7072 	7078 	7099
f 7062 	7080 	7071
f 7068 	7071 	7080
f 7068 	7080 	7079
f 7081 	7082 	7083
f 6991 	7032 	7029
f 7082 	7056 	7058
f 7082 	7058 	7083
f 7056 	7082 	7057
f 7081 	7057 	7082
f 7007 	7031 	6991
f 7081 	7083 	7057
f 7058 	7057 	7083
f 7083 	7077 	7081
f 5439 	7077 	7083
f 7079 	7081 	7077
f 7070 	7086 	6232
f 7087 	7091 	6232
f 5439 	7083 	5440
f 7088 	5440 	7083
f 7079 	7080 	7089
f 7079 	7089 	7081
f 7086 	7070 	7110
f 6221 	7110 	7070
f 7086 	7110 	7087
f 7059 	6507 	7088
f 5440 	7088 	6507
f 7091 	7084 	6232
f 7062 	7061 	7089
f 7062 	7089 	7080
f 7084 	7091 	7074
f 5442 	5400 	7088
f 7059 	7088 	5400
f 7091 	7087 	7074
f 7061 	7060 	7089
f 7093 	7089 	7060
f 7054 	7073 	7093
f 7054 	7093 	7060
f 7078 	7113 	7099
f 921 	7090 	7020
f 7170 	6966 	6984
f 6958 	7096 	7094
f 7106 	5921 	7105
f 7094 	7095 	7115
f 7115 	7117 	7094
f 7094 	7096 	7095
f 6798 	7119 	7098
f 7085 	7072 	7099
f 7098 	6420 	6798
f 7108 	7107 	6763
f 6426 	6330 	7098
f 7098 	6330 	6420
f 7098 	7115 	7095
f 7099 	7109 	7085
f 7097 	6984 	6971
f 6847 	6761 	7103
f 6156 	6157 	6313
f 6981 	7104 	7102
f 6847 	7103 	7097
f 6133 	6156 	6313
f 7104 	6981 	7107
f 6981 	6763 	7107
f 7085 	7109 	7092
f 7095 	7096 	4632
f 4638 	7095 	4632
f 7102 	7104 	6984
f 7095 	6426 	7098
f 7097 	7103 	6984
f 7074 	7101 	7100
f 7121 	7074 	7100
f 7104 	7107 	6984
f 7106 	7105 	7110
f 7074 	7110 	7105
f 7102 	6984 	7103
f 7108 	6364 	7107
f 7110 	6221 	6356
f 7113 	7078 	7048
f 7074 	7087 	7110
f 7101 	7074 	7105
f 7099 	7113 	7109
f 6313 	7106 	7110
f 7115 	7111 	7112
f 7116 	2538 	2521
f 6221 	6345 	6356
f 7112 	7117 	7115
f 7101 	3095 	7100
f 6795 	6793 	7118
f 6820 	2521 	2258
f 7051 	7122 	7113
f 7119 	6795 	7118
f 2521 	6820 	7116
f 7048 	7051 	7113
f 7116 	7120 	6873
f 6827 	6848 	7120
f 6820 	6827 	7116
f 7122 	853 	850
f 7120 	7116 	6827
f 3286 	6232 	7124
f 6847 	6883 	6873
f 6847 	6873 	7120
f 853 	7051 	7123
f 7125 	7147 	3286
f 6848 	6847 	7120
f 7111 	7119 	7137
f 7121 	7159 	7124
f 7084 	7126 	6232
f 7124 	6232 	7126
f 7116 	7128 	2538
f 7074 	7121 	7084
f 7126 	7084 	7121
f 7117 	7112 	7013
f 7124 	7126 	7121
f 7051 	853 	7122
f 6977 	7117 	7013
f 7094 	7117 	6977
f 6869 	6870 	7128
f 2538 	7128 	6870
f 5686 	7228 	7123
f 6873 	6878 	7128
f 7115 	7098 	7119
f 7092 	7129 	6319
f 7092 	7109 	7129
f 7119 	7111 	7115
f 3613 	7130 	3329
f 7105 	5921 	7101
f 7131 	7034 	7132
f 7100 	3095 	7135
f 7133 	6332 	7129
f 7135 	3095 	7134
f 7154 	7129 	7109
f 7130 	7159 	7134
f 7121 	7134 	7159
f 7135 	7134 	7121
f 7129 	7154 	7133
f 7137 	7118 	6793
f 6872 	7137 	6793
f 6872 	7136 	7137
f 7131 	7137 	7136
f 7135 	7121 	7100
f 7119 	7118 	7137
f 3325 	3088 	2638
f 7111 	7137 	7131
f 3616 	2640 	3613
f 7076 	7038 	7131
f 7111 	7131 	7132
f 7132 	7034 	7112
f 2924 	7195 	3080
f 7112 	7111 	7132
f 7139 	7138 	3279
f 7156 	3279 	7138
f 5174 	7140 	5177
f 5189 	5177 	7140
f 7307 	3354 	7179
f 1798 	1791 	7114
f 3392 	7144 	3262
f 3342 	7148 	3399
f 5189 	7141 	7142
f 5177 	5189 	7143
f 7142 	7143 	5189
f 1154 	3368 	7307
f 7147 	7139 	3286
f 5166 	7144 	7179
f 7179 	7144 	7181
f 7145 	7417 	7146
f 7143 	7145 	7146
f 7144 	7146 	7417
f 5177 	7143 	7146
f 3279 	3286 	7139
f 5057 	7148 	3342
f 7312 	3399 	7148
f 7125 	7159 	7147
f 7146 	7148 	5057
f 7146 	7144 	7148
f 7147 	7159 	7139
f 7149 	7150 	7151
f 2497 	7133 	3079
f 4599 	7114 	4618
f 7133 	6360 	6332
f 4627 	4628 	7114
f 4642 	4630 	7114
f 7134 	3095 	7130
f 7155 	7130 	2640
f 4684 	4681 	7114
f 7133 	2497 	6360
f 4684 	7114 	4685
f 7130 	3613 	2640
f 4688 	4686 	7114
f 3279 	7156 	7157
f 4691 	4689 	7114
f 4704 	4692 	7114
f 7133 	7154 	3079
f 4704 	7114 	4706
f 4706 	7114 	4707
f 7158 	7153 	7152
f 7113 	7122 	831
f 7130 	7155 	7159
f 4720 	4709 	7114
f 3083 	3079 	7154
f 7113 	7160 	7109
f 7158 	7159 	7155
f 7158 	7155 	7153
f 7109 	7160 	7154
f 7138 	7158 	7156
f 7158 	7138 	7159
f 7160 	3083 	7154
f 7125 	7124 	7159
f 7157 	7156 	7158
f 5372 	7160 	7113
f 7138 	7139 	7159
f 2638 	291 	3231
f 261 	291 	2638
f 7083 	7081 	7214
f 7093 	4796 	7089
f 7089 	4796 	7081
f 7075 	4796 	7073
f 7153 	7155 	2640
f 308 	311 	2640
f 311 	7163 	2640
f 2150 	2145 	7114
f 7152 	2640 	7163
f 5372 	7113 	831
f 6559 	7161 	713
f 7161 	6559 	7187
f 7153 	2640 	7152
f 7161 	715 	713
f 7168 	7169 	3279
f 7166 	2642 	3279
f 2463 	2538 	6870
f 7162 	7165 	5477
f 2351 	7114 	2352
f 7166 	3279 	7169
f 7202 	7162 	5500
f 6869 	7128 	6878
f 2360 	2361 	7114
f 7167 	3279 	7157
f 7168 	3279 	7167
f 7162 	5486 	5500
f 7128 	7116 	6873
f 2541 	7170 	7127
f 2372 	2363 	7114
f 5477 	5486 	7162
f 2385 	2375 	7114
f 5686 	5688 	7231
f 2526 	2541 	7127
f 2392 	2387 	7114
f 6266 	3284 	2662
f 6266 	6232 	3284
f 2211 	2219 	7114
f 2463 	6870 	2541
f 7124 	7125 	3286
f 7173 	7174 	7175
f 7174 	7176 	7177
f 7174 	7177 	7175
f 311 	7172 	7163
f 7163 	7172 	7158
f 2690 	7166 	7172
f 7172 	7168 	7167
f 401 	400 	7151
f 7172 	7167 	7158
f 7169 	7168 	7172
f 7166 	7169 	7172
f 7170 	6984 	7178
f 7144 	7417 	7181
f 7181 	7182 	7177
f 7177 	7176 	7181
f 7178 	6984 	7183
f 7163 	7158 	7152
f 7144 	5183 	3262
f 7167 	7157 	7158
f 7312 	7148 	7144
f 7164 	7216 	718
f 6849 	6850 	7185
f 5189 	7140 	7141
f 7186 	7174 	7173
f 7161 	7189 	7164
f 7190 	3398 	7173
f 7187 	7189 	7161
f 3398 	7190 	3347
f 7189 	7218 	7164
f 7188 	7141 	3347
f 3347 	7141 	5189
f 7348 	7174 	3398
f 7192 	7193 	7185
f 7193 	6849 	7185
f 6560 	7068 	7187
f 7068 	7077 	7187
f 7192 	5912 	7193
f 7192 	7191 	2924
f 7195 	2924 	7191
f 7183 	7184 	7180
f 5688 	7171 	7242
f 7193 	6001 	6849
f 7187 	7077 	7189
f 6640 	6684 	4801
f 6581 	4799 	7075
f 6639 	6640 	4801
f 2256 	2212 	7114
f 5600 	5667 	7171
f 5688 	5600 	7171
f 185 	4179 	6684
f 2310 	2221 	7114
f 77 	7197 	7025
f 7026 	7025 	7197
f 7165 	7226 	7171
f 7194 	7198 	7199
f 7165 	7171 	5667
f 7196 	7197 	7211
f 6850 	6851 	7196
f 146 	184 	150
f 6851 	6853 	7196
f 7197 	7196 	6853
f 6853 	6857 	7197
f 7189 	7077 	5501
f 2313 	7114 	2314
f 6850 	7196 	7185
f 7088 	7083 	7214
f 5442 	7088 	7214
f 5514 	5443 	7214
f 5513 	5514 	7214
f 7183 	7180 	7178
f 7200 	7210 	7207
f 7200 	7201 	7210
f 3009 	4738 	3010
f 7183 	6364 	6404
f 3086 	3010 	4737
f 6364 	7183 	6984
f 7184 	7183 	6404
f 7212 	7210 	7201
f 6994 	4723 	7214
f 4738 	7214 	4723
f 7201 	7202 	7212
f 5718 	5706 	4738
f 2598 	6794 	6787
f 7212 	7202 	5500
f 5443 	5442 	7214
f 7259 	7207 	7210
f 4737 	3010 	4738
f 3009 	5733 	4738
f 7215 	7213 	7197
f 7197 	77 	7215
f 7210 	7260 	7259
f 4737 	3831 	7214
f 5869 	7210 	7212
f 77 	70 	7215
f 7081 	4796 	7214
f 7212 	5500 	5869
f 7211 	7197 	6
f 7209 	7196 	7211
f 6439 	805 	7216
f 1826 	1819 	7114
f 7185 	7196 	7206
f 7210 	7219 	7217
f 7196 	7208 	7206
f 7164 	7218 	7216
f 1830 	1827 	7114
f 5869 	5872 	7210
f 6213 	6439 	7216
f 7205 	7185 	7206
f 7216 	7218 	6213
f 7210 	5872 	7219
f 7218 	7189 	5501
f 5501 	5896 	7218
f 7217 	7219 	5880
f 7218 	5896 	6213
f 7204 	7203 	7185
f 4787 	4737 	4790
f 4790 	7214 	4792
f 4737 	7214 	4790
f 7073 	4796 	7093
f 5872 	5880 	7219
f 7224 	7226 	7202
f 7221 	5465 	7225
f 7222 	7230 	7233
f 7234 	7223 	7233
f 7222 	7233 	7223
f 7224 	7202 	7201
f 7226 	7162 	7202
f 7225 	5465 	7227
f 7165 	7162 	7226
f 7247 	7123 	7228
f 5465 	5476 	7227
f 256 	261 	7229
f 7230 	7222 	7229
f 7229 	7222 	256
f 7227 	5480 	7232
f 5686 	7231 	7228
f 7223 	7234 	7195
f 7229 	2638 	7230
f 2638 	3088 	7230
f 2638 	7229 	261
f 7230 	3080 	7233
f 7233 	3080 	7234
f 5476 	5480 	7227
f 7232 	7235 	7249
f 5480 	5485 	7232
f 7231 	7236 	7228
f 7235 	7232 	5485
f 5688 	7242 	7231
f 7204 	6 	7203
f 7204 	7185 	6
f 5485 	2828 	5018
f 5018 	7235 	5485
f 7236 	7231 	7238
f 7237 	7185 	7203
f 7238 	7231 	7242
f 7191 	7192 	7237
f 7221 	7225 	7240
f 7244 	7238 	7224
f 7242 	7226 	7224
f 7241 	7240 	7243
f 7242 	7224 	7238
f 7243 	7240 	7225
f 7171 	7226 	7242
f 40 	275 	7239
f 256 	7222 	7239
f 7239 	7222 	7223
f 256 	7239 	275
f 7225 	7246 	7243
f 7239 	7223 	7237
f 7225 	7227 	7245
f 7185 	7237 	7192
f 7244 	7201 	7200
f 7237 	7223 	7191
f 7195 	7191 	7223
f 7201 	7244 	7224
f 6 	7185 	7205
f 7246 	7225 	7245
f 853 	7247 	850
f 6 	7208 	7196
f 7228 	7236 	7247
f 853 	7123 	7247
f 6 	7215 	70
f 7247 	7248 	511
f 7227 	7232 	7245
f 70 	209 	6
f 7213 	7215 	6
f 5 	6 	209
f 7249 	7245 	7232
f 6 	5 	17
f 22 	25 	6
f 7249 	7250 	7245
f 273 	29 	6
f 7247 	7236 	7248
f 29 	31 	6
f 275 	40 	6
f 808 	7248 	7251
f 7245 	7250 	7246
f 7237 	7203 	6
f 7249 	7235 	7252
f 7239 	7237 	6
f 40 	7239 	6
f 820 	808 	7251
f 7249 	7253 	7250
f 31 	275 	6
f 25 	273 	6
f 7248 	808 	511
f 7251 	7248 	7236
f 7251 	7236 	7238
f 7205 	7206 	6
f 7244 	820 	7251
f 7206 	7208 	6
f 7238 	7244 	7251
f 7252 	7253 	7249
f 7196 	7209 	6
f 7235 	5059 	7252
f 7209 	7211 	6
f 6 	7197 	7213
f 5018 	5059 	7235
f 7253 	5059 	5063
f 7252 	5059 	7253
f 820 	7200 	7255
f 4978 	7254 	7257
f 7259 	7257 	7254
f 7254 	7255 	7259
f 7255 	7200 	7207
f 7255 	7207 	7259
f 7323 	7302 	7256
f 7257 	4985 	4978
f 7398 	7243 	7423
f 7398 	7241 	7243
f 7260 	4985 	7257
f 7243 	7425 	7423
f 7170 	7220 	7127
f 7260 	7257 	7259
f 7170 	7178 	7220
f 7258 	7274 	7243
f 7178 	7256 	7220
f 7258 	7243 	7261
f 7180 	7256 	7178
f 7261 	7243 	7246
f 7260 	7217 	7262
f 7268 	7258 	7261
f 7260 	7210 	7217
f 4985 	7265 	4989
f 2057 	7114 	2059
f 5880 	7262 	7217
f 7258 	7268 	7267
f 2722 	7269 	7263
f 7265 	4985 	7266
f 7261 	7246 	7268
f 7266 	7262 	5880
f 7250 	7268 	7246
f 2286 	4989 	7265
f 2706 	2722 	7263
f 7269 	7264 	7263
f 7264 	7269 	7270
f 5934 	7265 	7266
f 7266 	5880 	5934
f 7253 	7271 	7250
f 2722 	2526 	7269
f 4977 	813 	7254
f 7127 	7269 	2526
f 813 	7255 	7254
f 1762 	1750 	7114
f 7271 	7268 	7250
f 7270 	7269 	7127
f 7255 	813 	820
f 7280 	7271 	5208
f 820 	7244 	7200
f 7127 	7220 	7270
f 7253 	5063 	7271
f 7271 	5063 	5208
f 5534 	7272 	5535
f 7272 	7273 	5535
f 7273 	5537 	5535
f 4578 	4569 	7114
f 850 	7247 	497
f 4585 	4579 	7114
f 1822 	2685 	7272
f 7114 	4586 	4585
f 7258 	7277 	7274
f 7114 	4587 	4586
f 5534 	1822 	7272
f 7275 	7276 	7273
f 4593 	4588 	7114
f 7274 	7277 	7473
f 7267 	7277 	7258
f 4599 	4595 	7114
f 7272 	7275 	7273
f 7276 	7278 	7273
f 7277 	7267 	7279
f 7267 	7280 	7279
f 7268 	7280 	7267
f 4642 	7114 	4643
f 7271 	7280 	7268
f 2685 	7275 	7272
f 7275 	2706 	7263
f 7276 	7275 	7263
f 4685 	7114 	4686
f 7280 	5298 	5296
f 7263 	7264 	7276
f 4688 	7114 	4689
f 7280 	5296 	7279
f 4691 	7114 	4692
f 5208 	5298 	7280
f 7264 	7278 	7276
f 2696 	2706 	7275
f 7273 	7282 	5537
f 7282 	5538 	5537
f 5990 	6021 	7281
f 4707 	7114 	4709
f 7282 	5572 	5538
f 7282 	7278 	7284
f 7281 	6021 	7285
f 7281 	7285 	7283
f 6021 	6064 	7285
f 7278 	7282 	7273
f 7284 	7286 	7282
f 7286 	5572 	7282
f 7278 	7264 	7287
f 7287 	7284 	7278
f 4578 	7114 	4579
f 7374 	7194 	7288
f 7199 	7288 	7194
f 7287 	7289 	7284
f 7289 	7291 	7286
f 7141 	7290 	5189
f 5190 	5189 	7290
f 7198 	5229 	7290
f 7174 	7292 	7173
f 4593 	7114 	4595
f 7150 	7149 	7186
f 7149 	7176 	7186
f 7174 	7186 	7176
f 7289 	7286 	7284
f 4628 	4623 	7114
f 5579 	7291 	7380
f 7294 	7303 	3378
f 7312 	7294 	3399
f 5458 	6079 	7295
f 5458 	3407 	6079
f 1154 	7307 	7296
f 7291 	5579 	7286
f 5458 	7295 	7297
f 7298 	3392 	7296
f 6079 	6168 	7304
f 7380 	5580 	5579
f 3392 	7298 	7311
f 7264 	7270 	7287
f 1188 	3389 	7301
f 7299 	1188 	7301
f 7287 	7270 	7300
f 2256 	7114 	2222
f 7304 	7295 	6079
f 7300 	7302 	7289
f 6168 	6172 	7304
f 7303 	7301 	3378
f 3380 	3378 	7301
f 1188 	7299 	7303
f 7294 	7305 	7303
f 7305 	1188 	7303
f 7298 	7296 	7306
f 7308 	7149 	400
f 7300 	7289 	7287
f 7295 	7304 	7310
f 7149 	7151 	400
f 7381 	7291 	7302
f 7320 	7176 	7308
f 7149 	7308 	7176
f 7302 	7291 	7289
f 7309 	7307 	7181
f 7179 	7181 	7307
f 7220 	7256 	7300
f 5499 	7297 	7293
f 7181 	7176 	7309
f 7295 	7310 	7297
f 7256 	7302 	7300
f 7144 	3392 	7311
f 7304 	6175 	7314
f 7270 	7220 	7300
f 7313 	7294 	7312
f 7304 	7314 	7310
f 7297 	7310 	7293
f 7312 	7144 	7311
f 6175 	7281 	7314
f 7315 	7316 	7313
f 7316 	7305 	7313
f 7294 	7313 	7305
f 7318 	7419 	7317
f 7338 	7180 	7184
f 7340 	7420 	7331
f 6648 	7184 	6404
f 7308 	400 	7320
f 7332 	7309 	7320
f 6648 	6650 	7350
f 2361 	2353 	7114
f 7324 	7314 	7281
f 7318 	7317 	7321
f 7322 	7319 	7321
f 7318 	7321 	7319
f 7324 	7281 	7283
f 2360 	7114 	2363
f 7316 	7315 	7325
f 7314 	7324 	7310
f 7381 	7302 	7323
f 7327 	7328 	7326
f 7322 	7326 	7328
f 7322 	7328 	7319
f 7310 	7324 	7378
f 2385 	7114 	2387
f 7420 	1378 	7331
f 7326 	7322 	7332
f 7321 	7332 	7322
f 1226 	7327 	1225
f 7326 	1225 	7327
f 1819 	6784 	1586
f 1528 	1586 	6784
f 1819 	1826 	6784
f 7321 	7317 	7335
f 7321 	7335 	7328
f 7327 	7332 	7328
f 7321 	7328 	7332
f 1834 	6772 	6773
f 1834 	6773 	6785
f 6774 	6772 	1834
f 7336 	5760 	7330
f 7333 	7337 	7334
f 7320 	400 	7332
f 5690 	5765 	7336
f 7296 	7307 	7309
f 7176 	7320 	7309
f 1226 	1190 	7327
f 7332 	7327 	7296
f 7309 	7332 	7296
f 7336 	5765 	5760
f 2222 	7114 	2221
f 7283 	7333 	7324
f 7180 	7323 	7256
f 7285 	7337 	7333
f 7180 	7338 	7323
f 7338 	7339 	7329
f 7315 	7313 	7325
f 7313 	7303 	7325
f 7331 	7325 	7303
f 7331 	7303 	7299
f 7335 	7317 	7340
f 7335 	7340 	7341
f 2219 	2342 	7114
f 7343 	7395 	7337
f 4139 	6687 	4183
f 4183 	4136 	4139
f 7335 	7341 	7328
f 7342 	7328 	7341
f 7285 	7333 	7283
f 7338 	7329 	7323
f 7328 	7306 	1210
f 7306 	7328 	7342
f 7339 	7330 	7329
f 987 	980 	6698
f 980 	973 	6698
f 7299 	7340 	7331
f 7301 	7340 	7299
f 7343 	7337 	7285
f 6683 	6682 	4203
f 6686 	6683 	4203
f 7311 	7298 	7341
f 7340 	7311 	7341
f 7340 	7313 	7311
f 7342 	7341 	7298
f 7364 	7330 	7339
f 7312 	7311 	7313
f 3425 	3426 	7345
f 7306 	7342 	7298
f 6064 	7343 	7285
f 7301 	7303 	7340
f 7313 	7340 	7303
f 7240 	7343 	7221
f 7336 	7330 	7364
f 7343 	6064 	7221
f 6687 	6686 	4202
f 4202 	4188 	6687
f 7240 	7241 	7343
f 3398 	3389 	7305
f 5690 	7336 	7365
f 7174 	7173 	3398
f 7350 	7338 	7184
f 5499 	7293 	7349
f 7316 	7348 	7305
f 5564 	5567 	7351
f 5567 	7352 	7351
f 7352 	7353 	7347
f 7354 	7346 	7353
f 3398 	7305 	7348
f 7188 	3347 	7190
f 7351 	7352 	7347
f 7347 	7353 	7346
f 7184 	6648 	7350
f 5567 	4229 	7352
f 7349 	5498 	5499
f 476 	7353 	477
f 7352 	477 	7353
f 7350 	7339 	7338
f 7356 	7349 	7293
f 7353 	496 	7354
f 7350 	7357 	7339
f 7362 	7349 	7356
f 5565 	5564 	513
f 7351 	512 	5564
f 7357 	7364 	7339
f 7358 	512 	7351
f 513 	5564 	512
f 7356 	7293 	7310
f 7359 	534 	7346
f 7347 	7346 	534
f 7347 	534 	862
f 7347 	862 	7360
f 7360 	862 	7361
f 7351 	7347 	7358
f 7360 	7358 	7347
f 6650 	6677 	7357
f 7361 	863 	7360
f 5498 	7400 	5566
f 7292 	7174 	7348
f 5498 	7349 	7362
f 6650 	7357 	7350
f 512 	7358 	538
f 7356 	7366 	7362
f 7348 	7374 	7292
f 7316 	7374 	7348
f 7288 	7292 	7374
f 7336 	7364 	7365
f 1805 	7363 	7375
f 5498 	7362 	7400
f 1806 	1805 	7375
f 7359 	7346 	535
f 1806 	7375 	1383
f 7356 	7379 	7366
f 7367 	7368 	7363
f 496 	535 	7346
f 496 	7346 	7354
f 7369 	7367 	7363
f 972 	3564 	7370
f 955 	7371 	956
f 7357 	7372 	7364
f 4203 	4202 	6686
f 7372 	7365 	7364
f 954 	956 	901
f 7371 	901 	956
f 7373 	7365 	7372
f 901 	7371 	955
f 901 	955 	906
f 7368 	7367 	7374
f 7373 	5727 	5710
f 7366 	7414 	7410
f 513 	528 	5565
f 7369 	7194 	7367
f 7374 	7367 	7194
f 7194 	7369 	7355
f 7359 	535 	534
f 7373 	5710 	7365
f 528 	513 	527
f 6677 	6685 	7372
f 520 	514 	538
f 512 	538 	514
f 5499 	5458 	7297
f 707 	5565 	528
f 7376 	7377 	7363
f 7375 	7363 	7377
f 7382 	7375 	7377
f 863 	7361 	862
f 7357 	6677 	7372
f 7383 	7375 	7382
f 896 	535 	881
f 7378 	7379 	7356
f 906 	954 	901
f 7383 	1503 	7375
f 7373 	7372 	6685
f 6685 	6691 	7373
f 1384 	1383 	7375
f 935 	901 	906
f 535 	896 	935
f 5727 	7373 	6691
f 7378 	7333 	7379
f 7376 	7363 	7368
f 7334 	7379 	7333
f 7374 	7377 	7376
f 7374 	7376 	7368
f 496 	881 	535
f 901 	935 	896
f 5580 	7380 	5748
f 7316 	7325 	7374
f 7310 	7378 	7356
f 438 	4761 	439
f 436 	4761 	438
f 7333 	7378 	7324
f 7381 	7380 	7291
f 7381 	7384 	7380
f 865 	869 	5527
f 7384 	5760 	5748
f 3803 	5527 	869
f 1384 	7375 	1503
f 463 	4861 	475
f 439 	4861 	463
f 476 	477 	4861
f 865 	5527 	867
f 478 	4861 	479
f 1497 	7374 	7331
f 7325 	7331 	7374
f 7384 	5748 	7380
f 4795 	481 	479
f 6439 	3803 	869
f 7323 	7329 	7381
f 1503 	7383 	1497
f 7374 	1497 	7382
f 7374 	7382 	7377
f 481 	4762 	482
f 7329 	7330 	7384
f 4229 	440 	7352
f 7330 	5760 	7384
f 7382 	1497 	7383
f 438 	439 	7352
f 7384 	7381 	7329
f 463 	475 	7352
f 475 	4551 	463
f 7387 	7388 	7386
f 866 	473 	4229
f 4229 	473 	440
f 438 	7352 	436
f 436 	7352 	440
f 473 	4551 	866
f 7389 	6050 	6042
f 7334 	7337 	7392
f 7389 	6042 	6691
f 7334 	7392 	7385
f 7390 	7391 	7389
f 7387 	7355 	7424
f 7387 	7424 	7388
f 7337 	7395 	7392
f 6050 	7391 	6059
f 7391 	6050 	7389
f 7385 	7392 	7418
f 7411 	7194 	7386
f 7394 	7391 	7393
f 6059 	7391 	7394
f 7395 	7418 	7392
f 7393 	7391 	7390
f 7386 	7194 	7387
f 7394 	5984 	6059
f 7393 	6477 	6482
f 7393 	6482 	7396
f 7396 	7397 	7394
f 7395 	7343 	7241
f 7396 	7394 	7393
f 7387 	7194 	7355
f 7397 	6013 	5984
f 7397 	5984 	7394
f 4940 	4987 	7396
f 4940 	7396 	6482
f 7395 	7398 	7423
f 7397 	7396 	4987
f 4987 	4990 	7397
f 7398 	7395 	7241
f 6526 	6529 	6515
f 6526 	6515 	6514
f 315 	314 	6718
f 315 	6718 	6836
f 7388 	7399 	7386
f 2757 	2323 	636
f 7362 	7366 	7400
f 5566 	7400 	7402
f 4324 	2757 	636
f 2859 	2862 	4334
f 2859 	4334 	3136
f 7402 	7400 	7366
f 4264 	4174 	3945
f 4173 	4174 	4264
f 4252 	3945 	4174
f 4252 	4174 	4255
f 4276 	4275 	4342
f 4277 	4280 	4342
f 4276 	4342 	4280
f 7461 	7462 	7401
f 4292 	4295 	4286
f 4292 	4286 	4285
f 5566 	7402 	5568
f 5568 	7402 	7406
f 314 	313 	6528
f 297 	300 	6528
f 7404 	7405 	300
f 7405 	6528 	300
f 4461 	2933 	317
f 7402 	7366 	7410
f 11 	10 	7408
f 10 	7407 	7408
f 319 	6516 	7407
f 7408 	7407 	6516
f 6517 	6516 	319
f 7407 	10 	7404
f 7407 	7404 	300
f 7407 	300 	319
f 6516 	6528 	7405
f 6516 	7405 	7408
f 11 	7408 	7405
f 7403 	7426 	7463
f 323 	316 	28
f 323 	28 	15
f 38 	16 	30
f 38 	23 	16
f 23 	7405 	16
f 7404 	16 	7405
f 6899 	4461 	6842
f 6842 	4461 	317
f 7402 	7410 	7406
f 7463 	7475 	7403
f 7399 	7388 	7403
f 7409 	271 	7194
f 7399 	7411 	7386
f 7412 	7399 	7409
f 7412 	7411 	7399
f 7366 	7379 	7413
f 7194 	7411 	7412
f 7409 	7194 	7412
f 7379 	7334 	7413
f 7414 	7366 	7413
f 7363 	7424 	7369
f 7424 	7355 	7369
f 7410 	7414 	7437
f 7140 	5174 	7143
f 7140 	7143 	7142
f 7140 	7142 	7141
f 7142 	7141 	7188
f 7410 	7436 	7406
f 7143 	7142 	7145
f 7188 	7145 	7142
f 7151 	7186 	7177
f 7175 	7177 	7186
f 7150 	7186 	7151
f 7173 	7175 	7186
f 7182 	7190 	7175
f 7173 	7175 	7190
f 7175 	7177 	7182
f 7190 	7292 	7188
f 7288 	7198 	7292
f 7199 	7198 	7288
f 7198 	7290 	7292
f 7188 	7292 	7290
f 7143 	5174 	7415
f 7413 	7334 	7385
f 401 	7415 	4960
f 7385 	7414 	7413
f 7416 	7290 	7415
f 7290 	7141 	7415
f 7141 	7142 	7415
f 7143 	7415 	7142
f 7416 	7417 	7290
f 7188 	7290 	7417
f 7145 	7188 	7417
f 7415 	7151 	7177
f 7415 	7177 	7175
f 7415 	7175 	7173
f 7415 	7173 	7292
f 7416 	7415 	7292
f 7415 	401 	7151
f 7417 	7416 	7292
f 7417 	7292 	7190
f 7417 	7190 	7182
f 7414 	7385 	7437
f 7182 	7181 	7417
f 7340 	7317 	7420
f 7420 	7317 	7419
f 7319 	7419 	7318
f 7319 	7328 	1787
f 1210 	1787 	7328
f 1787 	1796 	7419
f 7395 	7423 	7421
f 1805 	7422 	7363
f 1805 	1803 	7422
f 7423 	7425 	7421
f 7435 	708 	7426
f 7421 	7425 	7439
f 708 	7401 	7426
f 7388 	7424 	7403
f 7427 	7385 	7418
f 2584 	7428 	2579
f 7428 	2584 	751
f 7428 	1843 	2579
f 7431 	7428 	750
f 7363 	7422 	7424
f 7428 	7431 	7434
f 7418 	7433 	7427
f 7427 	7433 	7429
f 1838 	7428 	7434
f 7395 	7421 	7476
f 1838 	1843 	7428
f 7418 	7395 	7433
f 7429 	7433 	7430
f 7422 	1803 	7424
f 7432 	7434 	7431
f 7432 	750 	7434
f 7433 	7395 	7476
f 7434 	763 	764
f 7435 	7434 	764
f 764 	708 	7435
f 763 	7434 	750
f 7410 	7437 	7436
f 7403 	7435 	7426
f 7437 	7448 	7436
f 7385 	7427 	7437
f 7437 	7427 	7429
f 7438 	7435 	7403
f 7435 	7438 	7434
f 7274 	7439 	7425
f 7425 	7243 	7274
f 5568 	7406 	7442
f 7424 	7438 	7403
f 7440 	1823 	1838
f 7440 	1824 	1823
f 5779 	5568 	7442
f 7434 	7440 	1838
f 7434 	7438 	7440
f 7438 	7424 	7440
f 213 	7441 	7430
f 7441 	213 	206
f 7440 	1803 	1824
f 7424 	1803 	7440
f 5848 	5854 	7445
f 5837 	5846 	7445
f 7442 	7406 	7436
f 5779 	7442 	7443
f 7436 	7443 	7442
f 7194 	271 	7445
f 5781 	5779 	7443
f 5781 	7443 	7444
f 7436 	7446 	7443
f 271 	7480 	7445
f 413 	7450 	7451
f 5801 	5781 	7444
f 304 	413 	7451
f 7446 	7436 	7448
f 7443 	7446 	7447
f 7443 	7447 	7444
f 7449 	7450 	676
f 7448 	7429 	7430
f 7437 	7429 	7448
f 7447 	7448 	7452
f 7487 	7451 	373
f 7447 	7446 	7448
f 7444 	7447 	7457
f 7453 	7451 	7449
f 7456 	7451 	7453
f 7450 	7449 	7451
f 7448 	7430 	7441
f 7453 	7449 	7445
f 676 	925 	7449
f 681 	925 	676
f 7445 	7449 	925
f 7457 	7447 	7452
f 7451 	7454 	373
f 7448 	206 	7452
f 7448 	7441 	206
f 681 	675 	925
f 7444 	7455 	5801
f 7444 	7457 	7455
f 7454 	7451 	7456
f 5798 	5801 	7455
f 7454 	7456 	7445
f 7453 	7445 	7456
f 1564 	7455 	1566
f 7457 	7464 	7455
f 7460 	7458 	7459
f 7460 	7461 	7458
f 7401 	7458 	7461
f 7462 	7463 	7426
f 1564 	5798 	7455
f 7426 	7401 	7462
f 7464 	7457 	7471
f 708 	7458 	7401
f 7467 	7471 	7457
f 7464 	1574 	7455
f 7465 	7492 	7466
f 7452 	7467 	7457
f 7452 	206 	7467
f 7469 	7468 	7472
f 7458 	7472 	7468
f 7467 	206 	229
f 7467 	229 	1985
f 7468 	7459 	7458
f 7467 	1985 	7471
f 712 	7458 	708
f 7458 	712 	7494
f 7471 	1592 	1574
f 1574 	7464 	7471
f 248 	7472 	7458
f 7471 	1985 	1592
f 7470 	7472 	7465
f 7473 	7474 	7491
f 7469 	7472 	7470
f 7473 	7279 	7474
f 7277 	7279 	7473
f 7472 	248 	239
f 7474 	5809 	7491
f 7409 	7399 	7475
f 7279 	5809 	7474
f 7399 	7403 	7475
f 5296 	5809 	7279
f 7430 	7433 	213
f 7460 	7459 	7409
f 7475 	7460 	7409
f 271 	7409 	7459
f 7433 	7476 	213
f 213 	7476 	287
f 7463 	7461 	7475
f 7461 	7460 	7475
f 7463 	7462 	7461
f 287 	7476 	437
f 7476 	549 	437
f 7465 	7466 	271
f 7468 	7465 	271
f 221 	218 	271
f 7477 	549 	7476
f 7476 	7478 	7477
f 7476 	7421 	7478
f 7468 	271 	7459
f 7479 	549 	7477
f 7478 	7479 	7477
f 7468 	7469 	7465
f 7421 	7479 	7478
f 7470 	7465 	7469
f 217 	7492 	7480
f 7481 	7445 	7480
f 7485 	7454 	7481
f 217 	7480 	271
f 7483 	7482 	7421
f 7483 	7421 	7439
f 215 	257 	7485
f 7483 	7486 	7482
f 7483 	7439 	7486
f 309 	7488 	257
f 7484 	257 	7488
f 7439 	7473 	7486
f 257 	398 	309
f 7439 	7274 	7473
f 309 	7489 	7488
f 304 	7451 	7489
f 186 	7482 	7490
f 7482 	7486 	7490
f 186 	7490 	190
f 7484 	7487 	7485
f 7454 	7485 	373
f 7490 	194 	191
f 7445 	7481 	7454
f 7490 	191 	190
f 7487 	373 	7485
f 194 	7490 	7491
f 7489 	7487 	7488
f 7484 	7488 	7487
f 7490 	7486 	7491
f 215 	7480 	7492
f 7473 	7491 	7486
f 217 	218 	7492
f 221 	7492 	218
f 7491 	5817 	205
f 7491 	5809 	5817
f 7458 	7494 	248
f 7492 	7465 	7472
f 235 	7466 	7492
f 7479 	551 	549
f 7479 	569 	568
f 7479 	7493 	569
f 7493 	583 	569
f 239 	7492 	7472
f 568 	551 	7479
f 7479 	186 	7493
f 235 	7492 	221
f 7421 	7482 	186
f 7421 	186 	7479
f 248 	7494 	250
f 442 	250 	7494
f 190 	189 	7493
f 7494 	712 	442
f 239 	257 	7492
f 186 	190 	7493
f 257 	215 	7492
f 257 	239 	250
f 7480 	215 	7481
f 7485 	7481 	215
# 16994 faces

 #end of obj_0

